record_id,canonical_id,source,provenance_sources,source_record_id,doi,pmid,pmcid,title,abstract,year,publication_date,document_type,language,url,is_preprint,duplicate_count,query_branches,local_multiomics_match,local_aging_match,local_causal_anchor_match,local_three_block_match
doi:10.1002/alz70860_099250,doi:10.1002/alz70860_099250,openalex,openalex,https://openalex.org/W7116831427,10.1002/alz70860_099250,,,"ITTHACA: A Joint Multicenter Initiative in the Basque Country (Spain) for Biomarker, Biosensor, and Predictive Model Research for Healthy Aging based on CITA GO‐ON study, a FINGER Study","BACKGROUND: The ITTHACA project is a collaborative initiative involving six research institutions from the Basque Country including Universities, Health, Technology and Basic Research Institutions. It builds upon the ongoing CITA GO-ON) CITA Go-On study, ClinicalTrials.gov, NCT04840030) cohort study, which adapts the Finnish FINGER [Ngandu, T., et al. 2015] model to the local context. ITTHACA focuses on enhancing healthy aging by identifying markers, prediction models and sensors for in vivo monitoring that allow the establishment and implementation of combined intervention strategies in the population. METHOD: This one-year randomized-controlled trial (total n = 250; 125 control and 125 intervention), focused on 60-85-year-old males and females at risk of dementia, adopts a multimodal approach. Biomarker identification includes proteomics and metabolomics in biological fluids (blood) and 16S metagenomics and lipidomics in the gut microbiome (stool), as well as employing a FINGER-like mice model. Biosensor technology under development includes multi-channel bioimpedance spectroscopy for tissue analysis and electrochemical sensors for real-time detection of aging markers in biofluids. Predictive modeling integrates data from these analyses and multiple domains-cognition, cardiovascular health, voice, food texture perception and habits-to generate diagnostic tools that monitor biological aging and inform early interventions. A proof-of-concept study in an older population sample, with special attention to user experience, will evaluate the potential benefits of these findings in improving the quality of life for older adults. RESULT: Not applicable. The ITTHACA project is ongoing, with outcomes expected to include validated biomarkers, novel biosensors, and predictive models that facilitate early interventions. CONCLUSION: ITTHACA demonstrates the power of interdisciplinary collaboration in tackling the complex multidomain challenge of aging. By leveraging the expertise of complementary Basque Country Research Centers, this initiative is poised to produce innovative resources for prolonging healthy and autonomous living. The project's outcomes are expected to support new therapeutic strategies and socio-healthcare interventions that address the rising prevalence of aging-related conditions, including cognitive decline.",2025,2025-12-01,article,en,https://openalex.org/W7116831427,False,0,metabolomics_plus_microbiomics;proteomics_plus_downstream,True,True,True,True
doi:10.1002/jcsm.70142,doi:10.1002/jcsm.70142,openalex,europepmc;openalex;pubmed;scopus,https://openalex.org/W4417266258,10.1002/jcsm.70142,,,NAD + Enhanced Mesenchymal Stromal Cells Effect on Muscle Atrophy by Improving SIRT1‐Mediated Mitochondrial Function via NAMPT,"ABSTRACT Background Sarcopenia contributes to all‐cause mortality in the elderly; however, there is no specific treatment. Mesenchymal stromal cells (MSCs) ameliorate age‐related muscle loss and dysfunction and are potential therapeutic candidates for sarcopenia. However, their activity is easily affected by the surrounding environment and they are prone to replicative senescence during in vitro culture. Therefore, a drug that delays aging and enhances its function is required. Here, we investigated whether nicotinamide adenine dinucleotide (NAD + ) pretreatment enhances the therapeutic efficacy of MSCs on skeletal muscle atrophy and its underlying mechanism in a D‐galactose (D‐gal)–induced mouse model. Methods The administration of D‐gal to mice induces a range of age‐associated characteristics and is commonly used in research on age‐related muscle atrophy. Therefore, in this study, C57BL/6 J mice and C2C12‐differentiated myotubes exposed to D‐gal were used to explore the effects of MSCs/NAD + ‐MSCs on muscle atrophy. MSCs/NAD + ‐MSCs were injected into the skeletal muscles of the hind limbs every 7 days for six cycles. Treadmill running and grip strength tests were used to evaluate muscle strength. Muscle weight and fibre cross‐sectional area (CSA) were used to measure muscle mass. Multiomics analysis of quadriceps and NAD + ‐pretreated MSCs (NAD + ‐MSCs), Western blotting of muscle atrophy signalling, including Atrogin 1 and MuRF1, the mitochondrial complex, fatty acid oxidation indicators and Seahorse analysis were performed to explore the underlying mechanisms. Results MSCs increased grip strength ( p = 0.0005), running endurance ( p = 0.0006) and muscle mass ( p = 0.0165 for tibialis anterior [TA] muscle, p = 0.0049 for soleus [SO] muscle) in D‐gal–treated mice, with elevated muscle fibre CSA ( p < 0.0001) and reduced Atrogin 1 ( p = 0.0242) and MuRF1 expression ( p = 0.0009). NAD + pretreatment increased the effect of MSCs on muscle atrophy ( p = 0.0009 for grip strength, p = 0.0169 for running endurance, p = 0.0506 for TA muscle weight, p = 0.0238 for SO muscle weight, p = 0.0014 for muscle fibre CSA, p = 0.0005 for Atrogin 1 expression and p = 0.0223 for MuRF1 expression). MSCs/NAD + ‐MSCs activated the SIRT1/PGC‐1α signalling, enhanced mitochondrial function and fatty acid oxidation in D‐gal–induced mice and C2C12 myotubes. SIRT1 knockdown weakened the beneficial effects of MSCs/NAD + ‐MSCs on muscle atrophy. RNA‐seq of MSCs / NAD + ‐MSCs and proteomic analysis of their supernatants revealed that NAD + enhanced the therapeutic effect of MSCs by promoting NAMPT secretion. Conclusions NAD + enhances the therapeutic effect of MSCs on D‐gal–induced muscle atrophy by promoting NAMPT secretion, which acts on the SIRT1 signaling pathway, and improves mitochondrial function and fatty acid oxidation in skeletal muscles. This study provides new insights and a theoretical basis for clinical treatment of sarcopenia.",2025,2025-12-01,article,en,https://openalex.org/W4417266258,False,3,explicit_multiomics;transcriptomics_plus_downstream,True,True,True,True
doi:10.1007/s00401-024-02765-3,doi:10.1007/s00401-024-02765-3,semantic_scholar,semantic_scholar,7028394158c030c427832417f86c46b5e85eb72e,10.1007/s00401-024-02765-3,39012547,11252205,Anti-Ku + myositis: an acquired inflammatory protein-aggregate myopathy,"Myositis with anti-Ku-autoantibodies is a rare inflammatory myopathy associated with various connective tissue diseases. Histopathological studies have identified inflammatory and necrotizing aspects, but a precise morphological analysis and pathomechanistic disease model are lacking. We therefore aimed to carry out an in-depth morpho-molecular analysis to uncover possible pathomechanisms. Muscle biopsy specimens from 26 patients with anti-Ku-antibodies and unequivocal myositis were analyzed by immunohistochemistry, immunofluorescence, transcriptomics, and proteomics and compared to biopsy specimens of non-disease controls, immune-mediated necrotizing myopathy (IMNM), and inclusion body myositis (IBM). Clinical findings and laboratory parameters were evaluated retrospectively and correlated with morphological and molecular features. Patients were mainly female (92%) with a median age of 56.5 years. Isolated myositis and overlap with systemic sclerosis were reported in 31%, respectively. Isolated myositis presented with higher creatine kinase levels and cardiac involvement (83%), whereas systemic sclerosis-overlap patients often had interstitial lung disease (57%). Histopathology showed a wide spectrum from mild to pronounced myositis with diffuse sarcolemmal MHC-class I (100%) and -II (69%) immunoreactivity, myofiber necrosis (88%), endomysial inflammation (85%), thickened capillaries (84%), and vacuoles (60%). Conspicuous sarcoplasmic protein aggregates were p62, BAG3, myotilin, or immunoproteasomal beta5i-positive. Proteomic and transcriptomic analysis identified prominent up-regulation of autophagy, proteasome, and hnRNP-related cell stress. To conclude, Ku + myositis is morphologically characterized by myofiber necrosis, MHC-class I and II positivity, variable endomysial inflammation, and distinct protein aggregation varying from IBM and IMNM, and it can be placed in the spectrum of scleromyositis and overlap myositis. It features characteristic sarcoplasmic protein aggregation on an acquired basis being functionally associated with altered chaperone, proteasome, and autophagy function indicating that Ku + myositis exhibit aspects of an acquired inflammatory protein-aggregate myopathy.",2024,2024-07-16,JournalArticle,,https://www.semanticscholar.org/paper/7028394158c030c427832417f86c46b5e85eb72e,False,0,,True,False,True,False
doi:10.1007/s11695-025-08417-z,doi:10.1007/s11695-025-08417-z,pubmed,pubmed;scopus,41310268,10.1007/s11695-025-08417-z,41310268,12018482,"Metabolic Memory Following Metabolic Bariatric Surgery: Mechanisms, Clinical Implications, and Strategies for Long-Term Success.","Metabolic bariatric surgery (MBS) treats severe obesity, but long-term benefits are often lost to weight regain and metabolic relapse driven by persistent molecular imprints. This narrative review synthesizes recent evidence and examines epigenetic, inflammatory, mitochondrial, and microbiota mechanisms underlying metabolic memory after MBS. Key imprints include altered adipose transcriptomes (e.g., lower IGF1 and GPX3), persistent NLRP3 inflammasome activation, and gut dysbiosis with variable, individual patterns. We highlight how these mechanisms drive clinical outcomes such as type 2 diabetes recurrence and residual cardiovascular risk, with tissue-specific epigenetic retention slowing renal and cardiac recovery. We evaluate evidence-based strategies to counteract or modulate metabolic memory. These include the strategic selection of bariatric procedure, preoperative metabolic optimization, Mediterranean diets rich in polyphenols, GLP-1/GIP co-agonists, senolytics (e.g., dasatinib + quercetin), and autologous fecal microbiome transplantation. Emerging preclinical approaches like CRISPR-dCas9 epigenetic editing and exploratory strategies like vagal neuromodulation show theoretical promise in targeting obesogenic memory pathways but remain far from clinical application. The review underscores the need for longitudinal multi-omics cohorts and metabolic memory biomarkers (e.g., PPARGC1A methylation, CCL25) to enable personalized interventions. By targeting metabolic memory proactively, MBS can evolve from weight-loss procedure to a durable reset of metabolic set points. However, it is crucial to acknowledge that many proposed strategies are derived from preliminary studies with limited sample sizes and follow-up, necessitating further validation in large-scale trials.",2025,2025-11-27,Journal Article; Review,eng,https://pubmed.ncbi.nlm.nih.gov/41310268/,False,1,,True,True,True,True
doi:10.1016/j.arr.2025.102814,doi:10.1016/j.arr.2025.102814,europepmc,europepmc;pubmed;scopus;semantic_scholar,MED:40645376,10.1016/j.arr.2025.102814,40645376,,Markers of biological age in dogs.,"As human life expectancy continues to rise, ageing and age-related diseases have become critical societal challenges, driving extensive research across genetics, molecular biology, biochemistry, and behavioral sciences. In this context, domestic dogs (Canis lupus familiaris) offer a unique model for ageing research due to their shared environmental exposures with humans, diverse genetic profiles, and relatively short lifespans. This review aims to identify potential biomarkers of ageing in dogs, facilitating a deeper understanding of age-related mechanisms and supporting the evaluation of interventions designed to promote healthy ageing. We present a research of peer-reviewed literature on age-related variations of various parameters across multiple biological systems, including epigenetic, telomere, immune, metabolic, and cognitive markers in dogs. Our findings highlight several robust biomarkers, such as DNA methylation-based epigenetic clocks, telomere attrition, CD4+/CD8+ T-cell ratio, hematological markers (e.g., globulin levels), and cognitive function scores. These biomarkers demonstrate strong parallels with human ageing processes, particularly concerning genomic and epigenetic alterations. However, challenges remain, including breed-specific variability, body size differences, and inconsistent evidence regarding inflammageing markers, such as pro-inflammatory cytokines. Despite these limitations, indicators of chronic inflammation (e.g., anemia of chronic disease and elevated globulins) are evident in older dogs. Future research directions include the standardization of biomarker protocols for dogs, the development of longitudinal studies to track dynamic age-related changes, and further exploration of emerging biomarkers, such as those related to microbiome composition and oxidative stress.",2025,2025-07-09,Review; Journal Article,eng,https://europepmc.org/article/MED/40645376,False,3,,True,True,True,True
doi:10.1016/j.celrep.2023.113181,doi:10.1016/j.celrep.2023.113181,semantic_scholar,semantic_scholar,17e790aafe5b3c7db4050b59e7bda9d3396bbdc7,10.1016/j.celrep.2023.113181,37792529,,Typhoid toxin hijacks Wnt5a to establish host senescence and Salmonella infection.,"Damage to our genome causes acute senescence in mammalian cells, which undergo growth arrest and release a senescence-associated secretory phenotype (SASP) that propagates the stress response to bystander cells. Thus, acute senescence is a powerful tumor suppressor. Salmonella enterica hijacks senescence through its typhoid toxin, which usurps unidentified factors in the stress secretome of senescent cells to mediate intracellular infections. Here, transcriptomics of toxin-induced senescent cells (TxSCs) and proteomics of their secretome identify the factors as Wnt5a, INHBA, and GDF15. Wnt5a establishes a positive feedback loop, driving INHBA and GDF15 expression. In fibroblasts, Wnt5a and INHBA mediate autocrine senescence in TxSCs and paracrine senescence in naive cells. Wnt5a synergizes with GDF15 to increase Salmonella invasion. Intestinal TxSCs undergo apoptosis without Wnt5a, which is required for establishing intestinal TxSCs. The study reveals how an innate defense against cancer is co-opted by a bacterial pathogen to cause widespread damage and mediate infections.",2023,2023-10-01,JournalArticle,,https://www.semanticscholar.org/paper/17e790aafe5b3c7db4050b59e7bda9d3396bbdc7,False,0,,True,False,True,False
doi:10.1016/j.envres.2026.124146,doi:10.1016/j.envres.2026.124146,semantic_scholar,semantic_scholar,7fc3b47e751a85600562338f1742e3a556a6fd38,10.1016/j.envres.2026.124146,41775310,,Plasma organophosphate ester exposure-associated microRNA expression profiles and their functional analysis in Chinese healthy adults.,"Organophosphate esters (OPEs) are pervasive environmental contaminants with potential health risks. Circulating microRNAs (miRNAs) may mediate the OPEs pathological effects by regulating gene expression, but relevant human studies are limited. We investigated the associations between thirteen plasma OPEs and plasma miRNA profiles in a cross-sectional study conducted from June to July 2021 among 156 healthy adults recruited from a Health Examination Center in Shiyan, China (the Shiyan Multi-omics Study). The participants, aged 20 to 70 years, had no history of cardiovascular disease, cancer, acute infection, or recent use of anti-inflammatory medications. Using linear regression, Cresyl diphenyl phosphate (CDPP), Tris (2-chloroethyl) phosphate (TCEP), and Tri-iso-butyl phosphate (TiBP) were associated with 55, 10, and 9 plasma miRNAs, respectively. In mixture model based on latent variable, the CDPP-TiBP-TCEP latent variable was associated with the downregulation of miR-449c-5p and miR-548e-5p, and the upregulation of miR-4433b-5p, let-7d-3p, let-7g-5p, let-7d-5p, miR-3140-3p, miR-223-5p, let-7b-3p, and miR-361-5p. Furthermore, we observed significant correlations between plasma and leukocyte levels of miR-223-5p, let-7b-3p, let-7d-5p, and miR-4433b-5p, supporting leukocytes as potential biological source of plasma miRNAs. By integrating leukocyte mRNA sequencing data with the Kyoto Encyclopedia of Genes and Genomes (KEGG), Gene Ontology (GO) databases, and Hallmark gene set, functional annotation identified enrichment in pathways related to amyloid beta metabolic process, axon guidance, and glioma, suggesting potential neurotoxic mechanisms of OPEs in humans. This study is the first to identify plasma miRNA profiles associated with trace-level OPEs exposure, highlighting the potential public health significance of low-level OPE exposure in disrupting neural regulation.",2026,2026-03-01,JournalArticle,,https://www.semanticscholar.org/paper/7fc3b47e751a85600562338f1742e3a556a6fd38,False,0,,True,False,True,False
doi:10.1016/j.isci.2019.10.041,doi:10.1016/j.isci.2019.10.041,europepmc,europepmc;openalex;pubmed;scopus,MED:31704649,10.1016/j.isci.2019.10.041,31704649,PMC6888768,KDM3A and KDM4C Regulate Mesenchymal Stromal Cell Senescence and Bone Aging via Condensin-mediated Heterochromatin Reorganization.,"Epigenomic changes and stem cell deterioration are two hallmarks of aging. Accumulating evidence suggest that senescence of mesenchymal stromal cells (MSCs) perpetuates aging or age-related diseases. Here we report that two H3K9 demethylases, KDM3A and KDM4C, regulate heterochromatin reorganization via transcriptionally activating condensin components NCAPD2 and NCAPG2 during MSC senescence. Suppression of KDM3A or KDM4C by either genetic or biochemical approach leads to robust DNA damage response and aggravates cellular senescence, whereas overexpression of KDM3A/KDM4C or NCAPD2 promotes heterochromatin reorganization and blunts DNA damage response. Moreover, MSCs derived from Kdm3a-/- mice exhibit defective chromosome organization and exacerbated DNA damage response, which are associated with accelerated bone aging. Consistently, analysis of human bone marrow MSCs and transcriptome database reveals inverse correlation of KDM3A/KDM4C and/or NCAPD2/NCAPG2 with aging. Taken together, the present finding unveils that H3K9 demethylases function as a surveillance mechanism to restrain DNA damage accumulation in stem cells during aging.",2019,2019-10-24,research-article; Journal Article,eng,https://europepmc.org/article/MED/31704649,False,3,,True,True,True,True
doi:10.1016/j.jnutbio.2023.109498,doi:10.1016/j.jnutbio.2023.109498,semantic_scholar,semantic_scholar,422594d45997c2da43e3d4047ed2cab22f3f6e48,10.1016/j.jnutbio.2023.109498,37871767,10841977,L-Isoleucine reverses hyperammonemia-induced myotube mitochondrial dysfunction and post-mitotic senescence,"Perturbations in the metabolism of ammonia, a cytotoxic endogenous metabolite, occur in a number of chronic diseases, with consequent hyperammonemia. Increased skeletal muscle ammonia uptake causes metabolic, molecular and phenotype alterations including cataplerosis of (loss of tricarboxylic acid cycle (TCA) cycle intermediate) α-ketoglutarate (αKG), mitochondrial oxidative dysfunction, and a senescence associated molecular phenotype (SAMP). L-Isoleucine (Ile) is an essential, branched-chain amino acid (BCAA) that simultaneously provides acetyl-CoA as an oxidative substrate and succinyl-CoA for anaplerosis (providing TCA cycle intermediates). Our multiomics analyses in myotubes and skeletal muscle from hyperammonemic mice and human patients with cirrhosis showed perturbations in BCAA transporters and catabolism. We therefore determined if Ile reverses hyperammonemia-induced impaired mitochondrial oxidative function and SAMP. Studies were performed in differentiated murine C2C12 myotubes that were early passage, late passage (senescent), or those depleted of LAT1/SLC7A5 and human induced pluripotent stem cell-derived myotubes (hiPSCM). Ile reverses hyperammonemia-induced reduction in maximum respiratory capacity, complex I,II and III function in early passage murine myotubes and hiPSCM. Consistently, low ATP content and impaired global protein synthesis (high energy requiring cellular process) during hyperammonemia are reversed by Ile in murine myotubes and hiPSCM. Lower abundance of critical regulators of protein synthesis in mTORC1 signaling, and increased phosphorylation of eukaryotic initiation factor 2α are also reversed by Ile. Genetic depletion studies showed that Ile responses are independent of the amino acid transporter LAT1/SLC7A5. Our studies show that Ile reverses the hyperammonemia-induced impaired mitochondrial oxidative function, cataplerosis and SAMP in a LAT1/SLC7A5 transporter-independent manner.",2023,2023-10-01,JournalArticle,,https://www.semanticscholar.org/paper/422594d45997c2da43e3d4047ed2cab22f3f6e48,False,0,,True,False,True,False
doi:10.1016/j.neurobiolaging.2020.09.019,doi:10.1016/j.neurobiolaging.2020.09.019,pubmed,pubmed,33120085,10.1016/j.neurobiolaging.2020.09.019,33120085,PMC7736197,Mendelian randomization integrating GWAS and mQTL data identified novel pleiotropic DNA methylation loci for neuropathology of Alzheimer's disease.,"The pathogenesis of Alzheimer's disease (AD) remains largely unclear. Exploring the genetic/epigenetic loci showing pleiotropic association with the neuropathologies of AD may greatly enhance understanding of the mechanisms underlying the development of AD. In this study, using data from the Religious Orders Study and the Rush Memory and Aging Project, we undertook a Mendelian randomization approach integrating genome-wide association studies (GWASs) and DNA methylation quantitative trait locus data to explore pleiotropic epigenetic loci for AD neuropathologies, including amyloid-β (Aβ) load and tau-containing neurofibrillary tangle density. We performed GWASs of DNA methylation in brain tissues from 592 participants and mapped 60,595 cis-SNP-CpG pairs after correction for multiple testing. By linking cis-DNA methylation quantitative trait locus with GWAS results for Aβ load and tau tangles, we identified 47 CpGs showing pleiotropic association with Aβ load by the Mendelian randomization analysis. We then used gene expression data from 537 individuals and performed quantitative trait methylation analysis. We found that 18 of the 47 CpGs were in cis associated with 25 mRNAs/genes, comprising 41 unique CpG-mRNA/gene pairs. Our findings shed light on the role of DNA methylation in the pathogenesis of Aβ.",2020,2020-10-01,"Journal Article; Research Support, N.I.H., Extramural; Research Support, Non-U.S. Gov't",eng,https://pubmed.ncbi.nlm.nih.gov/33120085/,False,0,,True,True,True,True
doi:10.1016/j.stemcr.2026.102959,doi:10.1016/j.stemcr.2026.102959,europepmc,europepmc;pubmed;scopus;semantic_scholar,MED:42276065,10.1016/j.stemcr.2026.102959,42276065,,Multiome-based identification of molecular markers for prospective identification of platelet-biased HSCs.,"Platelet-biased hematopoietic stem cells (PLT-HSCs) play key roles in normal physiology, aging, and blood cancer. However, currently, no markers allow their accurate identification or prospective isolation. We here combine single-mouse hematopoietic stem cell (HSC) gene expression, chromatin accessibility, and surface proteome profiling to identify subtype-specific markers. Using machine learning, we identified markers (CD61 hi CD274 hi CD357 lo CD27 lo ) that isolate PLT-HSCs to high purity, validated by single-cell transplantation. Furthermore, we develop a minimal expression marker panel that discriminates PLT- and multi-lineage (MUL-)HSCs using microfluidics-based single-cell RT-qPCR. We show that both methods detect the age-associated increase in PLT-HSCs, while poly(I-C)-induced chronic inflammation did not alter HSC lineage bias. In contrast, romiplostim treatment increased MUL-HSC prevalence. Finally, using spectral flow cytometry to simultaneously quantify cell cycle and HSC lineage bias, we show that platelet depletion selectively activates PLT-HSCs. Together, these approaches allow accurate isolation of PLT-HSCs and robust quantification of lineage bias under perturbation.",2026,2026-06-11,Journal Article,eng,https://europepmc.org/article/MED/42276065,False,3,,True,True,True,True
doi:10.1017/s2040174424000060,doi:10.1017/s2040174424000060,semantic_scholar,semantic_scholar,85dff269e224e43000ea5ce97f39c1cbdc03474d,10.1017/s2040174424000060,38660759,11268442,Methylation profiles at birth linked to early childhood obesity,"Abstract Childhood obesity represents a significant global health concern and identifying its risk factors is crucial for developing intervention programs. Many “omics” factors associated with the risk of developing obesity have been identified, including genomic, microbiomic, and epigenomic factors. Here, using a sample of 48 infants, we investigated how the methylation profiles in cord blood and placenta at birth were associated with weight outcomes (specifically, conditional weight gain, body mass index, and weight-for-length ratio) at age six months. We characterized genome-wide DNA methylation profiles using the Illumina Infinium MethylationEpic chip, and incorporated information on child and maternal health, and various environmental factors into the analysis. We used regression analysis to identify genes with methylation profiles most predictive of infant weight outcomes, finding a total of 23 relevant genes in cord blood and 10 in placenta. Notably, in cord blood, the methylation profiles of three genes (PLIN4, UBE2F, and PPP1R16B) were associated with all three weight outcomes, which are also associated with weight outcomes in an independent cohort suggesting a strong relationship with weight trajectories in the first six months after birth. Additionally, we developed a Methylation Risk Score (MRS) that could be used to identify children most at risk for developing childhood obesity. While many of the genes identified by our analysis have been associated with weight-related traits (e.g., glucose metabolism, BMI, or hip-to-waist ratio) in previous genome-wide association and variant studies, our analysis implicated several others, whose involvement in the obesity phenotype should be evaluated in future functional investigations.",2024,2024-01-13,JournalArticle,,https://www.semanticscholar.org/paper/85dff269e224e43000ea5ce97f39c1cbdc03474d,False,0,,True,False,True,False
doi:10.1038/s41413-025-00422-3,doi:10.1038/s41413-025-00422-3,openalex,openalex;pubmed;scopus;semantic_scholar,https://openalex.org/W4410145652,10.1038/s41413-025-00422-3,,,Sirt6 deficiency promotes senescence and age-associated intervertebral disc degeneration in mice,"Abstract Intervertebral disc degeneration is a major risk factor contributing to chronic low back and neck pain. While the etiological factors for disc degeneration vary, age is still one of the most important risk factors. Recent studies have shown the promising role of SIRT6 in mammalian aging and skeletal tissue health, however its role in the intervertebral disc health remains unexplored. We investigated the contribution of SIRT6 to disc health by studying the age-dependent spinal phenotype of mice with conditional deletion of Sirt6 in the disc ( Acan CreERT2 ; Sirt6 fl/fl ). Histological studies showed a degenerative phenotype in knockout mice compared to Sirt6 fl/fl control mice at 12 months, which became pronounced at 24 months. RNA-Seq analysis of NP and AF tissues, in vitro quantitative histone analysis, and RNA-seq with ATAC-seq multiomic studies revealed that SIRT6-loss resulted in changes in acetylation and methylation status of specific Histone 3 lysine residues and affected DNA accessibility and transcriptomic landscape. A decrease in autophagy and an increase in DNA damage were also noted in Sirt6 -deficient cells. Further mechanistic insights revealed that loss of SIRT6 increased senescence and SASP burden in the disc characterized by increased p21, p19, γH2AX, IL-6, IL-1β, and TGF-β abundance. Taken together, our study highlights the contribution of SIRT6 in modulating DNA damage, autophagy, and cell senescence and its importance in maintaining disc health during aging, thereby underscoring it as a potential therapeutic target to treat intervertebral disc degeneration.",2025,2025-05-08,article,en,https://openalex.org/W4410145652,False,3,epigenomics_plus_downstream;explicit_multiomics,True,True,True,True
doi:10.1038/s41536-026-00490-x,doi:10.1038/s41536-026-00490-x,europepmc,europepmc;pubmed;scopus;semantic_scholar,MED:42386771,10.1038/s41536-026-00490-x,42386771,,Multi-omics profiling reveals systemic rejuvenation of the aged kidney through senolytic therapy.,"Cellular senescence is a key driver of kidney aging, leading to functional decline and increased susceptibility to chronic kidney disease. While the senolytic combination of dasatinib and quercetin (D + Q) has shown promise in mitigating age-related pathologies, its long-term effects and underlying multi-level systemic mechanisms in the aging kidney remain poorly defined. Here, we systematically evaluated the long-term effects of D + Q in naturally aged mice using multi-omics approaches. We show that D + Q treatment reduces senescence markers (p16, p21, SA-β-gal), restores the anti-aging protein Klotho, and attenuates renal fibrosis and inflammation. Proteomic profiling reveals that D + Q enhances apoptotic clearance of senescent cells and promotes proliferative and regenerative pathways. Moreover, D + Q reactivates PPARα signaling, improves fatty acid oxidation, and reduces lipid accumulation in aged kidneys. Single-cell transcriptomics further demonstrates that D + Q reverses transcriptional aging signatures across multiple renal cell types and remodels cell-type-specific pathways associated with metabolism, inflammation, and fibrosis. Cell-cell communication analysis reveals that D + Q normalizes the hyperconnected intercellular network in aged kidneys, particularly by modulating inflammation-related signaling. Our findings offer a comprehensive, systems-level understanding of how senolytic therapy restores renal homeostasis, emphasizing its potential as a multifaceted intervention to combat kidney aging.",2026,2026-07-01,Journal Article,eng,https://europepmc.org/article/MED/42386771,False,3,,True,True,True,True
doi:10.1038/s41598-025-94303-8,doi:10.1038/s41598-025-94303-8,semantic_scholar,semantic_scholar,931ce5a9e86177825f02ac845f2ed529e2e9b1db,10.1038/s41598-025-94303-8,40108295,11923301,Multi-omic biomarkers associated with multiple sclerosis: from Mendelian randomization to drug prediction,"Currently, the treatment and prevention of multiple sclerosis (MS) continue to encounter significant challenges. Mendelian randomization (MR) analysis has emerged as a crucial research method in the pursuit of new therapeutic strategies. Accordingly, we hypothesize that there exists a causal association between genetic variants of specific plasma proteins and MS through MR mechanisms, and that key therapeutic targets can be precisely identified by integrating multi-omics analytical approaches. In this study, we developed a comprehensive analytical framework aimed at identifying and validating potential therapeutic targets for MS. The framework commenced with a two-sample Mendelian randomization (MR) study utilizing two large plasma protein quantitative trait locus (pQTL) datasets. Building on this foundation, we performed Bayesian co-localization analysis of coding genes, followed by a full phenotype-wide association study (PheWAS) on the co-positive genes identified through both analytical methods. This approach allowed us to explore the functions of key genes and the mechanisms of co-morbidity associated with the disease. Subsequently, we integrated protein-protein interaction (PPI) network analysis, gene ontology (GO) analysis, and Kyoto Encyclopedia of Genes and Genomes (KEGG) pathway analysis to facilitate drug prediction and molecular docking studies. This study conducted a systematic analysis between two large plasma pQTLs datasets and MS. In the MR analysis, the MR analysis of Icelandic plasma pQTLs and MS identified 88 positive plasma proteins, while the MR analysis of the UK Biobank database pQTLs and MS identified 122 positive plasma proteins. By comparison, uroporphyrinogen III synthase (UROS) and glutathione S-transferase theta 2B (GSTT2B) were found to be the positive proteins shared by the two datasets. After false discovery rate (FDR) correction, signal transducer and activator of transcription 3 (STAT3) was a significantly positive protein in the analysis of Icelandic plasma pQTLs. In the analysis of the UK Biobank database pQTLs, advanced glycosylation end product-specific receptor (AGER), allograft inflammatory factor 1 (AIF1), butyrophilin subfamily 1 member A1 (BTN1A1), cluster of differentiation 58 (CD58), desmoglein 4 (DSG4), ecotropic viral integration site 5 (EVI5), tumor necrosis factor (TNF), and tumor necrosis factor receptor superfamily member 14 (TNFRSF14) were significantly positive proteins. After Bonferroni correction, AGER, CD58, EVI5, and TNF remained significantly positive proteins in the analysis of the UK Biobank database pQTLs. In the Bayesian colocalization analysis, EVI5 (PPH4 = 0.9800), O-GlcNAcase (OGA) (PPH4 = 0.8569), and TNFRSF14 (PPH4 = 0.8904) were the common positive genes in the two analysis methods. In conclusion, EVI5, OGA, and TNFRSF14 may be potential therapeutic targets for MS. Through the comprehensive application of MR analysis and Bayesian colocalization analysis, we have successfully identified that EVI5, OGA, and TNFRSF14 may be key therapeutic targets for MS. These findings may provide a scientific basis for the development of novel immunotherapies, combination treatment regimens, or targeted intervention strategies.",2025,2025-03-19,JournalArticle,,https://www.semanticscholar.org/paper/931ce5a9e86177825f02ac845f2ed529e2e9b1db,False,0,,True,False,True,False
doi:10.1049/nbt2/8358424,doi:10.1049/nbt2/8358424,semantic_scholar,semantic_scholar,75a813a7e7f37fb6f8f4a9e7be7d31c1808d00f0,10.1049/nbt2/8358424,40873929,12380512,A Multiomic Study of Platelet-Derived Extracellular Vesicles and Impact of Platelet Concentrate Sources,"Platelet‐derived extracellular vesicles (pEVs) are a potent fraction of platelet concentrates, enhancing their therapeutic potential in regenerative medicine. This study evaluates pEV from three platelet sources: platelet lysate (PL), fresh platelets (fPs), and aged platelets (aPs), to determine how activation and storage conditions affect pEV characteristics, functionality, and molecular content. pEV are isolated using size exclusion chromatography (SEC) and characterized by transmission electron microscopy (TEM), western blot, and nanoparticle tracking analysis (NTA). Functional assays include wound healing, metabolic activity, and cytotoxicity. Protein and miRNA profiles are obtained through LC‐MS/MS and miRNA arrays, followed by bioinformatic analysis. Findings show that PL‐derived pEV exhibits the highest yield and purity, containing markers CD63 and CD9. Enhanced fibroblast migration in wound healing assays suggest a critical role for PL‐pEV in hemostasis, proliferation, and remodeling phases. Multiomics analysis identifies upregulated miRNAs, particularly miR‐210‐3p and the miR‐320 family, associated with wound healing. Differential protein analysis reveals an enrichment in immune response and wound healing pathways within PL‐pEV. These results demonstrate the impact of platelet preparation methods on pEV molecular cargo and efficacy, with hsa‐miR‐320a, hsa‐miR‐320b, and hsa‐miR‐210‐3p identified as key mediators supporting the clinical potential of PL‐pEV in regenerative medicine.",2025,2025-01-01,JournalArticle,,https://www.semanticscholar.org/paper/75a813a7e7f37fb6f8f4a9e7be7d31c1808d00f0,False,0,,True,False,False,False
doi:10.1080/23748834.2024.2335707,doi:10.1080/23748834.2024.2335707,semantic_scholar,openalex;scopus;semantic_scholar,dd38232c65bb878c9dbfea36e1e9a56c19f40ab8,10.1080/23748834.2024.2335707,,,Exploring the epigenome to identify biological links between the urban environment and neurodegenerative disease: an evidence review,"ABSTRACT Global urbanisation has occurred in tandem with population ageing, having implications on human cognitive health. Urban environmental factors such as air pollution are known risk factors of cognitive impairment and neurodegenerative disease. However, due to the sparse evidence base, the biological pathways by which urban environmental factors operate are not well understood. The aim of this review is to explain how exploring the epigenome (i.e. chemical modifications to the genome which do not change the underlying gene sequence) can further our understanding of these biological pathways. The epigenome is influenced by environmental factors and has implications for cognitive impairment and neurodegenerative disease. Utilising complex epigenetic analytical techniques including epigenetic clocks, Mendelian randomization and multi-omic approaches, it is possible to identify environmental consequences on underlying biology. Through better understanding of how epigenetic modifications, which can be inherited or change dynamically in response to environmental exposures, impact cognitive outcomes, we can work to encourage the development of public health policies, as well as urban planning and design policies to reduce the burden of neurodegenerative disease and encourage healthier ageing in the older adult population.",2024,2024-04-15,JournalArticle; Review,,https://www.semanticscholar.org/paper/dd38232c65bb878c9dbfea36e1e9a56c19f40ab8,False,2,,True,True,True,True
doi:10.1093/cvr/cvag092.143,doi:10.1093/cvr/cvag092.143,openalex,openalex,https://openalex.org/W7161116881,10.1093/cvr/cvag092.143,,,Long non-coding RNA PANDA drives diabetic vascular dysfunction by promoting oxidative stress,"Abstract Background Long non-coding RNAs (lncRNAs) are emerging as pivotal players in the pathogenesis of cardiovascular disease. Recent work has shown that PANDA, a newly identified lncRNA, is a key regulator of cellular senescence, apoptosis and oxidative stress acting as decoy lncRNA. Purpose To investigate the role and molecular mechanism of lncRNA PANDA in diabetic vascular disease. Methods RNAseq was performed to aorta specimen from diabetic and no diabetic patients as well in human aortic endothelial cells (HAECs) exposed to normal (NG, 5 mM) and high glucose concentrations (HG, 25 mM). PANDA modulations were performed by siRNA transfection and by the lipid transfection of PANDA carrying plasmid. RNAs sequencing (RNA-seq) and bioinformatic analysis (network perturbation amplitude, NPA) of treated HAECs unveiled transcriptional changes upon PANDA depletion. Expression of PANDA was assessed by real time PCR. PANDA RNA immuno-precipitation (RIP) was performed to check its binding to relevant transcriptional factor (such as NRF2) as well chromatin immunoprecipitation (ChIP) was performed to check the NRF2 binding on oxidative gene promoters. Cellular localization of NRF2 was investigated by Immunofluorescence. Beta-galactosidase, superoxide staining and lipid peroxidation assay were used to detect endothelial senescence and ROS formation while migration and tube formation were employed to evaluate angiogenic properties of HAECs. Results In diabetic human aorta as well in HAECs exposed to HG, PANDA levels were significantly increased. Transcriptomic analysis revealed the upregulation of antioxidant genes (HMOX1, TFRC1) upon PANDA removal and the data was also confirmed at protein level. NPA analysis showed a strong involvement of PANDA in senescence, DNA damage as well as NRF2 signaling, which is the main transcription factor of antioxidant genes. In HG, NFR2 is downregulated while PANDA silencing restores its level. Under HG condition PANDA binds the transcription factor NRF2 and blocks its nuclear translocation thus impeding its binding on HMOX1 and TFRC promoters. Silencing of PANDA in HG-treated HAECs prevents cellular senescence, restores the expression of anti-apoptotic genes, and reduces ROS formation and lipid peroxidation, a marker of ferroptosis. Interestingly, overexpression of PANDA in NG-treated cells leads to increased oxidative stress and lipid peroxidation, thus mimicking the effect observed under HG conditions. Conclusions In hyperglycemia PANDA upregulation drives endothelial senescence while impairing angiogenic properties. Accordingly, PANDA depletion in HG-treated HAECs rescues maladaptive transcriptional changes through the release of NRF2 that in turn translocate into the nucleus enhancing the expression of the antioxidant gene HMOX1 and TFRC. The results indicate PANDA as a putative novel molecular target in the setting of diabetic vascular disease.",2026,2026-05-01,article,en,https://openalex.org/W7161116881,False,0,epigenomics_plus_downstream,True,True,True,True
doi:10.1093/geroni/igad104.1424,doi:10.1093/geroni/igad104.1424,semantic_scholar,semantic_scholar,f328ec8f89fb3b22a6c5304ec6a7d4b0b7206c21,10.1093/geroni/igad104.1424,,10737411,COMPARATIVE TRANSCRIPTOMICS AND PROTEOMICS ACROSS SPECIES,"Abstract Mammals differ more than 100-fold in maximum lifespan. Here, we conducted comparative transcriptomics on 26 species with diverse lifespans. We identified thousands of genes with expression levels negatively or positively correlated with a species’ maximum lifespan (Neg- or Pos-MLS genes). Neg-MLS genes are pri- marily involved in energy metabolism and inflammation. Pos-MLS genes show enrichment in DNA repair, microtubule organization, and RNA transport. Expression of Neg- and Pos-MLS genes is modulated by interventions, including mTOR and PI3K inhibition. Regulatory networks analysis showed that Neg-MLS genes are under circadian regulation possibly to avoid persistent high expression, whereas Pos-MLS genes are tar- gets of master pluripotency regulators OCT4 and NANOG and are upregulated during somatic cell reprogramming. Pos-MLS genes are highly expressed during embryogenesis but significantly downregulated after birth. This work provides targets for anti-aging interventions by defining pathways correlating with longevity across mammals and uncovering circadian and pluripotency networks as central regulators of longevity. I will also discuss integrating this transcriptome and proteome data.",2023,2023-12-01,JournalArticle,,https://www.semanticscholar.org/paper/f328ec8f89fb3b22a6c5304ec6a7d4b0b7206c21,False,0,,True,True,True,True
doi:10.1093/jas/skad304,doi:10.1093/jas/skad304,semantic_scholar,semantic_scholar,cfedb6618b3c6ab89c458a4c82a06cd09bf21625,10.1093/jas/skad304,37703114,,"The selected genes NR6A1, RSAD2-CMPK2 and COL3A1 contribute to body size variation in Meishan pigs through different patterns.","The high-fertility Meishan pig is currently categorized into medium-sized (MMS) and small-sized (SMS) based on body size. To identify causal genes responsible for the variation in body size within the two categories, we sequenced individuals representing the entire consanguinity of the existing Meishan pig. This enabled us to conduct genome selective signal analysis. Our findings revealed the genomes of MMS and SMS are stratified, with selective sweep regions formed by differential genomic intervals between the two categories enriched in multiple pig body size related quantitative trait loci (QTLs). Furthermore, the missense mutation c.575T>C of candidate causal gene NR6A1, accounting for the variation in lumbar vertebrae number in pigs, was positively selected in MMS only, leading to an increase in body length of MMS at 6 months of age. To precisely identify causal genes accounting for body size variation through multi-omics, we collected femoral cartilage and liver transcription data from MMS and SMS respectively, and re-sequencing data from pig breeds exhibiting varying body sizes. We found that two selected regions where the RSAD2-CMPK2 and COL3A1 genes are located, respectively, showed different haplotypes in pig breeds of varying body size, and was associated with body or carcass length in hybridized Suhuai pig. Additionally, the above three hub genes, were significantly greater expressed in SMS femoral cartilage and liver tissues compared to MMS. These three genes could strengthen the pathways related to bone resorption and metabolism in SMS, potentially hindering bone and skeletal development and resulting in a smaller body size in SMS. These findings provide valuable insights into the genetic mechanism of body size variation in Meishan pig population.",2023,2023-09-13,JournalArticle,,https://www.semanticscholar.org/paper/cfedb6618b3c6ab89c458a4c82a06cd09bf21625,False,0,,True,False,True,False
doi:10.1093/pcmedi/pbag019,doi:10.1093/pcmedi/pbag019,semantic_scholar,semantic_scholar,3b22cdfc293683849f7113ced2a462d9c64850b1,10.1093/pcmedi/pbag019,,,Beyond the genetic code: orchestrating epigenetic and immune landscapes with multivalent mRNA-exosome vaccines,"mRNA therapeutics are transitioning from transient anti-viral vaccines into precise cancer immunotherapies capable of orchestrating potent antigen-specific T-cell and humoral responses. However, therapeutic resistance within immunologically “cold” tumors remains a formidable barrier, necessitating multi-axial optimization across transcript architecture, neoantigen selection, delivery vector engineering, and tumor microenvironment (TME) reprogramming. This review synthesizes critical breakthroughs in mRNA biochemistry—including chemical nucleotide modifications, optimized untranslated regions, structural codon adjustments, and stringent purification methodologies—that extend transcript longevity while limiting off-target reactogenicity to maximize functional antigen expression. We evaluate multi-omic neoantigen discovery workflows leveraging genomics, transcriptomics, immunoproteomics, and computational HLA-binding algorithms to refine patient-specific target selection. Next, we dissect advanced lipid nanoparticles, surface-functionalized biomaterials, and engineered extracellular vesicles optimized to enhance antigen-presenting cell tropism and lymphoid homing. We further detail how vaccine-induced cytokine fluxes actively remodel the TME, successfully reversing local immune tolerance and driving robust effector leukocyte infiltration into the tumor stroma. Specifically, we highlight the convergence of mRNA-mediated cytokine signaling and epigenetic imprinting, which cooperatively induce trained immunity for durable preventive surveillance. Finally, we delineate rational combinations with immune checkpoint blockades while addressing translational challenges: identifying predictive biomarkers, mapping presentation kinetics, and structuring adaptive clinical trial frameworks.",2026,2026-07-07,JournalArticle; Review,,https://www.semanticscholar.org/paper/3b22cdfc293683849f7113ced2a462d9c64850b1,False,0,,True,True,True,True
doi:10.1097/hep.0000000000001304,doi:10.1097/hep.0000000000001304,semantic_scholar,europepmc;pubmed;scopus;semantic_scholar,654a75203abea21b466d9fa001705092e7bc56e6,10.1097/hep.0000000000001304,40073276,,"CAD manipulates tumor intrinsic DHO/UBE4B/NF-κB pathway and fuels macrophage cross-talk, promoting hepatocellular carcinoma metastasis.","BACKGROUND AND AIMS Portal vein tumor thrombosis (PVTT), an indicator of clinical metastasis, significantly shortens hepatocellular carcinoma (HCC) patients' lifespan, and no effective treatment has been established. We aimed to illustrate mechanisms underlying PVTT formation and tumor metastasis, and identified potential targets for clinical intervention. APPROACH AND RESULTS Multi-omics data of 159 HCC patients (including 37 cases with PVTT) was analyzed to identify contributors to PVTT formation and tumor metastasis. In vitro and in vivo experiments were performed to confirm the critical role of carbamoyl-phosphate synthetase 2, aspartate transcarbamylase, and dihydroorotase (CAD) in HCC metastasis. Metabolomics and transcriptomics techniques, single-cell RNA sequencing, combined with experimental verification were complemented to illustrate mechanisms underlying CAD induced pro-metastatic efficacy. Analysis of proteogenomic data of HCC cohort identified CAD as the key contributor to PVTT formation and tumor metastasis in HCC. Further experiments confirmed that high CAD expression could significantly promote HCC metastasis, and vice versa. Mechanistically, CAD manipulated de novo pyrimidine anabolism, leading to dihydroorotic acid (DHO) accumulation which directly bound to ubiquitination factor E4B (UBE4B). UBE4B subsequently regulated JAK1 ubiquitination and activated the NF-κB pathway to promote epithelial-mesenchymal transition (EMT) of HCC cells. Additionally, CAD generated an immunosuppressive milieu conducive to HCC metastasis by recruiting and reprogramming macrophages into a ""pro-tumor"" phenotype. Consequently, the metastatic capability of HCC was remarkably enhanced. CONCLUSION Therapy targeting CAD may offer a promising approach to curb HCC metastasis by reducing tumor cells' metastatic potential and also shifting the tumor microenvironment towards a less pro-metastatic state.",2025,2025-03-12,JournalArticle,,https://www.semanticscholar.org/paper/654a75203abea21b466d9fa001705092e7bc56e6,False,3,,True,True,True,True
doi:10.1101/2021.03.26.437267,doi:10.1101/2021.03.26.437267,semantic_scholar,semantic_scholar,5b120e5b84a86b2b85cce7b68bc1c8ff0e35b98c,10.1101/2021.03.26.437267,,,Manifestations of genetic risk for Alzheimer’s Disease in the blood: a cross-sectional multi-omic analysis in healthy adults aged 18-90+,"Deeply phenotyped cohort data can elucidate differences associated with genetic risk for common complex diseases across an age spectrum. Previous work has identified genetic variants associated with Alzheimer’s disease (AD) risk from large-scale genome-wide association study meta-analyses. To explore effects of known AD-risk variants, we performed a phenome-wide association study on ~2000 clinical, proteomic, and metabolic blood-based analytes obtained from 2,831 cognitively normal adult clients of a consumer-based scientific wellness company. Results uncovered statistically significant SNP-analyte associations for five genetic variants after correction for multiple testing (for SNPs in or near NYAP1, ABCA7, INPP5D, and APOE). These effects were detectable from early adulthood. Sex modified the effects of four genetic variants, with multiple interrelated immune-modulating effects associated with the PICALM variant. Sex-stratified GWAS results from an independent AD case-control meta-analysis supported sexspecific disease effects of the PICALM variant, highlighting the importance of sex as a biological variable. These analyses support evidence from previous functional genomics studies in the identification of a causal variant within the PILRA gene. Taken together, this study highlights clues to the earliest effects of AD genetic risk variants in individuals where disease symptoms have not (yet) arisen.",2021,2021-03-30,,,https://www.semanticscholar.org/paper/5b120e5b84a86b2b85cce7b68bc1c8ff0e35b98c,False,0,,True,False,True,False
doi:10.1101/2024.01.29.577835,doi:10.1101/2024.01.29.577835,openalex,europepmc;openalex;pubmed,https://openalex.org/W4391379684,10.1101/2024.01.29.577835,,,Mitochondrial DNA copy number reduction via in vitro TFAM knockout remodels the nuclear epigenome and transcriptome,"Abstract Mitochondrial DNA copy number (mtDNA-CN) is associated with several age-related chronic diseases and is a predictor of all-cause mortality. Here, we examine site-specific differential nuclear DNA (nDNA) methylation and differential gene expression resulting from in vitro reduction of mtDNA-CN to uncover shared genes and biological pathways mediating the effect of mtDNA-CN on disease. Epigenome and transcriptome profiles were generated for three independent human embryonic kidney (HEK293T) cell lines harbouring a mitochondrial transcription factor A ( TFAM ) heterozygous knockout generated via CRISPR-Cas9, and matched control lines. We identified 4,242 differentially methylated sites, 228 differentially methylated regions, and 179 differentially expressed genes associated with mtDNA-CN. Integrated analysis uncovered 381 Gene-CpG pairs. GABA A receptor genes and related pathways, the neuroactive ligand receptor interaction pathway, ABCD1/2 gene activity, and cell signalling processes were overrepresented, providing insight into the underlying biological mechanisms facilitating these associations. We also report evidence implicating chromatin state regulatory mechanisms as modulators of mtDNA-CN effect on gene expression. We demonstrate that mitochondrial DNA variation signals to the nuclear DNA epigenome and transcriptome and may lead to nuclear remodelling relevant to development, aging, and complex disease.",2024,2024-01-31,preprint,en,https://openalex.org/W4391379684,True,2,epigenomics_plus_downstream,True,True,True,True
doi:10.1101/2025.06.10.657924,doi:10.1101/2025.06.10.657924,semantic_scholar,semantic_scholar,2eab5488a31e1ed1d0c478e352da94ec04f21280,10.1101/2025.06.10.657924,,,Biologically Informed Variational Inference Enables Interpretable Cell Phenotyping and Discovery,"Multi-omics technologies allow detailed characterization of cell types and states across omics layers as well as chemical and genetic perturbations. Variational autoencoders have become a cornerstone of single-cell data integration; however, they are often implemented as black-box models, requiring post hoc interpretation using known markers, pathways, or regulators to make sense of their latent representations. NetworkVI fundamentally flips this paradigm by incorporating biological knowledge directly into the model architecture. By embedding co-regulation networks derived from topologically associated domains and structured ontologies such as the Gene Ontology (GO), NetworkVI introduces a biologically-informed inductive bias that promotes the preservation of meaningful variation during integration while enforcing interpretability at both the gene and GO levels. NetworkVI achieves state-of-the-art data integration, modality imputation, and cell label transfer across bimodal and trimodal datasets. Beyond integration, here we show that NetworkVI facilitates ontology-guided hypothesis generation by exploiting established associations between genes, structured cellular programs, and regulatory domains to interpretably model cellular identities. Furthermore, decomposition of GO activation spaces resolves lineage-specific functional states within immune cell types, including quiescent, inflammatory, and transitional monocyte subpopulations, that are invisible to transcriptomic clustering. NetworkVI prioritizes GO-term programs associated with immunosenescence, consistent with age-associated immune dysregulation and reveals candidate immune evasion mechanisms consistent with CD58 loss in a Perturb-CITE-seq melanoma dataset.",2026,2026-07-24,,,https://www.semanticscholar.org/paper/2eab5488a31e1ed1d0c478e352da94ec04f21280,False,0,,True,False,True,False
doi:10.1104/pp.18.00804,doi:10.1104/pp.18.00804,pubmed,pubmed,30135097,10.1104/pp.18.00804,30135097,PMC6181059,Specialized Plastids Trigger Tissue-Specific Signaling for Systemic Stress Response in Plants.,"Plastids comprise a complex set of organelles in plants that can undergo distinctive patterns of differentiation and redifferentiation during their lifespan. Plastids localized to the epidermis and vascular parenchyma are distinctive in size, structural features, and functions. These plastids are termed ""sensory"" plastids, and here we show their proteome to be distinct from chloroplasts, with specialized stress-associated features. The distinctive sensory plastid proteome in Arabidopsis ( Arabidopsis thaliana ) derives from spatiotemporal regulation of nuclear genes encoding plastid-targeted proteins. Perturbation caused by depletion of the sensory plastid-specific protein MutS HOMOLOG1 conditioned local, programmed changes in gene networks controlling chromatin, stress-related phytohormone, and circadian clock behavior and producing a global, systemic stress response in the plant. We posit that the sensory plastid participates in sensing environmental stress, integrating this sensory function with epigenetic and gene expression circuitry to condition heritable stress memory.",2018,2018-08-22,"Journal Article; Research Support, Non-U.S. Gov't",eng,https://pubmed.ncbi.nlm.nih.gov/30135097/,False,0,,True,True,True,True
doi:10.1111/apha.13887,doi:10.1111/apha.13887,europepmc,europepmc;pubmed;scopus;semantic_scholar,MED:36073023,10.1111/apha.13887,36073023,PMC9588743,"Brainstem noradrenergic neurons: Identifying a hub at the intersection of cognition, motility, and skeletal muscle regulation.","Brainstem noradrenergic neuron clusters form a node integrating efferents projecting to distinct areas such as those regulating cognition and skeletal muscle structure and function, and receive dissimilar afferents through established circuits to coordinate organismal responses to internal and environmental challenges. Genetic lineage tracing shows the remarkable heterogeneity of brainstem noradrenergic neurons, which may explain their varied functions. They project to the locus coeruleus, the primary source of noradrenaline in the brain, which supports learning and cognition. They also project to pre-ganglionic neurons, which lie within the spinal cord and form synapses onto post-ganglionic neurons. The synapse between descending brainstem noradrenergic neurons and pre-ganglionic spinal neurons, and these in turn with post-ganglionic noradrenergic neurons located at the paravertebral sympathetic ganglia, support an anatomical hierarchy that regulates skeletal muscle innervation, neuromuscular transmission, and muscle trophism. Whether any noradrenergic neuron subpopulation is more susceptible to damaged protein deposit and death with ageing and neurodegeneration is a relevant question that answer will help us to detect neurodegeneration at an early stage, establish prognosis, and anticipate disease progression. Loss of muscle mass and strength with ageing, termed sarcopenia, may predict impaired cognition with ageing and neurodegeneration and establish an early time to start interventions aimed at reducing central noradrenergic neurons hyperactivity. Complex multidisciplinary approaches, including genetic tracing, specific circuit labelling, optogenetics and chemogenetics, electrophysiology, and single-cell transcriptomics and proteomics, are required to test this hypothesis pre-clinical.",2022,2022-09-15,"review-article; Review; Journal Article; Research Support, N.I.H., Extramural",eng,https://europepmc.org/article/MED/36073023,False,3,,True,True,True,True
doi:10.1113/jp282134,doi:10.1113/jp282134,openalex,openalex,https://openalex.org/W3187972489,10.1113/jp282134,,,Circadian control of skeletal muscle adaptations to exercise,"Constituting ∼40% of human body mass, skeletal muscles are critical for general health. Indeed, they play key roles in posture, mobility, thermogenesis, glucose homeostasis and metabolism. Skeletal muscles have a striking ability to adapt to various physiological and pathological conditions by changing their size, composition and metabolic properties. The plasticity of skeletal muscle tissue reflects naturally selected adaptations to a variety of competing organismal demands and selective pressures, such as light–dark cycles and shifts between physical activity and rest, which arose throughout vertebrate evolution. As such, the malleable nature of skeletal muscle allows it to rapidly adapt to energy demands during physical activity. While it is well established that physical activity positively improves skeletal muscle function, metabolic health and quality of life, various core mechanisms that are integral to skeletal muscle biology have yet to be elucidated. Specifically, the role of the circadian clock in regulating skeletal muscle plasticity in response to physical activity remains poorly understood. The circadian clock is an evolutionarily conserved regulatory time-keeping mechanism operating via transcriptional/translational feedback loops that control many aspects of mammalian physiology, metabolic homeostatic and behaviour. In almost all organisms, the 24-h circadian clock cycle can be affected by external cues, termed zeitgebers (environmental timekeepers/regulators), such as sunlight, social interaction, rest, exercise, temperature and food/drinking patterns. At the cellular and molecular levels, the central machinery of the circadian clock consists of a network of rhythmically expressed clock genes, such as Bmal1, Clock, Cry and Per2, which are involved in multiple physiological processes (Gabriel & Zierath, 2021). For instance, in a 2015 study by Dr Karyn Esser's research group, physiological measurements from both Bmal1 knockout (Bmal1−/−) and muscle-specific Bmal1 deletion (iMSBmal1−/−) mice were used to show how Bmal1 modulates skeletal muscle homeostasis through its involvement in endocrine/paracrine function, tissue regeneration and specific force generation (Schroder et al. 2015). Furthermore, recent evidence suggests that contraction can alter the expression of Per2 via calcium-mediated signalling pathways, thereby further highlighting the intrinsic role of the circadian clock in skeletal muscle physiology (Small et al. 2020). Moreover, using an experimental model of endurance training, it was recently shown that muscle contractions can directly modulate the expression of muscle clock genes in a time-of-day-dependent fashion (Kemler et al. 2020). Since optimizing exercise capacity and maximizing training outcomes are of great interest to the fields of exercise physiology, physical preparation, performance and sports competition, it is critical to understand how the time of day can impact skeletal muscle plasticity in response to exercise, at both the systemic and the muscle cellular levels. In a recent article published in The Journal of Physiology, Maier and colleagues investigated the effect of time-of-day on exercise-dependent changes in skeletal muscle plasticity (Maier et al. 2022). Indeed, Maier and colleagues utilized an experimental model in which untrained mice were exposed to an acute bout of high-intensity exercise every 4 h across the whole 24-h light–dark cycle. In turn, they evaluated the physiological roles of exercise and the circadian clock at the systemic and cellular levels by employing metabolic and performance assessments in combination with transcriptomic, proteomic and phosphoproteomic screenings. Maier and colleagues provide interesting data indicating that the time of the day greatly influences treadmill exercise performance in mouse, with endurance performance being greater in the early daytime. Moreover, the authors observed that early daytime, high-performance exercise can activate pathways related to skeletal muscle tissue repair and regeneration, as characterized by an increase in various genes involved in inflammatory response, protein processing, lysosome, phagosome and subsequent ribosome biogenesis. Furthermore, a predictive secretome analysis revealed that 37 myokines were immediately secreted in response to early daytime exercise, such as ones predicted to be associated with regulation of systemic blood glucose and muscle metabolism. In contrast, secretome activity was much less robust in response to night-time exercise, with only seven predicted myokines being secreted. Exercise during early dark phase was also characterized by activation of stress-related pathways, such as pathways regulated by forkhead box O, tumour necrosis factor, Hippo and mitogen-activated protein kinase signalling. Additionally, running performance in the early dark phase was lower, as signified by lower glycogen levels. Taken together, these results indicate that differential cellular responses exist with respect to transcriptome, (phospho)-proteome and secretome activity depending on either daytime or night-time exercise. Overall, these experimental data suggest that the circadian clock could potentially influence skeletal muscle adaptation in response to training. To fully confirm that the time of day influences skeletal muscle adaptation, additional assessments of mitochondrial content and fibre type switching are needed. Moreover, while Maier and colleagues report various intriguing data, there are a few key technical aspects of the experimental design employed by Maier and colleagues that can greatly inform future investigations into time- and exercise-dependent changes in mouse muscle. Accordingly, it is important to note that only observations from 8-week-old adult male mice were reported by Maier and colleagues. Since circadian timing can differ across age groups, it may be useful to compare young vs. old mice to gain a better understanding of the effect of ageing on time- and exercise-dependent changes in skeletal muscle plasticity. Furthermore, as biological sex can influence circadian timing, largely due to hormonal differences, future studies should focus on assessing whether differences in skeletal muscle clock regulation of exercise performance exist between male and female mice at the systemic and cellular levels. Additionally, it is important to question whether the findings reported by Maier and colleagues are tissue and fibre-type specific. Given that Maier et al. (2022) performed analyses on glycolytic quadriceps and gastrocnemius muscles, future research should be carried out to repeat these experiments using other types of skeletal muscle tissue, such as the soleus. Finally, it would be interesting to investigate the impact of different types of exercise, such as resistance training, on the skeletal muscle clock, while also measuring changes in mass, strength and power. Consequently, a greater focus on age, biological sex, various skeletal muscle tissue/fibre types, and different types of exercise could produce interesting findings that account for a broader mechanism of action of the circadian clock on skeletal muscle physiology. Collectively, these future investigations would enable the field of exercise physiology to gain a more holistic understanding of the role played by the circadian clock in the context of time- and exercise-dependant skeletal muscle response. In turn, such an understanding could enable exercise physiologists to refine exercise strategies for maintenance of skeletal muscle health and potential treatment of loss of skeletal muscle mass associated with ageing, injury, and disease. Please note: The publisher is not responsible for the content or functionality of any supporting information supplied by the authors. Any queries (other than missing content) should be directed to the corresponding author for the article. There is no conflict of interest, financial or otherwise to declare. All authors have read and approved the final version of this manuscript and agree to be accountable for all aspects of the work in ensuring that questions related to the accuracy or integrity of any part of the work are appropriately investigated and resolved. All persons designated as authors qualify for authorship, and all those who qualify for authorship are listed. T.J.C. was supported by a NSHRF Scotia Scholars Award and currently holds a NSERC Undergraduate Summer Research Award. J.-P.L.-G. is supported by a FRQS postdoctoral fellowship. M.C. is supported by UQAM postdoctoral fellowship. The authors apologise for not citing all relevant articles due to reference limitations of the Journal Club format. The authors are also very grateful to Dr Gilles Gouspillou for his insightful comments and suggestions.",2021,2021-08-02,article,en,https://openalex.org/W3187972489,False,0,transcriptomics_plus_downstream,True,True,True,True
doi:10.1146/annurev-statistics-040622-031653,doi:10.1146/annurev-statistics-040622-031653,pubmed,openalex;pubmed,41001172,10.1146/annurev-statistics-040622-031653,41001172,PMC12459592,"Causal Mediation Analysis for Integrating Exposure, Genomic, and Phenotype Data.","Causal mediation analysis provides an attractive framework for integrating diverse types of exposure, genomic, and phenotype data. Recently, this field has seen a surge of interest, largely driven by the increasing need for causal mediation analyses in health and social sciences. This article aims to provide a review of recent developments in mediation analysis, encompassing mediation analysis of a single mediator and a large number of mediators, as well as mediation analysis with multiple exposures and mediators. Our review focuses on the recent advancements in statistical inference for causal mediation analysis, especially in the context of high-dimensional mediation analysis. We delve into the complexities of testing mediation effects, especially addressing the challenge of testing a large number of composite null hypotheses. Through extensive simulation studies, we compare the existing methods across a range of scenarios. We also include an analysis of data from the Normative Aging Study, which examines DNA methylation CpG sites as potential mediators of the effect of smoking status on lung function. We discuss the pros and cons of these methods and future research directions.",2024,2024-10-30,Journal Article,eng,https://pubmed.ncbi.nlm.nih.gov/41001172/,False,1,,True,True,True,True
doi:10.1158/1538-7445.am2026-3224,doi:10.1158/1538-7445.am2026-3224,semantic_scholar,semantic_scholar,c44dee27f8c01d380e288e3c82cbd57057efb891,10.1158/1538-7445.am2026-3224,,,Abstract 3224: Loss of PIWIL4-piRNA interaction reveals uncertain somatic epigenomic evolution,"Analyzing genomic and epigenomic changes that are either randomly or causally induced enhances precision medicine. Knockout (KO) of the Piwi-interacting RNAs (piRNA)-interacting genes PIWIL4 or L1TD1 in cancer and normal cells may unleash the oncogenic evolution to produce genomic alterations and subsequent alternations. Our findings show that whereas the binding motifs of important epigenetic markers (CTCF, acetylated histone H3 at lysine 27, and trimethylated histone H3 at lysine 9) were maintained in KOs, their global binding sites were markedly changed. Changes in transposable element abundance, chromatin conformation, transcript variations, and gene expression profiles were all found at the same time. Additionally, we discovered new oncogenic insertions and deletions (indels) in the coding sequences of the KOs, indicating separate gene evolution. Our findings also show an unanticipated epigenomic evolution through altered chromatin locations and evolutionary rates. Significantly, we discovered similar patterns of altered transcript variants, increased indels, and transposable element shifts in a number of models, including models of myeloproliferative neoplasm (MPN) expressed by JAK2V617, aged mesenchymal stem cells, SARS-CoV-2 replicon-expressed cells, and a fetal alcohol syndrome rat model. Genetic reversion was unable to restore these modified transcript variants or transposable element abundances, according to a convincing finding from an MPN model. These results offer strong support for piRNAs' role in somatic genome protection and a potential uncertainty law in epigenomic evolution. (Supported by NSTC 114-2320-B-194 -001, Taiwan) Yu-Wei Leu, Shu-Huei Hsiao. Loss of PIWIL4-piRNA interaction reveals uncertain somatic epigenomic evolution [abstract]. In: Proceedings of the American Association for Cancer Research Annual Meeting 2026; Part 1 (Regular Abstracts); 2026 Apr 17-22; San Diego, CA. Philadelphia (PA): AACR; Cancer Res 2026;86(7 Suppl):Abstract nr 3224.",2026,2026-04-03,JournalArticle,,https://www.semanticscholar.org/paper/c44dee27f8c01d380e288e3c82cbd57057efb891,False,0,,True,False,True,False
doi:10.1161/circ.152.suppl_3.4363130,doi:10.1161/circ.152.suppl_3.4363130,semantic_scholar,semantic_scholar,12da4a53749002a5f6dace44d9a6b731e68fac5a,10.1161/circ.152.suppl_3.4363130,,,Abstract 4363130: Multi-Omic Analyses Identifies Novel Candidate Molecular Drivers of Coronary Artery Calcification,"Background: Coronary artery calcification (CAC) is a strong independent predictor of CAD, yet the underlying molecular mechanisms remain incompletely understood. We aimed to identify novel molecular mediators of CAC using a multi-omics approach, with a focus on those proteins likely to have a direct effect on the vasculature. Methods: We conducted a proteome-wide association study in a pooled cohort of CARDIA, MESA, and FHS participants with Olink plasma proteomic profiling and CT-based CAC scoring (n = 6468). We identified proteins independently associated with CAC after adjusting for established CAC risk factors (age, sex, BMI, hypertension, diabetes mellitus, chronic kidney disease, statin use, ethnicity, and smoking status). These proteins were further evaluated for their ability to predict myocardial infarction in an expanded cohort of MESA, FHS, and UK Biobank participants (n=57,198). To prioritize proteins involved in vascular smooth muscle cell (VSMC)-mediated calcification, we identified proteins with differential gene expression in human VSMCs cultured in osteogenic media versus normal media. Causal effects of these proteins were evaluated using Two-sample Mendelian randomization (using inverse variance weighting (IVW), Egger and maximum likelihood) with plasma proteomics GWAS summary statistics as exposures and the largest existing CAC GWAS meta-analysis summary statistics as the outcome. Results: Of 2,805 proteins measured, 365 were independently associated with CAC scores (FDR p<0.05), and enriched in pathways related to inflammatory response, immune cell signaling, ECM organization, and key vascular cell signaling pathways (Fig. 1). Among these, 216 proteins also independently predicted myocardial infarction. Transcriptomic analysis in human VSMCs identified 43 genes upregulated under osteogenic conditions, of which 8 demonstrated evidence of causal effects on CAC via Mendelian Randomization. These proteins are implicated in pathways related to immune cell signaling, bone signaling, and metabolic regulation. Conclusion: Using a multi-omics strategy integrating proteomic, transcriptomic, and genomic data, we identified several novel candidate molecular drivers of CAC with supporting evidence for their roles in myocardial infarction and VSMC osteogenic phenotypic modulation. These findings provide promising avenues for future mechanistic studies in vascular calcification.",2025,2025-11-04,JournalArticle,,https://www.semanticscholar.org/paper/12da4a53749002a5f6dace44d9a6b731e68fac5a,False,0,,True,False,True,False
doi:10.1177/10998004251345491,doi:10.1177/10998004251345491,pubmed,europepmc;pubmed;scopus,40464781,10.1177/10998004251345491,40464781,PMC12605910,Pain Resilience and Chronic Low Back Pain Outcomes: The Mediating Role of Pace of Biological Aging.,"In this study, we aimed to investigate if the pace of biological aging serves as a critical mediator in the relationship between chronic pain resilience and chronic low back pain intensity and disability. Two hundred seven community-dwelling non-Hispanic Black (NHB) and non-Hispanic White (NHW) adults completed the Pain Resilience Scale (PRS) and Graded Chronic Pain Scale (GCPS). Blood genomic DNA was sequenced using Illumina's MethylationEPIC, and the pace of biological aging estimated using the DunedinPACE (the Dunedin Pace of Aging Calculated from the Epigenome) algorithm. In bivariate correlations, DunedinPACE significantly correlated with pain intensity (r = 0.40), and disability (r = 0.39), at p < .05. Pain resilience negatively correlated with pain intensity (rs = -0.22), pain disability (rs = -0.30), and DunedinPACE (r = -0.11). After controlling for chronological age, sex, race, and BMI, mediation analyses revealed a significant indirect association of pain resilience on pain intensity through the pace of biological aging (β = -0.66 (SE); Boot 95% CI [-1.06, -0.25]). Similarly, DunedinPACE partially mediated the relationship between resilience and pain disability (β = -0.82; 95% CI, [-1.20 to -0.44]). We found that higher levels of resilience correlate with a slower pace of biological aging, which in turn correlates with better pain outcomes. The pace of biological aging emerged as an important potential target for future interventions studies for pain management.",2025,2025-06-04,Journal Article,eng,https://pubmed.ncbi.nlm.nih.gov/40464781/,False,2,,True,True,True,True
doi:10.1182/blood-2024-211767,doi:10.1182/blood-2024-211767,semantic_scholar,semantic_scholar,11a53a46e4e9db18164957f387c6662bd6a099db,10.1182/blood-2024-211767,,,Tet2 Deficiency Mitigates Epigenetic Aging in Clonal Hematopoiesis,"Aging is a process of systemic deterioration and the most significant risk factor for cancers. Clonal hematopoiesis (CH) commonly occurs with aging and links to higher mortality, leukemia risk, and cardiovascular diseases. Age-related CH involves the abnormal clonal expansion of hematopoietic stem cells (HSCs) bearing somatic mutations in genes frequently mutated in leukemia, including genes encoding epigenetic regulators, such as the DNA demethylase TET2. While such mutations are known to alter the HSC epigenome, the mechanisms through which these mutations drive HSC self-renewal, myeloid transformation, and inflammatory response remain elusive. In this study, we hypothesize that aging and CH mutations cooperatively reshape the HSC transcriptomic landscape and enhancing HSC competitive advantage that facilitates clonal expansion. Recently, aging has been closely associated with Tet2 mutation impact. Using single-cell multi-omic analyses and flow-cytometric phenotyping, we demonstrated, for the first time, that HSC aging processes at transcriptomic, epigenomic, and cellular levels are mitigated by Tet2 deficiency in mice, in an age-dependent manner. at ages greater than or equal to 16 months, but not at a young age, based on gene expression and chromatin accessibility at a single-cell resolution. This age mitigation was further validated by differential analysis of gene expression, open chromatin accessibility and DNA methylation that are elevated with aging but lowered with Tet2 deficiency in HSCs from old mice. Moreover, we found that Tet2 deficiency , a cellular hallmark of HSC aging, in an age-dependent manner. We observed increased gene expression with aging, such as for Eya4 and Lars2, which are downregulated by Tet2∆/∆ in HSCs from older mice, suggesting that Tet2 deficiency mitigates the process of aging. Also, the increased expression of Cdk6, Msi2, and Sox4 in Tet2∆/∆ HSCs, normally reduced in old HSC, promote the HSC self-renewal as shown in earlier. These gene expression changes were confirmed by single-nuclear open chromatin accessibility analysis, suggesting that Tet2 deficiency mitigates epigenome reprograming during HSC aging, as shown by increased differential single-nuclear chromatin accessibility of their motifs via ChromVar analysis. These TFs' target genes play critical roles in HSC commitment to progenitors, hemostasis, and proliferation. The methylation status of these TF binding motifs is linked to the regulation for the targets' gene expression. In conclusion, our findings reveal that Tet2 deficiency significantly contributes to the mitigation of HSC aging and hijacks the HSC expansion strategy during HSC aging via epigenetic reprogramming, which contributes to age-related clonal hematopoiesis. By elucidating the transcriptomic and epigenomic alterations in Tet2-deficient HSCs, our study provides novel insights into how age and somatic mutations interact to promote the pathogenesis of age-related hematological diseases. These discoveries not only enhance our understanding of HSC aging mechanisms but also offer potential biomarkers for early detection and targets for therapeutic intervention in age-associated clonal disorders.",2024,2024-11-05,JournalArticle,,https://www.semanticscholar.org/paper/11a53a46e4e9db18164957f387c6662bd6a099db,False,0,,True,True,True,True
doi:10.1186/s12870-025-07956-y,doi:10.1186/s12870-025-07956-y,pubmed,pubmed,41398227,10.1186/s12870-025-07956-y,41398227,PMC12821181,Spatiotemporal dynamics of age-related genes and the regulatory network of LaAGL2-3 in Larix kaempferi (Lamb.) Carr. based on the latest genome annotation.,"In plants, time information is recorded in strictly ordered sequences of development events, resulting in age-associated physiological and morphological differentiation, including clear spatial gradients from the base to the crown within a single tree. However, the molecular mechanisms driving such ontogeny-related differentiation remain largely unknown. Based on our newly generated Larix kaempferi (Lamb.) Carr. genome annotation, we identified 307 age-related genes, which were grouped into two expression clusters reflecting opposite temporal trends. Spatial expression analysis further revealed 13 differentially expressed genes along the vertical axis of the tree, suggesting their roles in regulating spatially distinct physiological traits. Yeast one-hybrid and dual-luciferase reporter assays demonstrated that LaAGL2-3b directly binds to the promoters of six genes, including LaAGL2-3a, LaAGL2-3b (self-regulation), and L. kaempferi cycloartenol synthase (LkCAS1). Over-expression of LaAGL2-3 in Arabidopsis thaliana (L.) Heynh. significantly accelerated life cycle progression, supporting its functional involvement in aging-related developmental processes. Our results indicate that LaAGL2-3 shows coordinated temporal and spatial expression dynamics with other age-related genes in L. kaempferi. This coordinated pattern offers hypotheses about its potential role within age-associated regulatory processes. The genomic and transcriptomic resources generated here offer a foundation for future functional investigations and for improving our understanding of conifer development and ontogeny.",2025,2025-12-15,Journal Article,eng,https://pubmed.ncbi.nlm.nih.gov/41398227/,False,0,,True,True,False,False
doi:10.1186/s13020-025-01154-6,doi:10.1186/s13020-025-01154-6,europepmc,europepmc;pubmed;scopus;semantic_scholar,MED:40898216,10.1186/s13020-025-01154-6,40898216,PMC12406385,Multi-omics reveals mechanism of Qi-Po-Sheng-Mai granule in reducing atrial fibrillation susceptibility in aged rats.,"Background Atrial Fibrillation (AF) is the most common arrhythmia in clinical practice, and age is an independent risk factor for the development of AF. Qi-Po-Sheng-Mai granule (QPSM) has been used clinically to treat aging-related AF, however, its underlying mechanisms remain incompletely understood. Methods In this study, we established a D-galactose-induced aging rat model to evaluate the effects of QPSM on aging-related AF through electrocardiograms, echocardiography, and histopathological analysis. Further, we employed transcriptomics and metabolomics to uncover molecular mechanisms and targets. Finally, in vivo experiments were conducted to validate the expression of key targets in the D-Gal-induced aging rat model and the intervention effects of QPSM. Results QPSM significantly reduced the susceptibility to AF in aging rats and alleviated atrial dilation and fibrosis. The combined analysis of transcriptomics and metabolomics suggested that QPSM may inhibit the occurrence of aging-related AF by modulating Nampt expression and increasing NAD + content in atrial tissue. Additionally, in vivo experiments confirmed that QPSM increased ATP content, reduced mitoSOX fluorescence intensity, and decreased the proportion of senescent cells. Whole-cell patch clamp results showed that QPSM could prolong the action potential duration of isolated atrial cells, increase I caL . This might be achieved by regulating the expression of Oxi-CaMKII and RyR 2 ser2814 , thereby alleviating calcium overload in atrial cells. Conclusions Our study demonstrates that QPSM may reduce the susceptibility to aging-related AF by regulating Nampt expression and NAD + content, thereby mitigating calcium overload in atrial cells. This provides a direction for future research in related fields.",2025,2025-09-03,research-article; Journal Article,eng,https://europepmc.org/article/MED/40898216,False,3,,True,True,True,True
doi:10.1186/s13287-023-03415-3,doi:10.1186/s13287-023-03415-3,openalex,europepmc;openalex;pubmed;scopus;semantic_scholar,https://openalex.org/W4385494431,10.1186/s13287-023-03415-3,,,Anti-aging mechanism of different age donor-matched adipose-derived stem cells,"Abstract Background Adipose-derived stem cells (ASCs) have anti-aging and anti-obesity effects in aged animals, but the underlying molecular mechanism remains unknown. Methods In the present study, we evaluated the in vivo transplantation effects of different age donor-matched ASCs on natural aging and leptin knockout mice (ob − /ob − mice). The multi-omics expression profiles of young and aged mouse donor-derived ASCs were also analyzed. Results The results revealed that ASCs from young donors induced weight and abdominal fat loss for older recipients but not for young or ob − /ob − mice. The young and aged mouse donor ASCs displayed significant phenotypic differences, contributing to the distinguished weight loss and anti-aging effects in aged mice. Conclusions Our data suggest an underlying molecular mechanism by which young-donor ASCs reduce immune cells and inflammation in aged mice via secreted immune factors. These findings point to a general anti-aging mechanism of stem cells, which may provide new insights into age-related disturbances of stem cell plasticity in healthy aging and age-related diseases.",2023,2023-08-02,article,en,https://openalex.org/W4385494431,False,4,explicit_multiomics,True,True,True,True
doi:10.1200/jco.2026.44.7_suppl.747,doi:10.1200/jco.2026.44.7_suppl.747,semantic_scholar,semantic_scholar,07cd9882d2f7dc590f9573e284d3f618201b113d,10.1200/jco.2026.44.7_suppl.747,,,Nivolumab and ipilimumab maintenance therapy for advanced or metastatic urothelial carcinoma: Final results from SOGUG-VEXILLUM trial.,"747 Background: The pioneering study was designed when platinum-based chemotherapy was the standard of care for advanced urothelial carcinoma and evaluated whether dual ICI (CTL4-PD1) could improve the benefit of maintenance therapy in this setting. Methods: This unique single-arm, multicentre study included patients with unresectable urothelial cancer that did not progress after first-line platinum-based CT (at least 4-6 cycles). The study treatment consisted of four cycles of ipilimumab (ipi) 3 mg/kg and nivo 1 mg/kg every 3 weeks (Q3W), followed by nivolumab (nivo) maintenance therapy (Q4W). The primary endpoint was progression-free survival (PFS) from the start of maintenance therapy in the overall and PD-L1 positive populations. Sample size was estimated using a Simon II stage design for the 4-months PFS rate (H0= 40%; H1= 60%; α = 0.05; β = 90%), requiring 25 patients in the 1st stage and up to 66 in total. Here, we report the final results of the study, which met the criteria to proceed to the second stage but was prematurely closed following the emergence of a new standard of care (enfortumab vedotin + pembrolizumab) in this setting. Results: From Sep 2022 to Apr 2024, 25 patients were included and received nivolumab and ipilimumab maintenance after first-line CT with gemcitabine combined with cisplatin in 14 patients (56%) or carboplatin in 11 (44%). The median age was 64 years (range: 53-79) and most were male (80%). At data cutoff, the median follow-up was 24 months (95% CI: 7-25.3), the 1- and 2-year PFS rates were 36% (95% CI: 21.4-60.7) and 28% (95% CI: 14.9-52.5), respectively, and the median PFS was 5.6 months (95% CI: 3.2-not reached [NR]). The median OS was 27.4 months (95% CI: 10.1-NR), with 64% (95% CI: 47.7-85.9) and 60% (95% CI: 43.6-82.6) patients alive at 1- and 2-years from the start of nivo/ipi, respectively. Five patients (20%) completed the scheduled 2 years of treatment. Nivo and ipi were permanently discontinued due to toxicity in 4 patients (16%). Grade ≥3 toxicities were observed in 10 patients (40%), with the most common being elevated ALT/AST (12%), immune-mediated hepatitis (8%), and diarrhea (8%). Conclusions: Despite the limited sample size, dual ICI maintenance with nivo plus ipi achieved durable disease control, with 60% of patients alive at 2 years, numerically exceeding historical outcomes from PD-1/PD-L1 monotherapy. The signal supports further exploration of dual ICI as a potential maintenance strategy in this disease. Comprehensive spatial transcriptomics and microbiome analyses are ongoing and will be presented. Clinical trial information: NCT05219435 .",2026,2026-03-01,JournalArticle,,https://www.semanticscholar.org/paper/07cd9882d2f7dc590f9573e284d3f618201b113d,False,0,,True,False,True,False
doi:10.1371/journal.pone.0092031,doi:10.1371/journal.pone.0092031,semantic_scholar,semantic_scholar,06907dc3401e25b2f2fea7145db84860f978b875,10.1371/journal.pone.0092031,24643011,3958411,Whole Blood Transcriptomics and Urinary Metabolomics to Define Adaptive Biochemical Pathways of High-Intensity Exercise in 50-60 Year Old Masters Athletes,"Exercise is beneficial for a variety of age-related disorders. However, the molecular mechanisms mediating the beneficial adaptations to exercise in older adults are not well understood. The aim of the current study was to utilize a dual approach to characterize the genetic and metabolic adaptive pathways altered by exercise in veteran athletes and age-matched untrained individuals. Two groups of 50–60 year old males: competitive cyclists (athletes, n = 9; VO2peak 59.1±5.2 ml·kg−1·min−1; peak aerobic power 383±39 W) and untrained, minimally active individuals (controls, n = 8; VO2peak 35.9±9.7 ml·kg−1·min−1; peak aerobic power 230±57 W) were examined. All participants completed an acute bout of submaximal endurance exercise, and blood and urine samples pre- and post-exercise were analyzed for gene expression and metabolic changes utilizing genome-wide DNA microarray analysis and NMR spectroscopy-based metabolomics, respectively. Our results indicate distinct differences in gene and metabolite expression involving energy metabolism, lipids, insulin signaling and cardiovascular function between the two groups. These findings may lead to new insights into beneficial signaling pathways of healthy aging and help identify surrogate markers for monitoring exercise and training load.",2014,2014-03-18,JournalArticle,,https://www.semanticscholar.org/paper/06907dc3401e25b2f2fea7145db84860f978b875,False,0,,True,True,True,True
doi:10.1681/asn.2025sq5x8b0h,doi:10.1681/asn.2025sq5x8b0h,openalex,openalex,https://openalex.org/W4416585147,10.1681/asn.2025sq5x8b0h,,,Persistent Injury-Induced Mitochondrial DNA Variants Compromise Kidney Function by Suppressing Nucleotide Biosynthesis,"Background: Mitochondrial function is emerging as a critical factor for AKI to CKD progression. Mitochondrial fitness is governed by its own genome, mitochondrial DNA (mtDNA), in harmony with nuclear DNA (ncDNA), which encodes thousands of proteins that are imported into mitochondria. Given the similarity of CKD progression to aging, and the implication of mtDNA mutation accumulation in aging, we hypothesize that acquired de novo mtDNA mutation in acute injury might contribute to AKI-CKD transition. Methods: Two distinct AKI to CKD transition models have been established, including ischemia-reperfusion injury (IRI) and folic acid (FA)-induced kidney injury models to study the contribution of mtDNA mutation during this process. Human CKD kidney biopsy was employed in this study to determine mtDNA mutation burden via next-generation sequencing. Functional studies utilized CRISPR knock-in mtDNA mutator cell lines Polg D257A+/− and Polg D257A mutator mice. Multi-omics, including bulk-RNA seq, metabolomics, and single-nucleus RNA-seq (snRNA-seq), were leveraged to uncover underlying mechanisms of mtDNA mutation-induced AKI to CKD transition. Results: Both IRI and FA-induced injury provoke the development of persistent random mtDNA mutations in the mouse kidney. Human kidney biopsy exhibited a proportional relationship between mtDNA mutation burden and physiological impairment. Polg D257A(+/-) cells showed more ATP depletion and fibrotic gene expression after H2O2 stimulation. Polg D257A mice developed more severe kidney injury and subsequently more fibrosis after IRI and FA-induced kidney injury. Mechanistically, multi-omics analyses showed that mtDNA mutations induced a deficiency of purine biosynthesis. Supplementation with adenosine through the adenosine-AMP-ADP-ATP pathway via a nuDNA coded protein adenylate kinase 4(AK4) significantly alleviated mtDNA mutation-induced cell death and kidney injury, subsequently fibrosis development. Conclusion: Transient injury results in persistent mtDNA mutation, which compromises kidney function to future insults, resulting in a destructive feed-forward loop. Purine metabolism buffers the deleterious effects of mtDNA mutation. The nuclear-encoded mitochondrial protein AK4 may serve as a nuclear genetic control of mitochondrial genome mutation. Funding: NIDDK Support",2025,2025-10-01,article,en,https://openalex.org/W4416585147,False,0,explicit_multiomics;transcriptomics_plus_downstream,True,True,False,False
doi:10.2106/jbjs.23.01003,doi:10.2106/jbjs.23.01003,openalex,openalex,https://openalex.org/W4389400689,10.2106/jbjs.23.01003,,,What’s New in Musculoskeletal Basic Science,"Musculoskeletal basic science research expands our knowledge on human health and disease and drives innovation and progress in clinical practice by enabling new means to effectively predict, prevent, diagnose, and treat orthopaedic conditions. The past year has been rich in exciting musculoskeletal discoveries, including in adult mammalian regeneration, diet-related infection susceptibility, and identifying new bone remodeling regulators with high therapeutic translation potential. In complex mechanistic studies, new epigenetic functions of vitamins C and D were established and our knowledge was enhanced by delineating factors and conditions predisposing to bone loss and fracture risk. Finally, new insight into cellular and/or molecular pathways was revealed for skeletal stem cell renewal and differentiation pertinent to bone healing, muscle regeneration, skeletal development, and growth. The vast number of excellent studies published last year demanded extremely rigorous review to select only groundbreaking articles. Although the selection was inherently subjective, it prioritized publications reporting novel studies that were highly relevant to orthopaedics. The main criteria were scientific quality, merit, and innovative methodology, with no preference regarding the specific musculoskeletal domains. All 20 musculoskeletal basic science articles that were selected for featuring in this Guest Editorial have been published in prestigious, high-impact-factor, multidisciplinary journals. The ample presence of musculoskeletal topics in these journals reflects the high quality and importance of current orthopaedic research in modern science. Adult Mammalian Regeneration Scarless restoration of injured adult skin is hampered by a limited understanding of mechanisms governing skin regeneration. Sinha et al.1 reported that full-thickness injuries (excision or burn) to reindeer (Rangifer tarandus) antler skin (velvet) regenerated with the restoration of hair follicles, pigmentation, and glands, indistinguishable from uninjured velvet. The same injuries to the back skin healed with hypertrophic fibrosis, contracture, and near-absent appendages, reminiscent of human scars. The transplantation of injured velvet fibroblasts to injured back skin yielded skin regeneration nearly equivalent to native velvet, indicating an intrinsic regeneration capacity of velvet cells. Uninjured velvet fibroblasts revealed an expression of regenerative genes (CRABP1, MDK, RUNX1, PRSS35, PTN), resembling human fetal fibroblasts, whereas back skin fibroblasts expressed inflammatory mediators (CXCL1, CXCL3, CCL2) mimicking profibrotic adult human fibroblasts. Although velvet fibroblasts activated genes implicated in cell plasticity, back skin cells stimulated proinflammatory networks (nuclear factor kappa B [NF-κB]1/2). The study indicated that decoupling fibroblast-immune system interactions may be a novel approach to mitigate skin scarring. Deer antlers undergo a remarkable cycle of shedding and regrowing, becoming larger and more complex every year. Qin et al.2 identified and characterized PRRX1+ mesenchymal stem cells (PMSCs) in a male sika deer (Cervus nippon) essential for antler regeneration. PMSCs were abundantly present in periosteal pedicles and comprised heterogeneous SFRP2+, PMF1+, and CXCL14+ subpopulations before antler casting and additional TNN+ cells 5 days after casting. The transplantation of TNN+ PMSCs to the skulls of nude mice generated antler-like structure containing cartilage and bone. TNN+ PMSCs were transcriptomically linked to the PMF1+ resting periosteal stem cells activated via the Wnt and TGF-β pathways. Species comparisons revealed TNN+ PMSC presence in the regenerable mouse fingertip, axolotl limb blastema, and murine growth plate. The study provides a spatiotemporal cellular atlas of deer antler regeneration with potential applicability to mammalian bone growth or repair. Fasting-Refeeding and Infection Susceptibility Caloric excess reduces lifespan and increases disease risk by impairing immunity and metabolism, whereas caloric restriction appears salutogenic. Janssen et al.3 researched the effects of fasting and refeeding on murine monocytes. Four-hour active fasting decreased Ly-6Chi monocytes circulating in blood, due to their migration to bone marrow, and was orchestrated by the hypothalamic-pituitary-adrenal axis, which stimulated corticosterone release, and by monocyte CXCR4 expression. Interestingly, refeeding prompted a vigorous surge of monocytes from the marrow into the bloodstream, causing monocytosis. Refeeding-generated circulating monocytes were chronologically older and transcriptionally distinct (ApoE, Chi3l3, Lpl), thereby altering immunity, increasing inflammation, and reducing the response to bacterial infection. The study demonstrated that temporal patterns of food intake modulate monocyte availability, lifespan, and function, which may be relevant for osteoclastogenesis. New Regulators of Bone Remodeling Pyroptosis, a form of lytic cell death, is due to the activation of caspase-1 in humans (caspase-11 in mice), which, at p30NT, cleaves Gasdermin D (GSDMD), a pore-forming molecule, thus causing cell rupture. Li et al.4 identified a new noninflammatory function of GSDMD in regulating osteoclasts. In the late stage of receptor activator of NF-κB ligand (RANKL)-induced osteoclastogenesis, GSDMD cleaved with RIPK1 and caspase-8/3 yielded protein p20. In osteoclasts, GSDMD-p20 localized to an early endosome and, via binding to phosphatidylinositol 3-phosphate, restricted lysosomal maturation essential for osteoclasts to resorb bone. A similar role of GSDMD was apparent in aged or ovariectomy bone phenotypes. Gsdmd-deficient mice (Gsdmd−/− or Gsdmdfl/flLyz-Cre+) demonstrated osteoclasts with excessive lysosomal activity and large ruffled borders, causing bone erosions. Myeloid-specific Gsdmd deletion yielded an osteoporotic phenotype and high serum CTX-I levels, but unaffected osteoblastic bone formation. Lentiviral delivery of p20 rescued the Gsdmd−/− phenotype. The study identified GSDMD as a potent osteoclast activity regulator with potential therapeutic targeting. Osteoclasts are formed by the successive fusions of mononucleated monocytes and/or macrophages. Whitlock et al.5 revealed a new function of the La protein, which, apart from its known role as the nuclear RNA chaperone, regulated human and murine osteoclastogenesis. La was present in primary human monocytes, nearly disappeared in macrophage colony-stimulating factor (M-CSF)-treated precursors, and abundantly reappeared 3 days after RANKL stimulation. During robust fusion, La appeared on the osteoclast surface, and as fusion plateaued, it reappeared as phosphorylated, full-length La in the mature osteoclast nuclei; this transition acted as an off-switch for fusion. The La fusion activity involved direct interactions with Annexin A5, which anchored La to transiently exposed phosphatidylserine at the fusing osteoclast surfaces. Targeting surface La in explants from a fibrous dysplasia model (GαsR201C) revealed the characteristic excessive osteoclastogenesis. These findings indicate that La is a potent osteoclast fusion regulator with a potential for therapeutic targeting. Parathyroid hormone (PTH) is an essential calcium regulator secreted from parathyroid glands. PTH receptors were identified in the central neural system, suggesting a PTH role in neuronal signaling. Zhang et al.6 identified the subfornical organ, located near the third ventricle of the central neural system, which, in addition to body fluid homeostasis, also regulates serum PTH levels. Using retrograde tracing, the neuronal connection between the parathyroid glands and the central neural system nuclei was identified. The PTH entered and bound directly within the central neural system and activated neurons in the periventricular areas. Subfornical organ neurons expressed PTH-1 and PTH-2 receptors, with respective GABAergic and glutamatergic activity. Activation of the glutamatergic nerves led to elevated serum PTH and bone mass, whereas stimulation of GABAergic neurons exhibited the opposite effects. The periventricular neurons and peripheral sympathetic system were downstream of the subfornical organ in this feedback loop. This study revealed the central neural system regulation of serum PTH at the cellular and circuit levels and elucidates the uncontrollable serum PTH in late-stage hyperparathyroidism and its related neuropsychiatric symptoms. Energy metabolism during physical exercise infers the existence of communication between tissues and organs. Dong et al.7 assessed whether signals to initiate and sustain energy demands during physical exercise originate from bone. They previously showed that interleukin-11 (IL-11) is expressed in bone and is upregulated upon loading and, more recently, that IL-11 coupled physical exercise-induced bone remodeling with adipose metabolism. The deletion of the Il11 gene (Il11−/−) led to bone loss due to inhibition of Wnt signaling, causing reduced bone formation and unchanged bone resorption. IL-11-receptor-α (IL-11Rα) knock-out mice (Il11rα−/−) demonstrated that IL-11, via IL-11Rα, enhanced STAT1/3 phosphorylation, which downregulated Sost, with no effect on Rankl or Opg. Unloading (tail suspension) caused bone mineral density loss in both Il11−/− and wild-type (WT) mice, whereas the return to loading restored bone mineral density, but only in WT mice. The bone changes in Il11−/− mice were concurrent with marrow adiposity, increased systemic white adipose (visceral and subcutaneous), and high leptin and low adiponectin, leading to insulin resistance and glucose intolerance. Il11 deletion in osteoblasts (Ocn-Cre;Il11fl/fl) recapitulated bone loss and increased adiposity, whereas adiponectin-driven Cre in Il11−/− mice (Apn-Cre;Il11fl/fl) had no such effects, indicating that osteoblasts and/or osteocytes are the major source of IL-11, whereas adipocytes respond to it via IL-11Rα. The study delineates the physiological role of osteoblast and/or osteocyte-derived IL-11 in bone remodeling and response to loading with the involvement of body adipose and offers new insight into pathomechanisms of bone deterioration in dyslipidemia. Conditions Involving Bone Loss and Fracture Risk Long-term data on bone health in childhood cancer survivors, to guide osteoprotective measures, have been lacking. Van Atteveld et al.8 performed a cross-sectional study using the Dutch Childhood Cancer Survivor Study (DCCSS) LATER, which included patients with a malignancy before 19 years of age and surviving ≥5 years. Of 1,548 participants assessed with dual x-ray absorptiometry, 36.1% had low bone mineral density (Z-score ≤ −1) and 9.6% had very low bone mineral density (Z-score ≤ −2). The standardized incidence ratio of any first fracture was 3.53 (95% confidence interval [CI], 3.06 to 4.06) for male patients and 5.35 (95% CI, 4.46 to 6.52) for female patients, and vertebral fractures occurred in 13.3% participants. Male sex, underweight, treatment with platinum compounds, radiation therapy, hypogonadism, hyperthyroidism, low physical activity, smoking, and vitamin D deficiency were associated with low or very low bone mineral density. The study demonstrated that childhood cancer survivors are vulnerable to bone loss and fracture risk and may require surveillance and prophylaxis. Physical activity can retard bone loss, although its greatest anabolic bone effects occur before menopause, indicating that a woman’s hormonal status controls these benefits. Greendale et al.9 assessed the effects of exercise on bone during the menopause transition. Data from the Study of Women’s Health Across the Nation (SWAN), which comprises a longitudinal, repeated-measure, long-term cohort of U.S. women, were analyzed for the menopause transition, bone mineral density, and leisure time physical activity. In the study by Greendale et al., 875 women experiencing natural menopause were analyzed. The menopause transition was separated into premenopause-early perimenopause (Period 1) and late perimenopause-postmenopause (Period 2). Hip or spine bone mineral density was measured at least once for each period, and leisure time physical activities were assessed using a validated Kaiser Physical Activity Survey (KPAS) at baseline and 7 visits. The study demonstrated that greater leisure time physical activity (walking, calisthenics, swimming, bicycling, yoga) during the menopause transition directly related to better hip and spine bone mineral densities. Even modest leisure time physical activity was beneficial for reducing bone mineral density loss. The theoretical leisure time physical activity advantage calculated to slow bone mineral density loss would relate to a 7.8% relative lower fracture risk. The study is a unique attempt to assess physical activity metrics and to relate them to bone health for women in perimenopause. Patients with inflammatory bowel diseases, mainly ulcerative colitis and Crohn’s disease, exhibit bone loss and fracture risk due to immunosuppressive treatment, malabsorption, and systemic inflammation. Using established ulcerative colitis and Crohn’s disease mouse models, Guo et al.10 investigated bone-marrow-derived stem cells (BMSCs) and tested the delivery of Wnt agonist 1 to BMSCs via Golgi glycoprotein 1 exosome-nanoparticles (GLG1-NPs), to mitigate inflammatory bowel disease-induced bone loss. Both ulcerative colitis and Crohn’s disease models demonstrated a considerably compromised bone phenotype, upregulation of inflammatory cytokines, and suppression of the osteogenic Wnt/β-catenin pathway. Human BMSCs cultured in serum from patients with ulcerative colitis revealed markedly decreased osteoblastic gene expression (OCN, OSX, RUNX2) and upregulation of adipogenic genes (FABP4, PPARG). The delivery of GLG1-NPs with the Wnt agonist rescued the bone phenotype in mice with ulcerative colitis and augmented the healing of a femoral osteotomy. The study highlighted the critical role of the inflammatory microenvironment in inflammatory bowel disease-related bone loss and proposed GLGF1-NPs as an anabolic therapy. Chronic glucocorticoids lead to osteoporosis, fracture risk, and marrow adiposity. Liu et al.11 mechanistically studied bone marrow adipocytes (BMAs) in adult mice treated with methylprednisolone. They developed a p16tdTom senescence reporter mouse and demonstrated that methylprednisolone rapidly initiated cellular senescence in lineage-committed BMAs, which acquired the senescence-associated secretory phenotype (SASP). Senescent cells accumulated in a time-dependent methylprednisolone exposure: early ( 4 weeks), also involving other senescent cells (endothelium, osteoblasts, and stem cells). BMA-initiated senescence permeated to other cell types via SASP. Methylprednisolone increased the synthesis of oxylipins (15d-PGJ2), which stimulated senescence and further promoted oxylipins in BMAs, a positive feedback loop. The transplantation of senescent BMAs to healthy mice triggered the of senescence to bone and marrow and bone loss, whereas using the rescued the bone phenotype in mice. The study the effects on bone and potential therapeutic Hip fractures and clinical as risk et on a study and a study to the of the risk of hip Data from 5 hip were to a study of revealed 5 associated with the risk of hip The mineral on was linked to disease and risk, whereas the other on on on and on were associated with decreased bone mineral density. showed a role of low bone mineral density ratio CI, to and identified only disease CI, to and CI, to as a with hip The study comprised the of the of the risk of hip fracture to Bone Chronic is associated with growth osteoporosis, and fracture risk. et analyzed the effect of on bone healing and in mice. In patients with and low were associated with an increased expression of in fracture and bone In mice model of the healing of a femoral was and exhibited a in in cells mice effects on bone healing and growth whereas fracture in mice revealed decreased hypertrophic and increased osteoclasts. to fracture reduced in and bone healing in mice. of the receptor in of mice effects on bone The study that and to mitigate the effects of on bone a unique to in bone. et developed a and demonstrated the presence of in mouse and human and established their unique role in bone and regeneration. in bone during caused by radiation or by the transplantation of marrow cells. This of was with which on growth factor receptor The and in and secreted from cells triggered of mature which to bone and regeneration. In aged the of and cells in response to was These data as a potential therapeutic to bone Although male and female have known effects on the mechanisms their in bone healing are et mechanistically hormone effects on fracture healing in adult male mice, female mice, and mice. after the male mice exhibited the and whereas the mice exhibited the and The of mice with mice revealed no in skeletal stem cells and bone and were reduced in the and the osteogenic differentiation of and was in male and were in their female of mice with increased skeletal bone mass, rescued fracture increased the activity of and restored the expression of osteogenic genes with an The same delivery to male mice had no effect on fracture were for in and in of human male and female from the femoral or fracture The study of human and murine to and for women during bone New of as and the to vitamin C due to in the gene and on vitamin Although vitamin C an established role in research has that vitamin C may an additional osteogenic In a mechanistic et demonstrated that vitamin C exhibited robust epigenetic functions to by a transcriptionally for the expression of major bone knock-out mice on vitamin were to mature with vitamin C in food and vitamin C was mice exhibited a compromised bone phenotype with vitamin or WT mice. The and as as the activation on revealed apparent changes in the and the mouse exhibited the indicating that was vitamin and with of genes C stimulated the activity of and 3 The epigenetic of and Bone cells during of osteogenic differentiation vitamin whereas vitamin C appeared for The study revealed vitamin C to osteogenic differentiation before it effects on and/or vitamin D deficiency increases the of insulin and vitamin D et demonstrated that the transplantation of fetal stem cells from vitamin mouse to vitamin mice and identified an epigenetic that mice were with a vitamin or vitamin food for before mice, as of vitamin demonstrated a of cell similar to vitamin with more long-term and and with vitamin mice. vitamin D deficiency and activated the in the which in the bone marrow, causing adipose macrophage The adipose secreted which in adipose insulin of vitamin had glucose and insulin with vitamin the clinical of the study involving healthy women and their showed that of were vitamin ≤ 20 and vitamin D levels directly with monocytes from vitamin human exhibited expression changes and causing adipose insulin These findings established that vitamin D is directly involved in epigenetic cell and vitamin D deficiency a to insulin resistance and later in and Regeneration muscle and these signals to the to and et studied the role of protein in muscle and and The mice with reporter to cells with an active These mice formed the and for indicated that was highly expressed in muscle mice at demonstrated a role of in muscle in adult mice caused the loss of and compromised indicating that is for muscle In aged mice, muscle and function were and be by expression. The study a new function of in muscle formation and in adult and aged thereby the of with thereby muscle growth and remodeling in response to exercise or exhibit their et reported that cells in adipose and, as adipose cells were rapidly in response to a muscle a muscle expressed and exhibited the of suggesting their factors after a murine muscle or human exercise triggered from and to the muscle after the and this involved thus to the Both and inhibition effectively reduced in the whereas the delivery of rescued the of or led to muscle regeneration, indicating that is an essential source of in the the Bone stem which, in select thus potential et between periosteal stem cells which to and stem cells which to The developed mice with deletion of in which Cre is expressed in an for was characteristic for stem whereas was expressed in Interestingly, mice and revealed that expression and levels decreased in but in growth indicating that are by The of caused in and due to a These findings demonstrated that periosteal and growth cells in an during bone and growth. and to The of the be from to in The on be on to in The and in and Regeneration be from to in The for be from to in The Regeneration to to be from to in The of the be from to in The for Bone and be from to in",2023,2023-10-23,article,en,https://openalex.org/W4389400689,False,0,epigenomics_plus_downstream;genomics_plus_other,False,True,False,False
doi:10.2147/nss.s527778,doi:10.2147/nss.s527778,openalex,europepmc;openalex;pubmed;scopus,https://openalex.org/W4413956437,10.2147/nss.s527778,,,"The Role of Plasma Metabolites in Mediating the Effect of Gut Microbiota on Obstructive Sleep Apnea: A Two-Step, Two-Sample Mendelian Randomization Study","Background: Recent research has increasingly underscored a significant correlation between gut microbiota and obstructive sleep apnea (OSA). Probiotics have emerged as promising adjunctive interventions for OSA. Metabolites and their related biochemical pathways have emerged as important contributors to the development of OSA. This study aimed to estimate the causal association between gut microbiota and OSA and to quantify the mediating effects of metabolites. Methods: We employed two-step, two-sample Mendelian randomization techniques, utilizing single nucleotide polymorphisms as genetic instruments for exposures and mediators. Summary statistics were obtained from genome-wide association studies of gut microbiota (the Dutch Microbiome Project, n=7,738), plasma metabolites (the Canadian Longitudinal Study on Aging cohort, n=8,299), and OSA (FinnGen database, n=410,385). To ensure the robustness of our findings, sensitivity analyses and heterogeneity tests were systematically conducted. Results: In the Dutch Microbiome Project, species Parabacteroides merdae, genus Faecalibacterium, species Faecalibacterium prausnitzii and species Bifidobacterium longum demonstrated a potential protective association with OSA. We included the top 10 metabolites with potential biological significance as candidate mediators. Among them, only 2-hydroxypalmitate was associated with a reduced risk of OSA. 2-hydroxypalmitate partially mediated the association between species Parabacteroides merdae and OSA, with a mediation proportion of 20.53%. Conclusion: The study highlighted the protective effect of species Parabacteroides merdae against OSA. It also revealed the mediating role of 2-hydroxypalmitate in the relationship between species Parabacteroides merdae and OSA.",2025,2025-09-01,article,en,https://openalex.org/W4413956437,False,3,genomics_plus_other;metabolomics_plus_microbiomics,True,True,True,True
doi:10.31219/osf.io/em7xp,doi:10.31219/osf.io/em7xp,openalex,openalex,https://openalex.org/W4245012710,10.31219/osf.io/em7xp,,,Next-generation sequencing is now utilized to identify genetic abnormalities and develop gene therapy,"The genomic size, complexity, heritability, and diversity of human primary genetic compartments vary. Although the nuclear genome's huge size ensures that hundreds of reported monogenic diseases appear in a range of conditions, germline abnormalities in the mitochondrial and nuclear genomes often generate developmental issues. Accumulation of somatic mutations in the nuclear genome causes cancer, and somatic mutations in mitochondria may contribute to aging. More broadly, the microbial metagenome develops largely after birth, and is marked throughout their lifetimes by much more diversity and diversity among individuals. Mitochondrial sequencing, clinical exome and full-genome sequencing, and 16S and unbiased microbiological sequencing have all become more widely available because of developments in DNA sequencing next-generation.These technologies discover genetic defects that can be addressed with gene therapy. Modern aided techniques of reproduction, such as mitochondrial replacement therapy and preimplantation diagnosis, may address complete genomic compartments in bulk, such as mitochondrial and nuclear genomes. Additive somatic cell gene therapies started with the invention of viral vectors to infect human somatic cells that could be cultured ex vivo, such as T cells, and rapidly advanced to in vivo applications employing viral pseudotypes with specific tissue tropisms. CRISPR/Cas9 and other targeted gene editing approaches that fix the specific causative mutation or gene at its endogenous locus have recently expanded the possibility for more refined ex vivo and in vivo gene therapies.DNA sequencing costs have decreased during the past two decades, hurrying to identify genetic diseases. Targeted gene editing progress has now enabled the synthesis and testing of specific therapeutic reagents to address direct and accessible genetic abnormalities, repeating these diagnostic accomplishments. Generalized methods for delivering customizable gene editing reagents to the cell type and genomic compartment of interest in the specific genetic disease of a patient are one of the major outstanding challenges to wide-spread gene therapy. Aside from direct genetic disease repair, recent methods for rapidly identifying synthetic genetic circuits capable of improving cellular function in diseases such as cancer and autoimmune hold the promise of future gene therapy in modified somatic cells.Genetic diseases are becoming more readily diagnosed in all human genetic compartments, and the next generation of gene therapy platforms targeting each compartment are preparing to give flexible, tailored curative medicines. The Mitochondrial genome, nuclear genome, and microbial metagenome are the three genetic compartments present in humans. Gene therapies for each of these compartments come into three categories: whole genome replacement or selection, non-focused insertion of new genetic information to compensate for genetic errors, and direct gene editing to correct causative genetic disorders. The mitochondrial and nuclear genomes are determined at conception, save for somatic mutations and the adaptive immune receptor repertoire, and remain stable throughout life.",2021,2021-06-11,preprint,en,https://openalex.org/W4245012710,True,0,genomics_plus_other,True,True,False,False
doi:10.3389/fgene.2024.1421955,doi:10.3389/fgene.2024.1421955,openalex,openalex,https://openalex.org/W4401748201,10.3389/fgene.2024.1421955,,,Data report on gene expression after hepatic portal vein ligation (PVL) in rats,"Due to the increasing life expectancy and life style, the incidence of primary liver cancer is steadily rising. Worldwide, it is the fourth leading reason of cancer-associated death [29,33]. The etiology of liver cancer is highly diverse including besides others viral, toxic, nutritional, etc. risk factors that render treatment options as complex as different pathogenic pathways are involved [22,13,12]. Besides novel pharmacological and cell therapy approaches, surgical interventions are the only potentially curative strategies [3]. Among these, hepatic resection intends to remove the solid tumor taking into account tumor location and size as well as vascular supply of the parts of the liver to be removed and of the remaining liver. Since the lobar organisation of the liver is mirrored by separate venous blood drainage of the lobes, liver resection in general means removal of the tumor bearing lobe(s). The loss of even more than 60 % of the liver mass may be tolerated given that the future liver remnant provides sufficient post-surgery regenerative and metabolic function. To enhance the function of the future liver remnant, the technique of portal vein embolisation is used clinically. This procedure aims at increasing the future liver volume anticipating that volume equals function, i.e., volume growth of the non-ligated lobe(s) compensates for the surgical liver mass loss. However, volume does not necessarily reflect function. Therefore, in order to assess post-surgery hepatic metabolic and regenerative capacities, it is necessary to characterise changes in gene expression in the atrophic and hypertrophic lobes, respectively, and to correlate these changes with the prospective functional efficiency of the liver remnant after resection of the tumor bearing ligated liver lobe(s).Experimentally, portal vein ligation is comparable with portal vein embolisation applied in clinical settings. For the data collection presented here, we applied a model of 60% portal vein ligation in the rat, i.e., the left median and the lateral left lobes as well as the right superior and inferior lobes were deprived by ligation of the portal vein, while the right median and the left superior and inferior lobes remained unaffected (see Fig. 1), accordingly modified as described [31,25].Although non-coding RNAs (ncRNAs) such as microRNA (miRNA) or long ncRNA (lncRNA) have been shown to be deeply involved in the pathophysiology of almost all acute and chronic liver diseases, many of the especially liver-specific ncRNAs, have been not even annotated yet [24]. Our group developed new transcriptome assembly pipelines by combining existing tools to identify the different isoforms of mRNAs and lncRNAs [16,11].Non-coding RNAs in human genome. From the pilot project of ENCODE we know that less than 3 % of the human genome code for proteins [10,9]. The remaining genome is divided into 45 % repetitive elements (SINEs, LINEs, transposons), 26 % introns and other unique non-coding DNA [15]. The question of their meaning has raised and is only being answered slowly. By now, we know that at least 80% of the human genome has a function [9]. Some ncRNAs are known to be located within introns, in 5' and 3' untranslated regions (UTRs), antisense to protein-coding sequences or just close to them. However, the in silico identification of the ncRNAs is still a huge challenge. Due to their diverse and fast evolving sequence they are identified most efficiently by a combined in silico/ex vivo approach, that is sequencing the transcriptome and establishing tissue/organ/organism-specific bioinformatical tools. During the last decade, miRNAs, as regulators of various cell processes, received major attention. However, currently there are 3016 ncRNA families described (Rfam v.14.1 [17]), of which 800 are associated to human, covering more than 16.000 genomic regions 1 . Additionally, the existence of long non-coding RNAs (>200 nt) containing introns themselves is estimated in humans by GENCODE v.33 to 17952 loci2 . Our knowledge about lncRNAs is limited and no general computer program for their identification including secondary structure information and protein interactions is developed, yet.Non-coding RNAs in liver. Although only a fraction of liver-specific ncRNAs are known, here we summarize important examples of ncRNA participating in the pathogenesis of different forms of liver disease and how they can be used as therapeutic tools or targets for novel treatment paradigms, following the suggestions of Roy et al. [24], see Tab. 1. A large number of ncRNA genes being involved in metabolic processes, inflammation and immune response are differentially expressed during aging and other biological processess. We therefore expect to see ncRNAs and especially miRNAs to play a role in senescence and inflammation in rat liver when comparing PVL with healthy liver [5].MicroRNAs in liver. MicroRNAs (miRNAs) are a class of small, non-protein coding RNAs that play a crucial role in mediating post-transcriptional gene silencing [6]. These molecules, typically 18 to 25 nucleotides in length, act as regulators of gene expression by binding to the 3' untranslated region of target genes [4]. Interestingly, the intricate machinery governing miRNAs holds significant importance not only in the context of liver diseases [30], but also in processes related to portal vein ligation [27].In the realm of liver biology, miRNAs exert profound effects on various aspects of liver function and pathology. They participate in regulating processes such as hepatocyte proliferation [27], differentiation, apoptosis, and lipid metabolism [1]. Dysregulation of miRNAs has been implicated in the pathogenesis of liver diseases ranging from viral hepatitis [26] to hepatocellular carcinoma [23]. Moreover, the role of miRNAs in portal vein ligation, a surgical procedure often used in experimental models to study liver regeneration, underscores their significance beyond disease states [28]. MiRNAs are intricately involved in the molecular pathways underlying the response to portal vein ligation, influencing the regeneration capacity of the liver and impacting overall hepatic function [8]. Overall, the multifaceted involvement of miRNAs in liver biology and portal vein ligation highlights their versatility and potential as therapeutic targets in the context of liver diseases and surgical interventions.Experiments were conducted from March 1 until April 13, 2022. Male Sprague-Dawley rats (Charles river, 320-440 g) were housed under a 12 h dark/light cycle at ambient temperature with free access to food and water. The experiments were run with four different groups including four animals each for the PVL and the sham operation at two different time points (2 and 5 days) after surgery (16 animals). An additional weight-matched two animals without any treatment were run along as control in order to identify potential surgery-induced differences as compared with the sham-operated animals. The two time points were chosen following the rational that post-surgery regeneration after PVL might follow similar kinetics as regeneration after partial hepatecomy featuring a maximum regenerative response after 2 days and returning to starting conditions again after 5 days [2,14]. The PVL operation was a modified procedure as described previously [32] by ligating in addition to the left median and left lateral portal vein before the bifurcation, the right superior and inferior portal veins before the bifurcation. In sham-treated animals, the abdominal cavity was opened by a midline incision and closed again thereafter. After the sham or the PVL operation, the animals were left under housing conditions. At 2 and 5 days after surgery, respectively, the animals were euthanized under 2,% isoflurane anesthesia and livers explanted. The weight-matched control animals without any treatment were run along. Tissue pieces (ca. 50 mg) from the left (LML, ligated)and the right (RML, non-ligated) median lobes (Fig. 1) were immediately collected in 750 µl QIAzol reagent (Quiagen GmbH, Hilden, Germany) in 2 ml reaction tubes (Biozym Scientific GmbH, Hessisch Oldendorf, Germany) containing 5 PreCelly beads (PEQLAB Biotechnologie GmbH, Erlangen, Germany), snap frozen and stored at -80°C until further analysis. In total, 52 samples from 18 animals were passed to RNA extraction and subsequent sequencing. Left: During PVL surgery two portal vein branches were ligated (blue lines). Samples were taken from the right median lobe (RML, non-ligated during PVL) and the left median lobe (LML, ligated during PVL) for all animals. Right: PVL and sham surgery were performed for eight animals each. Half of the animals were sacrificed after two days (2d), the other half after five days (5d). Control animals were not operated at all. For PVL and sham animals, total RNA libraries were made, for PVL and control animals, small RNA libraries, resulting in 32 and 20 samples for total and small RNA, respectively.Frozen samples were thawed and centrifuged twice for 10 sec at 5.500 rpm in the PRECELLYS ® 24 homogenizer (VWR International GmbH, Darmstadt; Germany), and mixed with 150 µL chloroform for 30 sec using a vortexer. After incubation for 10 min on crashed ice, phases were separated by centrifugation at 4 °C for 15 min and 11.000 rpm in the Fresco 21 centrifuge (Haereus, Hanau, Germany). The aqueous phase was collected, the RNA precipitated with 500 µL isopropanol overnight at -20°C and subsequently centrifuged for 10 min at 4 °C in the benchtop microcentrifuge. The pellet was washed with 500 µL 3 M sodium acetate and the suspension pelleted for 10 min at 4 °C and 11.000 rpm. This step was repeated, the final pellet dissolved in 300 µL RNA grade water at 4 °C for 2 h. Thereafter, the RNA was precipitated with 600 µL ethanol abs. at -80°C for 1 h and pelleted for 10 min at 4 °C and 11.000 rpm. The pellet was washed with 500 µL 80% ethanol and the pellet collected for 10 min at 4 °C and 11.000 rpm. After repetition of this step, the final pellet was collected and shortly air dried. The RNA was dissolved in 75-100 µL of RNA grade water overnight in the fridge. The RNA content and quality were determined using the Amersham NanoVue equipment (GE Healthcare, Freiburg, Germany).Total cellular RNA from the tissues were isolated. cDNA libraries were prepared for all 16 operated animals, utilizing the NEBNext Ultra II Directional RNA library preparation kit including rRNA depletion (rRNA-) according manufactures instructions. The complete experiment was performed in four independent, biological replicates; thus, 32 rRNA-libraries were sequenced on a NovaSeq6000 run yielding 251 bp reads on paired-end mode (further referred to as ""total RNA dataset""). For all animals which underwent a PVL surgery, additional cDNA libraries were prepared utilizing the TruSeq Small RNA library preparation kit according manufactures instructions, to sequence especially small RNAs. Additionally, for the two control animals, cDNA libraries were prepared utilizing the TruSeq Small RNA library preparation kit according manufactures instructions. The resulting 20 libraries were sequenced on a NovaSeq6000 run yielding 51 bp reads on paired-end mode (further referred to as ""small RNA dataset"").The sequencing data was quality controlled using fastQC (v0.11.9) 3 . Adapter sequences and low quality bases were removed by trimmimg with fastp (v0.20.1) [7]. Parameters for total RNA dataset: --detect_adapter_for_pe --length_required 20 --cut_right --cut_mean_quality 28; parameters for small RNA dataset: --adapter_fasta --cut_right --length_required 15 --cut_mean_quality 28; Parameters for adapter file see suppl. data sequencing_adaptors.fasta), then quality was controlled again using fastQC (v0.11.9).Mapping and counting of reads were performed differently for the total and the small RNA dataset. For the total RNA dataset, the reads were mapped with HISAT2 (v2.2.1) [18] using default parameters to the R. Norvegicus reference genome mRatBN7.2 (release 108, retrieved on 11/09/2022 from Ensembl4 ).Data was converted into sorted bam files using samtools (v1.12) [20] and reads per gene were counted using featureCounts (v2.0.1) [21] using the reference annotation mRatBN7.2 (release 108, retrieved on 11/09/2022 from Ensembl 5 ) including multimapping reads (featureCounts -M -p -T 20 -t 'exon'). For the small RNA dataset, the reads were mapped with HISAT2 (v2.2.1) [18] using default parameters to the R. norvegicus reference genome mRatBN7.2 (release 108, assembly accession GCF 015227675.2, retrieved on 06/01/2023 from NCBI 6 ). Data was converted into sorted bam files using samtools (v1.12) [20]. For counting, a miRNA specific annotation file was generated, based on the NCBI assembly GCF 015227675.2 for mRatBN7.2 (retrieved on 06/01/2023 from NCBI 7 ). The created miRNA annotation file contains a 5' and 3' miRNA entry for each miRNA, either taken from the original annotation or generated by splitting the pre-miRNA entry for the miRNA into two halves (see suppl. data rno miRNAs.gtfs). The reads per miRNA were counted using featureCounts (v2.0.1) [21] including multimapping reads (featureCounts -M -p -T 20 -t 'exon').Sequencing statistics (see Tab. 2 and Tab. 3) were extracted from fastp report files (amount of reads, read length), from featureCounts summary file. We used the percentage of reads assigned to annotated features and percentage of reads, which could not be (unambiguously) assigned to features, or not mapped to the reference at all. The percentage of risobosomal RNA (rRNA) was calculated using sortMeRNA (v4.3.6) [19] with the default sortMeRNA reference database v4.3.4 (smr v4.3 default db.fasta).The sequencing of the 32 total RNA samples (see Tab. The read duplication rate ranges from 12.88 % in sample 2d-RML-02 to 14.31 % in sample 5d-RML-03, with an average read duplication rate of 13.64 %. After trimming low quality bases and removing adapter sequences, the number of reads and the average read length decreased to about 23 million reads per sample and average read length of 184 and 174 nt for R1 and R2 reads, respectively. For all samples, about 60 % of the reads could be assigned to annotated features by using featureCounts and including multimapping reads (min. 52 %, max. 62 %). On average, 36 % of the reads could be mapped unambiguously onto the genome into regions with no annotated features, while about 4 % of the reads could not be mapped unambiguously onto the rat genome (either reads not mapping to the reference genome at all or reads mapping to multiple features). Up to 58 % of the unprocessed reads could be aligned to ribosomal RNA (rRNA), based on the sortMeRNA default database with an average of 45 % aligning to rRNA over all total RNA samples.The sequencing of the 20 small RNA samples (see Tab. removing adapter sequences, the number of reads and the average read length decreased decreased to about 82 million reads per sample and an expected average read length of 23 nt for both R1 and R2 reads.For all samples about 62 % of the reads could be assigned to annotated features by using featureCounts and including multimapping reads (between 58 -68 %). On average, 15 % of the reads could be mapped unambiguously onto the genome into regions with no annotated features, while about 23 % of the reads could not be mapped unambiguously onto the rat genome (either reads not mapping to the reference genome at all or reads mapping to multiple features). Up to 2.69 % of the unprocessed reads could be aligned to rRNA based on the sortMeRNA default database with an average of 1.33 % aligning to rRNA over all total RNA samples. The dataset from our study offers a valuable resource for understanding the quantitative relationship between hepatic perfusion and function in the transcriptomes of healthy and venous-ligated livers. It enables comprehensive analyses not only on mRNAs but also on lncRNAs and miRNAs. Given the limited knowledge about lncRNAs and the lack of general computer programs for their identification, including essential secondary structure information and protein interactions, this dataset is particularly significant.It serves as a potential source for marker genes related to regeneration capacity and potential therapeutic targets. More specifically, the reader may systematically investigate the following:",2024,2024-08-21,article,en,https://openalex.org/W4401748201,False,0,genomics_plus_other,True,True,True,True
doi:10.3389/fnagi.2025.1617611,doi:10.3389/fnagi.2025.1617611,semantic_scholar,semantic_scholar,6d2cd25cad7f5a4a5bbb707cd8153e600d63495b,10.3389/fnagi.2025.1617611,40778305,12328399,Estimating progression of Alzheimer’s disease with extracellular vesicle-related multi-omics risk models,"Background Alzheimer’s Disease (AD) is heterogeneous and shows complex interconnected pathways at various biological levels. Risk scores contribute greatly to disease prognosis and biomarker discovery but typically represent generic risk factors. However, large-scale multi-omics data can generate individualized risk factors. Filtering these risk factors with brain-derived extracellular vesicles (EVs) could yield key pathologic pathways and vesicular vehicles for treatment delivery. Methods A list of 460 EV-related genes was curated from brain tissue samples in the ExoCarta database. This list was used to select genes from transcriptomics, proteomics, and DNA methylation data. Significant risk factors included demographic features (age, sex) and genes significant for progression in transcriptomics data. These genes were selected using Cox regression, aided by the Least Absolute Shrinkage and Selection Operator (LASSO), and were used to construct three risk models at different omics levels. Gene signatures from the significant risk factors were used as biomarkers for further evaluation, including gene set enrichment analysis (GSEA) and drug perturbation analysis. Results Nine EV-related genes were identified as significant risk factors. All three risk models predicted high/low risk groups with significant separation in Kaplan-Meier analysis. Training the transcriptomics risk models on EV-related genes yielded better AD classification results than using all genes in an independent dataset. GSEA revealed Mitophagy and several other significant pathways related to AD. Four drugs showed therapeutic potential to target the identified risk factors based on Connectivity Map analysis. Conclusion The proposed risk score model demonstrates a novel approach to AD using EV-related large-scale multi-omics data. Potential biomarkers and pathways related to AD were identified for further investigation. Drug candidates were identified for further evaluation in biological experiments, potentially transported to targeted tissues via bioengineered EVs.",2025,2025-07-24,JournalArticle,,https://www.semanticscholar.org/paper/6d2cd25cad7f5a4a5bbb707cd8153e600d63495b,False,0,,True,False,True,False
doi:10.3389/frai.2025.1660356,doi:10.3389/frai.2025.1660356,pubmed,pubmed;scopus,41293572,10.3389/frai.2025.1660356,41293572,PMC12640980,"Cosmetogenomics unveiled: a systematic review of AI, genomics, and the future of personalized skincare.","The integration of genomics, proteomics, and artificial intelligence (AI) is shaping the approach to personalized skincare and aesthetic dermatology, moving from generalized protocols toward precision-based interventions. To systematically review the emerging field of cosmetogenomics, focusing on how AI and multi-omics technologies are enabling personalized dermatologic treatments, and to critically evaluate the strength, scope, and limitations of current evidence. We conducted a systematic review in accordance with PRISMA 2020 guidelines. PubMed, Scopus, and Embase databases were searched for articles from January 2012 to April 2025 using Boolean combinations of terms including [""cosmetogenomics"" OR ""AI in dermatology"" OR ""personalized skincare"" OR ""multi-omics dermatology""] AND [""SNP"" OR ""genomics"" OR ""proteomics""]. Eligible studies included peer-reviewed clinical or ex vivo research involving human subjects and reporting measurable dermatologic outcomes related to genomics, single nucleotide polymorphisms (SNPs), AI tools, or proteomics. Study quality was assessed using the JAMA Users' Guides to the Medical Literature quality scheme. From 403 screened articles, 74 met inclusion criteria. Of these, 22 were randomized controlled trials (RCTs, Level I evidence), 35 observational studies (Level II), and 17 conceptual or expert opinion papers (Level III). AI and genomics were found to enhance skincare personalization by identifying SNPs associated with collagen degradation, oxidative stress, and inflammation. AI-powered platforms integrate these insights with imaging, lifestyle data, and digital twins to optimize interventions ranging from topical regimens to laser and injectable treatments. However, a significant proportion of studies were exploratory, with limited geographic diversity and underrepresentation of darker skin phototypes. No quantitative synthesis (meta-analysis) was performed due to heterogeneity in outcome measures, though hydration, elasticity, and pigmentation outcomes may permit such analysis in future work. AI-driven cosmetogenomics is advancing dermatology into a predictive, personalized era. While the evidence base is expanding, clinical translation requires stronger validation, ethical safeguards, and regulatory oversight. This field holds significant promise for enhancing treatment efficacy, patient satisfaction, and long-term skin health. Broader validation, greater diversity in study populations, more transparent methodologies, and expanded ethical safeguards, including genetic discrimination risks, data ownership, and cross-border data transfer, are necessary before widespread clinical integration.",2025,2025-11-10,Journal Article; Systematic Review,eng,https://pubmed.ncbi.nlm.nih.gov/41293572/,False,1,,True,False,True,False
doi:10.3390/cells14241988,doi:10.3390/cells14241988,semantic_scholar,semantic_scholar,ef6fd97044d8269a84091ecf9a167ef67a62a545,10.3390/cells14241988,41440008,12732121,Advances in Laboratory Methodologies and Biological Matrices for the Study and Management of Rare Ocular Genetic Diseases,"Highlights What are the main findings? The integration of genomic diagnostics with tear-fluid ncRNA profiling has been methodically restructured and quantitatively assessed, illustrating that disease-associated microRNAs and tRNA-derived fragments can be longitudinally quantified in conjunction with genetic diagnoses in inherited ocular disorders. Cross-disease regulatory non-coding RNA networks (angiogenic, hypoxic, inflammatory, fibrotic) originating from age-related macular degeneration, diabetic retinopathy, and proliferative vitreoretinopathy have been distinctly reclassified as mechanistic analogues rather than mere evidence substitutes for inherited retinal diseases, offering a substantiated hypothesis-driven justification for the translational application of tear-omics. What are the implications of the main findings? The integrated genomes and tear-omics approach offers a precision-level monitoring model that can detect molecular decline 4–9 months prior to structural changes observed on OCT, thereby creating a viable surveillance opportunity for IRD intervention and clinical trial stratification. The updated integrative pipeline and newly calibrated quantitative parameters (RNA yield thresholds, ncRNA detection percentages, predictive AUC ranges) transition tear-omics from an exploratory biomarker concept to a viable clinical framework, facilitating reproducible risk assessment and future IRD-specific validation. Abstract Rare genetic ocular diseases represent a heterogeneous group of disorders that significantly impair visual function and quality of life. Despite their clinical relevance, many of these conditions remain insufficiently characterized due to complex molecular mechanisms and diagnostic limitations. Recent advances in molecular diagnostics, particularly Next-Generation Sequencing (NGS), have enabled comprehensive and accurate identification of pathogenic variants, offering novel insights into genotype–phenotype correlations and supporting precision medicine approaches. In parallel, the use of alternative biological matrices such as tear fluid has emerged as a promising non-invasive strategy for biomarker discovery and disease monitoring. Tear-based omics, including proteomics and transcriptomics, have identified diagnostic signatures and pathogenic mediators such as non-coding RNAs, microRNAs, and tRNA-derived fragments (tRFs). Among these, tRF-1001 has shown potential both as a biomarker and therapeutic target in ocular neovascular conditions through its modulation of angiogenic pathways. The objective of this review is to show the integration of two rapidly advancing yet frequently isolated fields: next-generation sequencing-based genomics and tear-fluid molecular profiling, positioning them as complementary foundations of precision ophthalmology for rare inherited retinal and optic nerve disorders. Previous reviews have mainly concentrated on either genetic diagnosis or ocular surface biomarkers separately; however, we have introduced a convergent model wherein genomic data furnish diagnostic and prognostic clarity, while tear-omics deliver dynamic, minimally invasive assessments of disease activity, treatment efficacy, and persistent neurovascular stress. By explicitly connecting these two aspects, we have delineated how multi-matrix, multi-omics approaches can expedite early diagnosis, facilitate personalized longitudinal monitoring, and direct focused treatment interventions in rare ocular genetic illnesses.",2025,2025-12-01,Review; JournalArticle,,https://www.semanticscholar.org/paper/ef6fd97044d8269a84091ecf9a167ef67a62a545,False,0,,True,False,True,False
doi:10.3390/ijms27136064,doi:10.3390/ijms27136064,europepmc,europepmc;pubmed;scopus;semantic_scholar,MED:42450330,10.3390/ijms27136064,42450330,,Imaging and Molecular Biomarkers of PFAS-Related Vascular Aging: A Narrative Review.,"Per- and polyfluoroalkyl substances (PFAS) are persistent environmental contaminants increasingly associated with cardiovascular disease. Identifying early manifestations of vascular aging before the onset of overt disease is essential for improving cardiovascular risk stratification and prevention. Emerging evidence suggests that PFAS exposure contributes to early vascular and atherosclerotic alterations detectable by imaging techniques, including increased carotid intima-media thickness (CIMT), arterial stiffness, and endothelial dysfunction. In contrast, evidence for associations with coronary artery calcium progression and coronary stenosis remains scarce. Mechanistically, PFAS exposure promotes endothelial dysfunction, oxidative stress, chronic inflammation, lipid dysregulation, and genetic and epigenetic modifications, all of which contribute to premature vascular aging and metabolic disturbances. The integration of imaging and molecular biomarkers may provide complementary insights into the structural, functional, and biological processes underlying PFAS-related vascular damage; however, to date, this field remains largely unexplored. This narrative review summarizes current evidence on imaging and molecular biomarkers of PFAS-induced vascular aging and discusses their potential role in cardiovascular risk assessment. It also highlights key knowledge gaps and the need for robust epidemiological and multi-omics studies to validate these biomarkers, clarify causal mechanisms, and support their application in cardiovascular and environmental health surveillance.",2026,2026-07-06,Review; Journal Article,eng,https://europepmc.org/article/MED/42450330,False,4,,True,True,True,True
doi:10.3390/plants15152337,doi:10.3390/plants15152337,openalex,openalex,https://openalex.org/W7171623001,10.3390/plants15152337,,,Dynamics of Functional Traits and Molecular Regulation in the Vascular Cambium Across Different Ages of Styphnolobium japonicum,"Understanding whether long-term vascular cambium vitality in ancient trees reflects progressive decline or adaptive reprogramming is central to grasping woody plant longevity. We performed an integrative analysis of functional traits, transcriptome profiles, and metabolomic landscapes of cambial zone enriched from 80-, 500-, and 1000-year-old Styphnolobium japonicum trees. With increasing tree age, the vascular cambium showed fewer cell layers, reduced thickness, and lower auxin, gibberellin, and IAA/ABA ratios, whereas bark thickness, malondialdehyde, abscisic acid, jasmonic acid, and salicylic acid contents increased. Transcriptomic and metabolomic analyses revealed that differentially expressed genes and metabolites were primarily enriched in the cell cycle, phytohormone signaling, and phenylpropanoid biosynthesis pathways. Specifically, genes associated with cell division were down-regulated in millennial trees, whereas phenolic acids, flavonoids, and lignin-related metabolites significantly accumulated. Piecewise structural equation modeling suggested associations among tree age, transcription factors, structural genes, metabolites, and cambial functional traits. These results indicate that cambial senescence is not a simple linear decay but a highly coordinated remodeling process, providing crucial evidence for delayed senescence in long-lived woody species.",2026,2026-07-29,article,en,https://openalex.org/W7171623001,False,0,transcriptomics_plus_downstream,True,True,True,True
doi:10.4137/cin.s34144,doi:10.4137/cin.s34144,pubmed,pubmed;scopus,26691437,10.4137/cin.s34144,26691437,PMC4676434,The Impact of Age and Sex in DLBCL: Systems Biology Analyses Identify Distinct Molecular Changes and Signaling Networks.,"Potential molecular alterations based on age and sex are not well defined in diffuse large B-cell lymphoma (DLBCL). We examined global transcriptome DLBCL data from The Cancer Genome Atlas (TCGA) via a systems biology approach to determine the molecular differences associated with age and sex. Collectively, sex and age revealed striking transcriptional differences with older age associated with decreased metabolism and telomere functions and female sex was associated with decreased interferon signaling, transcription, cell cycle, and PD-1 signaling. We discovered that the key genes for most groups strongly regulated immune function activity. Furthermore, older females were predicted to have less DLBCL progression versus older males and young females. Finally, analyses in systems biology revealed that JUN and CYCS signaling were the most critical factors associated with tumor progression in older and male patients. We identified important molecular perturbations in DLBCL that were strongly associated with age and sex and were predicted to strongly influence tumor progression.",2015,2015-12-10,Journal Article,eng,https://pubmed.ncbi.nlm.nih.gov/26691437/,False,1,,True,False,True,False
doi:10.64898/2025.12.03.690933,doi:10.64898/2025.12.03.690933,semantic_scholar,semantic_scholar,4e82cc5cfcb8ff762662377ab8925d382bd3e12f,10.64898/2025.12.03.690933,,,Viral lysis of a toxigenic diatom triggers a microbial response mimicking hastened senescence,"Diatom blooms influence carbon cycling through organic matter production and its subsequent deposition or remineralization – processes that are all tightly mediated by interactions with the microbial community. Viruses, as integral part of microbial communities, are known to influence diatom bloom dynamics and can even terminate blooms. However, the three-way interactions between diatoms, their viruses and associated bacteria remain poorly resolved. In this study we examined how infection of the toxigenic diatom Pseudo-nitzschia galaxiae by its ssRNA virus PnGalRNAV reshapes host physiology, microbiome structure and organic-matter processing in non-axenic batch cultures. With an integrated transcriptomics and microscopy-based approach, we investigated the response of the bacterial community to dissolved organic matter (DOM) released by viral lysis of diatoms and observed a significant increase of Flavobacteriaceae (Bacteriodetes) suggesting a specialized role in utilizing DOM released due to viral lysis. Despite overwhelming viral RNA, bacterial metatranscriptomes revealed upregulation of polysaccharide-degradation associated genes, indicating active utilisation of virus-derived diatom glycans. Host transcripts showed broad repression of photosynthesis, silicon metabolism and core biosynthetic pathways, alongside induction of heat-shock and other stress-related genes, consistent with a senescence-like state. Our results demonstrate that PnGalRNAV infection speeds the termination of P. galaxiae growth, rapidly converting a productive diatom culture into a detrital DOM-rich environment that selects for specialised polysaccharide degraders and redirects carbon through the viral shunt. Infected cultures reached senescence much sooner than uninfected ones, suggesting that the ssRNA virus of Pseudo-nitzschia galaxiae can shorten bloom duration and accelerate nutrient recycling, with implications for coastal biogeochemistry. By integrating spatially resolved microscopy with community and metatranscriptomic profiling, this study links microbial composition, localization, and functional activity during diatom viral lysis. Our comprehensive approach can be extended to diverse diatom–virus systems in the future to better predict when viral outbreaks will favour recycling versus export of phytoplankton-derived carbon.",2025,2025-12-03,,,https://www.semanticscholar.org/paper/4e82cc5cfcb8ff762662377ab8925d382bd3e12f,False,0,,True,False,True,False
doi:10.7150/ijbs.129636,doi:10.7150/ijbs.129636,europepmc,europepmc;pubmed;scopus;semantic_scholar,MED:42003925,10.7150/ijbs.129636,42003925,PMC13086210,DHCR24 Deficiency Drives Age-Related Meibomian Gland Dysfunction by Regulating Lipid Metabolic Imbalance and Cytosolic mtDNA-Induced cGAS-STING Activation.,"Dysregulated lipid metabolism and chronic inflammation are hallmarks of aging, yet their interplay in age-related tissue disorders remains poorly defined. In the ocular surface, age-related meibomian gland dysfunction (ARMGD) is highly prevalent but mechanistically unclear, leading to significant visual impairment without targeted therapies. To identify key molecular drivers of ARMGD, we performed integrated multi-omics screening of aging mouse meibomian glands (MGs) and identified DHCR24, a key cholesterol metabolism enzyme, as a critical regulator of gland homeostasis. Single-cell sequencing identified age-associated downregulation of Dhcr24 predominantly in meibocytes. Based on this finding, we generated a meibocyte-specific Dhcr24 knockout (cKO) model, which exhibited typical ARMGD pathology including glandular atrophy, disrupted lipid homeostasis, and inflammatory activation. Further in vitro studies using SZ95 sebocytes demonstrated that DHCR24 deficiency induces mitochondrial dysfunction and cytosolic mitochondrial DNA (mtDNA) leakage, triggering cGAS/STING-dependent inflammatory senescence. Notably, AAV-mediated restoration of DHCR24 in mice reversed age-related gland pathology. Our findings establish DHCR24 as a dual-target regulator that maintains cholesterol metabolic homeostasis while suppressing mtDNA-driven inflammation via the cGAS-STING pathway, highlighting its therapeutic potential for ARMGD and related disorders characterized by lipid-inflammatory imbalance.",2026,2026-03-28,research-article; Journal Article,eng,https://europepmc.org/article/MED/42003925,False,3,,True,True,True,True
no-doi:7afcca297a74d0b0aaf62dfb,no-doi:7afcca297a74d0b0aaf62dfb,google_scholar,google_scholar,DS24hhdjYpAJ,,,,Bulk and single-nuclei multiomics study of aging in Nothobranchius furzeri,"Aging is the gradual and progressive decline of fitness with advancing age and constitutes … 
Within aging populations, considerable inter-individual variability exists in disease …",,,,,https://ricerca.sns.it/retrieve/74f776c0-885f-4df9-ba2d-3fff0c9a4dc5/Tesi.pdf,False,0,,True,True,False,False
