record_id,canonical_id,source,provenance_sources,source_record_id,doi,pmid,pmcid,title,abstract,year,publication_date,document_type,language,url,is_preprint,duplicate_count,query_branches,local_multiomics_match,local_aging_match,local_causal_anchor_match,local_three_block_match
doi:10.1002/cbf.70195,doi:10.1002/cbf.70195,semantic_scholar,semantic_scholar,b5e809c592e5f8f1727bf6b87a96068e5dd70a8d,10.1002/cbf.70195,41845938,,"Unveiling the 12‐Hour Ultradian Rhythm: Biological Foundations, Mechanistic Insights, and Potential Applications","The ~12‐h ultradian rhythm (circasemidian) represents an evolutionarily conserved temporal architecture that complements the canonical 24‐h circadian clock. Over the past 5 years, mounting evidence has revealed its ubiquity across biological kingdoms, from tidal marine organisms and cyanobacteria to plants, microbiomes, and mammals, including humans, manifesting as intrinsic oscillations in gene expression, metabolism, and behavior that often persist independently of circadian control. In mammals, this rhythm is driven by a cell‐autonomous oscillator centered on the XBP1s (X‐box binding protein 1)/IRE1α (Inositol requiring enzyme 1 alpha) axis, orchestrating endoplasmic reticulum stress responses and lipid homeostasis through negative feedback regulation, further reinforced by metabolic coupling and bidirectional crosstalk with circadian pathways. Functionally, 12‐h oscillations act as a secondary temporal layer that ensures bimodal photostatic and energetic homeostasis, synchronizing multi‐organ physiology across the day–night transition. Pathologically, disruption of this rhythm contributes to metabolic syndromes (e.g., NAFLD (non‐alcoholic fatty liver disease), diabetes), neuropsychiatric disorders (e.g., schizophrenia), and age‐related dysfunctions, particularly within ocular and immune systems. Despite accumulating correlative and model‐based evidence, causal mechanisms remain insufficiently defined, and human data are limited. Future work integrating multi‐omics chrono profiling, comparative genomics, and clinical chronotherapeutic trials will be critical to delineate this semidiurnal oscillator's molecular architecture and translational potential, thereby advancing precision chrono medicine and expanding the current paradigm of biological timing.",2026,2026-03-01,Review; JournalArticle,,https://www.semanticscholar.org/paper/b5e809c592e5f8f1727bf6b87a96068e5dd70a8d,False,0,,True,False,True,False
doi:10.1002/mnfr.202100789,doi:10.1002/mnfr.202100789,pubmed,pubmed,34850562,10.1002/mnfr.202100789,34850562,PMC7614326,Impact of In Utero Folate Exposure on DNA Methylation and Its Potential Relevance for Later-Life Health-Evidence from Mouse Models Translated to Human Cohorts.,"Persistent DNA methylation changes may mediate effects of early-life exposures on later-life health. Human lifespan is challenging for prospective studies, therefore data from longitudinal studies are limited. Projecting data from mouse models of early-life exposure to human studies offers a tool to address this challenge. C57BL/6J mice were fed low/normal folate diets before and during pregnancy and lactation. Genome-wide promoter methylation was measured in male offspring livers at 17.5 days gestation and 28 weeks. Eight promoters were concurrently hypermethylated by folate depletion in fetuses and adults (>1.10 fold-change; p < 0.05). Processes/pathways potentially influenced by global changes, and function of these eight genes, suggest neurocognitive effects. Human observational and randomized controlled trial data were interrogated for translation. Methylation at birth was inversely associated with maternal plasma folate in six genes (-1.15% to -0.16% per nmol L -1 ; p < 0.05), while maternal folic acid supplementation was associated with differential methylation of four genes in adulthood. Three CpGs were persistently hypermethylated with lower maternal folate (p = 0.04). Some persistent folate-induced methylation changes in mice are mirrored in humans. This demonstrates utility of mouse data in identifying human loci for interrogation as biomarkers of later-life health.",2021,2021-12-13,"Journal Article; Research Support, Non-U.S. Gov't",eng,https://pubmed.ncbi.nlm.nih.gov/34850562/,False,0,,True,True,True,True
doi:10.1007/s10522-023-10041-2,doi:10.1007/s10522-023-10041-2,europepmc,europepmc;pubmed;scopus;semantic_scholar,MED:37439885,10.1007/s10522-023-10041-2,37439885,PMC10615962,Measuring healthy ageing: current and future tools.,"Human ageing is a complex, multifactorial process characterised by physiological damage, increased risk of age-related diseases and inevitable functional deterioration. As the population of the world grows older, placing significant strain on social and healthcare resources, there is a growing need to identify reliable and easy-to-employ markers of healthy ageing for early detection of ageing trajectories and disease risk. Such markers would allow for the targeted implementation of strategies or treatments that can lessen suffering, disability, and dependence in old age. In this review, we summarise the healthy ageing scores reported in the literature, with a focus on the past 5 years, and compare and contrast the variables employed. The use of approaches to determine biological age, molecular biomarkers, ageing trajectories, and multi-omics ageing scores are reviewed. We conclude that the ideal healthy ageing score is multisystemic and able to encompass all of the potential alterations associated with ageing. It should also be longitudinal and able to accurately predict ageing complications at an early stage in order to maximize the chances of successful early intervention.",2023,2023-07-13,"Research Support, Non-U.S. Gov't; review-article; Review; Journal Article",eng,https://europepmc.org/article/MED/37439885,False,3,,True,True,True,True
doi:10.1007/s12672-025-03201-y,doi:10.1007/s12672-025-03201-y,europepmc,europepmc;pubmed;scopus,MED:40715889,10.1007/s12672-025-03201-y,40715889,PMC12297087,Deciphering hypoxia's role in hepatocellular carcinoma prognosis with single-cell approaches.,"Background Hepatocellular carcinoma (HCC), a prevalent and highly lethal malignancy, is notorious for its aggressive nature and inherent tendency to metastasize, posing significant challenges in clinical management and prognosis. Hypoxia, a pivotal characteristic of the tumor microenvironment (TME) in hepatocellular HCC, is intimately linked to disease progression and unfavorable patient outcomes, underscoring its critical role in shaping the malignant behavior of this cancer. Methods Our research leveraged single-cell RNA sequencing technology to dissect the heterogeneity of the HCC TME, focusing on hypoxia-related genes. To probe the effects of hypoxia on HCC invasion, we developed the Cell Hypoxia-Related Prognostic Feature (CHPF). We analyzed transcriptome data from the The Cancer Genome Atlas (TCGA) database and the GSE149614 dataset, employing computational methods such as UMAP, Weighted correlation network analysis (WGCNA), and CellChat to identify hypoxia cells, characterize cell subsets, and elucidate intercellular communications. Results Our analysis revealed significant heterogeneity in hypoxia cell populations within the HCC TME, with distinct expression patterns of hypoxia-related genes in neoplastic and immune cells. Our analysis revealed distinct hypoxia subpopulations within HCC, with significant overexpression of genes like MEG3, KLF6 and JUN in hypoxia cells. We identified a unique hypoxia subpopulation with high invasive potential and constructed a prognostic model based on H2-specific transcription factors including LRP10、MED8、NOL10、NOP58 and REXO4. The model demonstrated significant predictive value for lifespan of patients as verified in the TCGA dataset and an external validation group. Conclusion Key transcription factors like NOP58, MED8 play pivotal roles in hypoxia-induced HCC invasion and metastasis, and a predictive model based on these factors forecasts HCC survival. Our findings provide novel molecular markers and therapeutic targets for HCC, highlighting the importance of considering the hypoxia TME in diagnostic and treatment strategies.",2025,2025-07-26,research-article; Journal Article,eng,https://europepmc.org/article/MED/40715889,False,2,,True,True,True,True
doi:10.1016/j.bbadis.2017.09.017,doi:10.1016/j.bbadis.2017.09.017,pubmed,pubmed;scopus,28951210,10.1016/j.bbadis.2017.09.017,28951210,,Phenome and genome based studies into human ageing and longevity: An overview.,"Human ageing is an extremely personal process leading across the life course of individuals to large population heterogeneity in the decline of functional capacity, health and lifespan. The extremes of this process are witnessed by the healthy vital 100-year-olds on one end and the 60-year-olds suffering from multiple morbid conditions on the other end of the spectrum. Molecular studies into the basis of this heterogeneity have focused on a range of endpoints and methodological approaches. The phenotype definitions most prominently investigated in these studies are either lifespan-related or biomarker based indices of the biological ageing rate of individuals and their tissues. Unlike for many complex, age-related diseases, consensus on the ultimate set of multi-biomarker ageing or lifespan-related phenotypes for genetic and genomic studies has not been reached yet. Comparable to animal models, hallmarks of age-related disease risk, healthy ageing and longevity include immune and metabolic pathways. Potentially novel genomic regions and pathways have been identified among many (epi)genomic studies into chronological age and studies into human lifespan regulation, with APOE and FOXO3A representing yet the most robust loci. Functional analysis of a handful of genes in cell-based and animal models is ongoing. The way forward in human ageing and longevity studies seems through improvements in the interpretation of the biology of the genome, in application of computational and systems biology, integration with animal models and by harmonization of repeated phenotypic and omics measures in longitudinal and intervention studies. This article is part of a Special Issue entitled: Model Systems of Aging - edited by ""Houtkooper Riekelt"".",2017,2017-09-22,"Journal Article; Research Support, Non-U.S. Gov't; Review",eng,https://pubmed.ncbi.nlm.nih.gov/28951210/,False,1,,False,True,True,False
doi:10.1016/j.clnu.2026.106598,doi:10.1016/j.clnu.2026.106598,semantic_scholar,semantic_scholar,4598e37951606652200d79fdcdd3258df27072ee,10.1016/j.clnu.2026.106598,41747651,,"A multi-strain probiotic formulation alleviates chronic constipation in middle-aged and older adults: A randomized, double-blind, placebo-controlled trial.","BACKGROUND & AIMS Chronic constipation is prevalent among middle-aged and older adults, with current interventions often limited by modest efficacy and adverse effects. Probiotics have emerged as a safe, promising modality; we aimed to evaluate a 28-day multi-strain probiotic in this population using clinical and mechanistic endpoints. METHODS We conducted a randomized, double-blind, placebo-controlled trial in adults with chronic constipation: 132 were randomized (probiotics n = 66; placebo n = 66), and 100 completed per protocol (50/50).The primary endpoint was weekly complete spontaneous bowel movements (CSBMs) at day 28; secondary endpoints included Bristol Stool Form Scale (BSFS), Patient Assessment of Constipation Symptoms (PAC-SYM), bloating scores, and multi-omics profiling (gut microbiota and fecal metabolites at days 0/14/28), with targeted fecal short-chain fatty acids (SCFAs). A pre-specified responder was defined as week-4 CSBMs ≥3 and increases ≥1 from baseline. RESULTS At day 28, probiotics yielded higher CSBMs than placebo (4.53 ± 1.17 vs 2.40 ± 1.01, P 0.05). Responder rates were 88 % (44/50) with probiotics versus 26 % (13/50) with placebo; within the probiotic arm, ΔFaecalibacterium and Δbutyrate correlated positively with ΔCSBM, while ΔEnterobacter correlated negatively. CONCLUSIONS In middle-aged and older adults with chronic constipation, a 28-day multi-strain probiotic significantly increases bowel movement frequency, improves symptoms-especially bloating-and favorably remodels gut microbiota and SCFA-related pathways, supporting its use as a nutritional intervention. TRIAL REGISTRATION ChiCTR2200065905.",2026,2026-02-01,JournalArticle,,https://www.semanticscholar.org/paper/4598e37951606652200d79fdcdd3258df27072ee,False,0,,True,False,True,False
doi:10.1016/j.exger.2026.113205,doi:10.1016/j.exger.2026.113205,pubmed,pubmed,42288204,10.1016/j.exger.2026.113205,42288204,,Sleep and aging: The role of DNA methylation.,"Although its evolutionary origins remain poorly understood, sleep is a highly conserved physiological process crucial to animal life and widely recognized as a major determinant of human healthspan. Sleep disturbances are a major public health concern, particularly among older adults, contributing to impaired cognitive function, chronic disease risk, and reduced quality of life. Age-related sleep disturbances are associated with epigenetic changes, especially altered DNA methylation patterns within genes and regulatory regions involved in circadian rhythms, neuroplasticity, metabolism, and inflammation. Over the past decade, epigenetic clocks, which measure DNA methylation patterns at specific CpG sites, have been used to estimate chronological age, assess biological aging, and predict health outcomes and mortality risk. Using epigenetic clocks and genome-wide methylation studies, emerging evidence has linked sleep disturbances and sleep-disrupting conditions, such as insomnia, obstructive sleep apnea, and shift work, to accelerated biological aging. Sleep-related changes in DNA methylation contribute to epigenetic age acceleration by influencing key aging processes, including inflammation, oxidative stress, telomere maintenance, lipid metabolism, and immune function. However, these methylation alterations might be, at least in part, reversible, highlighting opportunities to develop interventions that improve sleep disturbances and slow biological aging.",2026,2026-06-13,Journal Article; Review,eng,https://pubmed.ncbi.nlm.nih.gov/42288204/,False,0,,True,True,True,True
doi:10.1016/j.jad.2025.120381,doi:10.1016/j.jad.2025.120381,pubmed,pubmed,41076161,10.1016/j.jad.2025.120381,41076161,,Accelerated epigenetic aging in males with mood disorders accompanied by insomnia.,"Mood disorders (MDs), including major depressive disorders and bipolar disorders, are linked to premature mortality and accelerated aging. Epigenetic age (EA) is a reliable aging biomarker that can effectively capture biological aging. Prior research has indicated the presence of epigenetic age acceleration in individuals with MDs, yet the connection between epigenetic aging and clinical symptoms remains elusive. we assessed genome-wide DNA methylation in blood samples from 251 MDs patients and 181 healthy controls, using four epigenetic clocks and DNAm-based telomere length (DNAmTL) to calculate EA and epigenetic age acceleration (EAA: AgeAccelHorvath, AgeAccelHannum, AgeAccelPheno, AgeAccelGrim) and the age-adjusted estimate of DNAmTL (DNAmTLadjAge). We explored the potential association between EAA and the five symptom factors of Hamilton Depression Scale (HAMD-17), and performed subgroup analyses based on the severity of symptom. While no significant difference in EAA and DNAmTLadjAge was found between MDs patients and healthy controls overall, male MDs patients exhibited accelerated aging compared to female patients. Interestingly, we observed a strong correlation between AgeAccelGrim and insomnia symptoms in male MDs patients (r = 0.32, p = 0.0043). Specifically, male MDs patients with severe insomnia showed significantly higher AgeAccelGrim (p = 0.000147, Cohen's d = 0.9163) and elevated levels of DNAm GDF15, DNAm Leptin, and DNAm TIMP-1. These findings indicate the potential role of insomnia in the accelerated aging process of MDs patients, contributing to the understanding of the relationship between MDs and premature aging, and inform accurate patient stratification and targeted therapeutic intervention.",2025,2025-10-09,Journal Article,eng,https://pubmed.ncbi.nlm.nih.gov/41076161/,False,0,,True,True,True,True
doi:10.1016/j.jtauto.2024.100256,doi:10.1016/j.jtauto.2024.100256,semantic_scholar,semantic_scholar,c0f9abf4abaa39ff19cc60b7d93e0dfd98cec4c2,10.1016/j.jtauto.2024.100256,39554251,11565427,Integrated analysis of multi-omics data for the discovery of biomarkers and therapeutic targets for juvenile idiopathic arthritis,"Background Juvenile idiopathic arthritis (JIA) is a prevalent chronic rheumatic disease affecting children. Current medications merely alleviate symptoms rather than curing the disease. Hence, the identification and development of novel drug targets and biomarkers for JIA are imperative for enhancing treatment efficacy. Methods We employed two-sample Mendelian randomization (MR) analysis to investigate the causal effects of plasma proteins on JIA. Additionally, colocalization, bulk RNA-seq, and single-cell RNA-seq analyses were conducted to further investigate and validate the potential of candidate proteins as drug targets. Results Through MR analysis, we successfully identified five plasma proteins that are causally linked to JIA. Genetically inferred lower levels of AIF1, TNF, and TNFSF11 were associated with an elevated risk of JIA, while higher levels of AGER and GP1BA proteins were positively correlated with JIA risk. Colocalization analysis further supported our findings on GP1BA (OR = 9.26, 95 % CI: 2.30–37.20) and TNFSF11 (OR = 0.18, 95 % CI: 0.07–0.45). Based on this evidence, we classified these five proteins into two tiers. Finally, we conducted a systematic evaluation of the druggability and current drug development progress for these identified candidate proteins. Conclusions This study employed MR analysis to reveal causal relationships between plasma proteins and JIA, identifying five potential candidate proteins as promising drug targets for JIA, particularly focusing on GP1BA and TNFSF11.",2024,2024-10-01,JournalArticle,,https://www.semanticscholar.org/paper/c0f9abf4abaa39ff19cc60b7d93e0dfd98cec4c2,False,0,,True,False,True,False
doi:10.1016/j.phymed.2025.156446,doi:10.1016/j.phymed.2025.156446,semantic_scholar,semantic_scholar,d680323d5ab513e878a6cd4d828ce68931337785,10.1016/j.phymed.2025.156446,39914065,,Mechanism exploration of Wenshen Jianpi Decoction on renoprotection in diabetic nephropathy via transcriptomics and metabolomics.,"BACKGROUND Diabetic nephropathy (DN) is a severe chronic microvascular complications of diabetes mellitus and the leading cause of end-stage renal disease. Although many therapeutic approaches have been developed for treatment of DN, there is still a risk of disease progression. Wenshen Jianpi Decoction (WSJPD), a traditional Chinese medicine, have demonstrated considerable clinical efficacy in treating DN. However, the therapeutic mechanisms of WSJPD remain unclear. PURPOSE The study aimed to assess the potential anti-renal injury effects of WSJPD as well as the underlying mechanism. METHODS Network pharmacology was performed to predict the potential targets of WSJPD in DN. Subsequently, HE, PAS, Masson staining, TEM and ELISA were used to assess the effects of WSJPD on renal injury in DN rats. Transcriptomics, metabolomics, and qRT-PCR were employed to analyze the potential mechanism. RESULTS Network pharmacology analysis revealed that WSJPD might exert a beneficial impact on renal inflammation via the AGE-RAGE signaling pathway. The results of animal experiments indicated that WSJPD had a renoprotective effect by renal dysfunction improvement, inflammation inhibition, glycogen accumulation and podocyte injury suppression.Transcriptomic measures discovered that 212 genes were up-regulated in the DN model group and down-regulated in the WSJPD group. Conversely, 80 genes were down-regulated in the DN model group and up-regulated in the WSJPD group. Moreover, 14 metabolites from rat serum samples were identified as candidate biomarkers. Further analysis demonstrated that WSJPD ameliorated the metabolic disorders and exerted a protective effect by up-regulation of uridine-mediated pyrimidine metabolism, inhibition of inflammation mediated by the NF-κB and TNF signaling pathways, and inhibition of oxidative stress and inflammation mediated by the AGE-RAGE signaling pathway. CONCLUSION Our findings showed that WSJPD ameliorated renal damage in DN model rats by regulating kidney pyrimidine metabolism, inflammation-related pathways, and AGE-RAGE signaling pathway. The potential renoprotective effects were verified by histopathology, ELISA, and qRT-PCR. This study not only support a foundation for interpretation of the therapeutic effects of WSJPD on renal lesions, but also provide data support for further explorations of the novel compound preparations to improve renal function in DN.",2025,2025-01-01,JournalArticle,,https://www.semanticscholar.org/paper/d680323d5ab513e878a6cd4d828ce68931337785,False,0,,True,False,True,False
doi:10.1016/j.urolonc.2022.09.018,doi:10.1016/j.urolonc.2022.09.018,semantic_scholar,semantic_scholar,4c28eb0a796b7e040c39700cb4e1bae4fe0f3cab,10.1016/j.urolonc.2022.09.018,36402713,,Bladder cancer is associated with decreased urinary microbiota diversity and alterations in microbial community composition.,"INTRODUCTION Human urine microbiota (UM) research has uncovered associations between composition of microbial communities of the lower urinary tract and various disease states including several reports on the putative link between UM and bladder cancer (BC). The aim of this study was to investigate male UM in patients with BC and controls using catheterised urine specimens unlike in previous studies. METHODS Urine samples were obtained in theatre after surgical prepping and draping using aseptic catheterisation. DNA was extracted and hypervariable region V4 of the 16S rRNA gene was amplified using 515F and 806R primers. Sequencing was performed on Illumina MiSeq platform. Sequencing data were processed using appropriate software tools. Alpha diversity measures were calculated and compared between groups. Prevalence Interval for Microbiome Evaluation was used to test differences in beta diversity. RESULTS A total of 63 samples were included in the analysis. Mean age of study subjects was 65.1 years (SD 12.5). Thirty-four men had bladder cancer and 29 participants were undergoing interventions for benign conditions (benign prostate hyperplasia or upper urinary tract stone disease). BC patients had lower UM richness and diversity than controls (83 vs. 139 operational taxonomic units, P = 0.015; Shannon index: 2.46 vs. 2.94, P = 0.049). There were specific taxa enriched in cancer (Veillonella, Varibaculum, Methylobacterium-Methylorubrum) and control groups (Pasteurella, Corynebacterium, Acinetobacter), respectively. CONCLUSION BC patients had lower bladder microbiota richness and diversity than controls. Specific genera were enriched in cancer and control groups, respectively. These results corroborate some of previous reports while contradicting others. Future microbiota research would benefit from parallel transcriptomic/metabolomic analysis.",2022,2022-11-01,JournalArticle,,https://www.semanticscholar.org/paper/4c28eb0a796b7e040c39700cb4e1bae4fe0f3cab,False,0,,True,False,True,False
doi:10.1021/acs.jproteome.6b00602,doi:10.1021/acs.jproteome.6b00602,semantic_scholar,semantic_scholar,c2707448c6aae4332ba707501e467f80dd6ce08b,10.1021/acs.jproteome.6b00602,27529569,5811188,Hypertonic Saline Primes Activation of the p53-p21 Signaling Axis in Human Small Airway Epithelial Cells That Prevents Inflammation Induced by Pro-inflammatory Cytokines,"Uncontrolled inflammatory responses underlie the etiology of acute lung injury and acute distress respiratory syndrome, the most common late complications in trauma, the leading cause of death under the age of 59. Treatment with HTS decreases lung injury in clinical trials, rat models of trauma and hemorrhagic shock and inflammation in lung cell lines, although the mechanisms underlying these responses are still incompletely understood. Transcriptomics (RNaseq), proteomics, and U-13C-glucose tracing metabolomics experiments were performed to investigate the mechanisms of cellular responses to HTS treatment in primary small airway epithelial cells in the presence or absence of inflammatory injury mediated by a cocktail of cytokines (10 ng/mL of IFNγ, IL-1β, and TNFα). Modestly hyperosmolar HTS has an anti-inflammatory effect, triggers the p53-p21 signaling axis, and deregulates mitochondrial metabolism while inducing minimal apoptosis in response to a second hit by cytokines. Decreased transcription of pro-inflammatory cytokines suggested a role for the tumor suppressor protein p53 in mediating the beneficial effects of the HTS treatment. The anti-inflammatory mechanisms induced by HTS involves p53 gene regulation, promotes cell cycle arrest, and prevents ROS formation and mitochondria depolarization. Pharmaceutical targeting of the p53-p21 axis may mimic or reinforce the beneficial effects mediated by HTS when sustained hypertonicity cannot be maintained.",2016,2016-08-29,JournalArticle,,https://www.semanticscholar.org/paper/c2707448c6aae4332ba707501e467f80dd6ce08b,False,0,,True,False,True,False
doi:10.1038/s41421-025-00860-7,doi:10.1038/s41421-025-00860-7,semantic_scholar,semantic_scholar,a7cf0f43aaece4dc1b8c4051a45a64b4b3ddf2fa,10.1038/s41421-025-00860-7,41559031,12819398,IGF2BP3-dependent glutamine/BCAA metabolic rewiring rejuvenates aged human adipose-derived stem cells for enhanced tissue regeneration,"Aging impairs the regenerative capacity and differentiation potential of human adipose-derived stem cells (hASCs), but the mechanisms underlying their functional decline remain unclear. Through systematic functional assays and in vivo experiments, we first confirmed age-associated reductions in hASC self-renewal, lineage plasticity, and tissue repair efficacy. By integrating multiomics profiling and functional validation, we identified a metabolically active ACTA2+TAGLN+ subpopulation that was enriched mainly in infant-derived hASCs (I-hASCs) and characterized by increased catabolism of branched-chain amino acids (BCAAs) and glutamine. Mechanistically, the RNA-binding protein IGF2BP3, which is predominantly expressed in the ACTA2+TAGLN+ subpopulation, sustains hASC stemness by stabilizing BCAT1 and GLS mRNAs via METTL3-mediated m6A modification, thereby preserving redox homeostasis and mitochondrial energy production. Furthermore, age-related attenuation of the IGF2BP3-m6A-BCAT1/GLS axis contributed to metabolic reprogramming, driving senescence-associated functional collapse in elderly-derived hASCs (E-hASCs). Strikingly, rescue experiments demonstrated that genetic restoration of BCAT1/GLS or supplementation with BCAAs/glutamine significantly rejuvenated E-hASCs, restoring their proliferation, differentiation, and in vivo wound-healing capacities. These findings identify IGF2BP3 as a central regulator of hASC aging by linking m6A epitranscriptomic modifications to metabolic reprogramming and establish the IGF2BP3-m6A-BCAT1/GLS axis as a druggable node in aged hASCs. This study proposed two therapeutic strategies: nutrient supplementation to rescue metabolic deficits and m6A modulation to stabilize key mRNAs, providing a clinically feasible protocol to optimize elderly-derived hASCs for tissue regeneration.",2026,2026-01-20,JournalArticle,,https://www.semanticscholar.org/paper/a7cf0f43aaece4dc1b8c4051a45a64b4b3ddf2fa,False,0,,True,True,True,True
doi:10.1038/s41588-018-0302-x,doi:10.1038/s41588-018-0302-x,pubmed,pubmed,30598549,10.1038/s41588-018-0302-x,30598549,PMC6358485,An atlas of genetic influences on osteoporosis in humans and mice.,"Osteoporosis is a common aging-related disease diagnosed primarily using bone mineral density (BMD). We assessed genetic determinants of BMD as estimated by heel quantitative ultrasound in 426,824 individuals, identifying 518 genome-wide significant loci (301 novel), explaining 20% of its variance. We identified 13 bone fracture loci, all associated with estimated BMD (eBMD), in ~1.2 million individuals. We then identified target genes enriched for genes known to influence bone density and strength (maximum odds ratio (OR) = 58, P = 1 × 10 -75 ) from cell-specific features, including chromatin conformation and accessible chromatin sites. We next performed rapid-throughput skeletal phenotyping of 126 knockout mice with disruptions in predicted target genes and found an increased abnormal skeletal phenotype frequency compared to 526 unselected lines (P < 0.0001). In-depth analysis of one gene, DAAM2, showed a disproportionate decrease in bone strength relative to mineralization. This genetic atlas provides evidence linking associated SNPs to causal genes, offers new insight into osteoporosis pathophysiology, and highlights opportunities for drug development.",2018,2018-12-31,"Journal Article; Research Support, Non-U.S. Gov't",eng,https://pubmed.ncbi.nlm.nih.gov/30598549/,False,0,,True,True,True,True
doi:10.1038/s42003-024-06679-4,doi:10.1038/s42003-024-06679-4,europepmc,europepmc;pubmed;scopus,MED:39127848,10.1038/s42003-024-06679-4,39127848,PMC11316767,Calorie restriction and rapamycin distinctly mitigate aging-associated protein phosphorylation changes in mouse muscles.,"Calorie restriction (CR) and treatment with rapamycin (RM), an inhibitor of the mTORC1 growth-promoting signaling pathway, are known to slow aging and promote health from worms to humans. At the transcriptome and proteome levels, long-term CR and RM treatments have partially overlapping effects, while their impact on protein phosphorylation within cellular signaling pathways have not been compared. Here we measured the phosphoproteomes of soleus, tibialis anterior, triceps brachii and gastrocnemius muscles from adult (10 months) and 30-month-old (aged) mice receiving either a control, a calorie restricted or an RM containing diet from 15 months of age. We reproducibly detected and extensively analyzed a total of 6960 phosphosites, 1415 of which are not represented in standard repositories. We reveal the effect of these interventions on known mTORC1 pathway substrates, with CR displaying greater between-muscle variation than RM. Overall, CR and RM have largely consistent, but quantitatively distinct long-term effects on the phosphoproteome, mitigating age-related changes to different degrees. Our data expands the catalog of protein phosphorylation sites in the mouse, providing important information regarding their tissue-specificity, and revealing the impact of long-term nutrient-sensing pathway inhibition on mouse skeletal muscle.",2024,2024-08-10,"Research Support, Non-U.S. Gov't; research-article; Journal Article",eng,https://europepmc.org/article/MED/39127848,False,2,,True,True,True,True
doi:10.1073/pnas.2102895118,doi:10.1073/pnas.2102895118,europepmc,europepmc;pubmed;scopus,MED:34426497,10.1073/pnas.2102895118,34426497,PMC8536343,Identification of a KLF5-dependent program and drug development for skeletal muscle atrophy.,"Skeletal muscle atrophy is caused by various conditions, including aging, disuse related to a sedentary lifestyle and lack of physical activity, and cachexia. Our insufficient understanding of the molecular mechanism underlying muscle atrophy limits the targets for the development of effective pharmacologic treatments and preventions. Here, we identified Krüppel-like factor 5 (KLF5), a zinc-finger transcription factor, as a key mediator of the early muscle atrophy program. KLF5 was up-regulated in atrophying myotubes as an early response to dexamethasone or simulated microgravity in vitro. Skeletal muscle-selective deletion of Klf5 significantly attenuated muscle atrophy induced by mechanical unloading in mice. Transcriptome- and genome-wide chromatin accessibility analyses revealed that KLF5 regulates atrophy-related programs, including metabolic changes and E3-ubiquitin ligase-mediated proteolysis, in coordination with Foxo1. The synthetic retinoic acid receptor agonist Am80, a KLF5 inhibitor, suppressed both dexamethasone- and microgravity-induced muscle atrophy in vitro and oral Am80 ameliorated disuse- and dexamethasone-induced atrophy in mice. Moreover, in three independent sets of transcriptomic data from human skeletal muscle, KLF5 expression significantly increased with age and the presence of sarcopenia and correlated positively with the expression of the atrophy-related ubiquitin ligase genes FBXO32 and TRIM63 These findings demonstrate that KLF5 is a key transcriptional regulator mediating muscle atrophy and that pharmacological intervention with Am80 is a potentially preventive treatment.",2021,2021-08-01,"Research Support, Non-U.S. Gov't; research-article; Journal Article",eng,https://europepmc.org/article/MED/34426497,False,2,,True,True,True,True
doi:10.1093/abm/kaab096,doi:10.1093/abm/kaab096,semantic_scholar,semantic_scholar,78fe9719d0ec7a733f0f19ec1c554a121bf3ecfa,10.1093/abm/kaab096,36039526,,"Social Genomics of Methamphetamine Use, HIV Viral Load, and Social Adversity.","BACKGROUND Social genomics has demonstrated altered inflammatory and type I interferon (IFN) gene expression among people experiencing chronic social adversity. Adverse social experiences such as discrimination and violence are linked to stimulant misuse and HIV, conditions that dysregulate inflammatory and innate antiviral responses, leading to increased HIV viral replication and risk of chronic diseases. PURPOSE We aimed to determine whether methamphetamine (MA) use, unsuppressed HIV viral load (VL) (≥200 c/mL), and experienced intimate partner violence (IPV) (past 12 months) predicted inflammatory and type I IFN gene expression in HIV-positive Black and Latinx men who have sex with men (MSM). METHODS Participants were 147 HIV-positive Black and Latinx MSM recruited from the mSTUDY, a cohort of 561 MSM aged 18-45 in Los Angeles, CA, of whom half are HIV-positive and substance-using. Transcriptomic measures of inflammatory and type I IFN activity were derived from RNA sequencing of peripheral blood mononuclear cells and matched to urine drug tests, VL, and survey data across two time points 12 months apart. Analysis used linear random intercept modeling of MA use, unsuppressed VL, and experienced IPV on inflammatory and type I IFN expression. RESULTS In adjusted models, MA use predicted 27% upregulated inflammatory and 31% upregulated type I IFN expression; unsuppressed VL predicted 84% upregulated type I IFN but not inflammatory expression; and experienced IPV predicted 31% upregulated inflammatory and 26% upregulated type I IFN expression. CONCLUSIONS In Black and Latinx MSM with HIV, MA use, unsuppressed VL, and experienced IPV predicted upregulated social genomic markers of immune functioning.",2021,2021-11-23,JournalArticle; Review,,https://www.semanticscholar.org/paper/78fe9719d0ec7a733f0f19ec1c554a121bf3ecfa,False,0,,True,False,False,False
doi:10.1093/eschf/xvag092,doi:10.1093/eschf/xvag092,semantic_scholar,semantic_scholar,e4bf8a98c7835c2b589586bc82aa43b91503e7ea,10.1093/eschf/xvag092,41961636,13070655,"An integrated Biobank in the Swedish Heart Failure Registry—clinomics, proteomics, transcriptomics and genomics","Abstract Aims To build a comprehensive biobank integrated in the Swedish Heart Failure Registry (SwedeHF) comprising comprehensive clinomic data, proteomic, transcriptomic and genomic information in combination with clinical and diagnostic characteristics and additional ICD-code registry data. Methods Blood and urine samples will be biobanked at SwedeHF registration with an optional second sampling after 6 months in patients with HF attending routine clinical visits at nine hospitals with access to healthcare integrated biobanking. Circulating and urine biomarkers will be investigated by proteomic, metabolomic, transcriptomic profiling, explored with genetic data. Sample size assessments were based on the BIOSTAT-CHF cohort and doubled to fulfil all aims targeting 5000 patients. Results The first 1348 enrolled patients were median 72 years, 30% females, 65% HFrEF and 11% HFpEF. Median NT-proBNP was 1240 (quartile 1–3; 470–2830) pg/mL. This was comparable to the 8506 patients with an index registration in SwedeHF during 2023 with 52% HFrEF and 20% HFpEF, age 75 years, 36% females and NT-proBNP 1560 [629–3617] pg/mL. Conclusions We are building a high-quality detailed biobank linked to SwedeHF, the world’s largest continuous HF registry, consisting of plasma, serum, whole blood and urine samples. The Biobank will enable studies exploring underlying disease mechanisms in HF and response to HF treatment, paving the way for precision medicine and novel drug targets. It will also generate a structure for biobanking in Registry-based Randomized Controlled Trials within the national SwedeHF registry. ClinicalTrials.gov Identifier NCT06435585",2026,2026-03-03,Study; JournalArticle,,https://www.semanticscholar.org/paper/e4bf8a98c7835c2b589586bc82aa43b91503e7ea,False,0,,True,False,True,False
doi:10.1093/geroni/igaf122.2542,doi:10.1093/geroni/igaf122.2542,semantic_scholar,semantic_scholar,7108e70a47fdb46955f081cb80c9fe39ed7b028b,10.1093/geroni/igaf122.2542,,12761179,Exploring Acetyl-CoA-Mediated Beta-Hydroxybutyrate Enrichment in Yeast: A Mechanistic Link to Longevity,"Abstract Aging predisposes organisms to diseases ranging from diabetes to Alzheimer’s, driving interest in interventions like Caloric Restriction (CR), which extends lifespan across species. While CR’s benefits are well-documented, its metabolic mechanisms remain incompletely understood. This study investigates β-hydroxybutyrate (βHB), a ketone body, in CR-mediated longevity using Saccharomyces cerevisiae. Despite the absence of canonical ketogenesis enzymes (HMG-CoA lyase, OXCT1) in yeast, we detect βHB for the first time in stationary-phase and CR conditions via metabolomics, GC-MS, and luminescence assays. Alternative carbon sources and supplementing yeast media with acetoacetate drive βHB levels. In addition, we identify mitochondrial acetyl-CoA metabolism (ACS1) and mtFAS pathways to be critical for βHB enrichment during CR. βHB supplementation extends chronological lifespan dose-dependently, mirroring CR’s effects, and combined CR + βHB yields additive lifespan extension. Transcriptomic profiling reveals 156 overlapping genes and 268 βHB-exclusive targets, suggesting shared (TCA cycle, amino acid metabolism) and βHB-specific mechanisms (mitochondrial translation, stress response). These findings resolve yeast’s unexpected capacity for ketogenesis and establish it as a model for dissecting βHB’s role in aging. This work also elucidates conserved nodes linking ketogenesis to longevity and positions yeast as a platform for exploring CR-mimicking therapeutics.",2025,2025-12-01,JournalArticle,,https://www.semanticscholar.org/paper/7108e70a47fdb46955f081cb80c9fe39ed7b028b,False,0,,True,True,True,True
doi:10.1093/jmcb/mjag001,doi:10.1093/jmcb/mjag001,europepmc,europepmc;openalex;pubmed;semantic_scholar,MED:41802194,10.1093/jmcb/mjag001,41802194,,Integrated single-nucleus transcriptomic and chromatin accessibility analysis reveals key molecular basis of human testicular aging.,"The human testis, a crucial organ in male reproduction, is mainly responsible for spermatogenesis and androgen production. As men age, testicular function declines, yet the underlying molecular mechanisms are still not well understood. To elucidate the mechanisms of human testicular aging, we performed an integrated analysis of single-nucleus transcriptomes and chromatin accessibility (snRNA-seq and snATAC-seq) on pathologically confirmed non-tumor testicular tissues from young and aged individuals. Our integrated multi-omic analysis reveals significant age-induced alterations in the testis transcriptome, particularly affecting genes linked to spermatogenesis. Significant age-related changes were also observed in Sertoli and Leydig cells, with Sertoli cells exhibiting increased sensitivity to environmental influences as age. Furthermore, the expression of Wntless (WLS), a Wnt transporter, was substantially upregulated in Sertoli cells of aged testes, which was correlated with cellular senescence and the disruption of tight junctions. Overexpression of WLS in Sertoli cells significantly accelerated senescence in vitro, implying a potential role for WLS in testicular aging. Our study provides a detailed multi-omic map of the transcriptomic and chromatin accessibility changes in the human testis during aging, offering insights into the cellular and molecular mechanisms behind these changes, and identifying potential therapeutic targets for interventions against age-related declines in male reproductive health.",2026,2026-03-09,Journal Article,eng,https://europepmc.org/article/MED/41802194,False,3,,True,True,True,True
doi:10.1093/sleep/zsab107,doi:10.1093/sleep/zsab107,openalex,openalex,https://openalex.org/W3156416440,10.1093/sleep/zsab107,,,"Sleep and Big Data : harnessing data, technology, and analytics for monitoring sleep and improving diagnostics, prediction, and interventions—an era for Sleep-Omics ?","Over the last 30 years, there have been impressive advances in characterizing the physiological bases of sleep and circadian rhythms and their variation across populations and health outcomes. The remarkable maturation of research in sleep and circadian biology is exemplified by an exponential increase in sleep-focused peer-reviewed publications, and that a recent Nobel prize was awarded for the elucidation of circadian machinery underscores the importance of sleep and circadian science. In clinical sleep medicine, there have been improvements in defining sleep disorders—with evidence-based guidelines for screening, treating and managing sleep apnea, insomnia, restless legs syndrome, narcolepsy, and circadian rhythm and other sleep disorders. Accredited sleep centers—delivering guideline-based sleep care—have steadily grown, closing the gap between the number of people suffering from a sleep disorder versus those appropriately treated. The recognition of sleep health as a public health priority is reflected by the inclusion of sleep health goals in the Center for Disease Control’s Healthy People 2020 report. Nonetheless, there remain fundamental knowledge gaps. Notably, there is a need to better understand the basic functions of sleep, as well as how to modulate sleep as a novel clinical intervention for improving cognition, mood, and longevity. Critical challenges in optimizing treatment of sleep disorders include the substantive heterogeneity of physiological endotypes, symptoms, comorbidities, treatment responses, prognoses, and genetic risk factors among individuals labeled with the same diagnostic code. As clinicians, we sometimes fail to find treatments that adequately resolve the sleepiness experienced by many patients with sleep apnea, or that improve both the nighttime and daytime symptoms that patients with insomnia experience, and may struggle to identify the causes and effective treatment strategies for patients labeled with “idiopathic hypersomnia.” Our diagnostic tools suffer from an over-reliance on manual and subjectively ascertained quantification of individual “events” during sleep records (apneas and arousals) and overly simplistic approaches to summarizing continuous physiological phenomena into discrete categories (e.g. sleep epochs). Traditional diagnostic approaches—developed using a knowledge base over 50 years old—not only limit the richness of sleep data routinely collected over hours if not days, but also contribute to costs and inefficiencies that could be improved with smarter utilization of more automated and sensitive procedures. Together, these gaps point to a critical need to leverage larger sets of multilevel data more comprehensively and rigorously to better define the complex and dynamic processes underlying sleep and wake states, the dysregulation of which results in sleep-related disorders. A further need is to better define disease subgroups, which ultimately may lead to tailored interventions that meet the goals of precision medicine. Advanced computational and analytical tools open the possibility to interrogate complex physiological and clinical problems at a scale and with precision and power not previously possible, and these tools are especially relevant for addressing the needs of sleep medicine. “Big data” are now routinely leveraged for far-ranging purposes from consumer marketing and fraud detection, to molecular biology, medical imaging, and cancer diagnostics. These approaches have the potential not just to automate existing manual procedures, but—perhaps more fundamentally—to also identify novel patterns, longitudinal trends, interactions, diagnostic signatures, subgroups, and other facets of sleep health that are presently hidden. To this end, the American Academy of Sleep Medicine recently charged an Artificial intelligence (AI) task force to address the role of AI in sleep medicine. Its two initial papers summarized the opportunities for sleep medicine to benefit from the application of AI—specifically machine learning (ML) tools—which require data sets typically with 1,000s, if not 10,000s, of observations [1, 2]. The task force highlighted the rich but under-utilized information contained within oscillations of sleep, cardiac, and respiratory signals: especially when coupled with demographic, behavioral, genetic and other biological, psychosocial, and lifestyle data, these methods can provide new approaches for diagnosis and patient management, and impact population health. The AASM reports highlighted five areas: (1) improving classification and diagnosis of sleep disorders; (2) predicting disease and treatment prognosis; (3) characterizing disease subtypes; (4) improving sleep scoring via automation; and (5) leveraging nightly PAP downloads for improved adherence support and intervention. Over the last year, SLEEP aimed to further catalyze interest in the role of novel ML tools and advanced signal processing of large data sets to “inform and transform translational and clinical sleep/circadian research and clinical practice.” Authors were invited to submit rigorous data-driven manuscripts using large data sets that address several topics. In total, 18 papers were published in volumes 43 and 44 of SLEEP. In the current SLEEP Virtual Issue https://academic.oup.com/sleep/pages/big-data-vi, we highlight 10 of those papers, selecting those that provide examples of responses to the following topics: New insights derived from big sets of objective sleep data (i.e. PSG, actigraphy) to understand the physiology of healthy sleep and pathophysiology of sleep disorders. Two papers are highlighted, both of which describe changes in sleep related to age and gender. In Hartmann et al. [3] describe an automated detection algorithm for cyclic alternating pattern (CAP), applied to evaluate sleep micro-architecture in nearly 3,500 older men women from two community cohorts. In addition to demonstrating the feasibility of the signal processing algorithm, the study showed that CAP rates and markers of EEG synchrony varied with age, gender, and sleep quality. Notably, while women had more slow wave sleep than men, they had fewer CAP A1 cycles, suggesting mechanisms for the higher frequency of subjective sleep concerns in women compared to men. Jonasdottir et al. [4] presented data on over 11 million nights of wearable activity monitoring data (as well as contextual information from a cell phone app) from nearly 70,000 adults from 47 countries. Using a set of highly effective graphs summarizing data for sleep duration and timing (including average and weekday/weekend variability) and wake after sleep onset (WASO) by age and gender, the authors demonstrate characteristic changes in multiple facets of sleep by both age and gender, and notable age and gender interactions. For example, at younger ages ( 55 years). Other changes in sleep patterns over the life course were observed, such as more variability in sleep timing and duration and social jetlag among younger adults, and a higher frequency of shorter sleep duration and nighttime awakenings in older adults. The app-related information suggested a role for caregiving in the disrupted sleep of women. While some misclassification of sleep with use of a wearable device is likely, the extremely large dataset, rigorous analytical approach, and comparability of results to estimates from external datasets that used more traditional measurements supports the value of this large-scale approach. Improving the accuracy of diagnosis of sleep disorders. Five articles are highlighted: two report the results of data-driven sleep stagers—one trained on traditional EEG sensors and the other that used ECG and respiratory sensors [5, 6]; one study reported the results of a sleep staging model developed specifically for patients with sleep apnea [7]; one report was of a ML approach for detecting obstructive sleep apnea [8]; and one report provided an example of an automatic feature detector (for K complexes) [9]. In Olesen et al., a deep neural network model was developed using 15,684 polysomnography studies from five cohorts that was evaluated across a range of scenarios [6]. The authors found that the highest levels of accuracy were for models that used data from all cohorts (e.g. accuracy 0.869 ± 0.064; Cohen’s kappa of 0.799 ± 0.098), with poorer performance when training the algorithm on only a single cohort. These results highlighted the need for access to large and diverse data sets for training and testing automated sleep stagers. In the study by Sun et al., a deep neural network trained on only ECG and respiratory effort channels showed good agreement for classifying sleep stage (Cohen’s kappa 0.585), although accuracy was lower when compared to models trained on EEG signals [5]. Notably, no loss of accuracy was observed according to age or presence of sleep apnea, suggesting utility for sleep stage assessments in clinical settings where EEG is not easily collected. The challenge of sleep staging where primary interest is in evaluating sleep disordered breathing was addressed by Korkalainen and colleagues [7]. Using only the photoplethysmogram (PPG) captured from a finger pulse oximeter, the authors showed the ability of a deep learning model to differentiate sleep stages (epoch-by-epoch accuracy of 80.1%). Their paper highlighted the untapped potential of signals routinely collected but not comprehensively mined for improving sleep apnea diagnostic information available with limited channel sleep apnea testing devices. Specifically, oximetry with PPG is widely used in home-based sleep apnea studies where lack of sleep duration data can result in underestimation of the Respiratory Event Index (REI). Including PPG data could improve REI estimation while also providing an estimate of apnea severity in REM sleep—a sleep apnea subphenotype particularly common in women [10] as well as one associated with hypertension risk [11]. Huang further addressed whether sleep apnea could be predicted using a combination of commonly collected demographics, sleep symptoms, anthropometric, and clinical data. Using a support vector machine-based prediction model and fivefold cross-validation in a sleep clinic sample from China, the authors reported that a model built with two (age, waist circumference) to six features predicted an AHI ≥5/h, ≥15/h, and ≥30/h with a sensitivity of 74%, 75%, and 70% and specificity 75%, 69%, and 70%, respectively [8]. Their data-driven approach outperformed other published questionnaire-based screening tools in their sample; however, this approach needs further external validation. Finally, Lechat and colleagues applied a deep neural network and a Gaussian process to identify K complexes, showing that an automated procedure had excellent discrimination for detecting this feature of N2 sleep and arousal, and was able to characterize K complex morphology and density [9]. The authors reported characteristic changes in K complex density and morphology by sleep cycle and age, and suggested that automated detection of EEG features may both provide insight into sleep mechanisms as well as tools for use in sleep scoring quality control. Using big data to better understand and predict uptake, response, and adherence to treatments. Wickwire and colleagues [12] analyzed data from 29,072 older adult Medicare beneficiaries diagnosed with obstructive sleep apnea, identifying 7,111 (24.5%) who initiated CPAP, 3,229 of whom were aged 65 and older. Only 44% of the latter sample maintained possession of CPAP machines by 13 months, with Medicaid eligibility (a proxy for lower SES) the strongest predictor of low adherence. The persistent challenges in optimizing CPAP use among patients with sleep apnea underscores the need for further research to identify levers for improving treatment adherence. There is a critical need for the huge amounts of adherence data that are routinely collected to be linked to other key individual-level data and made more readily available for research both in real time (to promote early intervention) as well as via static downloads. Using big data to identify distinct subgroups of patients or trait clusters. Subphenotyping heterogenous groups of patients according to underlying physiological endotype characteristics has been limited by the technical requirements posed by collecting in-depth respiratory and arousal data which then are analyzed using complex signal processing algorithms. Finnsson and colleague present and validate a method for computing key physiological endotypes—loop gain, arousal threshold, and several other ventilatory parameters, showing that the endo-Phenotyping Using Polysomnography method of Dr Scott Sands et al. can be implemented in a cloud-based environment [13]. Use of sleep/circadian parameters as predictors of future physical and mental health. In a longitudinal epidemiological study, Williamson and colleagues applied structural equation modeling to almost 5,000 children ages 5–13 years, measured across multiple waves of data collection [14]. Repeated data on behavioral child sleep problems, internalizing and externalizing symptoms, and health-related quality of life (HRQoL) were collected. Using this rich design, the authors tested for potential bi-directional associations, finding that their data were most consistent with behavioral sleep problems forecasting worse subsequent psychosocial and physical HRQoL. While longitudinal analyses are critical for understanding the natural history of sleep disorders and dissecting causal associations, there is an unfortunate lack of data sets with repeated sleep measurements. Efforts at prospective studies with comprehensive, repeated measurements are needed to realize sleep/circadian parameters as predictors of future outcomes. Overall, from these papers, we see the promise of ML models for predicting sleep stages, sleep microarchitecture, individual features of the EEG, and sleep apnea, often successful with analysis of only a reduced set of signals or data, enhancing feasibility for larger scale data collection. We also see potential for further mining of administrative, clinical, and epidemiological data sets and use of widely available wearable sensors for sleep monitoring, with opportunities to increase knowledge of the factors contributing to health disparities, to better characterize sleep disorder heterogeneity, to identify the effectiveness of alternative sleep interventions, to discover molecular mechanisms underlying sleep traits, and to predict sleep-related outcomes. In this call for papers, we received few or no responses to several of these topics, however. Specifically, the following areas were under-represented: (1) Using big data to inform and improve treatment and management of sleep and circadian disorders; (2) The use of big data and “omic” technologies (e.g. epigenomics, genomics, metabolomics, microbiomics, transcriptomics, and proteomics) in sleep and circadian sciences; and (3) Implementation of sleep therapies in the real world, including factors related to patients, providers, and the health care system that impact the use of effective sleep therapies; health care utilization; and cost of treated versus untreated sleep disorders. The lack of response may be due to the current challenges in fully integrating sleep data with real world clinical data and genomics. We did see examples of the power for deep learning models to produce accurate predictions, as well as the limitations of the “black box” outputs from these models, which often do not reveal the features driving prediction, limiting interpretability, and precluding identification of biological mechanisms. The deep learning models reported were generally comprised of less than 10,000 observations, while the most robust neural networks usually require massive datasets not available for most sleep data. This virtual issue of SLEEP also highlights the potential for Sleep-Omics. While the suffix omics was originally adopted to studies of molecular data that define complex structural and functional biological interrelationships, other omics have emerged, such as “spiro-omics” (lung biology) and “food-omics” (food and nutrition). More specifically, omics aims to achieve an improved understanding of a given phenomenon by applying multiple levels of analyses to numerous streams of data, each often of different scale and content. One may argue the polysomnography represents an early example of omics by integrating multiple physiological signals collected over hours and across different sleep stages. An improved understanding of the complex nature and impact of sleep and sleep disorders may be further achieved by a “Sleep-Omics” approach that more comprehensively integrates information on multiple relevant upstream genetic and environmental exposures, behaviors, and physiological inputs (e.g. overnight blood pressure), as well as data on downstream effects of sleep on gene expression, methylation, behaviors, and clinical and physiological outcomes. In addition to polysomnography, data sources for these multiple-level analyses may include data from wearables, medical devices used for both sleep treatments (PAP) as well as for other purposes that incidentally collect relevant data (e.g. implantable cardiac defibrillators), geographic-area data, medical records, patient-reported outcome survey data, imaging markers of sleep/brain function and biomarker and multi-genomic markers, and others. While the articles in the virtual issue show several promising applications of big data, especially in relationship to automated sleep scoring, no study addressed the full range of potential Sleep-Omics applications (e.g. with genomic/imaging integration) and there were only limited examples of data derived from clinical sources or applied to population health. Often analyzed samples were a magnitude smaller than optimal for ML algorithms (raising concerns regarding studies did not report cross-validation in as needed to and A further critical issue is that data” in sleep medicine not only access to large data but also robust and analytical tools that can be implemented at and are and to the In the on methods often be with which also have the of improving the and of the do we to the data needed for a Sleep-Omics Our call for the collection of key sleep data in clinical settings according to primary care sleep but may include sleep data and as well as the sleep and that those data be into the health in machine is that many health care routinely collected sleep studies within clinical records using that are to find and there is a need for PAP adherence data and sleep that are by be made more generally available as research data, finding for and As patients are using wearables, those data also be more readily and in the clinical records, of recent tools and approaches developed by the of and other The sleep community also needs to more and support of research sleep data to and large and diverse sleep data sets to the research We the Sleep which many sleep data with their and tools and sleep to of polysomnography and The over of sleep data with a diverse community and using a but data In of the 10 articles in this issue used data. data could be more leveraged for Sleep-Omics by further with other data, longitudinal and data. To achieve the latter to and with cloud-based which provide a data that diverse research data from multiple cohorts. As these data sets are be critical that all are made to of data on limited data sets can health as well as that the used to data are accurate and that data are to address changes in disease management and clinical care and other longitudinal the and more of sleep data within clinical with research on of sleep-focused data with imaging, molecular and longitudinal clinical provide the community the tools and data needed to the of sleep and the for improving patient care and population health. and received support from the of and The authors have to",2021,2021-04-24,article,en,https://openalex.org/W3156416440,False,0,epigenomics_plus_downstream;genomics_plus_other;metabolomics_plus_microbiomics;proteomics_plus_downstream;transcriptomics_plus_downstream,True,True,True,True
doi:10.1097/js9.0000000000004770,doi:10.1097/js9.0000000000004770,semantic_scholar,semantic_scholar,b0c3af603cde892b7ae3e0e0b875dd38c34ef325,10.1097/js9.0000000000004770,41570284,13105570,Multi-omics analysis identifies TBCB as a therapeutic target in sepsis-induced liver injury,"Background: This study aimed to identify potential therapeutic targets for sepsis and elucidate the underlying molecular mechanisms, with a particular focus on the liver as a key target organ for experimental validation. Methods: Here, two sequential studies were conducted to uncover and characterize therapeutic targets involved in sepsis-induced liver injury. In Study 1, a proteome-wide Mendelian randomization (MR) analysis was performed using protein quantitative trait loci from deCODE (n = 35 559 Icelanders), UK Biobank (n = 54 219), ARIC (n = 7213 European Americans; n = 1871 African Americans), AGES-Reykjavik (n = 5368 Icelanders), and Fenland (n = 10 708 European ancestry). These datasets were integrated with a sepsis genome-wide association study (GWAS) (FinnGen R12; n = 17 133 cases and 439 048 controls) to identify causal protein candidates. Subsequently, summary-data-based MR was performed. The analysis was based on data from eQTLGen (n = 31 684), GTEx v8 (n = 838 donors), and sepsis GWAS (FinnGen R12; UK Biobank, n = 11 643 cases/474 841 controls). Its goal was to prioritize genes concordant with protein signals. Expression of the candidate was then validated in vivo and in vitro. In Study 2, a metabolite GWAS (n = 8299) was used to investigate metabolic mediation and perform pathway enrichment analysis. Finally, potential small-molecule therapeutics predicted to modulate the prioritized target were identified. Results: Integrated multi-omics analyses identified tubulin-folding cofactor B (TBCB) as a promising therapeutic target for sepsis. Quantitative analyses in both in vivo and in vitro models consistently demonstrated significant upregulation of TBCB during sepsis-induced liver injury. Functional knockdown of TBCB significantly attenuated inflammatory signaling. Mechanistically, TBCB appears to contribute to sepsis progression by modulating intracellular lipid metabolism and metabolic homeostasis. Furthermore, molecular docking and dynamics simulations predicted several small molecules for TBCB, suggesting potential therapeutic value. Conclusion: This study identifies TBCB as a central regulator of sepsis pathogenesis, especially in sepsis-induced liver injury. These findings provide novel mechanistic insights and a promising therapeutic target for intervention.",2026,2026-01-23,JournalArticle,,https://www.semanticscholar.org/paper/b0c3af603cde892b7ae3e0e0b875dd38c34ef325,False,0,,True,False,True,False
doi:10.1101/2022.02.14.480397,doi:10.1101/2022.02.14.480397,semantic_scholar,semantic_scholar,1fc66457bd199a9873c308de71967df324669c2c,10.1101/2022.02.14.480397,,,Single-cell transcriptomic and proteomic analysis of Parkinson’s disease Brains,"Parkinson’s disease (PD) is a prevalent neurodegenerative disorder where recent evidence suggests pathogenesis may be mediated by inflammatory processes. The molecular architecture of the disease remains to be fully elucidated. We performed single-nucleus transcriptomics and unbiased proteomics using postmortem tissue obtained from the prefrontal cortex of 12 individuals with late-stage PD and age-matched controls. We analyzed ∼80,000 nuclei and identified eight major cell types, including brain-resident T cells, each with distinct transcriptional changes in line with the known genetics of PD. By analyzing Lewy body pathology in the same postmortem tissue, we found that α-synuclein pathology is inversely correlated with chaperone expression in excitatory neurons. Examining cell-cell interactions, we found a selective abatement of neuron-astrocyte interactions and enhanced neuroinflammation. Proteomic analyses of the same brains identified synaptic proteins in prefrontal cortex that were preferentially downregulated in PD. Strikingly, comparing this dataset to a regionally similar published analysis for Alzheimer’s disease (AD), we found no common differentially expressed genes in neurons, but identified many shared differentially expressed genes in glial cells, suggesting that disease etiology in PD and AD are likely distinct. These data are presented as a resource for interrogating the molecular and cellular basis of PD and other neurodegenerative diseases. One Sentence Summary We provide an extensive single cell analysis profiling nearly 80,000 brain nuclei from prefrontal cortex of late-stage Parkinson’s disease brains, demonstrate that α-synuclein pathology is inversely correlated with chaperone expression in excitatory neurons, found a selective abatement of neuron-astrocyte interactions with enhanced neuroinflammation, and augmented the study with proteomic analysis and cross-comparisons with Alzheimer’s disease datasets, providing valuable insights into the pathways of neurodegeneration and a deep definition of the underlying molecular pathology for Parkinson’s disease.",2022,2022-02-14,,,https://www.semanticscholar.org/paper/1fc66457bd199a9873c308de71967df324669c2c,False,0,,True,False,True,False
doi:10.1101/2024.06.04.597496,doi:10.1101/2024.06.04.597496,openalex,europepmc;openalex;pubmed;semantic_scholar,https://openalex.org/W4399379159,10.1101/2024.06.04.597496,,,Multi-omic phenotyping of MAPT V337M neurons reveals early changes in axonogenesis and tau phosphorylation,"Abstract Tau aggregation is a hallmark of several neurodegenerative diseases, including Alzheimer’s disease and frontotemporal dementia. There are disease-causing variants of the tau-encoding gene, MAPT , and the presence of tau aggregates is highly correlated with disease progression. However, the molecular mechanisms linking pathological tau to neuronal dysfunction are not well understood. This is in part due to an incomplete understanding of the normal functions of tau in development and aging, and how the associated molecular and cellular processes change in the context of causal disease variants of tau. To address these questions in an unbiased manner, we conducted multi-omic characterization of iPSC-derived neurons harboring the MAPT V337M mutation or MAPT knockdown. RNA-seq, ATAC-seq, and phosphoproteomics revealed that both V337M mutation and tau knockdown perturbed levels of transcripts and phosphorylation of proteins related to axonogenesis or axon morphology. When we directly measured axonogenesis, we found that both MAPT V337M and MAPT knockdown caused decreased axon length. Surprisingly, we found that neurons with V337M tau had much lower tau phosphorylation than neurons with WT tau. CRISPR-based screens uncovered regulators of tau phosphorylation in neurons and found that factors involved in axonogenesis modified tau phosphorylation in both MAPT WT and MAPT V337M neurons. Intriguingly, the p38 MAPK pathway specifically modified tau phosphorylation in MAPT V337M neurons. We propose that V337M tau perturbs tau phosphorylation and axon morphology pathways that are relevant to the normal function of tau in development, which could contribute to previously reported cognitive changes in preclinical MAPT variant carriers.",2024,2024-06-06,preprint,en,https://openalex.org/W4399379159,True,3,epigenomics_plus_downstream;explicit_multiomics,True,True,True,True
doi:10.1101/2025.08.30.673115,doi:10.1101/2025.08.30.673115,europepmc,europepmc;semantic_scholar,PPR:PPR1073836,10.1101/2025.08.30.673115,,,Multi-modal atlas of lifestyle interventions reveals malleability of ageing-linked molecular features,"Summary Extending human healthspan requires understanding how lifestyle interventions impact molecular systems across tissues and time. Here, we present the TirolGESUND Lifestyle Atlas (ClinicalTrials.gov: NCT05678426 ), a longitudinal, multi-modal resource profiling 156 healthy women (aged 30-60 years) undergoing 6-month intermittent fasting (n=114) or smoking cessation (n=42) interventions. Participants were sampled up to four times across seven tissues and fluids, generating >3,450 biospecimens with harmonised DNA methylation, metabolomics, microbiome, and immune profiling, alongside skin histology, barrier measurements, and rich clinical metadata. We demonstrate the utility of this dataset through: (i) multi-omics-wide association studies linking traits to molecular features; (ii) integrative factor modelling revealing coordinated cross-tissue signatures; (iii) epigenetic-biomarker cross-omic associations, and (iv) CpG-level variance decomposition mapping stable, individual-specific, tissue-restricted, and intervention-responsive methylation patterns. We further show that ageing-linked features are selectively malleable: highly compliant intermittent fasting participants exhibited attenuated or even age-opposing molecular trajectories within six months. The atlas enables unprecedented within-cohort comparisons across omic layers and tissues, supporting discovery of context-dependent biomarkers, cross-system coordination, and intervention responsiveness. Data are available via an interactive portal, with sensitive data under controlled access ( https://eutops.github.io/lifestyle-atlas/ ). This resource provides a foundation for exploring biomarker association and multi-tissue epigenetics, enabling hypothesis generation and benchmarking for systems biology and human healthspan research. Graphical abstract Highlights Multi-tissue multi-modal profiling of two clinically-relevant lifestyle interventions in 156 women aged 30-60 Intermittent fasting modifies ageing-linked molecular features in an age-opposing direction Cross-tissue epigenetic biomarker mapping links immunity, metabolism, and microbiome Tissue-specific epigenetic plasticity maps reveal candidate meQTLs, Data sharing and interactive portal enable broad reuse for hypothesis generation and exploration",2025,2025-09-01,Preprint,,https://europepmc.org/article/PPR/PPR1073836,True,1,,True,True,True,True
doi:10.1111/acel.13173,doi:10.1111/acel.13173,europepmc,europepmc;openalex;pubmed;scopus,MED:32573059,10.1111/acel.13173,32573059,PMC7433007,The NSD2/WHSC1/MMSET methyltransferase prevents cellular senescence-associated epigenomic remodeling.,"Senescent cells may possess the intrinsic programs of metabolic and epigenomic remodeling, but the molecular mechanism remains to be clarified. Using an RNAi-based screen of chromatin regulators, we found that knockdown of the NSD2/WHSC1/MMSET methyltransferase induced cellular senescence that augmented mitochondrial mass and oxidative phosphorylation in primary human fibroblasts. Transcriptome analysis showed that loss of NSD2 downregulated the expression of cell cycle-related genes in a retinoblastoma protein (RB)-mediated manner. Chromatin immunoprecipitation analyses further revealed that NSD2 was enriched at the gene bodies of actively transcribed genes, including cell cycle-related genes, and that loss of NSD2 decreased the levels of histone H3 lysine 36 trimethylation (H3K36me3) at these gene loci. Consistent with these findings, oncogene-induced or replicative senescent cells showed reduced NSD2 expression together with lower H3K36me3 levels at NSD2-enriched genes. In addition, we found that NSD2 gene was upregulated by serum stimulation and required for the induction of cell cycle-related genes. Indeed, in both mouse and human tissues and human cancer cell lines, the expression levels of NSD2 were positively correlated with those of cell cycle-related genes. These data reveal that NSD2 plays a pivotal role in epigenomic maintenance and cell cycle control to prevent cellular senescence.",2020,2020-06-22,"Research Support, Non-U.S. Gov't; research-article; Journal Article",eng,https://europepmc.org/article/MED/32573059,False,3,,True,True,True,True
doi:10.1111/eci.70147,doi:10.1111/eci.70147,pubmed,pubmed;scopus,41239829,10.1111/eci.70147,41239829,PMC12820923,Integrated biomarker landscape for the early detection and management of calcific aortic valve disease.,"Calcific aortic valve disease (CAVD) is the predominant valvular pathology in older adults, advancing from aortic sclerosis to life-threatening stenosis. Without effective medical therapies, intervention mainly relies on timely valve replacement, although silent myocardial and valvular damage may progress before symptoms arise. Early, non-invasive detection of disease activity is a crucial unmet need. To review circulating and mechanistic biomarkers reflecting the core pathogenic pathways of CAVD and asses their potential for early detection and patient-specific risk stratification. Narrative review of literature focusing on traditional protein biomarkers, emerging non-coding RNAs, and extracellular vesicles (EVs) associated with lipid oxidation and inflammation, bone and mineral metabolism, extracellular matrix (ECM) remodelling, endothelial dysfunction and non-coding RNA regulation. Traditional protein biomarkers-such as lipoprotein(a), osteopontin, fetuin-A, galectin-3 and matrix metalloproteinases-offer insights into the disease and correlate with disease burden but lack sensitivity for detecting early-stage CAVD. Emerging non-coding RNA markers, including long non-coding RNAs (lncRNAs) and microRNAs (like miR-30b and miR-125b), show promise as predictive and diagnostic tools by mediating key molecular pathways involved in calcification and inflammation. EVs, which carry proteins, lipids and nucleic acids across all pathogenic pathways, provide stable and comprehensive signatures that enhance risk stratification compared to conventional markers. Notably, no single biomarker has demonstrated sufficient sensitivity or specificity across all stages of the disease. Combining proteins, RNAs and EV cargo into integrative, multimodal panels-supported by proteomics and transcriptomics-provides the greatest potential for early detection and patient-specific management. However, further validation in prospective cohorts and standardization of assays are necessary before clinical implementation. Biomarker-guided approaches could revolutionize CAVD management by enabling early detection and patient stratification before irreversible valvular damage occurs.",2025,2025-11-15,Journal Article; Review,eng,https://pubmed.ncbi.nlm.nih.gov/41239829/,False,1,,True,False,True,False
doi:10.1126/sciadv.aeb5599,doi:10.1126/sciadv.aeb5599,semantic_scholar,semantic_scholar,7201d041181fde5c2f0b68857b99e23efd29ac44,10.1126/sciadv.aeb5599,42018634,13101872,High altitude–mediated immune remodeling accelerates aging,"High altitude–associated pathophysiological processes may potentially accelerate aging trajectory, while evidence remains limited. We present immune landscape characterization in human populations residing at 3656-meter (Lhasa) and 5070-meter (Tuiwacun) elevations on the Qinghai-Tibet Plateau, complemented by multiorgan single-cell RNA sequencing and spatially enhanced resolution omics sequencing (Stereo-seq) of mice under simulated 5000-meter hypoxic conditions. Comparative analysis revealed significantly elevated neutrophil proportions in high-altitude population (HAP) cohorts relative to low-altitude population cohorts. Notably, aging-associated immune cells (AICs) including exhausted T cells, age-associated B cells, and high-aging-score immune cells showed marked enrichment in HAP cohorts, a pattern conserved in mouse models. Stereo-seq analyses further identified coordinated niche interactions between AICs and aging-related intestinal epithelial cells, suggesting accelerated gut aging trajectories. Our work establishes the multiomics framework for high-altitude immune remodeling while providing mechanistic insights into high altitude–associated pathophysiological processes.",2026,2026-04-22,JournalArticle,,https://www.semanticscholar.org/paper/7201d041181fde5c2f0b68857b99e23efd29ac44,False,0,,True,True,True,True
doi:10.1152/physiolgenomics.00119.2023,doi:10.1152/physiolgenomics.00119.2023,pubmed,pubmed,39037434,10.1152/physiolgenomics.00119.2023,39037434,PMC11460537,Genetic drivers of age-related changes in urinary magnesium excretion.,"Although age-dependent alterations in urinary magnesium (Mg 2+ ) excretion have been described, the underlying mechanism remains elusive. As heritability significantly contributes to variations in urinary Mg 2+ excretion, we measured urinary Mg 2+ excretion at different ages in a cohort of genetically variable Diversity Outbred (DO) mice. Compared with animals aged 6 mo, an increase in Mg 2+ excretion was observed at 12 and 18 mo. Quantitative trait locus (QTL) analysis revealed an association of a locus on chromosome 10 with Mg 2+ excretion at 6 mo of age, with Oit3 (encoding oncoprotein-induced transcript 3; OIT3) as our primary candidate gene. To study the possible role of OIT3 in renal Mg 2+ handling, we generated and characterized Oit3 knockout ( Oit3 -/- ) mice. Although a slightly lower serum Mg 2+ concentration was present in male Oit3 -/- mice, this effect was not observed in female Oit3 -/- mice. In addition, urinary Mg 2+ excretion and the expression of renal magnesiotropic genes were unaltered in Oit3 -/- mice. For animals aged 12 and 18 mo, QTL analysis revealed an association with a locus on chromosome 19, which contains the gene encoding TRPM6, a known Mg 2+ channel involved in renal Mg 2+ reabsorption. Comparison with RNA sequencing (RNA-Seq) data revealed that Trpm6 mRNA expression is inversely correlated with the QTL effect, implying that TRPM6 may be involved in age-dependent changes in urinary Mg 2+ excretion in mice. In conclusion, we show here that variants in Oit3 and Trpm6 are associated with urinary Mg 2+ excretion at distinct periods of life, although OIT3 is unlikely to affect renal Mg 2+ handling. NEW & NOTEWORTHY Aging increased urinary magnesium (Mg 2+ ) excretion in mice. We show here that variation in Oit3 , a candidate gene for the locus associated with Mg 2+ excretion in young mice, is unlikely to be involved as knockout of Oit3 did not affect Mg 2+ excretion. Differences in the expression of the renal Mg 2+ channel TRPM6 may contribute to the variation in urinary Mg 2+ excretion in older mice.",2024,2024-07-22,"Journal Article; Research Support, Non-U.S. Gov't; Research Support, N.I.H., Intramural",eng,https://pubmed.ncbi.nlm.nih.gov/39037434/,False,0,,True,True,True,True
doi:10.1158/1538-7445.sabcs18-pd2-09,doi:10.1158/1538-7445.sabcs18-pd2-09,semantic_scholar,semantic_scholar,516b73a0c143506c0e966a7fcb4c3d7534b2fc5e,10.1158/1538-7445.sabcs18-pd2-09,,,Abstract PD2-09: High-throughput phosphoproteomics (HTPS) in neoadjuvant (NEO) breast cancer (BC) reveals clusters of extreme sensitivity to paclitaxel (T),"Background: NGS has elucidated the mutational landscape in BC. However, the correlation between mutational landscapes and complex phenotypic traits such as drug response is yet unclear. The genomic and transcriptomic aberrations coalesce into a diverse number of phosphorylation-driven patterns of activation of the proteome. These patterns are and associated to clinical outcomes of interest. The specific nature of the phosphopeptides in a profile versus another can be driven by a small number of activated kinases. In the past we relied on mass-spectrometry-based HTPS to build a kinase-based classification of triple-negative breast cancer (TNBC, Nat. Comms, in press), which is more parsimonious than gene-centered classifications and uncovers new actionable targets. We implemented this methodology to find predictors of response to T in early BC. Methods: Training set: fresh baseline and day+15 tumor biopsies form a trial in NEO HER2-negative BC (N=139) that randomized patients to T (80 mg/m2 weekly x12) plus placebo or nintedanib (150 mg b.i.d) were processed with a hybrid ion trap-orbitrap mass spectrometer after TiO2 phospho-enrichment. Phosphoprofiles were compared pair-wise according to the following factors: day 0 versus day + 15, standard versus experimental arm, pathologic response Symmans/Pusztai (Symmans) 0/1 vs 2/3. Kinases driving each phosphoprofile were solved by an in silico algorithm termed kinase-set enrichment analysis (KSEAS). Validation set: an in-house designed and previously validated mass-spectrometry-to-immunohistochemistry translation algorithm was used to validate the kinases enriched in the profiles from the baseline samples of patients achieving Symmans 0/1 (pCR) or Symmans=3 in the training set. Probes against those kinases were validated in an independent dataset of 160 HER2-negative patients receiving NEO T followed by AC. H-score of each activated kinase was divided in quartiles (Q1 to Q4), and upper-quartiles (Q1) of each kinase were tested in a multivariate logistic regression model to predict pCR adjusted by T, N, age, G, ER/PR and Ki67. Results: >2.5 millions of spectra were captured, identifying >35000 unique phosphopeptides mapping to >2500 unique proteins per sample. Training set: KSEAS revealed that a high activity of CDK4 and pP70S6K drove the baseline phosphoprofiles of the patients obtaining pCR in the T arm, whereas pSTAT3, pSrc and BARD drove that of the patients achieving Symmans= 3. In the validation set, H-score cut-offs for Q1 were 1.21, 0.69, 0.79, 1.64 and 1.54 for pP70S6K, CDK4, pSTAT3, pSrc and BARD. TNBC patients with Q1 pP70S6K or Q1 CDK4 achieved pCR in 100% of the cases (versus 45% in Q2-4). In the HR+ cases, the pCR rate for Q1 patients was 50% and 61% respectively. In the multivariate model (all patients), having Q1 pP70S6K or CDK4 multiplied by 2.3- and 3.6-fold, respectively, the probability of achieving pCR (P Conclusions: HTPS is a useful tool to find associations with complex traits. TNBC and HR+ patients with high pP70S6K or CDK4 receiving NEO T-based chemotherapy achieve very high rates of pCR. Citation Format: Quintela-Fandino M, Lluch A, Manso L, Calvo I, Cortes J, Garcia-Saenz JA, Zagorac I, Tapial-Martinez P, Gomez-Lopez G, Fustero C, Munoz J, Gonzalez-Cortijo L, Mouron S. High-throughput phosphoproteomics (HTPS) in neoadjuvant (NEO) breast cancer (BC) reveals clusters of extreme sensitivity to paclitaxel (T) [abstract]. In: Proceedings of the 2018 San Antonio Breast Cancer Symposium; 2018 Dec 4-8; San Antonio, TX. Philadelphia (PA): AACR; Cancer Res 2019;79(4 Suppl):Abstract nr PD2-09.",2019,2019-02-15,,,https://www.semanticscholar.org/paper/516b73a0c143506c0e966a7fcb4c3d7534b2fc5e,False,0,,True,False,False,False
doi:10.1161/hypertensionaha.123.19943,doi:10.1161/hypertensionaha.123.19943,semantic_scholar,semantic_scholar,3a9bc189dde1126e9877e4df4d13f351ffc3b855,10.1161/hypertensionaha.123.19943,38044814,10734789,"Cerebral Small Vessel Disease, Hypertension, and Vascular Contributions to Cognitive Impairment and Dementia","Hypertension-associated cerebral small vessel disease is a common finding in older people. Strongly associated with age and hypertension, small vessel disease is found at autopsy in over 50% of people aged ≥65 years, with a spectrum of clinical manifestations. It is the main cause of lacunar stroke and a major source of vascular contributions to cognitive impairment and dementia. The brain areas affected are subcortical and periventricular white matter and deep gray nuclei. Neuropathological sequelae are diffuse white matter lesions (seen as white matter hyperintensities on T2-weighted magnetic resonance imaging), small ischemic foci (lacunes or microinfarcts), and less commonly, subcortical microhemorrhages. The most common form of cerebral small vessel disease is concentric, fibrotic thickening of small penetrating arteries (up to 300 microns outer diameter) termed arteriolosclerosis. Less common forms are small artery atheroma and lipohyalinosis (the lesions described by C. Miller Fisher adjacent to lacunes). Other microvascular lesions that are not reviewed here include cerebral amyloid angiopathy and venous collagenosis. Here, we review the epidemiology, neuropathology, clinical management, genetics, preclinical models, and pathogenesis of hypertensive small vessel disease. Knowledge gaps include initiating factors, molecular pathogenesis, relationships between arterial pathology and tissue damage, possible reversibility, pharmacological targets, and molecular biomarkers. Progress is anticipated from multicell transcriptomic and proteomic profiling, novel experimental models and further target-finding and interventional clinical studies.",2023,2023-11-29,Review; JournalArticle,,https://www.semanticscholar.org/paper/3a9bc189dde1126e9877e4df4d13f351ffc3b855,False,0,,True,False,True,False
doi:10.1182/blood-2018-99-118393,doi:10.1182/blood-2018-99-118393,semantic_scholar,semantic_scholar,f447edc1b8ec6b879a2e4ceaa3360a54da215ad1,10.1182/blood-2018-99-118393,,,Loss of Abelson Interactor-1 Is Linked to Inflammatory Hematopoiesis and Accelerated Aging of Hematopoietic System,"Background: Hematopoietic stem cells (HSC) ensure homeostasis and lifelong maintenance of hematopoietic system, but with age, they gradually lose quiescence, self-renewal potential, and system restoration capacity. HSC aging results in a differentiation shift towards myeloid lineage, anemia, thrombocytosis, decrease in T and B cells, imbalance in macrophage function, and increased osteoclast activity. Mechanisms involved in HSC aging include increased mTOR activity and ROS production, impaired autophagy, epigenetic reprograming, and cumulative DNA damage. Intriguingly, cellular and molecular similarities between aging and inflammation have led to a novel concept of ""inflammation-associated aging of hematopoiesis"". Understanding the molecular mechanisms responsible for this process may impact strategies targeting age-related diseases, including neoplasms. However, to date only few primary animal models of inflammation have shown bone marrow failure, so new animal models need to be established to provide mechanistic insight into the long-term implications of chronic inflammation on the hematopoietic system. We have previously shown that bone marrow-specific deletion of an adapter protein Abelson interactor-1 (Abi1) leads to a myeloproliferative neoplasm (MPN)-like disease in 35-56-week-old mice, mechanistically associated with increased activity of Src Family Kinases (SFKs), STAT3 and NF-κB. At both transcript and protein levels, Abi-1 is also significantly reduced in HSCs and granulocytes from patients with primary myelofibrosis (PMF), and Abi-1-deficient HSC in human PMF show increased SFK-STAT3-NF-κB signaling (Chorzalska, ASH 2017). Methods: Myeloid/lymphoid, stem/progenitor populations profiling by FACS, bone marrow transplantation assays, transcriptomics and proteomics analyses as well pro-inflammatory cytokine profiling and histopathology analyses were performed on the transgenic Abi-1KO mice carrying bone marrow-selective knockout at 4 weeks post-recombination, upon confirming both inducible inactivation of the Abi1flox allele and loss of Abi-1 protein in the marrow (Fig.1A, B). Results: To better understand initial systemic events that lead to the development of MPN-like disease in aged Abi-1KO mice we have now characterized early changes within the hematopoietic system associated with loss of Abi-1. Blood count analysis indicated leukocytosis, anemia and thrombocytosis, and an increase in the fraction of myeloid (CD11b+/Gr-1+) as well as macrophage/monocyte (F4/80+) cells at the expense of lymphoid (B220+) cells in Abi-1KO relative to Abi-1WT mice (Fig.1C). Previously reported 2.6-fold increase in Abi-1KO LT-HSCs (Chorzalska, ASH 2017) was now shown to be associated with 30% increase in number of LT-HSCs is in the S/G2/M phases of the cell cycle relative to Abi-1WT LT-HSCs (Fig. 1D). Lethally irradiated recipient C57BL/6 wild-type mice transplanted with bone marrow cells from Abi-1KO relative to Abi-1WT mice (in the absence of competitor cells) showed progressive loss of chimerism in primary and secondary recipients (Fig. E). Genome-wide gene expression analysis of Abi-1WT vs. Abi-1KO LSK cells showed significant overexpression of genes regulated by or involved in regulation of the NF-κB pathway (Fig. 1F). Plasma cytokine levels showed 2-fold increase in IL-1B, IL-12, IL-17, IL-23, IL-27, and MCP-1 and nearly 10-fold increase in INFγ (Fig. 1G). Label-free, intensity-based quantitative proteomic analysis of bone marrow from 20-week-old Abi-1KO and Abi-1WT mice showed abundance of peptides derived from Mac-1, myeloperoxidase, STAT1, STAT3, and SFKs - Hck and Fgr, confirming not only activation of SFKs and STAT3 signaling, but also increase in proteins associated with myeloid lineages (Fig. 1H). Loss of bone density (Fig. 1I) and a significant decrease in thymus size (Fig. 1J) were observed in Abi-1KO mice relative to Abi-1WT mice. Conclusions: In sum, phenotypic analyses performed 4-10-weeks post Abi1 gene inactivation indicate changes consistent with accelerated aging of hematopoietic system that are mechanistically linked to inflammatory SFK-STAT3-NF-κB signaling. To our knowledge this is the first animal model linking accelerated inflammation-driven aging of hematopoietic system to development of an MPN in aged mice. Olszewski: Genentech: Research Funding; TG Therapeutics: Research Funding; Spectrum Pharmaceuticals: Consultancy, Research Funding. Reagan:Pfizer: Research Funding; Alexion: Honoraria; Takeda Oncology: Research Funding.",2018,2018-11-29,,,https://www.semanticscholar.org/paper/f447edc1b8ec6b879a2e4ceaa3360a54da215ad1,False,0,,True,True,True,True
doi:10.1182/blood-2025-4980,doi:10.1182/blood-2025-4980,semantic_scholar,semantic_scholar,de4329314a4a65dab2185daf635805c53eba44aa,10.1182/blood-2025-4980,,,Imputing causality from single-cell transcriptomics in paroxysmal nocturnal hemoglobinuria,"Background Paroxysmal nocturnal hemoglobinuria (PNH) is a rare life-threatening acquired disease, clinically manifest as intravascular hemolysis, bone marrow (BM) failure, and venous thrombosis. PNH originates in hematopoietic stem cells (HSCs) from somatic mutation of the phosphatidylinositol glycan class A (PIGA) gene, which interrupts synthesis of the glycosylphosphoinositol (GPI) moiety and failure to express GPI-anchored cell surface proteins (GPI-AP). In immune-mediated marrow failure, PIGA-mutated (mtPIGA) HSCs clonally expand and can represent the majority of peripheral blood mature cells in PNH patients, but most GPI-AP deficient (GPI(-)) PNH clones are small and stable over time. Several hypotheses have been proposed to explain the clonal expansion of mtPIGA clones, but definitive mechanisms remain unclear. We performed single-cell RNA sequencing (scRNA-seq) of BM cells from patients with large (≥ 50%) and small (10-50%) PNH clones. Method BM from eight patients (male, n = 2, female, n = 6; median age, 43 [range, 21-67]) were divided into two groups according to PNH clone size at sample collection: five patients had large PNH clones (≥ 50% of GPI(-) HSPCs) and three had small PNH clones (10-50% of GPI(-) HSPCs). BM samples were obtained from the eight patients and five age- and sex-matched healthy donors. Flow cytometric sorting of GPI(-) and GPI(+) cells from subjects was performed immediately following isolation of BM mononuclear cells (BMMNCs). Sorted cells were processed through Chromium Controller (10x genomics, Pleasanton, CA, USA). scRNA-Seq libraries were constructed using the Chromium Single Cell 3' Reagent Kits (10x genomics) and sequenced with the NovaSeq 6000 system (Illumina, San Diego, CA, USA). Results As expected, gene expression profiles of HSPCs from PNH patients and healthy controls were different by scRNA-seq analysis, but differences were also apparent between GPI(-) and GPI(+) HSPCs within each patient, and notably between HSPCs from patients with small and large PNH clones. We determined gene expression profiles of each HSPC subset in patients with large PNH clones: by gene set enrichment analysis (GSEA) of differentially expressed genes between GPI(+) vs GPI(-) HSPCs, upregulation of immune response pathways and downregulation of cell-cycling pathways were observed in GPI(+) HSPCs (consistent with our previous results from array data, Chen G et al, Leukemia. 2005;19(5) 862-8). When we compared patients with small and large clones, we were surprised to observe downregulation of genes involved in immune response pathways and upregulation of genes involved in cell-cycling pathways in unmutated GPI(+) HSPCs, as compared to GPI(-) HSPCs, a trend opposite to that seen for HSPCs from patients with large PNH clones. When gene module scores were calculated to directly compare transcriptional features across GPI(+) and GPI(-) HSCs of patients with small and large PNH clones, GPI(+) HSCs in patients with large PNH clones showed significantly higher IFN-γ response and activated HSC module scores than those of GPI(+) HSCs n patients with small PNH clones. However, these scores were equivalent between GPI(-) HSCs from patients with large PNH clones and those from patients with small PNH clones. In summary, transcriptional changes in GPI(+) HSCs, not in GPI(-) HSCs, explain differences in gene expression between GPI(+) and GPI(-) HSCs in PNH. We elucidated gene expression profiles in the PNH BM environment by examining transcriptomes of enriched BM immune cells by scRNA-seq. When gene expression of BM effector cells was compared between patients with small and large PNH clones, upregulation of IFN-γ response pathway was observed in most effector cells from patients with large PNH clones. In addition, cell-cell communications between effector cells and GPI(+) normal HSPCs were enhanced in patients with large PNH clones. In contrast, enhanced interactions between effector cells and GPI(+) HSPCs were not seen in patients with small PNH clones. These results indicate that strong negative selection by effector immune cells on GPI(+) HSCs is linked to clonal expansion of GPI(-) HSCs. Conclusion Our results provide direct evidence of functional evolution in clonal hematopoiesis, and immune escape as responsible for the co-occurrence of PNH and immune bone marrow failure.",2025,2025-11-03,JournalArticle,,https://www.semanticscholar.org/paper/de4329314a4a65dab2185daf635805c53eba44aa,False,0,,True,False,True,False
doi:10.1186/s12903-024-04578-y,doi:10.1186/s12903-024-04578-y,openalex,openalex;pubmed,https://openalex.org/W4400606804,10.1186/s12903-024-04578-y,,,Causal effects of denture wearing on epigenetic age acceleration and the mediating pathways: a mendelian randomization study,"BACKGROUND: The epigenetic-age acceleration (EAA) represents the difference between chronological age and epigenetic age, reflecting accelerated biological aging. Observational studies suggested that oral disorders may impact DNA methylation patterns and aging, but their causal relationship remains largely unexplored. This study aimed to investigate potential causal associations between dental traits and EAA, as well as to identify possible mediators. METHODS: Using summary statistics of genome-wide association studies of predominantly European ancestry, we conducted univariable and multivariable Mendelian randomization (MR) to estimate the overall and independent effects of ten dental traits (dentures, bleeding gums, painful gums, loose teeth, toothache, ulcers, periodontitis, number of teeth, and two measures of caries) on four EAA subtypes (GrimAge acceleration [GrimAA], PhenoAge acceleration [PhenoAA], HannumAge acceleration [HannumAA] and intrinsic EAA [IEAA]), and used two-step Mendelian randomization to evaluate twelve potential mediators of the associations. Comprehensive sensitivity analyses were used to verity the robustness, heterogeneity, and pleiotropy. RESULTS: Univariable inverse variance weighted MR analyses revealed a causal effect of dentures on greater GrimAA (β: 2.47, 95% CI: 0.93-4.01, p = 0.002), PhenoAA (β: 3.00, 95% CI: 1.15-4.85, p = 0.001), and HannumAA (β: 1.96, 95% CI: 0.58-3.33, p = 0.005). In multivariable MR, the associations remained significant after adjusting for periodontitis, caries, number of teeth and bleeding gums. Three out of 12 aging risk factors were identified as mediators of the association between dentures and EAA, including body mass index, body fat percentage, and waist circumference. No evidence for reverse causality and pleiotropy were detected (p > 0.05). CONCLUSIONS: Our findings supported the causal effects of genetic liability for denture wearing on epigenetic aging, with partial mediation by obesity. More attention should be paid to the obesity-monitoring and management for slowing EAA among denture wearers.",2024,2024-07-13,article,en,https://openalex.org/W4400606804,False,1,genomics_plus_other,True,True,True,True
doi:10.1186/s13046-026-03741-3,doi:10.1186/s13046-026-03741-3,pubmed,pubmed;scopus;semantic_scholar,42174653,10.1186/s13046-026-03741-3,42174653,PMC13374290,Extracellular vesicles from chemotherapy-induced senescent tumor cells reprogram hepatic phospholipid metabolism to promote pancreatic cancer liver metastasis.,"Pancreatic ductal adenocarcinoma (PDAC) is a highly metastatic disease, with over one-third of patients developing liver metastasis following neoadjuvant chemotherapy (NAC). This study aimed to investigate how the effect of chemotherapy on the primary tumor shapes the hepatic pre-metastatic niches (PMNs), which remains poorly understood. RNA sequencing was performed in a PDAC cohort to identify transcriptomic features associated with metastasis. We employed orthotopic and liver metastatic tumor models in mice to investigate the effects of extracellular vesicles derived from chemotherapy-treated PDAC cells, referred to as senescence-associated extracellular vesicles (S-EVs), on the hepatic PMNs. Mechanistically, we integrated proteomics and metabolomics to elucidate the molecular mechanisms by which S-EVs mediate hepatic metabolic reprogramming. Further, we utilized hepatocyte-specific Ache-knockout mice to validate the molecular mechanisms through which S-EVs promote liver metastasis in vivo. Chemotherapy-induced senescence in primary tumors correlated with PDAC liver metastasis and poor prognosis. S-EVs facilitated PMNs formation by promoting hepatic phosphatidylcholine (PC) accumulation. Mechanistically, S-EV-delivered hnRNPA1 stabilized AChE mRNA, thereby driving PC accumulation in the liver. In vitro co-culture system, PC depletion in hepatocytes successfully restored the impaired cytotoxicity of CD8⁺ T cells caused by S-EVs. Consistently, hepatocyte-specific Ache ablation in vivo restored S-EV-impaired CD8⁺ T cells cytotoxicity. Inhibition of AChE with pyridostigmine remodeled the hepatic PMNs and suppressed liver metastasis. S-EVs from chemotherapy-induced senescent PDAC cells reshaped hepatic PMNs through AChE-dependent PC accumulation, thereby impairing CD8⁺ T cell cytotoxicity and promoting PDAC liver metastasis. Targeting AChE with pyridostigmine represented a promising strategy to prevent metastasis and augment the therapeutic efficacy of NAC.",2026,2026-05-22,Journal Article,eng,https://pubmed.ncbi.nlm.nih.gov/42174653/,False,2,,True,False,True,False
doi:10.1186/s40001-026-04478-7,doi:10.1186/s40001-026-04478-7,semantic_scholar,semantic_scholar,8b16b372e81f1f0bb4d3ffbc062b72ea5db4d171,10.1186/s40001-026-04478-7,,,"Oxidative stress in bone healing: mechanisms, disease contexts, and therapeutic strategies","In the field of bone healing, the fracture microenvironment (FME) dictates repair trajectories through dynamic interactions among osteogenic and osteoclastic lineages, immune cells, and the endothelium. Reactive oxygen species (ROS) act as central redox mediators and are produced by multiple cellular sources, including neutrophils, macrophages, osteoblast-lineage cells, and vascular cells. At physiological levels, ROS support angiogenesis, matrix remodeling, and osteogenesis; when excessive or sustained, they uncouple bone formation from resorption, impair progenitor fitness, and perpetuate inflammatory signaling. Redox-sensitive pathways—Nrf2/Keap1, MAPK/NF-κB, RANKL/OPG, and Wnt/β-catenin/FOXO—govern these processes and intersect with systemic drivers such as diabetes, osteoporosis/estrogen deficiency, cigarette smoking, and aging. Importantly, these comorbidities imprint distinct redox phenotypes in the fracture microenvironment. Diabetes is often dominated by hyperglycemia/AGE-driven oxidative injury with endothelial dysfunction and impaired angiogenesis; osteoporosis/estrogen deficiency features reduced antioxidant buffering and a resorptive bias; cigarette smoking adds an exogenous radical load together with vasoconstriction-related hypoxia; and aging couples mitochondrial decline with senescence/inflammaging that prolongs oxidative and inflammatory signaling. Nevertheless, temporal heterogeneity of ROS flux, cell type-specific responses, and the narrow therapeutic window between signaling and damage remain major hurdles, complicating dose selection, therapeutic timing, and patient stratification for redox-targeted interventions. Elucidating these mechanisms may enable strategies that restore a pro-healing redox milieu while minimizing tissue injury. This review synthesizes the redox-immune-skeletal circuitry regulating fracture repair, evaluates evidence for antioxidants, Nrf2 activation, autophagy modulation, and redox-responsive biomaterials, and underscores the value of single-cell/spatial multi-omics and functional redox biosensors for mechanistic dissection and risk stratification, with the goal of advancing precision adjunctive therapies for high-risk populations.",2026,2026-04-21,JournalArticle; Review,,https://www.semanticscholar.org/paper/8b16b372e81f1f0bb4d3ffbc062b72ea5db4d171,False,0,,True,True,True,True
doi:10.1212/nxg.0000000000200226,doi:10.1212/nxg.0000000000200226,semantic_scholar,semantic_scholar,6dd6d9ec55413c31caeac40be1f4aa1b95445c9d,10.1212/nxg.0000000000200226,39911793,11796045,UK Biobank—A Unique Resource for Discovery and Translation Research on Genetics and Neurologic Disease,"UK Biobank is a large-scale prospective study with extensive genetic and phenotypic data from half a million adults. Participants, aged 40 to 69, were recruited from the general UK population between 2006 and 2010. During recruitment, participants completed questionnaires covering lifestyle and medical history, underwent physical measurements, and provided biological samples for long-term storage. Whole-cohort assays have been conducted, including biochemical markers, genotyping, whole-exome and whole-genome sequencing, as well as proteomics and metabolomics in large subsets of the cohort, with potential for additional assays in the future. Participants consented to link their data to electronic health records, enabling the identification of health outcomes over time. Research studies using UK Biobank data have already enhanced our understanding of the role of genetic variation in neurologic disease, offering insights into potential therapeutic approaches. The integration of genetic and imaging data has led to significant discoveries regarding the relationship between genetic variants and brain structure and function, particularly in Alzheimer disease and Parkinson disease. Genetic data have also allowed Mendelian randomization analyses to be performed, enabling further investigation into the causality of associations between behavioral and physiologic factors—such as diet and blood pressure—and neurologic outcomes. Furthermore, genetic and proteomic data have been particularly useful in identifying new drug targets for neurologic disease and in enhancing risk prediction algorithms that are increasingly applied in clinical practice to identify those at higher risk. As UK Biobank continues to be enhanced, and the cases of neurologic disease accrue over time, the study will become increasingly valuable for both discovery and translational research on genetics and neurologic disease.",2025,2025-01-17,Review; JournalArticle,,https://www.semanticscholar.org/paper/6dd6d9ec55413c31caeac40be1f4aa1b95445c9d,False,0,,True,False,True,False
doi:10.1371/journal.pone.0335809,doi:10.1371/journal.pone.0335809,semantic_scholar,semantic_scholar,3221c9f89d5625d218582f7858ccdcf113943d14,10.1371/journal.pone.0335809,41289247,12646447,"GerPaCyst - The trial protocol of the prospective, multicenter, interdisciplinary German Pancreas Club Cyst Registry","Introduction Cystic lesions of the pancreas have continued to present a clinical challenge for the past decades now. The increasing rate of detection, the lack of high-quality data on the natural biology of pancreatic cysts and the resulting difficulty to predict malignant transformation in different types of pancreatic cysts make patients with these diseases hard to manage. The German Pancreas Club Cyst Registry (GerPaCyst) (DRKS00025927) aims to establish a platform to discover and survey the natural and specific biology of pancreatic cysts such as IPMNs (main and branch ducts), SCNs, SPPT and MCNs, in a multicenter manner. Materials and methods This manuscript is written according to the SPIRIT guidelines (See S2 and S3 Tables). Ethical approval was obtained from the University of Luebeck (2020-20-225) and all participating centers. In GerPaCyst patients aged ≥18 years with a pancreatic cyst under surveillance or scheduled for surgery should be enrolled. Participating centers will complete an electronic Case Report Form (eCRF) via REDCap which is designed as a longitudinal study minimizing the input of repeated measures. Changes in patient baseline data, cyst characteristics, both endoscopic and imaging data will be entered typically every 6–12 months during patient follow-up. Biobanking will be performed, when available. Duration of observation per patient is up to a maximum of 20 years or until end of follow-up or death. Results The primary goal is to assess and calculate individual risk models for malignancy/high-grade dysplasia based on the collected clinical, molecular and imaging data (multi-omics prediction models) for each included cyst entity, therefore the primary outcome of this trial is the development of high-grade dysplasia/invasive cancer during follow-up or the absence of it. The secondary outcomes are death, quality of life measured by EQ-5D-5L questionnaire, end-of-follow up and perioperative characteristics, if applicable such as complications, length of hospital stay and clavien-dindo classification. Another goal will be to build a multicenter, interdisciplinary database to generate high-quality cyst biology data, which can then be used for further research questions. Additionally, this database will be utilized for registry- based interventional trials in the future. Discussion GerPaCyst will provide a valuable platform for clinical outcomes research. Fundamental factors affecting the development of pancreatic cysts over time will be identified. New research questions might be answered during the study period and will be made available through continuous publications. Trial registration The study was prospectively registered at the German Clinical Trial Register (DRKS) under DRKS00025927 on September 14th, 2021, before inclusion of the first patient. The Universal Trial Number (UTN) is U1111-1302–9822.",2025,2025-11-25,JournalArticle; Review,,https://www.semanticscholar.org/paper/3221c9f89d5625d218582f7858ccdcf113943d14,False,0,,True,False,True,False
doi:10.18632/aging.100012,doi:10.18632/aging.100012,pubmed,pubmed,19851476,10.18632/aging.100012,19851476,PMC2765059,Genomic instability and DNA damage responses in progeria arising from defective maturation of prelamin A.,"Progeria syndromes have in common a premature aging phenotype and increased genome instability. The susceptibility to DNA damage arises from a compromised repair system, either in the repair proteins themselves or in the DNA damage response pathways. The most severe progerias stem from mutations affecting lamin A production, a filamentous protein of the nuclear lamina. Hutchinson-Gilford progeria syndrome (HGPS) patients are heterozygous for aLMNA gene mutation while Restrictive Dermopathy (RD) individuals have a homozygous deficiency in the processing protease Zmpste24. These mutations generate the mutant lamin A proteins progerin and FC-lamina A, respectively, which cause nuclear deformations and chromatin perturbations. Genome instability is observed even though genome maintenance and repair genes appear normal. The unresolved question is what features of the DNA damage response pathways are deficient in HGPS and RD cells. Here we review and discuss recent findings which resolve some mechanistic details of how the accumulation of progerin/FC-lamin A proteins may disrupt DNA damage response pathways in HGPS and RD cells. As the mutant lamin proteins accumulate they sequester replication and repair factors, leading to stalled replication forks which collapse into DNA double-strand beaks (DSBs). In a reaction unique to HGPS and RD cells these accessible DSB termini bind Xeroderma pigmentosum group A (XPA) protein which excludes normal binding by DNA DSB repair proteins. The bound XPA also signals activation of ATM and ATR, arresting cell cycle progression, leading to arrested growth. In addition, the effective sequestration of XPA at these DSB damage sites makes HGPS and RD cells more sensitive to ultraviolet light and other mutagens normally repaired by the nucleotide excision repair pathway of which XPA is a necessary and specific component.",2009,2009-01-01,"Journal Article; Research Support, N.I.H., Extramural; Review",eng,https://pubmed.ncbi.nlm.nih.gov/19851476/,False,0,,True,True,True,True
doi:10.21203/rs.3.rs-2752922/v1,doi:10.21203/rs.3.rs-2752922/v1,europepmc,europepmc,PPR:PPR641943,10.21203/rs.3.rs-2752922/v1,,,Genetic variation associated with human longevity and Alzheimer’s disease risk act through microglia and oligodendrocyte cross-talk,"Abstract Ageing is the greatest global healthcare challenge, as it underlies age-related functional decline and is the primary risk factor for a range of common diseases, including neurodegenerative conditions such as Alzheimer’s disease (AD). However, the molecular mechanisms defining chronological age versus biological age, and how these underlie AD pathogenesis, are not well understood. The objective of this study was to integrate common human genetic variation associated with human lifespan or AD from Genome-Wide Association Studies (GWAS) with co-expression networks altered with age in the central nervous system, to gain insights into the biological processes which connect ageing with AD and lifespan. Initially, we identified common genetic variation in the human population associated with lifespan and AD by performing a gene-based association study using GWAS data. We also identified preserved co-expression networks associated with age in the brains of C57BL/6J mice from bulk and single-cell RNA-sequencing (RNA-seq) data, and in the brains of humans from bulk RNA-seq data. We then intersected the human gene-level common variation with these co-expression networks, representing the different cell types and processes of the brain. We found that genetic variation associated with AD was enriched in both microglial and oligodendrocytic bulk RNA-seq gene networks, which show increased expression with ageing in the human hippocampus, in contrast to synaptic networks which decreased with age. Further, longevity-associated genetic variation was modestly enriched in a single-cell gene network expressed by homeostatic microglia. Finally, we performed a transcriptome-wide association study (TWAS), to identify and confirm new risk genes associated with ageing that show variant-dependent changes in gene expression. In addition to validating known ageing-related genes such as APOE and FOXO3 , we found that Caspase 8 ( CASP8 ) and APOC1 show genetic variation associated with longevity. We observed that variants contributing to ageing and AD balance different aspects of microglial function suggesting that ageing-related processes affect multiple cell types in the brain. Specifically, changes in homeostatic microglia are associated with lifespan, and allele-dependent expression changes in age-related genes control microglial activation and myelination influencing the risk of developing AD. We identified putative molecular drivers of these genetic networks, as well as module genes whose expression in relevant human tissues are significantly associated with AD-risk or longevity, and may drive “inflammageing.” Our study also shows allele-dependent expression changes with ageing for genes classically involved in neurodegeneration, including MAPT and HTT , and demonstrates that PSEN1 is a prominent member/hub of an age-dependent expression network. In conclusion, this work provides new insights into cellular processes associated with ageing in the brain, and how these may contribute to the resilience of the brain against ageing or AD-risk. Our findings have important implications for developing markers indicating the physiological age and pre-pathological state of the brain, and provide new targets for therapeutic intervention.",2023,2023-04-06,Preprint,,https://europepmc.org/article/PPR/PPR641943,True,0,,True,True,True,True
doi:10.2174/138920291908181005095755,doi:10.2174/138920291908181005095755,semantic_scholar,semantic_scholar,70278c358ff604b1a923f179aee03d92d38b5551,10.2174/138920291908181005095755,30532643,6225451,A Genomic and Epigenomic Approach for Studying Neuropsychiatric Disorders Associated to Early-life Stress: Part II,"As anticipated in the editorial of the Part I of this special issue, Early Life Stress (ELS) profoundly impairs child’s brain development and behavior giving rise to either temporary or permanent effects on cognitive, behavioral and psychological functions. Furthermore, possible long-term cumulative effects of various types of early adversity may show up in adulthood [1]. ELS-related pathological consequences greatly vary among individuals and depend upon genetic and environmental factors. This second part of the issue includes four additional reviews and provides novel exciting aspects linking genomics and epigenomics to neuropsychiatric disorders associated to Early-Life Stress. A natural extension of this second part of the thematic issue is the double-edged sword of epigenetic processes: their potential reversibility and long-term stability via non-Mendelian inheritance mechanisms. A growing amount of evidence has showed that our DNA remembers past traumatic experiences through the storage of epigenetic marks that can be transmitted into subsequent generations. Epigenetic alterations may cause a variety of latent biological dysfunctions in the stress system of the offspring and result as pre-traumatic vulnerable factors [2, 3]. These novel and exciting mechanisms of trans-generational inheritance suggest the possibility to deliver integrative solutions in the clinical diagnosis and therapeutic approach against various long-term consequences to ELS, and in later family life. Based on these observations, the paper by Lux highlights the role of a parallel synaptic and hormonal activation of epigenetic programming in human and rodent models. Liu et al. elucidate both genomic and non-genomic mechanisms related to stress modulation of the hypothalamic-pituitary-adrenal (HPA) axis leading to methylation of the glucocorticoid receptor gene (NR3C1) and activation of lifelong impairments. Bearer et al. provide an in-depth introduction to genome-wide changes in the child's methylome pattern induced by early adversity in life, potentially linked to the development and function of brain circuits, immune and endocrine system. Stenz et al. describe the still largely unexplored concept of the intergenerational transmission of DNA methylation signatures associated to the increased risk for developmental psychopathology. The aforementioned reviews are mostly focused on genomic and epigenomic variations in neuropsychiatric disorders associated to ELS phenomena. Moving these advanced findings into the routine medical practice will offer a revolutionary care and rehabilitation approach for patients, either adults or children generally poorly managed, who suffer from psychopathologies following ELS exposure. The overall aim of this Special Issue is to prove how the developmental age may represent a window of opportunity to implement novel early interventions in the diagnosis and treatment of individuals subjected to ELS. Likewise, the resulting collection of the present reviews examines wider strategic significance. A greater understanding of neuroplasticity and the brain interactions with the social environment will promote a fertile ground of investigations to the pathogenesis of neurodegenerative disorders and other psychiatric illnesses (e.g. schizophrenia), characterized by disruptive processes of cerebral growth and synaptic plasticity [4, 5].",2018,2018-10-19,Editorial; Review,,https://www.semanticscholar.org/paper/70278c358ff604b1a923f179aee03d92d38b5551,False,0,,True,False,True,False
doi:10.3350/cmh.2026.0244,doi:10.3350/cmh.2026.0244,openalex,europepmc;openalex;pubmed;semantic_scholar,https://openalex.org/W7165136715,10.3350/cmh.2026.0244,,,NAT10 deficiency in aging drives impaired liver regeneration by disrupting PARP10 in an ac4C-dependent manner,"Background & aims: The age-related decline in liver regenerative capacity worsens outcomes for elderly patients with liver disease or undergoing liver surgery, and therapeutic options are limited. The RNA modification N4-acetylcytidine (ac4C), catalyzed by N-acetyltransferase 10 (Nat10), is implicated in regeneration; however, its role in the aged liver remains unknown. Methods: We quantified Nat10/ac4C levels in human and murine livers across ages and correlated them with regenerative capacity. Function was assessed via hepatocyte-specific knockout, adeno-associated virus (AAV)-mediated gene manipulation, and pharmacological inhibition. Mechanisms were defined using integrated ac4C-specific immunoprecipitation sequencing (ac4C-seq), ribosome profiling (Ribo-seq), and RNA sequencing (RNA-seq). Results: Hepatic Nat10 and ac4C levels decreased with age. Disruption of Nat10/ac4C impaired liver regeneration, whereas their augmentation enhanced it. Multi-omics integration linked ac4C to coordinated changes in mRNA abundance, stability, and translation. Mechanistically, Nat10 installed ac4C on Parp10 mRNA to enhance its stability and translational efficiency. Upregulated Parp10 inhibited GSK3β, thereby activating pro-regenerative β-catenin signaling. Furthermore, we identified the age-related decline in Nat10 was attributed to loss of its transcriptional driver, ATF3. Pharmacological induction of ATF3 restored Nat10 expression and rescued regeneration in aged liver. Conclusion: Our study highlights the critical role of Nat10 in liver regeneration via mRNA ac4C-manner and identifies its age-related decline as a reversible impairment. Targeting this presents a promising therapeutic strategy for stimulating regeneration in the aged liver.",2026,2026-06-18,article,en,https://openalex.org/W7165136715,False,3,explicit_multiomics,True,True,True,True
doi:10.3389/fimmu.2024.1439434,doi:10.3389/fimmu.2024.1439434,europepmc,europepmc;pubmed;scopus;semantic_scholar,MED:39902035,10.3389/fimmu.2024.1439434,39902035,PMC11788310,A practical guide to FAIR data management in the age of multi-OMICS and AI.,"Multi-cellular biological systems, including the immune system, are highly complex, dynamic, and adaptable. Systems biologists aim to understand such complexity at a quantitative level. However, these ambitious efforts are often limited by access to a variety of high-density intra-, extra- and multi-cellular measurements resolved in time and space and across a variety of perturbations. The advent of automation, OMICs and single-cell technologies now allows high dimensional multi-modal data acquisition from the same biological samples multiplexed at scale (multi-OMICs). As a result, systems biologists -theoretically- have access to more data than ever. However, the mathematical frameworks and computational tools needed to analyze and interpret such data are often still nascent, limiting the biological insights that can be obtained without years of computational method development and validation. More pressingly, much of the data sits in silos in formats that are incomprehensible to other scientists or machines limiting its value to the vaster scientific community, especially the computational biologists tasked with analyzing these vast amounts of data in more nuanced ways. With the rapid development and increasing interest in using artificial intelligence (AI) for the life sciences, improving how biologic data is organized and shared is more pressing than ever for scientific progress. Here, we outline a practical approach to multi-modal data management and FAIR sharing, which are in line with the latest US and EU funders' data sharing policies. This framework can help extend the longevity and utility of data by allowing facile use and reuse, accelerating scientific discovery in the biomedical sciences.",2024,2025-01-20,"review-article; Review; Journal Article; Research Support, N.I.H., Extramural",eng,https://europepmc.org/article/MED/39902035,False,3,,True,True,True,True
doi:10.3389/fnins.2026.1873864,doi:10.3389/fnins.2026.1873864,semantic_scholar,semantic_scholar,a56c0459ddd46c71d0d86f6f803ddae34a0869ff,10.3389/fnins.2026.1873864,,,"Gut microbiota dysbiosis in autism spectrum disorder: 10 years of progress on compositional alterations, metabolic/immune mechanisms, and therapeutic strategies","Autism spectrum disorder (ASD) is a common neurodevelopmental condition frequently accompanied by gastrointestinal symptoms, pointing to a potential role of the gut microbiota–brain axis. To explore this connection, the present review synthesizes findings from studies published between 2016 and 2026, including observational studies, meta-analyses, animal experiments, and clinical trials, with the aim of characterizing gut microbiota alterations in ASD, elucidating underlying mechanisms, and evaluating emerging therapeutic strategies. Across diverse populations, the most consistent microbial signatures in ASD include reduced abundances of Bifidobacterium and Akkermansia muciniphila , together with increased abundances of Clostridium , Bacteroides , and Escherichia–Shigella ; however, geographic, age-, and sex-specific variations exist. In addition to bacterial changes, the gut virome and mycobiome are also perturbed, as evidenced by enrichment of Candida albicans and Clostridium phages . Mechanistically, these alterations are linked to reduced short-chain fatty acids (especially butyrate ), disrupted tryptophan–serotonin metabolism, and elevated neuroinflammatory cytokines (e.g., TNF-α, IL-6). Causal evidence from animal models using fecal microbiota transplantation further demonstrates that ASD microbiota can directly induce autistic-like behaviors. Building on this causal link, early-phase clinical trials indicate that fecal microbiota transplantation, probiotics, prebiotics, and dietary interventions (e.g., ketogenic diet) can improve both gastrointestinal and behavioral symptoms, although larger double-blind, placebo-controlled trials are needed to confirm efficacy. Furthermore, multi-omics integration and host epigenetic signatures show promise for developing non-invasive diagnostic biomarkers. In conclusion, gut dysbiosis plays a causal role in ASD pathophysiology, and microbiome-based interventions represent a rational and potentially transformative therapeutic avenue.",2026,2026-07-28,JournalArticle; Review,,https://www.semanticscholar.org/paper/a56c0459ddd46c71d0d86f6f803ddae34a0869ff,False,0,,True,False,True,False
doi:10.3390/antiox13020168,doi:10.3390/antiox13020168,europepmc,europepmc;pubmed;scopus;semantic_scholar,MED:38397766,10.3390/antiox13020168,38397766,PMC10886361,Revitalizing Photoaging Skin through Eugenol in UVB-Exposed Hairless Mice: Mechanistic Insights from Integrated Multi-Omics.,"Chronic ultraviolet (UV) exposure causes photoaging, which is primarily responsible for skin damage. Nutritional intervention is a viable strategy for preventing and treating skin photoaging. Eugenol (EU) presents anti-inflammatory and antioxidant properties, promotes wound healing, and provides contact dermatitis relief. This study explored the ability of EU to mitigate skin photoaging caused by UVB exposure in vitro and in vivo. EU alleviated UVB-induced skin photodamage in skin cells, including oxidative stress damage and extracellular matrix (ECM) decline. Dietary EU alleviated skin photoaging by promoting skin barrier repair, facilitating skin tissue regeneration, and modulating the skin microenvironment in photoaged mice. The transcriptome sequencing results revealed that EU changed the skin gene expression profiles. Subsequent pathway enrichment analyses indicated that EU might reverse the pivotal ECM-receptor interaction and cytokine-cytokine receptor interaction signaling pathways. Furthermore, EU alleviated the intestinal dysbiosis induced by chronic UVB exposure. Spearman analysis results further revealed the close connection between gut microbiota and skin photoaging. Considering the near-inevitable UVB exposure in modern living, the findings showed that the EU effectively reverted skin photoaging, offering a potential strategy for addressing extrinsic skin aging.",2024,2024-01-29,research-article; Journal Article,eng,https://europepmc.org/article/MED/38397766,False,3,,True,True,True,True
doi:10.3390/genes12050768,doi:10.3390/genes12050768,semantic_scholar,semantic_scholar,3ebe7895e1456cc5064a4c09a72dc8c4d0a272ee,10.3390/genes12050768,34069992,8157873,Meta-Analysis of Heifer Traits Identified Reproductive Pathways in Bos indicus Cattle,"Fertility traits measured early in life define the reproductive potential of heifers. Knowledge of genetics and biology can help devise genomic selection methods to improve heifer fertility. In this study, we used ~2400 Brahman cattle to perform GWAS and multi-trait meta-analysis to determine genomic regions associated with heifer fertility. Heifer traits measured were pregnancy at first mating opportunity (PREG1, a binary trait), first conception score (FCS, score 1 to 3) and rebreeding score (REB, score 1 to 3.5). The heritability estimates were 0.17 (0.03) for PREG1, 0.11 (0.05) for FCS and 0.28 (0.05) for REB. The three traits were highly genetically correlated (0.75–0.83) as expected. Meta-analysis was performed using SNP effects estimated for each of the three traits, adjusted for standard error. We identified 1359 significant SNPs (p-value < 9.9 × 10−6 at FDR < 0.0001) in the multi-trait meta-analysis. Genomic regions of 0.5 Mb around each significant SNP from the meta-analysis were annotated to create a list of 2560 positional candidate genes. The most significant SNP was in the vicinity of a genomic region on chromosome 8, encompassing the genes SLC44A1, FSD1L, FKTN, TAL2 and TMEM38B. The genomic region in humans that contains homologs of these genes is associated with age at puberty in girls. Top significant SNPs pointed to additional fertility-related genes, again within a 0.5 Mb region, including ESR2, ITPR1, GNG2, RGS9BP, ANKRD27, TDRD12, GRM1, MTHFD1, PTGDR and NTNG1. Functional pathway enrichment analysis resulted in many positional candidate genes relating to known fertility pathways, including GnRH signaling, estrogen signaling, progesterone mediated oocyte maturation, cAMP signaling, calcium signaling, glutamatergic signaling, focal adhesion, PI3K-AKT signaling and ovarian steroidogenesis pathway. The comparison of results from this study with previous transcriptomics and proteomics studies on puberty of the same cattle breed (Brahman) but in a different population identified 392 genes in common from which some genes—BRAF, GABRA2, GABR1B, GAD1, FSHR, CNGA3, PDE10A, SNAP25, ESR2, GRIA2, ORAI1, EGFR, CHRNA5, VDAC2, ACVR2B, ORAI3, CYP11A1, GRIN2A, ATP2B3, CAMK2A, PLA2G, CAMK2D and MAPK3—are also part of the above-mentioned pathways. The biological functions of the positional candidate genes and their annotation to known pathways allowed integrating the results into a bigger picture of molecular mechanisms related to puberty in the hypothalamus–pituitary–ovarian axis. A reasonable number of genes, common between previous puberty studies and this study on early reproductive traits, corroborates the proposed molecular mechanisms. This study identified the polymorphism associated with early reproductive traits, and candidate genes that provided a visualization of the proposed mechanisms, coordinating the hypothalamic, pituitary, and ovarian functions for reproductive performance in Brahman cattle.",2021,2021-05-01,JournalArticle,,https://www.semanticscholar.org/paper/3ebe7895e1456cc5064a4c09a72dc8c4d0a272ee,False,0,,True,False,True,False
doi:10.3390/jpm14060639,doi:10.3390/jpm14060639,semantic_scholar,semantic_scholar,74ce9f004b68dc315542d1fc775e7c4e921481e2,10.3390/jpm14060639,38929861,11204579,Genomic and Transcriptomic Analysis of a Patient with Early-Onset Colorectal Cancer and Therapy-Induced Focal Nodular Hyperplasia: A Case Report,"Early-onset colorectal cancer (EOCRC), defined as colorectal cancer in individuals under 50 years of age, has shown an alarming increase in incidence worldwide. We report a case of a twenty-four-year-old female with a strong family history of colorectal cancer (CRC) but without an identified underlying genetic predisposition syndrome. Two years after primary surgery and adjuvant chemotherapy, the patient developed new liver lesions. Extensive diagnostic imaging was conducted to investigate suspected liver metastases, ultimately leading to a diagnosis of focal nodular hyperplasia. The young age of the patient has prompted comprehensive genomic and transcriptomic profiling in order to identify potential oncogenic drivers and inform further clinical management of the patient. Besides a number of oncogenic mutations identified in the patient’s tumour sample, including KRAS G12D, TP53 R248W and TTN L28470V, we have also identified a homozygous deletion of 24.5 MB on chromosome 8. A multivariate Cox regression analysis of this patient’s mutation profile conferred a favourable prognosis when compared with the TCGA COADREAD database. Notably, the identified deletion on chromosome 8 includes the WRN gene, which could contribute to the patient’s overall positive response to chemotherapy. The complex clinical presentation, including the need for emergency surgery, early age at diagnosis, strong family history, and unexpected findings on surveillance imaging, necessitated a multidisciplinary approach involving medical, radiation, and surgical oncologists, along with psychological support and reproductive medicine specialists. Molecular profiling of the tumour strongly indicates that patients with complex mutational profile and rare genomic rearrangements require a prolonged surveillance and personalised informed interventions.",2024,2024-06-01,JournalArticle; CaseReport,,https://www.semanticscholar.org/paper/74ce9f004b68dc315542d1fc775e7c4e921481e2,False,0,,True,False,True,False
doi:10.36948/ijfmr.2025.v07i05.56944,doi:10.36948/ijfmr.2025.v07i05.56944,semantic_scholar,semantic_scholar,45627ab6e13c15ba167880f5e26495d400e0e5f3,10.36948/ijfmr.2025.v07i05.56944,,,The Biomarker Landscape of Ocular Ageing: Emerging Insights and Applications,"ABSTRACT Ageing is a complex, multifactorial biological process characterised by progressive molecular, cellular, and functional decline across organ systems, ultimately increasing susceptibility to chronic diseases and mortality. The eye, with its transparent and easily accessible structures, offers a unique and non-invasive platform for studying systemic ageing and detecting early biological alterations. Recent advances in retinal imaging, optical coherence tomography (OCT), and artificial intelligence (AI) have heightened interest in ocular biomarkers as indicators of biological age and predictors of age-related disease risk. This systematic review synthesises evidence on molecular, imaging-based, OCT-derived, and lens-related biomarkers of ocular ageing, highlighting their associations with systemic ageing, morbidity, and mortality. Key biomarkers include the retinal age gap, retinal microvascular alterations, OCT-derived structural parameters and the Lens age index. Collectively, these markers capture both localised manifestations of ocular ageing and broader systemic health trajectories, making them valuable candidates for early disease detection and biological risk assessment. Beyond diagnostic applications, these biomarkers may enhance personalised risk stratification, support preventive interventions, and facilitate integration with systemic ageing clocks. However, their clinical adoption faces challenges, including variability in measurement techniques, lack of standardised protocols, and limited validation across diverse populations. Addressing these barriers through harmonised methodologies, longitudinal studies, and multi-omics integration will be critical to establishing ocular biomarkers as robust and clinically reliable measures of ageing. Ultimately, their implementation could advance precision medicine, enabling earlier intervention and improved healthspan outcomes. Keywords: Ocular ageing, Biomarkers, Retinal age gap, OCT, Lens age, Systemic ageing, Morbidity, Artificial intelligence, Preventive interventions, Precision medicine.",2025,2025-10-02,JournalArticle; Review,,https://www.semanticscholar.org/paper/45627ab6e13c15ba167880f5e26495d400e0e5f3,False,0,,True,True,True,True
doi:10.47363/jaicc/2022(1)191,doi:10.47363/jaicc/2022(1)191,semantic_scholar,semantic_scholar,31f5592c899a944227a9fd68f39246dacbc83073,10.47363/jaicc/2022(1)191,,,Enhancing Early Diagnosis: Machine Learning Applications in Diabetes Prediction,"Diabetes is a persistent illness that affects a huge number of individuals around the world. Early diagnosis and treatment of diabetes is critical for forestalling difficulties and further developing well-being results. Machine learning procedures offer promising answers for upgrading early diabetes expectations and determination. Based on a variety of data sources, this paper examines the recent machine-learning applications for diabetes prediction. The findings demonstrate that diabetes onset and risk can be accurately predicted using machine learning models applied to biomedical data, wearable device data, and electronic health records. For instance, random forest models utilising fasting plasma glucose, BMI, and age gave 93% precision in diabetes expectations. Profound brain networks utilising genomic and stomach microbiome information achieved 89% exactness. Machine learning techniques show excellent performance for diabetes prediction across diverse data types. Challenges remain in model interpretability and integration into clinical workflows. Further research on predictive feature selection, model optimisation, and clinical implementation will enable enhanced early diabetes diagnosis through machine learning. With accurate and early prediction, patients can receive prompt treatment to manage diabetes progression better.",2022,2022-03-31,JournalArticle,,https://www.semanticscholar.org/paper/31f5592c899a944227a9fd68f39246dacbc83073,False,0,,True,False,False,False
doi:10.64898/2026.02.02.703365,doi:10.64898/2026.02.02.703365,pubmed,pubmed,41676596,10.64898/2026.02.02.703365,41676596,PMC12889609,The CD8 immgenT framework as a universal reference of mouse CD8αβ T cell differentiation states.,"Mouse CD8 T cell differentiation has been studied extensively in models of infections and cancer, yet no unified framework spans the full spectrum of immunological contexts. We present the CD8 immgenT framework, integrating >200,000 single-cell transcriptomes and 128-plex surface proteomes from 734 samples spanning multiple perturbations, tissues, and timepoints. Unbiased analysis identifies 21 states encompassing naive, effector, circulating memory, tissue-resident memory, progenitor-exhausted, and terminally-exhausted compartments, among others. These states re-emerge with striking molecular convergence across acute/chronic infections, cancer, autoimmunity, aging, and homeostasis, showing that near-identical transcriptional programs support protective or dysfunctional outcomes depending on developmental history and microenvironment. Classic archetypes map to discrete clusters but exhibit unappreciated heterogeneity and overlap, cautioning against rigid nomenclature. We provide validated combinatorial markers, flow cytometry gating strategies, and immgenT reference-based integration for reproducible annotation of new datasets. This universal coordinate system harmonizes fragmented CD8 T cell literature and clarifies relationships across diverse immune challenges.",2026,2026-02-04,Journal Article; Preprint,eng,https://pubmed.ncbi.nlm.nih.gov/41676596/,True,0,,True,True,True,True
doi:10.7554/elife.69008,doi:10.7554/elife.69008,pubmed,pubmed,36354233,10.7554/elife.69008,36354233,PMC9788828,An automated feeding system for the African killifish reveals the impact of diet on lifespan and allows scalable assessment of associative learning.,"The African turquoise killifish is an exciting new vertebrate model for aging studies. A significant challenge for any model organism is the control over its diet in space and time. To address this challenge, we created an automated and networked fish feeding system. Our automated feeder is designed to be open-source, easily transferable, and built from widely available components. Compared to manual feeding, our automated system is highly precise and flexible. As a proof of concept for the feeding flexibility of these automated feeders, we define a favorable regimen for growth and fertility for the African killifish and a dietary restriction regimen where both feeding time and quantity are reduced. We show that this dietary restriction regimen extends lifespan in males (but not in females) and impacts the transcriptomes of killifish livers in a sex-specific manner. Moreover, combining our automated feeding system with a video camera, we establish a quantitative associative learning assay to provide an integrative measure of cognitive performance for the killifish. The ability to precisely control food delivery in the killifish opens new areas to assess lifespan and cognitive behavior dynamics and to screen for dietary interventions and drugs in a scalable manner previously impossible with traditional vertebrate model organisms.",2022,2022-11-10,"Journal Article; Research Support, N.I.H., Extramural; Research Support, Non-U.S. Gov't",eng,https://pubmed.ncbi.nlm.nih.gov/36354233/,False,0,,False,True,True,False
no-doi:b18cb2c9a341764223c6977e,no-doi:b18cb2c9a341764223c6977e,google_scholar,google_scholar,ghuToUji_-0J,,,,Aging Acceleration and Multi-omics Signatures of Passive Smoking on All-cause Mortality in Never-smokers,"… as exploratory decompositions of the total association rather than formal causal mediation. … 
mediation analysis results for biological aging, proteomic, and metabolic signatures showing …",2026,2026-01-01,,,https://www.besjournal.com/fileSWYXYHJKX/journal/article/swyxyhjkx/newcreate/26141.pdf;,False,0,,True,True,True,True
