record_id,canonical_id,source,provenance_sources,source_record_id,doi,pmid,pmcid,title,abstract,year,publication_date,document_type,language,url,is_preprint,duplicate_count,query_branches,local_multiomics_match,local_aging_match,local_causal_anchor_match,local_three_block_match
doi:10.1002/brv.70152,doi:10.1002/brv.70152,europepmc,europepmc;openalex;pubmed,MED:41761700,10.1002/brv.70152,41761700,,"The ageing holobiont: crosstalk between telomere dynamics, oxidative stress and the gut microbiome.","The gut tissue is at the frontline of early onset of ageing. It exhibits high cell turnover rates and rapid telomere shortening, which can have systemic effects on the developing or senescing organism. We conducted a literature review of studies on the crosstalk between telomere length dynamics, telomerase activity, oxidative stress, and gut microbiota composition and activity in animals. Studies mainly on humans and animal models include correlations between telomere dynamics and gut microbiome components, particularly under pathogenic conditions, but also manipulations of either the gut microbiome through faecal microbiota transplantations or of telomere dynamics using telomerase knockout models. This synthesis reveals that components of the gut microbiome including microbial metabolites and pathogenic bacteria can affect telomere dynamics through oxidative-stress-inducing processes, and that telomere maintenance is critical in maintaining gut barrier and tissue integrity, which link inflammation and gut dysbiosis. Some of the interactions between the gut microbiome and host telomere dynamics are bidirectional and important in maintaining intestinal homeostasis. However, many of the causal molecular or cellular mechanisms - and how they translate into organismal senescence - remain to be identified. Furthermore, we highlight how recent advances in whole genome sequencing capacities and bioinformatic tools represent an often-unexploited resource for measuring telomere lengths and may be particularly valuable tools within the hologenomic framework outlined here. Investigating the role of telomere dynamics in mediating gut microbiota-host interactions in different species will improve our understanding of how crosstalk between these hallmarks of ageing shape holobiont physiology in general and the ageing phenotype in particular.",2026,2026-02-27,Review; Journal Article,eng,https://europepmc.org/article/MED/41761700,False,2,,True,True,True,True
doi:10.1002/mco2.682,doi:10.1002/mco2.682,openalex,openalex,https://openalex.org/W4401345928,10.1002/mco2.682,,,Time – The fourth dimension of immune cells,"In the latest issue of the Cell, Zman-seq was introduced as a novel methodology characterized by integrating time stamps into circulating immune cells, which allows the recording of transcriptomic dynamics over an extended period.1 This technology facilitates the tracking of individual cells within tissues for days, providing a unique temporal dimension to single-cell analysis. Its broad applicability positions Zman-seq as a transformative tool for empirically measuring differentiation trajectories. The application of Zman-seq in glioblastoma research has yielded groundbreaking insights into the temporal dynamics of immune responses. Within 24 h of tumor infiltration, cytotoxic natural killer (NK) cells exhibited a transition to a dysfunctional program regulated by transforming growth factor-beta 1 signaling. Infiltrating monocytes, over a span of 36–48 h, differentiated into immunosuppressive macrophages marked by the upregulation of suppressive myeloid checkpoints Trem2, interleukin-18 bp, and Arg1. A pivotal aspect of the study lies in the therapeutic interventions guided by Zman-seq findings. The administration of an antagonistic anti-TREM2 antibody successfully reshaped the tumor microenvironment by redirecting the monocyte trajectory toward pro-inflammatory macrophages.1 This demonstrates the potential of Zman-seq not only as an observational tool but also as a guiding force for therapeutic strategies. Zman-seq offers a more nuanced approach to modulating immune responses, especially in chimeric antigen receptor (CAR) T-cell therapy, drug resistance, clinical medication optimization, and drug development in cancer or non-cancer diseases (Figure 1). CAR-T cell therapy has emerged as a cancer therapy with great potential, exhibiting effective antitumor activity in the treatment of hematological malignancies, especially in relapsed/refractory (R/R) B-cell malignancies. However, there are significant challenges related to CAR-T cell therapy that might be serious or even life-threatening, such as CAR-T-related toxicities and resistance to CAR-T cell therapy. Zman-seq has demonstrated potential for CAR-T therapy, as it allows for the detection of T cell activation and exhaustion states to varying degrees in cells sourced from patients and used for CAR-T production, as well as CAR-T cells administered back to patients. By employing this time-related single-cell technique together with ATAC-seq or CUT&Tag to capture the dynamic chromatin accessibility landscape of CAR-T cells, researchers can gain insights into the molecular dynamics of CAR-T cells over time, ultimately understanding the temporal variations of molecules and cells within the tissue. This enables the identification of key molecular signals contributing to T-cell exhaustion and the timing of their occurrence. By combining spatial transcriptomics with time labeling as the fourth dimension, researchers can map the spatiotemporal dynamics of CAR-T cells during expansion or exhaustion. This approach has allowed for a comprehensive analysis of the changes in gene expression patterns and cellular interactions during CAR-T cell treatment. By tracking the dynamics of immune cells in the tumor microenvironment over time, for example, with anti-CD45 labeling of the tumor-infiltrating lymphocytes, factors can be identified that contribute to the development of CAR-T cell exhaustion, modest anti-tumor activity, and restricted trafficking, and thus may help to limit tumor infiltration and the incidence of severe life-threatening toxicities.2 In addition, this approach can offer potential strategies to overcome these significant challenges.2 Innovative strategies and approaches to engineer more powerful CAR-T cells, including CAR-NKs, with improved anti-tumor activity and decreased toxicity include combining Zman-seq with CRISPR screening or small molecule screening in CAR-T-tumor coculture models in vitro or in vivo.3 By selectively analyzing the genes or small molecules that promote CAR-T cell survival and functionality, while reducing the risk of host versus graft for CAR-NKs, insights can be provided into potential strategies to enhance the efficacy and longevity of CAR-T cell therapy. This approach holds promise for improving CAR-T cell-based immunotherapy by identifying novel targets and therapeutic interventions to overcome the challenges associated with CAR-T cell exhaustion. Another important application of Zman-seq is overriding drug resistance. This new technology may provide valuable insights into the intricate dynamic between cancer treatment and the immune response associated with resistance to chemotherapy, radiotherapy, targeted therapy, and recently immunotherapy.4 It employs a powerful technique to comprehensively analyze the changes in immune cell populations and gene expression profiles between sensitive and nonsensitive patients. One notable observation is the depletion of specific subsets of immune cells, such as cytotoxic T cells and NK cells, following therapy. This depletion can compromise the anti-tumor immune response, potentially leading to tumor evasion and disease progression. Furthermore, Zman-seq may highlight the altered gene expression patterns in immune cells after treatments. These changes reflect potential dysregulation in immune signaling pathways, which may further influence the efficacy of immunotherapy and patient outcomes. This emphasizes the importance of considering the dynamic nature of the immune response during cancer treatment, which can guide the development of novel therapeutic strategies aimed at enhancing the effectiveness of immunotherapy and improving patient outcomes in the fight against cancer. Using Zman-seq to optimize the clinical medication of patients may yield significant insights including the impact of treatments, such as kinase inhibitors or immune checkpoint blockers on immune response within the tumor microenvironment.5 Through comprehensive analysis using Zman-seq, notable changes in immune cell populations and gene expression profiles following different treatments can potentially be observed and this could conceivably lead to the identification of new anti-tumor targets and new treatment paradigms. This underscores the importance of understanding the interplay between different drugs and immune cells in the context of tumor treatment. Such knowledge can inform the development of combination therapies that harness the synergistic effects of kinase inhibitors and immunotherapy, ultimately improving patient outcomes and advancing the field of cancer drug development. Moreover, during the process of medication optimization, Zman-seq can be combined with imaging technology (such as light or fluorescence-based barcode probes) to provide optimized therapeutic strategies for patients, instead of puncture surgery or sorting cells out with flow cytometry. In addition, it is also possible to use a real-time fluorescence tracking technology in organoid 3D cultures, for example, a combination of the Live-Cell analysis system with organoid-drug co-culture models, to facilitate research and drug screening applications with Zman-seq or Xman-seq (real-time or other dimensions). Zman-seq can potentially be applied to other research areas, for example, infectious diseases, autoimmune diseases, drug development, and organ transplantation. With the ability to track the dynamic changes in different cells during the stages of infection, this approach aims to offer a deeper understanding of how the immune system attacks host tissues over time, and it also aims to provide a platform to assess the impact of candidate drugs on the dynamic states and functions of immune cells. In addition, by monitoring the trajectory of immune cells before or post-transplantation, Zman-seq could help to better understand specific biological mechanisms, pathways, and processes, and thus identify new therapeutic targets and develop novel targeted therapies or more effective drugs. Zman-seq emerges as a revolutionary technology, providing a temporal dimension to single-cell analysis and unraveling the intricacies of immune cell dynamics over time. As we venture into an era of precision medicine, Zman-seq stands as a beacon, guiding us toward a deeper comprehension of immune adaptation and offering novel avenues for therapeutic intervention. G.L. and J.Y. wrote the manuscript. J.Y. and W.Z. provided valuable scientific feedback. All authors have read and approved the final manuscript. We thank Dr. James D Griffin at the Dana-Farber Cancer Institute, Harvard Medical School, Prof. Bin Li at Shanghai Institute of Immunology, and Dr. Changlin Qian at Renji Hospital, Shanghai Jiao Tong University School of Medicine, for their generous and valuable scientific support. Our work was supported and funded by the National Natural Science Foundation of China (82373937, 82104198 and 82370158), the Fundamental Research Funds for the Central Universities. The authors declare no conflict of interest. Not applicable. Data sharing is not applicable.",2024,2024-08-01,article,en,https://openalex.org/W4401345928,False,0,epigenomics_plus_downstream,True,True,True,True
doi:10.1007/s10238-025-01985-5,doi:10.1007/s10238-025-01985-5,semantic_scholar,semantic_scholar,e453852c61b037f0acc5a38069d7787d15f9f6f7,10.1007/s10238-025-01985-5,41530564,12819441,Multi-omics and molecular testing: A new insight into the genetic mechanisms of sarcopenia and arthritis,"Sarcopenia and arthritis, characterized by age-related progressive loss of skeletal muscle mass and function, profoundly impact the well-being of older adults. Our study endeavors to explore the unclear genetic structure between them. Using advanced statistical genetic approaches and genome-wide association study (GWAS) summary statistics, we explored the shared genetic basis among multiple manifestations of sarcopenia and four distinct arthritic conditions: osteoarthritis, rheumatoid arthritis, psoriatic arthritis, and gouty arthritis. We employed global and local genetic methods to gain potential shared biological mechanisms and determine binary local genetic correlations. Cross-phenotype association GWAS studies have revealed many genetic variations associated with complex traits. Transcriptome-wide association studies were conducted using weights from various human tissues to identify risk loci. We functionally annotated genomic multi-markers and fine-mapping colocalization by conducting the whole-genome unified testing of molecular characteristics. Significant correlations between sarcopenia and arthritis were detected through comprehensive and local genetic correlation analyses. At the genomic level, we identified 19 unique bivariate regions, including chr3q27.3, chr5q35.3, and chr12q13.2-q13.3, involving multiple human genes such as KBM7, GM12878, and IMR90. Gene enrichment analyses revealed that the selected loci primarily signaled through elementary pathways, including central nervous system neuron axonogenesis, glutamatergic synapse, and beta-catenin binding. Specifically, GDF5 and DNAJC27 were prioritized as the most probable candidate genes via transcriptomics. Our study has identified pleiotropic genomic regions linking sarcopenia and arthritis, providing novel insights into their genetic mechanisms. 1. Local genetic analysis has confirmed the significance of the binary regions. 2. We conducted a whole - genome test on the molecules, and marked the risk genomes. 3. We prioritize the fine analysis of probabilities to emphasize the causal genes in every region.",2026,2026-01-14,JournalArticle,,https://www.semanticscholar.org/paper/e453852c61b037f0acc5a38069d7787d15f9f6f7,False,0,,True,False,True,False
doi:10.1007/s12275-024-00154-9,doi:10.1007/s12275-024-00154-9,semantic_scholar,semantic_scholar,17752b37b85bd09a85685a586b2b4b5270c9c9c3,10.1007/s12275-024-00154-9,38980578,11436439,Exploring COVID-19 Pandemic Disparities with Transcriptomic Meta-analysis from the Perspective of Personalized Medicine,"Infection with SARS-CoV2, which is responsible for COVID-19, can lead to differences in disease development, severity and mortality rates depending on gender, age or the presence of certain diseases. Considering that existing studies ignore these differences, this study aims to uncover potential differences attributable to gender, age and source of sampling as well as viral load using bioinformatics and multi-omics approaches. Differential gene expression analyses were used to analyse the phenotypic differences between SARS-CoV-2 patients and controls at the mRNA level. Pathway enrichment analyses were performed at the gene set level to identify the activated pathways corresponding to the differences in the samples. Drug repurposing analysis was performed at the protein level, focusing on host-mediated drug candidates to uncover potential therapeutic differences. Significant differences (i.e. the number of differentially expressed genes and their characteristics) were observed for COVID-19 at the mRNA level depending on the sample source, gender and age of the samples. The results of the pathway enrichment show that SARS-CoV-2 can be combated more effectively in the respiratory tract than in the blood samples. Taking into account the different sample sources and their characteristics, different drug candidates were identified. Evaluating disease prediction, prevention and/or treatment strategies from a personalised perspective is crucial. In this study, we not only evaluated the differences in COVID-19 from a personalised perspective, but also provided valuable data for further experimental and clinical efforts. Our findings could shed light on potential pandemics.",2024,2024-07-09,JournalArticle,,https://www.semanticscholar.org/paper/17752b37b85bd09a85685a586b2b4b5270c9c9c3,False,0,,True,False,True,False
doi:10.1016/j.arr.2026.103269,doi:10.1016/j.arr.2026.103269,europepmc,europepmc;google_scholar;pubmed;scopus;semantic_scholar,MED:42480622,10.1016/j.arr.2026.103269,42480622,,Microbiome remodeling during aging: Integrative multi-omics and spatiotemporal perspectives on immune and metabolic regulation.,"Changes in the gut microbiota occur throughout the human lifespan, and maintaining microbial homeostasis plays a critical role in promoting healthy aging. In recent years, substantial progress has been made in elucidating the mechanistic links between aging and microbiota remodeling, highlighting the central role of microbiota-host interactions in regulating immune responses and maintaining metabolic homeostasis. These findings provide new potential targets for the precision prevention and treatment of age-related diseases. This review systematically summarizes the patterns of gut microbiota succession across different stages of the human life cycle, including infancy, adolescence, adulthood, and old age, as well as the mechanisms through which the microbiota regulates immune and metabolic functions. Furthermore, the role of the gut microbiota as a key mediator linking aging with an increased risk of chronic inflammation, cardiovascular disease, cognitive impairment, neurodegenerative disorders, and cancer was explored. In addition, this review evaluates the therapeutic potential of microbiota-targeted interventions, such as dietary modification, probiotic and prebiotic supplementation, fecal microbiota transplantation (FMT), and lifestyle interventions-in maintaining microbiome homeostasis and mitigating age-related diseases. The feasibility of personalized microbiota-based intervention strategies is also discussed. Finally, we highlight the current challenges and limitations in this field and outline future research directions. In particular, integrating multi-omics approaches with metagenomic sequencing, including emerging spatial and spatiotemporal multi-omics technologies, is crucial for advancing our understanding of the complex interactions within the gut microbiome. These insights provide a theoretical framework for optimizing anti-aging therapeutic strategies and promoting healthy lifespan extension.",2026,2026-07-21,Review; Journal Article,eng,https://europepmc.org/article/MED/42480622,False,4,,True,True,True,True
doi:10.1016/j.chembiol.2016.06.015,doi:10.1016/j.chembiol.2016.06.015,semantic_scholar,europepmc;pubmed;scopus;semantic_scholar,9a514af3c0aa87382b7547dfbce8a74804009ec0,10.1016/j.chembiol.2016.06.015,27499530,5003114,Global Cysteine-Reactivity Profiling During Impaired Insulin/IGF-1 Signaling in C. elegans Identifies Uncharacterized Mediators of Longevity,"Summary In the nematode, Caenorhabditis elegans, inactivating mutations in the insulin/IGF-1 receptor, DAF-2, result in a 2-fold increase in lifespan mediated by DAF-16, a FOXO-family transcription factor. Downstream protein activities that directly regulate longevity during impaired Insulin/IGF-1 signaling (IIS) are poorly characterized. Here, we use global cysteine-reactivity profiling to identify protein-activity changes during impaired IIS. Upon confirming that cysteine reactivity is a good predictor of functionality in C. elegans, we profiled cysteine-reactivity changes between daf-2 and daf-16;daf-2 mutants, and identified 40 proteins that display a >2-fold change. Subsequent RNAi-mediated knockdown studies revealed that lbp-3 and K02D7.1 knockdown caused significant increases in lifespan and dauer formation. The proteins encoded by these two genes, LBP-3 and K02D7.1, are implicated in intracellular fatty-acid transport and purine metabolism, respectively. These studies demonstrate that cysteine-reactivity profiling can be complementary to abundance-based transcriptomic and proteomic studies, serving to identify uncharacterized mediators of C. elegans longevity.",2016,2016-08-04,JournalArticle,,https://www.semanticscholar.org/paper/9a514af3c0aa87382b7547dfbce8a74804009ec0,False,3,,True,True,True,True
doi:10.1016/j.exger.2025.112783,doi:10.1016/j.exger.2025.112783,semantic_scholar,semantic_scholar,e2fb6826ef3c46485c22d720acae6c3e0dd20ffc,10.1016/j.exger.2025.112783,40378933,,Multivariate genome-wide analysis of sarcopenia reveals genetic comorbidity with urological diseases.,"INTRODUCTION Sarcopenia is a prevalent age-related disorder characterized by progressive loss of muscle mass, strength, and physical performance. While genome-wide association studies (GWAS) have explored isolated traits, the multifactorial genetic architecture underlying sarcopenia remains poorly defined. In this study, we constructed a comprehensive genetic factor to explain the genetic architecture of sarcopenia, and explore causal associations, genetic comorbidities, and mediating pathways linking sarcopenia to 30 urological diseases. METHODS Based on the European Working Group on Sarcopenia in Older People (EWGSOP) criteria, six sarcopenia-related phenotypes were selected. A multivariate GWAS framework using genomic structural equation modeling (genomic SEM) was constructed, with an effective sample size of 651,820 individuals. Bidirectional Mendelian randomization (MR) was employed to assess causal relationships between sarcopenia and 30 urological diseases. Genetic correlation, tissue-specific heritability enrichment, shared risk genes, and gene set enrichment analyses were conducted to dissect genetic comorbidities between sarcopenia and urological diseases. Multi-omic mediation analysis was conducted to identify potential pathways mediated by blood proteins, metabolites, and immune traits. RESULTS Multivariate GWAS identified 215 loci and 30,869 single-nucleotide polymorphisms (SNPs) associated with polygenic architecture of sarcopenia. Bidirectional Mendelian randomization revealed causal links between sarcopenia and urological diseases, notably hyperplasia of prostate (BPH; OR = 1.17, P = 0.043) and acute tubulointerstitial nephritis (ATIN; OR = 1.14, P = 0.028). Genetic comorbidity analyses identified local genetic correlations between sarcopenia and BPH, and highlighted tissue-specific heritability enrichment in Cells Cultured fibroblasts tissue for both traits, while no genetic correlation was found with ATIN. We identified 75 shared risk genes for sarcopenia and BPH, which were enriched in cellular component biogenesis, RNA binding, and metabolic pathways. Multi-omic mediation analyses prioritized 17 metabolites and proteins linking sarcopenia to BPH and ATIN, though no significant immune mediators were identified. CONCLUSION These findings unveil a shared genetic architecture between sarcopenia and urological diseases, especially BPH, with heritability enrichment in fibroblast tissue and metabolic dysfunction emerging as the significant overlapping pathway.",2025,2025-05-01,JournalArticle,,https://www.semanticscholar.org/paper/e2fb6826ef3c46485c22d720acae6c3e0dd20ffc,False,0,,True,False,True,False
doi:10.1016/j.jaci.2025.03.018,doi:10.1016/j.jaci.2025.03.018,semantic_scholar,semantic_scholar,ce2b9551e5966097581d354c673c9b9497f55829,10.1016/j.jaci.2025.03.018,40187613,,Gene-by-environment interactions modulate the infant gut microbiota in asthma and atopy.,"BACKGROUND Gut microbiota has been associated with health and susceptibility to childhood diseases, including asthma and allergies. However, the genomic factors contributing to inter-individual variations in gut microbiota remain poorly understood. OBJECTIVE Our study integrates host genomics with early-life exposures to investigate main and interaction effects on gut microbiota during the first year of life. In addition, we identified gut microbes associated with childhood respiratory (asthma, wheeze) and atopic (atopic dermatitis, food/inhalant sensitization) outcomes. METHODS We leveraged microbiome data from infant stool at ages 3 months (N=779) and 1 year (N=770) from the CHILD Cohort Study. We identified microbial taxa and co-occurring network clusters associated with asthma and atopy by age 5 years. Genome-wide association studies and gene-by-environment interaction analyses determined main and interaction effects of host genomics and early-life environmental exposures (e.g., feeding practices, household pets, birth characteristics) on gut microbial features. RESULTS Shifts in microbial taxa and network clusters during the first year of life were associated with childhood respiratory and atopic outcomes (P<0.05), some of which were sex-specific. Additionally, some of these implicated microbes were associated with host genomics and early-life exposures. For example, Blautia obeum was associated with reduced food/inhalant sensitization and genetic variants near the MARCO gene (P=9.4E-11). Also, variants in the SMAD2 gene interact with breastfeeding to influence the green microbial network cluster (P=8.3E-10), associated with asthma. CONCLUSION Our study reports main and interaction effects of genomics and exposures on early-life gut microbiota, which may contribute to childhood asthma and atopy. Improved understanding of the factors contributing to gut dysbiosis will inform on early-life biomarkers and interventions.",2025,2025-04-01,JournalArticle,,https://www.semanticscholar.org/paper/ce2b9551e5966097581d354c673c9b9497f55829,False,0,,True,False,True,False
doi:10.1016/j.jprot.2016.04.033,doi:10.1016/j.jprot.2016.04.033,europepmc,europepmc;pubmed;scopus;semantic_scholar,MED:27130534,10.1016/j.jprot.2016.04.033,27130534,,Foodomics as part of the host-microbiota-exposome interplay.,"Unlabelled The functional complexity of human gut microbiota and its relationship with host physiology and environmental modulating factors, offers the opportunity to investigate (i) the host and microbiota role in organism-environment relationship; (ii) the individual functional diversity and response to environmental stimuli (exposome); (iii) the host genome and microbiota metagenomes' modifications by diet-mediated epigenomic controls (nutriepigenomics); and (iv) the genotype-phenotype ""trajectories"" under physiological and disease constraints. Systems biology-based approaches aim at integrating biological data at cellular, tissue and organ organization levels, using computational modeling to interpret diseases' physiopathological mechanisms (i.e., onset and progression). Proteomics improves the existing gene models by profiling molecular phenotypes at protein abundance level, by analyzing post-translational modifications and protein-protein interactions and providing specific pathway information, hence contributing to functional molecular networks. Transcriptomics and metabolomics may determine host ad microbiota changes induced by food ingredients at molecular level, complementing functional genomics and proteomics data. Since foodomics is an -omic wide methodology may feed back all integrative data to foster the omics-based systems medicine field. Hence, coupled to ecological genomics of gut microbial communities, foodomics may highlight health benefits from nutrients, dissecting diet-induced gut microbiota eubiosis mechanisms and significantly contributing to understand and prevent complex disease phenotypes. Biological significance Besides transcriptomics and proteomics there is a growing interest in applying metabolic profiling to food science for the development of functional foods. Indeed, one of the biggest challenges of modern nutrition is to propose a healthy diet to populations worldwide, intrinsically respecting the high inter-individual variability, driven by complex host/nutrients/microbiota/environment interactions. Therefore, metabolic profiling can assist at various levels for the development of functional foods, starting from screening for food composition to identification of new biomarkers to trace food intake. This current approach can support diet intervention strategies, epidemiological studies, and controlling of metabolic disorders worldwide spreading, hence ensuring healthy aging. With high-throughput molecular technologies driving foodomics, studying bidirectional interactions of host-microbial co-metabolism, innate immune development, dysfunctional nutrient absorption and processing, complex signaling pathways involved in nutritional metabolism, is now likely. In all cases, as microbiome pipeline efforts continue, it is possible that enhanced standardized protocols can be developed, which may lead to new testable biological and clinical hypotheses. This Review provides a comprehensive update on the current state-of-the-art of the integrated -omics route in food, microbiota and host co-metabolism studies, which may revolutionize the design of new dietary intervention strategies.",2016,2016-04-26,"Research Support, Non-U.S. Gov't; Review; Journal Article",eng,https://europepmc.org/article/MED/27130534,False,3,,True,True,True,True
doi:10.1016/j.pharmthera.2016.03.005,doi:10.1016/j.pharmthera.2016.03.005,europepmc,europepmc;pubmed;scopus,MED:27013344,10.1016/j.pharmthera.2016.03.005,27013344,,Epigenetics and obesity cardiomyopathy: From pathophysiology to prevention and management.,"Uncorrected obesity has been associated with cardiac hypertrophy and contractile dysfunction. Several mechanisms for this cardiomyopathy have been identified, including oxidative stress, autophagy, adrenergic and renin-angiotensin aldosterone overflow. Another process that may regulate effects of obesity is epigenetics, which refers to the heritable alterations in gene expression or cellular phenotype that are not encoded on the DNA sequence. Advances in epigenome profiling have greatly improved the understanding of the epigenome in obesity, where environmental exposures during early life result in an increased health risk later on in life. Several mechanisms, including histone modification, DNA methylation and non-coding RNAs, have been reported in obesity and can cause transcriptional suppression or activation, depending on the location within the gene, contributing to obesity-induced complications. Through epigenetic modifications, the fetus may be prone to detrimental insults, leading to cardiac sequelae later in life. Important links between epigenetics and obesity include nutrition, exercise, adiposity, inflammation, insulin sensitivity and hepatic steatosis. Genome-wide studies have identified altered DNA methylation patterns in pancreatic islets, skeletal muscle and adipose tissues from obese subjects compared with non-obese controls. In addition, aging and intrauterine environment are associated with differential DNA methylation. Given the intense research on the molecular mechanisms of the etiology of obesity and its complications, this review will provide insights into the current understanding of epigenetics and pharmacological and non-pharmacological (such as exercise) interventions targeting epigenetics as they relate to treatment of obesity and its complications. Particular focus will be on DNA methylation, histone modification and non-coding RNAs.",2016,2016-03-22,"Review; Research Support, U.S. Gov't, Non-P.H.S.; Journal Article; Research Support, N.I.H., Extramural",eng,https://europepmc.org/article/MED/27013344,False,2,,True,True,True,True
doi:10.1016/j.tjnut.2025.05.044,doi:10.1016/j.tjnut.2025.05.044,pubmed,pubmed;scopus,40456408,10.1016/j.tjnut.2025.05.044,40456408,PMC12346696,Late-Life Short-Term Dietary Restriction Improves Intestinal Stem Cell Function and Alters Intestinal Stem Cell Deoxyribonucleic Acid Methylation in Mice.,"Intestinal regenerative capacity declines with age due to the declining intestinal stem cell (ISC) function. Dietary restriction (DR), the most robust anti-aging intervention to date, has been shown to improve ISC function in young mice. The goal of this study is to evaluate the effect of short-term DR (stDR) on ISC function when implemented late in life. Two- and twenty-one-month-old male C57BL/6 mice, fed on National Institutes of Health-31 (NIH-31), an open-source, unpurified, natural ingredient diet, were subjected to ad libitum feeding or stDR (40% DR for 4-mo) with 6 mice/age/treatment. Effects of age and stDR on ISC (leucine-rich repeat-containing G-protein coupled receptor 5) function was evaluated using in vitro enteroid-forming assay followed by ribonucleic acid sequencing (RNA-seq) analysis (using strand next-generation sequencing analysis software) and oxidative whole-genome bisulfite sequencing for deoxyribonucleic acid (DNA) methylation (using the R package methyl kit). Statistical analysis was conducted, where appropriate, using a 1-way analysis of variance with multiple testing corrections or Student's t-test. Our data shows that stDR increases enteroid formation when implemented late in life by ≥10-fold (P ≤ 0.05). RNA-Seq analysis identified 38 genes not commonly linked to ISC function but showed a 2-fold change (P ≤ 0.05) with age, which was prevented by stDR. Finally, evaluation of the methylation status of selected genes from RNA-seq (Slc28a3, Ly9, Cd2, Platr4) showed changes in methylation at Cytosine-Guanine (CG) sites in the cis-acting regions of the genes with age which were also prevented by stDR (P ≤ 0.05). Our study shows for the first time that late-life stDR can improve the function of leucine-rich repeat-containing G-protein coupled receptor 5 ISCs from old mice. These data suggest that late-life nutritional strategies might be effective in improving gut function that declines with age and reduce the risk of age-related intestinal disorders. Our study also provides the first data showing that DNA methylation may play a role in the ability of DR to improve ISC function.",2025,2025-05-31,"Journal Article; Research Support, Non-U.S. Gov't; Research Support, N.I.H., Extramural; Research Support, U.S. Gov't, Non-P.H.S.",eng,https://pubmed.ncbi.nlm.nih.gov/40456408/,False,1,,True,True,True,True
doi:10.1021/acs.jcim.4c02318,doi:10.1021/acs.jcim.4c02318,semantic_scholar,semantic_scholar,3e5c76618fbb71fe1a0822aa5c1743b318271b19,10.1021/acs.jcim.4c02318,40105795,,"Identification and Experimental Validation of NETosis-Mediated Abdominal Aortic Aneurysm Gene Signature Using Multi-omics, Machine Learning, and Mendelian Randomization","Abdominal aortic aneurysm (AAA) is a life-threatening disorder with limited therapeutic options. Neutrophil extracellular traps (NETs) are formed by a process known as ""NETosis"" that has been implicated in AAA pathogenesis, yet the roles and prognostic significance of NET-related genes in AAA remain poorly understood. This study aimed to identify key AAA- and NET-related genes (AAA-NETs-RGs), elucidate their potential mechanisms in contributing to AAA, and explore potential therapeutic compounds for AAA therapy. Through bioinformatics analysis of multiomics and machine learning, we identified six AAA-NETs-RGs: DUSP26, FCN1, MTHFD2, GPRC5C, SEMA4A, and CCR7, which exhibited strong diagnostic potential for predicting AAA progression, were significantly enriched in pathways related to cytokine-cytokine receptor interaction and chemokine signaling. Immune infiltration analysis revealed a causal association between AAA-NETs-RGs and immune cell infiltration. Cell-cell communication analysis indicated that AAA-NETs-RGs predominantly function in smooth muscle cells, B cells, T cells, and NK cells, primarily through cytokine and chemokine signaling. Gene profiling revealed that CCR7 and MTHFD2 exhibited the most significant upregulation in AAA patients compared to non-AAA controls, as well as in in vitro AAA models. Notably, genetic depletion of CCR7 and MTHFD2 strongly inhibited Ang II-induced phenotypic switching, functional impairment, and senescence in vascular smooth muscle cells (VSMCs). Based on AAA-NETs-RGs, molecular docking analysis combined with the Connectivity Map (CMap) database identified mirdametinib as a potential therapeutic agent for AAA. Mirdametinib effectively alleviated Ang II-induced phenotypic switching, biological dysfunction, and senescence. These findings provide valuable insights into understanding the pathophysiology of AAA and highlight promising therapeutic strategies targeting AAA-NETs-RGs.",2025,2025-03-19,JournalArticle,,https://www.semanticscholar.org/paper/3e5c76618fbb71fe1a0822aa5c1743b318271b19,False,0,,True,False,True,False
doi:10.1038/s41419-025-08380-8,doi:10.1038/s41419-025-08380-8,semantic_scholar,semantic_scholar,42a1f257a6f0a0fa70f42113e6cb33278380e36e,10.1038/s41419-025-08380-8,41419462,12848070,A novel super-enhancer-driven lncRNA LINC00973 governs head and neck squamous cell carcinoma progression through EN2,"Long noncoding RNAs (lncRNAs) have emerged as pivotal regulators driving cancer development and potential therapeutic targets across multiple human malignancies. However, their mechanistic roles during head and neck squamous cell carcinoma (HNSCC) initiation and progression remain incompletely elucidated. Here, we identified a novel oncogenic lncRNA, LINC00973, which was aberrantly upregulated in clinical samples and associated with aggressive clinicopathological features and adverse clinical outcomes. LINC00973 promoted cell proliferation, migration, and invasion and inhibited cell apoptosis and senescence in vitro, and induced tumor growth and lymph node metastasis in vivo. Mechanistically, LINC00973 functioned as a molecular sponge for tumor-suppressive miR-6756-3p, consequently stabilizing transcription factor Engrailed-2 (EN2) mRNA and activating NOTCH pathway to promote HNSCC progression. Integrative epigenomics/transcriptomics analyses coupled with molecular assays revealed a proximal super-enhancer (SE) within the LINC00973 locus, which recruited Activator Protein 1 (AP-1)/FOS Like 1 (FOSL1), BRD4, and EP300, thereby collectively activating its transcription. CRISPR interference assay identified four functional enhancer elements of LINC00973-SE and H3K27ac HiChIP data analysis suggested enhancer-promoter contacts, collectively contributing to LINC00973 transcription. Clinically, the abundance of LINC00973, miR-6756-3p, EN2, and NOTCH1 in HNSCC samples was correlated and significantly associated with patients’ survival. Collectively, our findings revealed a hitherto uncharacterized SE-driven LINC00973-miR-6756-3p-EN2 regulatory axis to facilitate HNSCC progression and highlighted LINC00973 as a promising prognostic biomarker and therapeutic target with considerable translational potential.",2025,2025-12-19,JournalArticle,,https://www.semanticscholar.org/paper/42a1f257a6f0a0fa70f42113e6cb33278380e36e,False,0,,True,False,False,False
doi:10.1038/s41586-024-07700-w,doi:10.1038/s41586-024-07700-w,pubmed,pubmed,39020172,10.1038/s41586-024-07700-w,39020172,PMC11291281,Clonal inactivation of TERT impairs stem cell competition.,"Telomerase is intimately associated with stem cells and cancer, because it catalytically elongates telomeres-nucleoprotein caps that protect chromosome ends 1 . Overexpression of telomerase reverse transcriptase (TERT) enhances the proliferation of cells in a telomere-independent manner 2-8 , but so far, loss-of-function studies have provided no evidence that TERT has a direct role in stem cell function. In many tissues, homeostasis is shaped by stem cell competition, a process in which stem cells compete on the basis of inherent fitness. Here we show that conditional deletion of Tert in the spermatogonial stem cell (SSC)-containing population in mice markedly impairs competitive clone formation. Using lineage tracing from the Tert locus, we find that TERT-expressing SSCs yield long-lived clones, but that clonal inactivation of TERT promotes stem cell differentiation and a genome-wide reduction in open chromatin. This role for TERT in competitive clone formation occurs independently of both its reverse transcriptase activity and the canonical telomerase complex. Inactivation of TERT causes reduced activity of the MYC oncogene, and transgenic expression of MYC in the TERT-deleted pool of SSCs efficiently rescues clone formation. Together, these data reveal a catalytic-activity-independent requirement for TERT in enhancing stem cell competition, uncover a genetic connection between TERT and MYC and suggest that a selective advantage for stem cells with high levels of TERT contributes to telomere elongation in the male germline during homeostasis and ageing.",2024,2024-07-17,"Journal Article; Research Support, N.I.H., Extramural",eng,https://pubmed.ncbi.nlm.nih.gov/39020172/,False,0,,True,True,True,True
doi:10.1038/s42003-019-0430-6,doi:10.1038/s42003-019-0430-6,semantic_scholar,semantic_scholar,94b4560babfa1e818a1199f8def492ae4d516aad,10.1038/s42003-019-0430-6,31925026,6527609,Genetic analyses of human fetal retinal pigment epithelium gene expression suggest ocular disease mechanisms,"The retinal pigment epithelium (RPE) serves vital roles in ocular development and retinal homeostasis but has limited representation in large-scale functional genomics datasets. Understanding how common human genetic variants affect RPE gene expression could elucidate the sources of phenotypic variability in selected monogenic ocular diseases and pinpoint causal genes at genome-wide association study (GWAS) loci. We interrogated the genetics of gene expression of cultured human fetal RPE (fRPE) cells under two metabolic conditions and discovered hundreds of shared or condition-specific expression or splice quantitative trait loci (e/sQTLs). Co-localizations of fRPE e/sQTLs with age-related macular degeneration (AMD) and myopia GWAS data suggest new candidate genes, and mechanisms by which a common RDH5 allele contributes to both increased AMD risk and decreased myopia risk. Our study highlights the unique transcriptomic characteristics of fRPE and provides a resource to connect e/sQTLs in a critical ocular cell type to monogenic and complex eye disorders. Boxiang Liu, Melissa Calton et al. report expression and splice quantitative trait locus analyses for human fetal retinal epithelium (fRPE) cells under two metabolic conditions. They identify loci linked to inherited ocular diseases and new candidate genes for age-related macular degeneration and myopia.",2019,2019-05-20,JournalArticle,,https://www.semanticscholar.org/paper/94b4560babfa1e818a1199f8def492ae4d516aad,False,0,,True,False,True,False
doi:10.1073/pnas.1909720116,doi:10.1073/pnas.1909720116,pubmed,pubmed,31818950,10.1073/pnas.1909720116,31818950,PMC6936709,A cis -element within the ARF locus mediates repression of p16 INK4A expression via long-range chromatin interactions.,"Loss of function of CDKN2A / B , also known as INK4 / ARF [encoding p16 INK4A , p15 INK4B , and p14 ARF (mouse p19 Arf )], confers susceptibility to cancers, whereas its up-regulation during organismal aging provokes cellular senescence and tissue degenerative disorders. To better understand the transcriptional regulation of p16 INK4A , a CRISPR screen targeting open, noncoding chromatin regions adjacent to p16 INK4A was performed in a human p16 INK4A-P2A-mCherry reporter cell line. We identified a repressive element located in the 3' region adjacent to the ARF promoter that controls p16 INK4A expression via long-distance chromatin interactions. Coinfection of lentiviral dCas9-KRAB with selected single-guide RNAs against the repressive element abrogated the ARF / p16 INK4A chromatin contacts, thus reactivating p16 INK4A expression. Genetic CRISPR screening identified candidate transcription factors inhibiting p16 INK4A regulation, including ZNF217, which was confirmed to bind the ARF / p16 INK4A interaction loop. In summary, direct physical interactions between p16 INK4A and ARF genes provide mechanistic insights into their cross-regulation.",2019,2019-12-09,Journal Article,eng,https://pubmed.ncbi.nlm.nih.gov/31818950/,False,0,,False,True,True,False
doi:10.1089/omi.2024.0172,doi:10.1089/omi.2024.0172,pubmed,pubmed;scopus,39585213,10.1089/omi.2024.0172,39585213,,Age-Related Hearing Impairment: Genome and Blood Methylome Data Integration Reveals Candidate Epigenetic Biomarkers.,"Age-related hearing impairment (ARHI) is a major planetary health burden that is in need of precision medicine for prevention, diagnosis, and treatment. The present study was set out to identify candidate epigenetic markers for ARHI. Associations of genetically predicted DNA methylation levels with ARHI risk were evaluated using two sets of blood DNA methylation genetic prediction models in 147,997 cases and 575,269 controls of European descent. A total of 1314 CpG sites (CpGs) were significantly associated with ARHI risk at a false discovery rate (FDR) <0.05, including 12 putatively causal CpGs based on fine-mapping analysis. Measured methylation levels of 247 of the associated CpGs were significantly correlated with measured expression levels of 127 nearby genes in blood at an FDR <0.05. A total of 37 CpGs and their 18 nearby genes showed consistent association directions for the methylation-gene expression-ARHI risk pathway. Importantly, three genes ( PEX6 , TCF19 , and SPTBN1 ) were enriched in auditory disease categories. Our results indicate that specific CpGs may modulate ARHI risk by regulating the expression of candidate ARHI target genes. Future precision medicine and biomarker development research on ARHI are called for.",2024,2024-11-25,Journal Article,eng,https://pubmed.ncbi.nlm.nih.gov/39585213/,False,1,,True,False,True,False
doi:10.1093/ehjcvp/pvae038,doi:10.1093/ehjcvp/pvae038,openalex,europepmc;openalex;pubmed;scopus,https://openalex.org/W4398182455,10.1093/ehjcvp/pvae038,,,Utilizing genetics and proteomics to assess the role of antihypertensive drugs in human longevity and the underlying pathways: a Mendelian randomization study,"BACKGROUND: Antihypertensive drugs are known to lower cardiovascular mortality, but the role of different types of antihypertensive drugs in lifespan has not been clarified. Moreover, the underlying mechanisms remain unclear. METHODS AND RESULTS: To minimize confounding, we used Mendelian randomization to assess the role of different antihypertensive drug classes in longevity and examined the pathways via proteins. Genetic variants associated with systolic blood pressure (SBP) corresponding to drug-target genes were used as genetic instruments. The genetic associations with lifespan were obtained from a large genome-wide association study including 1 million European participants from UK Biobank and LifeGen. For significant antihypertensive drug classes, we performed sex-specific analysis, drug-target analysis, and colocalization. To examine the mediation pathways, we assessed the associations of 2291 plasma proteins with lifespan, and examined the associations of drug classes with the proteins affecting lifespan. After correcting for multiple testing, genetically proxied beta-blockers (BBs), calcium channel blockers (CCBs), and vasodilators were related to longer life years (BBs: 2.03, 95% CI 0.78-3.28 per 5 mmHg reduction in SBP, CCBs: 3.40, 95% CI 1.47-5.33, and vasodilators: 2.92, 95% CI 1.08-4.77). The beneficial effects of BBs and CCBs were more obvious in men. ADRB1, CACNA2D2, CACNB3, CPT1A, CPT2, and EDNRA genes were related to extended lifespan, with CPT2 further supported by colocalization evidence. Eighty-six proteins were related to lifespan, of which four proteins were affected by CCBs. CDH1 may mediate the association between CCBs and lifespan. CONCLUSIONS: Beta-blockers, CCBs, and vasodilators may prolong lifespan, with potential sex differences for BBs and CCBs. The role of CCBs in lifespan is partly mediated by CDH1. Prioritizing the potential protein targets can provide new insights into healthy aging.",2024,2024-05-20,article,en,https://openalex.org/W4398182455,False,3,genomics_plus_other,True,True,True,True
doi:10.1093/geroni/igae098.3996,doi:10.1093/geroni/igae098.3996,semantic_scholar,semantic_scholar,5e8aa3ffef1f7716f3df4382a354dfe22f51e8d1,10.1093/geroni/igae098.3996,,11692949,HETEROGENEOUS METABOLOMIC AGING ACROSS THE SAME AGE AND PEDICTION OF HEALTH OUTCOME,"Abstract Existing metabolomic clocks exhibit deficiencies in capturing the heterogeneous aging rates among individuals with the same chronological age. Yet, the modifiable and non-modifiable factors in metabolomic aging have not been systematically studied. Here, a new aging measure—MetaboAgeMort—was generated and validated using metabolomic profiles from 239,291 UK Biobank participants for 10-year all-cause mortality prediction. The MetaboAgeMort showed significant associations with all-cause mortality, cause-specific mortality, and diverse incident diseases. Adding MetaboAgeMort to a conventional risk factors model improved the predictive ability of 10-year mortality. A total of 99 modifiable factors across seven categories were identified for MetaboAgeMort. Among these, 16 factors representing pulmonary function, body composition, socioeconomic status, dietary quality, smoking status, alcohol intake, and disease status showed quantitatively stronger associations. The genetic analyses revealed 99 genomic risk loci and 271 genes associated with MetaboAgeMort. The tissue-enrichment analysis showed significant enrichment in liver. This study illuminates heterogeneous metabolomic aging across the same age, providing avenues for identifying high-risk individuals, developing anti-aging therapies, and personalizing interventions, thus promoting healthy aging and longevity.",2024,2024-12-01,JournalArticle,,https://www.semanticscholar.org/paper/5e8aa3ffef1f7716f3df4382a354dfe22f51e8d1,False,0,,True,True,True,True
doi:10.1093/jimmun/vkag141.1234,doi:10.1093/jimmun/vkag141.1234,openalex,openalex,https://openalex.org/W7171490961,10.1093/jimmun/vkag141.1234,,,Role of EHF in regulating B cell checkpoint molecule TIM-1 and development of CD11c+TIM-1+ Age-associated B cells 2301855,"Abstract Introduction Aging is associated with an increased risk of cancer and immunosenescence, coinciding with the expansion of Age-associated B cells (ABCs). While T cell checkpoints are well-established targets, the landscape of inhibitory pathways in B cells, how they regulate anti-tumor immunity remain unclear. This study investigates the transcriptional regulation of the checkpoint molecule TIM-1 on ABCs and its impact on anti-tumor immunity. Methods We combined multi-tissue single-cell RNA-seq across aging, bulk RNA-seq, ATAC-seq, ChIP-qPCR, and a transcription factor CRISPR screen to identify regulators of TIM-1+ ABCs. We generated mice with B cell-specific deletion of the ETS-homologous factor (EHF) and assessed tumor growth, immune infiltration using B16-OVA melanoma and AOM/DSS colon adenocarcinoma models in both young and aged cohorts. Results We identified a progressive age-related expansion of TIM-1+ ABCs that co-express multiple inhibitory checkpoints, a phenotype mirrored by B cells in tumor-draining lymph nodes. We found that TLR9 signaling drives this phenotype and identified EHF as the pivotal transcriptional driver. EHF directly binds the Havcr1 (TIM-1) locus to induce expression. B cell-specific EHF deletion selectively eliminated TIM-1+ ABCs, unleashed Th1-skewed immunity, and enhanced CD8+ T cell activity. Consequently, EHF-deficient mice exhibited robust control of colorectal and melanoma tumors. Crucially, this heightened anti-tumor immunity persisted in aged mice, reversing age-associated immune suppression. Conclusion These findings define a previously unrecognized TLR9-EHF-TIM-1 checkpoint axis in B cells that emerges with age constraining anti-tumor immunity and age-associated inflammation. Targeting the regulatory function of EHF-driven ABCs provides a mechanistic rationale for novel therapeutic strategies to potentiate cancer immunotherapy, particularly in the elderly population where these cells accumulate. Funding Source This work was supported by the Gene Lay Institute of Immunology and Inflammation and grants from the National Institutes of Health (R01 AG080992, AI169075, AI185514, AI184980, P01 AI039671, P01 AI056299 to V.K.K; R01CA187975 to A.C.A.; R01CA282794 to V.K.K. and A.C.A.), GSK Award (“Role of B cells in regulating autoimmunity and anti-tumor immunity”) to V.K.K. and the Melanoma Research Alliance (926682, “Harnessing B cell checkpoints in melanoma” to V.K.K. and A.C.A). Y.-C.K. was supported by the postdoctoral fellowship from National Multiple Sclerosis Society (FG-2007-36929). Topic Categories Tumor Immunology: Cellular Responses and Tumor Microevironment (TIME)",2026,2026-07-28,article,en,https://openalex.org/W7171490961,False,0,epigenomics_plus_downstream,True,True,True,True
doi:10.1093/qjmed/hcaf108,doi:10.1093/qjmed/hcaf108,semantic_scholar,europepmc;google_scholar;openalex;pubmed;scopus;semantic_scholar,69d154456c34737b487e07898cc4675e4f515851,10.1093/qjmed/hcaf108,40343466,12668438,Identification of novel biomarkers and drug targets for frailty-related skeletal muscle aging: a multi-omics study,"Abstract Background Skeletal muscle aging is the major cause and hallmark of frailty, which poses a significant challenge to the healthcare system. Aim This study aimed to identify the potential biomarkers for the early detection and therapeutic intervention of this age-related condition. Methods A transcriptomics-based methodology using machine learning algorithms was performed to select the biomarker genes. A predictive machine learning model for (pre-)frailty based on the transcriptomic profile of the biomarker genes was constructed and validated. The cell-type specific changes of the biomarkers during muscle aging were investigated in a single-cell RNA sequencing dataset of human skeletal muscle. Summary data-based Mendelian randomization (SMR) and Bayesian colocalization analyses were performed to identify biomarker genes with therapeutic effects on frailty-related skeletal muscle aging, and drug candidates were explored in the DSigDB database. Results We identified 24 biomarker genes, most of which were discovered for the first time. The optimal predictive model showed excellent performance in the external test set. Differential expression of the biomarkers in the single-cell dataset indicated a critical role of endothelial cells modulated by the marker genes MGP and ID1 in muscle degeneration. The SMR and colocalization analyses showed causal relationships between 2 marker genes (MGP and WAC) and frailty-related muscle aging. Potential therapeutics for MGP modulation were identified in the DSigDB database. Conclusions This multi-omics study identified biomarkers associated with frailty-related muscle aging and provided new insights into the etiology and therapeutic targets for this age-related condition.",2025,2025-05-09,JournalArticle,,https://www.semanticscholar.org/paper/69d154456c34737b487e07898cc4675e4f515851,False,5,,True,True,True,True
doi:10.1097/jcma.0000000000001374,doi:10.1097/jcma.0000000000001374,europepmc,europepmc;openalex;pubmed;scopus;semantic_scholar,MED:41957871,10.1097/jcma.0000000000001374,41957871,PMC13193294,Beyond disease treatment and prevention: From geroscience and molecular hallmarks to gerotherapeutics and precision geromedicine.,"Geroscience-the interdisciplinary field investigating the causal relationship between the biology of aging and age-related chronic disease-has undergone a remarkable evolution since its formalization within the United States National Institutes of Health in the early 2010s. Grounded in the recognition that aging is the paramount modifiable risk factor for most noncommunicable diseases, geroscience has produced a coherent molecular taxonomy of aging processes (12 hallmarks), delineated proaging and antiaging molecular pathways (gerogenes, gerosuppressors, and gerozymes), and catalyzed a new clinical vocabulary-geroprotection, gerodiagnostics, and gerotherapeutics. Two institutional milestones anchor the field's translational ambitions: the World Health Organization's (WHO) codification of Ageing-Associated Decline in Intrinsic Capacity as International Classification of Disease (ICD)-11 code MG2A; and the United States Food and Drug Administration's (FDA) acceptance of the Targeting Aging with Metformin (TAME) trial-the first prospective clinical trial designed to delay aging as a composite multidisease outcome, currently underway. The biomarker science of aging has advanced in parallel, from first-generation DNA methylation clocks to organ-specific plasma proteomic signatures capable of predicting various age-related diseases with clinical-grade precision. The gerotherapeutic landscape has expanded substantially. Metformin, which engages more aging hallmarks than any other candidate gerotherapeutic, provided the regulatory impetus for TAME; in a rigorous 40-month multiomics study in cynomolgus monkeys, it decelerated plasma proteomic biological age by 6.41 years-the strongest pharmacological evidence to date for systemic biological age modification in a primate model. Senolytics and senomorphics target senescent cell burden; SGLT-2 inhibitors are notable for their indirect senolytic mechanism, enhancing immunosurveillance of senescent cells glucagon-like peptide-1 (GLP-1) receptor agonists attenuate inflammaging; NAD + precursors restore mitochondrial and sirtuin function; and the gerozyme (15-hydroxyprostaglandin dehydrogenase [15-PGDH]) inhibitor offers a mechanistically distinct proregenerative approach with emerging relevance as an adjunct to GLP-1 receptor agonist therapy. Multidomain lifestyle programs address multiple aging hallmarks simultaneously and have demonstrated measurable intrinsic capacity improvement in randomized trials. Building on these foundations, this review proposes the Geroscience-Responsive Aging Care Ecosystem (GRACE)-a three-element service model operationalizing geroscience and gerotherapeutic evidence within the WHO Integrated Care for Older People (ICOPE) framework.",2026,2026-04-10,review-article; Review; Journal Article,eng,https://europepmc.org/article/MED/41957871,False,4,,True,True,True,True
doi:10.1101/2021.12.04.471202,doi:10.1101/2021.12.04.471202,openalex,openalex,https://openalex.org/W4200076162,10.1101/2021.12.04.471202,,,PncA from bacteria improves diet-induced NAFLD by enabling the transition from NAM to NA in mice,"Abstract Nicotinamide adenine dinucleotide (NAD + ) is crucial for energy metabolism, oxidative stress, DNA damage repair, longevity regulation, and several signaling processes. To date, three NAD + synthesis pathways have been found in microbiota and hosts, but the potential relationship between gut microbiota and their hosts in regulating NAD + homeostasis remains unknown. Here, we show that an analog of the first-line tuberculosis drug pyrazinamide (a bacterial NAD + synthesis inhibitor) affected NAD + levels in the intestines and liver of mice and disrupted the intestinal microecological balance. Furthermore, using microbiota expressing the pyrazinamidase/nicotinamidase ( PncA ) gene, which is a target of pyrazinamide, hepatic NAD + levels were greatly increased and significantly increased compared with other NAD + precursors, and diet-induced non-alcoholic fatty liver disease (NAFLD) in mice was improved. Overall, the PncA gene in microbiota plays an important role in regulating NAD + synthesis in the host, thereby providing a potential target for modulating the host’s NAD + level. Highlights PncA inhibitors disrupt gut microbiome homeostasis and reduce host NAD + levels but do not affect NAD + levels in cultured cells PncA gene in microbiota affects host liver NAD metabolism PncA affects lipid metabolism-related genes and metabolites in mice with NAFLD Diet-induced NAFLD is improved by PncA overexpression in the liver of mice Graphical abstract",2021,2021-12-04,preprint,en,https://openalex.org/W4200076162,True,0,metabolomics_plus_microbiomics,True,True,True,True
doi:10.1101/2024.05.06.592653,doi:10.1101/2024.05.06.592653,europepmc,europepmc;google_scholar;semantic_scholar,PPR:PPR849477,10.1101/2024.05.06.592653,,,Functional and multi-omic aging rejuvenation with GLP-1R agonism,"Identifying readily implementable methods that can effectively counteract aging is urgently needed for tackling age-related degenerative disorders. Here, we conducted functional assessments and deep molecular phenotyping in the aging mouse to demonstrate that glucagon-like peptide-1 receptor agonist (GLP-1RA) treatment attenuates body-wide age-related changes. Apart from improvements in physical and cognitive performance, the age-counteracting effects are prominently evident at multiple omic levels. These span the transcriptomes and DNA methylomes of various tissues, organs and circulating white blood cells, as well as the plasma metabolome. Importantly, the beneficial effects are specific to aged mice, not young adults, and are achieved with a low dosage of GLP-1RA which has a negligible impact on food consumption and body weight. The molecular rejuvenation effects exhibit organ-specific characteristics, which are generally heavily dependent on hypothalamic GLP-1R. We benchmarked the GLP-1RA age-counteracting effects against those of mTOR inhibition, a well-established anti-aging intervention, observing a strong resemblance across the two strategies. Our findings have broad implications for understanding the mechanistic basis of the clinically observed pleiotropic effects of GLP-1RAs, the design of intervention trials for age-related diseases, and the development of anti-aging-based therapeutics.",2024,2024-05-08,Preprint,,https://europepmc.org/article/PPR/PPR849477,True,2,,True,True,True,True
doi:10.1101/2025.08.08.25333313,doi:10.1101/2025.08.08.25333313,europepmc,europepmc;openalex;pubmed;semantic_scholar,PPR:PPR1064618,10.1101/2025.08.08.25333313,,,Sleep chart of biological aging clocks across organs and omics,"Optimal sleep plays a vital role in promoting healthy aging and enhancing longevity. This study proposes a Sleep Chart to assess the relationship between sleep duration and 23 biological aging clocks across 17 organ systems or tissues and 3 omics data types (imaging, proteomics, and metabolomics). First, a systemic, U-shaped pattern shows that both short ( 8 hours) sleep duration are linked to elevated biological age gaps (BAGs) across 9 brain and body systems and 3 omics types, with optimal sleep time varying by organ and sex ([6.4-7.8] hours). Furthermore, short and long sleep duration, compared to a normal sleep duration ([6-8] hours), are consistently linked to increased risk of systemic diseases beyond the brain and all-cause mortality, with evidence from genetic correlations and time to incident disease predictions, such as migraine, depression, and diabetes. Finally, short and long sleep duration are associated with late-life depression via distinct pathways: long sleep may contribute indirectly through biological aging processes, while short sleep shows a more direct link. Although our Mendelian randomization does not show strong causal effects from disease to sleep disturbances, it does not fully rule out the possibility that sleep disturbances may, in part, reflect underlying disease burden. Our findings suggest that the U-shaped relationship is likely driven by modifiable sleep disturbances rather than genetic predisposition, highlighting the potential of sleep optimization to support healthy aging, lower disease risk, and extend longevity. An interactive web portal is available to explore the Sleep Chart at: https://labs-laboratory.com/sleepchart .",2025,2025-08-11,Preprint,,https://europepmc.org/article/PPR/PPR1064618,True,3,,True,True,True,True
doi:10.1111/acel.12659,doi:10.1111/acel.12659,pubmed,pubmed;scopus,28836369,10.1111/acel.12659,28836369,PMC5676071,Wide-scale comparative analysis of longevity genes and interventions.,"Hundreds of genes, when manipulated, affect the lifespan of model organisms (yeast, worm, fruit fly, and mouse) and thus can be defined as longevity-associated genes (LAGs). A major challenge is to determine whether these LAGs are model-specific or may play a universal role as longevity regulators across diverse taxa. A wide-scale comparative analysis of the 1805 known LAGs across 205 species revealed that (i) LAG orthologs are substantially overrepresented, from bacteria to mammals, compared to the entire genomes or interactomes, and this was especially noted for essential LAGs; (ii) the effects on lifespan, when manipulating orthologous LAGs in different model organisms, were mostly concordant, despite a high evolutionary distance between them; (iii) LAGs that have orthologs across a high number of phyla were enriched in translational processes, energy metabolism, and DNA repair genes; (iv) LAGs that have no orthologs out of the taxa in which they were discovered were enriched in autophagy (Ascomycota/Fungi), G proteins (Nematodes), and neuroactive ligand-receptor interactions (Chordata). The results also suggest that antagonistic pleiotropy might be a conserved principle of aging and highlight the importance of overexpression studies in the search for longevity regulators.",2017,2017-08-24,Journal Article,eng,https://pubmed.ncbi.nlm.nih.gov/28836369/,False,1,,False,True,True,False
doi:10.1111/cpr.70044,doi:10.1111/cpr.70044,semantic_scholar,semantic_scholar,21336bb2db00fa7a11efa7de87e34ab5c976552e,10.1111/cpr.70044,40251808,12508679,Revitalising Aging Oocytes: Echinacoside Restores Mitochondrial Function and Cellular Homeostasis Through Targeting GJA1/SIRT1 Pathway,"As maternal age increases, the decline in oocyte quality emerges as a critical factor contributing to reduced reproductive capacity, highlighting the urgent need for effective strategies to combat oocyte aging. This study investigated the protective effects and underlying mechanisms of Echinacoside (ECH) on aging oocytes. ECH significantly improved cytoskeletal stability and chromosomal integrity, as demonstrated by restored spindle morphology and reinforced F‐actin structures, essential for meiotic progression. It also preserved mitochondrial function by restoring membrane potential and dynamics, reducing ROS levels, and downregulating the DNA damage marker γ‐H2AX, thereby alleviating oxidative stress and enhancing genomic stability. Furthermore, ECH promoted cellular homeostasis through modulation of lipid metabolism, autophagy and lysosomal function. Transcriptomic analyses identified GJA1 as a pivotal mediator of ECH's effects, validated through molecular docking and bio‐layer interferometry. Functional studies showed that inhibiting GJA1 significantly reduced ECH's ability to enhance first polar body extrusion rates, mitochondrial function and antioxidant capacity, validating the critical role of the GJA1/SIRT1 pathway in combating oocyte aging. This study provides novel insights into the mechanisms of oocyte rejuvenation and highlights ECH as a promising therapeutic candidate for addressing age‐related reproductive challenges.",2025,2025-04-18,JournalArticle,,https://www.semanticscholar.org/paper/21336bb2db00fa7a11efa7de87e34ab5c976552e,False,0,,True,True,False,False
doi:10.1126/sciadv.ado5887,doi:10.1126/sciadv.ado5887,europepmc,europepmc;pubmed;scopus,MED:39454000,10.1126/sciadv.ado5887,39454000,PMC11506141,Mitochondrial fatty acid oxidation drives senescence.,"Cellular senescence is a stress-induced irreversible cell cycle arrest involved in tumor suppression and aging. Many stresses, such as telomere shortening and oncogene activation, induce senescence by damaging nuclear DNA. However, the mechanisms linking DNA damage to senescence remain unclear. Here, we show that DNA damage response (DDR) signaling to mitochondria triggers senescence. A genome-wide small interfering RNA screen implicated the outer mitochondrial transmembrane protein BNIP3 in senescence induction. We found that BNIP3 is phosphorylated by the DDR kinase ataxia telangiectasia mutated (ATM) and contributes to an increase in the number of mitochondrial cristae. Stable isotope labeling metabolomics indicated that the increase in cristae enhances fatty acid oxidation (FAO) to acetyl-coenzyme A (acetyl-CoA). This promotes histone acetylation and expression of the cyclin-dependent kinase inhibitor p16 INK4a . Notably, pharmacological activation of FAO alone induced senescence both in vitro and in vivo. Thus, mitochondrial energy metabolism plays a critical role in senescence induction and is a potential intervention target to control senescence.",2024,2024-10-25,"Research Support, Non-U.S. Gov't; research-article; Journal Article",eng,https://europepmc.org/article/MED/39454000,False,2,,True,True,True,True
doi:10.1152/physiol.2025.40.s1.1986,doi:10.1152/physiol.2025.40.s1.1986,openalex,openalex,https://openalex.org/W4411881631,10.1152/physiol.2025.40.s1.1986,,,"Indoleamine 2, 3 dioxygenase (IDO1) differentiallyModulates Microbial Aromatic Amino Acid Metabolites and Colonic Inflammation in an Age-Dependent Manner","Background and Objective: Indoleamine 2,3-dioxygenase (IDO1) metabolizes tryptophan (Trp) into kynurenine (Kyn), an immunosenescence pathway linked to immune dysfunction in aging, though its mechanism remains unclear. Kynurenine activates aryl hydrocarbon receptor (AHR) which further regulates immunity and gut homeostasis by shaping the microbiota. H350A transgenic mice that express IDO1 but are incapable of IDO1 Trp metabolism show distinct immune responses compared to constitutional IDO1 knockout (IDOKO) mice, confirming that IDO1 possesses both enzyme- and non-enzyme-dependent functions. Gut microbes also metabolize aromatic amino acids including Trp, tyrosine (Tyr), and phenylalanine (Phe) into bioactive aryl metabolites that influence IDO1-driven immune responses. We examined how age and IDO1 activity interact to influence the gut microbiome, microbrial-derived aryl metabolites, and colonic inflammation across the lifespan. Hypothesis: Microbial aryl metabolites are lower in WT mice as compared to IDOKO and H350A (IDO1 enzyme null) mice, and in-turn, intestinal inflammation is increased in WT as compared to IDOKO and H350A mice during advanced age. Methods: Serum, ileal content, and colonic content of young 12 –22-week-old WT, H350A, and IDOKO mice, (n=6-8/group) and old 114-138 week old (n=10/group) wwere analyzed for microbial aryl metabolites by LC/MS/MS. Microbe compositionof ileum and colon contents were assessed by 16S rRNA sequencing. Inflammatory markers were assessedin ileum and colon tissues by multiplex qPCR. Results: Tryptophan-derived microbial aryl metabolites, indole-lactate and indole-acetatein aged WT mice as compared to IDOKO or H350A mice (p<0.05).Immune-modulating Tyr-derived 4-hydroxyphenyllactic acid (4-HPLA) and Phe-derived phenyllactate (PLA), were also increased in the serum of aged IDOKO and H350A mice (p<0.05) as compared to aged WT mice. A known microbial derived anti-inflammatory aryl metabolite producer, Bifidobacterium sp, was increased in the colon of young and aged IDOKO mice and also in the ileum of H350A mice compared to WT mice. In contrast, the pro-inflammatory pathobiont, Helicobacter hepaticus, was elevated in the colon of both IDOKO and H350A aged mice compared to aged WT mice, correlating to increased colonic inflammatory markers (Lbp, Tnfrsf1b, S100a8, S100a9, and Ccr2). Conclusion: Enzymatic and non-enzymatic activity of IDO1 influences microbial-derived aryl production, microbiota composition, and colonic inflammation, with effects more pronounced in aging. IDO1 deficiency (genetic/metabolic) alters gut microbial metabolism, with protective consequences depending on microbiota composition.Ongoing studies are examining the role of AHRin mediating IDO1-dependent and independent regulation of gut microbiota and inflammation. This work was supported in part by National Institutes of Health (NIH) grants R01NS097851 (D.A.W.), K02AG068617 (D.A.W.), R01NS129835 (D.A.W.), RO1DK131133 (J.M.A) This abstract was presented at the American Physiology Summit 2025 and is only available in HTML format. There is no downloadable file or PDF version. The Physiology editorial board was not involved in the peer review process.",2025,2025-05-01,article,en,https://openalex.org/W4411881631,False,0,metabolomics_plus_microbiomics,True,True,True,True
doi:10.1158/1538-7445.genfunc25-b040,doi:10.1158/1538-7445.genfunc25-b040,semantic_scholar,semantic_scholar,b5c49559724920783ce758108f327e51f712c33e,10.1158/1538-7445.genfunc25-b040,,,Abstract B040: Streamlining survival analysis with an automated machine learning pipeline: A case study in kidney renal clear cell carcinoma,"Background: Accurate survival prediction in cancer patients is crucial for personalized oncology, directly influencing treatment decisions and patient care. Integrating multi-omics data with clinical information can significantly enhance prognostic models. However, existing methods often necessitate extensive manual preprocessing and specialized bioinformatics expertise, limiting their practical use in research and clinical settings. This study presents the Cancer Patient Survival Model (CPSM), an R package providing an automated, streamlined pipeline for generating reliable, interpretable survival predictions from complex, high-dimensional data. Objective: The objective of this case study is to evaluate the utility of CPSM in analyzing survival probabilities and identifying prognostic markers for Kidney Renal Clear Cell Carcinoma (KIRC), using comprehensive data from The Cancer Genome Atlas (TCGA). Methods: We analyzed RNA sequencing data comprising 38,712 transcripts along with clinical variables from 534 KIRC patients. Using the preprocessing modules of the CPSM, 526 samples were retained and randomly split into training (90%) and independent test (10%) sets. CPSM's feature selection modules identified three distinct feature sets: (1) three key clinical variables (age, tumor subtype, histological grade), (2) a Prognostic Index (PI) score from nine genes selected via LASSO Cox regression, and (3) a set of univariate significant genes. Using CPSM’s model development module, we constructed four survival models: (1) Model 1 - clinical features only, (2) Model 2 - the PI score alone, (3) Model 3 - a combination of the PI score and key clinical features, and (4) Model 4 - an integration of significant univariate clinical and gene expression features. The performance of the models was evaluated using the concordance index (C-Index) and Integrated Brier Score (IBS). Results: Model 3, which integrated clinical features and the PI score, showed the best performance, achieving a C-Index of 0.79 in the training set and 0.76 in the test set, with IBS values of 0.16 and 0.23, respectively. A specific patient case (TCGA-CJ-6030-01) demonstrated that Model 3 predicted a median survival time of 73.81 months, within 5% of the actual survival time, underscoring its clinical relevance. Moreover, CPSM produced an intuitive nomogram with a C-Index of 0.76, allowing predictions of 1-year, 3-year, and 5-year survival probabilities, serving as a valuable tool for clinical decision-making. Conclusions: CPSM signifies a notable advancement in automated survival analysis by effectively integrating molecular and clinical data. The superior performance of Model 3 highlights the advantages of combining PI scores with clinical features to enhance prognostic accuracy in KIRC. This study emphasizes CPSM's potential utility in personalized oncology and establishes a foundation for future research on its application across various cancer types, including the integration of additional multi-omic data to further improve predictive performance. Citation Format: Harpreet Kaur, Pijush Das, Kevin Camphausen, Uma Shankavaram. Streamlining survival analysis with an automated machine learning pipeline: A case study in kidney renal clear cell carcinoma [abstract]. In: Proceedings of the AACR Special Conference in Cancer Research: Functional and Genomic Precision Medicine in Cancer: Different Perspectives, Common Goals; 2025 Mar 11-13; Boston, MA. Philadelphia (PA): AACR; Cancer Res 2025;85(5 Suppl):Abstract nr B040.",2025,2025-03-11,JournalArticle,,https://www.semanticscholar.org/paper/b5c49559724920783ce758108f327e51f712c33e,False,0,,True,False,False,False
doi:10.1161/circulationaha.121.056286,doi:10.1161/circulationaha.121.056286,semantic_scholar,europepmc;pubmed;scopus;semantic_scholar,d2fb0276ed3f7e677f6875bf590d496b01ad6976,10.1161/circulationaha.121.056286,35236094,8969846,Heteroplasmy of Wild-Type Mitochondrial DNA Variants in Mice Causes Metabolic Heart Disease With Pulmonary Hypertension and Frailty,"Background: In most eukaryotic cells, the mitochondrial DNA (mtDNA) is transmitted uniparentally and present in multiple copies derived from the clonal expansion of maternally inherited mtDNA. All copies are therefore near-identical, or homoplasmic. The presence of >1 mtDNA variant in the same cytoplasm can arise naturally or result from new medical technologies aimed at preventing mitochondrial genetic diseases and improving fertility. The latter is called divergent nonpathologic mtDNA heteroplasmy (DNPH). We hypothesized that DNPH is maladaptive and usually prevented by the cell. Methods: We engineered and characterized DNPH mice throughout their lifespan using transcriptomic, metabolomic, biochemical, physiologic, and phenotyping techniques. We focused on in vivo imaging techniques for noninvasive assessment of cardiac and pulmonary energy metabolism. Results: We show that DNPH impairs mitochondrial function, with profound consequences in critical tissues that cannot resolve heteroplasmy, particularly cardiac and skeletal muscle. Progressive metabolic stress in these tissues leads to severe pathology in adulthood, including pulmonary hypertension and heart failure, skeletal muscle wasting, frailty, and premature death. Symptom severity is strongly modulated by the nuclear context. Conclusions: Medical interventions that may generate DNPH should address potential incompatibilities between donor and recipient mtDNA.",2022,2022-03-03,JournalArticle,,https://www.semanticscholar.org/paper/d2fb0276ed3f7e677f6875bf590d496b01ad6976,False,3,,True,True,True,True
doi:10.1182/blood-2018-154,doi:10.1182/blood-2018-154,semantic_scholar,semantic_scholar,79dcf95afefceb7abc725a739101d8d36a4a1743,10.1182/blood-2018-154,,,"Phase II Trial of Combination of Elotuzumab, Lenalidomide, and Dexamethasone in High-Risk Smoldering Multiple Myeloma","Background This study aimed to determine the benefit of early therapeutic intervention with the combination of elotuzumab, Lenalidomide, and Dexamethasone in patients with high-risk smoldering multiple myeloma (SMM). ClinicalTrials.gov Identifier: NCT02279394. Aims The overarching objective of this trial is to determine progression free survival to symptomatic multiple myeloma (MM). Furthermore, the study examined whether genomic studies can help in determining patients who would benefit the most from this early therapeutic intervention. Methods Patients enrolled in this study met eligibility for high-risk SMM based on the newly defined criteria proposed by Rajkumar et al, Blood 2014. Patients were administered weekly elotuzumab (10 mg/kg) on days 1, 8, 15, and 22 for the first two 28-day cycles while receiving lenalidomide on days 1-21. For cycles 3-8, patients were administered elotuzumab infusions on days 1, 8, and 15. dexamethasone (40mg) was given on days 1, 8 and 15 to 40 of the 50 enrolled patients. After 8 cycles or best response, patients were given the option to mobilize with either cyclophosphamide or plerixafor and collect stem cells for future transplant. Patients were then allowed to continue on maintenance therapy where they were administered elotuzumab (20 mg/kg) on day 1, in combination with lenalidomide days 1-21 of a 28-day cycle. Bone marrow (BM) samples of 32 patients were obtained before starting therapy for baseline assessment and whole exome sequencing (WES) of plasma cells. Results In total, 50 patients were enrolled on this study from January 2015 and completed accrual in December 2016, with the participation of eight sites. The median age of enrolled patients was 62 years (range, 29-79) with 18 males (36%) and 32 females (64%). Interphase fluorescence in situ hybridization (iFISH) detected high-risk cytogenetics (defined by the presence of 17p deletion, t(4;14), and 1q gain) in 20 patients. The median time to response was 2.8 months (range, 1.8-4.6). The most common toxicities were fatigue (92%), followed by diarrhea (72%), and hyperglycemia (62%). The most common grade 3 or more adverse events were hypophosphatemia (34%), neutropenia (26%), and lymphocyte count decreased (22%). Three patients (6%) had grade 4 hypophosphatemia during treatment. Additionally, grade 4 cholecystitis, cataract, lymphocyte count increase, hyperglycemia, neutropenia, and thrombocytopenia occurred in one patient (2%). Diabetic Ketoacidosis and sepsis led to death in a patient (2%). Stem cell collection was successful in all mobilized patients to date. As of this abstract date, the overall response rate is 84% (41/49). There were 3 complete responses (6%), 18 very good partial responses (37%), 20 partial responses (41%), 5 minimal responses (10%), 3 stable disease (6%), and 2 unevaluable patients. All the study participants except for three have finished treatment and are currently under follow up. None of the patients showed progression to overt MM to date. We continue to collect data for progression free survival. WES was performed on 32 samples at the time of initiation of therapy. Recurrent mutations in the MAPK pathway (KRAS, NRAS) and tumor suppressor gene, TP53, were detected in 40% of the cases (16% and 24%, respectively), while mutations in the NF-KB and plasma cell differentiation pathways were present in 13% of patients. Somatic copy number alterations (SCNAs) were called based on WES: 1q duplication, 13q, 17p, and 1p deletions were identified in 25, 31, 12, and 7% of cases, respectively. Interestingly, in 6 patients, high-risk SCNAs (1q gain and 17p deletion) were not reported in iFISH but were detected by WES. The analysis of these 32 samples showed that patients who are harboring mutations in the DNA repair pathway genes, had modest response to treatment. Finally, we are analyzing the transcriptomic profile of CD138 negative cells, which represent the BM microenvironment cells (immune and stromal cells) to characterize the BM microenvironment at baseline and end of treatment, and thus, elucidate the role of these cells in the differential response to therapy. Conclusion The combination of elotuzumab, lenalidomide, and dexamethasone is well tolerated and demonstrates a high response rate with no progression to overt MM to date. Correlation with genomic studies can help define patients who benefit the most from this early therapeutic intervention. Ghobrial: Takeda: Consultancy; Janssen: Consultancy; BMS: Consultancy; Celgene: Consultancy. Bustoros:Dava Oncology: Honoraria. Badros:GSK: Research Funding; Celgene: Consultancy, Research Funding; Karyopharm: Research Funding. Matous:Celgene: Consultancy, Honoraria, Speakers Bureau. Rosenblatt:Merck: Membership on an entity's Board of Directors or advisory committees; Bristol-Myers Squibb: Research Funding; Celgene: Research Funding; Bristol-Myers Squibb: Membership on an entity's Board of Directors or advisory committees. Jakubowiak:Karyopharm: Consultancy, Honoraria; SkylineDx: Consultancy, Honoraria; Janssen: Consultancy, Honoraria; Takeda: Consultancy, Honoraria; Celgene: Consultancy, Honoraria; Amgen: Consultancy, Honoraria; Bristol-Myers Squibb: Consultancy, Honoraria; Adaptive Biotechnologies: Consultancy, Honoraria; AbbVie: Consultancy, Honoraria. Usmani:Abbvie, Amgen, Celgene, Genmab, Merck, MundiPharma, Janssen, Seattle Genetics: Consultancy; Amgen, BMS, Celgene, Janssen, Merck, Pharmacyclics,Sanofi, Seattle Genetics, Takeda: Research Funding. Zonder:Celgene: Consultancy, Honoraria; Pharmacyclics: Other: DSMC; Janssen: Honoraria; Takeda: Honoraria; Alnylam: Honoraria; Coelum: Honoraria; BMS: Research Funding. Munshi:OncoPep: Other: Board of director. Anderson:Gilead: Membership on an entity's Board of Directors or advisory committees; Bristol Myers Squibb: Consultancy; C4 Therapeutics: Equity Ownership, Other: Scientific founder; OncoPep: Equity Ownership, Other: Scientific founder; Millennium Takeda: Consultancy; Celgene: Consultancy. Richardson:Amgen: Membership on an entity's Board of Directors or advisory committees; Oncopeptides: Membership on an entity's Board of Directors or advisory committees; BMS: Research Funding; Karyopharm: Membership on an entity's Board of Directors or advisory committees; Janssen: Membership on an entity's Board of Directors or advisory committees; Jazz Pharmaceuticals: Membership on an entity's Board of Directors or advisory committees, Research Funding; Takeda: Membership on an entity's Board of Directors or advisory committees, Research Funding; Celgene: Membership on an entity's Board of Directors or advisory committees, Research Funding.",2018,2018-11-29,,,https://www.semanticscholar.org/paper/79dcf95afefceb7abc725a739101d8d36a4a1743,False,0,,True,False,True,False
doi:10.1182/blood-2025-3178,doi:10.1182/blood-2025-3178,semantic_scholar,semantic_scholar,d75900e2e7506bfc618e26be00aa241c3ca3a298,10.1182/blood-2025-3178,,,Characterising the leukaemic microenvironment in a mouse model of infant AML with prenatal KMT2A-MLLT3 expression,"Infant acute myeloid leukaemia (AML) is an aggressive form of paediatric leukaemia diagnosed in children under two years of age. Infants with AML display distinctive clinical features, such as extramedullary infiltration, and experience high rates of relapse. Over 50% of infant AML cases are associated with rearrangements affecting the KMT2A (lysine methyltransferase 2A) gene, with the gene coding for the MLLT3super elongation complex subunit the most frequent fusion partner. Bone marrow (BM) is a highly complex tissue containing many stromal and endothelial cell types which tightly regulate normal haematopoiesis, through secretion of soluble factors and cytokines to and from haematopoietic cells, as well as via direct cell-cell contact. It is becoming increasingly well recognised that these bidirectional cellular communication pathways are subverted in adult AML to support leukemic survival at the dispense of normal haematopoiesis. Given the prenatal origins of infant AML, it has been difficult to investigate these microenvironmental interactions due to the lack of faithful in vivo models which can recapitulate its prenatal origins. We employed the previously described doxycycline-inducible KMT2A-MLLT3mouse model (Stavropolou et al., 2016) and induced KMT2A-MLLT3expression from embryonic day (E)12.5 onwards. KMT2A-MLLT3-expressing progeny succumbed to a lethal myelo-monocytic AML with leptomeningeal infiltration – a clinical feature enriched in the infant AML patient cohort (Blais et al., 2019). Single-cell RNA-sequencing (scRNA-Seq) was performed via the 10x Genomics platform on BM from control and sick leukemic mice to characterise the cellular microenvironment and signalling networks. Multiple microenvironmental populations were captured and transcriptomically characterised including mesenchymal stromal cells, osteolineage stromal cells, pericytes, and both arterial- and venous-like endothelial cells. AML development was characterised by a generalised loss of stromal sub-populations and the emergence of a fibroblast-like population with enrichment of biological processes involved in niche remodelling. Secretory stromal populations which produce haematopoietic niche support factors were particularly severely depleted, suggestive that leukaemic stroma in infants is less supportive to haematopoietic stem and progenitor cells. Alterations in expression of genes coding for extracellular matrix (ECM) proteins by stromal cells were identified with increased secretion of collagens, in keeping with leukaemic niche remodelling. Furthermore, RNAMagnet (Baccin et al., 2020) inferred that KMT2A-MLLT3blasts closely associated with LepR+ mesenchymal stromal cells and venous/sinusoidal endothelium suggesting preferential localisation to the perivascular niche. Cell-to-cell communication (CCC) inference (Jin et al., 2021; Browaeys et al., 2020) was utilised to dissect bidirectional communication between KMT2A-MLLT3blasts and stromal populations and highlighted multiple signalling pathways, including various collagen encoding genes and Cd44, Cxcl12-Cxcr4 and inflammatory pathways. Transforming growth factor β1 (TGF-β1) was noted to be one of the most active ligands between blasts and stromal populations, and is known to be a key mediator in the development of an immunosuppressive tumour microenvironment. CCC inference between KMT2A-MLLT3blasts and T-lymphocytes further corroborated this with high probability receptor-ligand (R-L) interactions including thrombospondin1 (Thsb1)-Cd47, galectin-9 (Lgals9)-Cd45 and selectin P ligand-L-selectin (SelpIg-Sell) signalling, all of which have been implicated in inducing T cell dysfunction, and supports the development of an immunosuppressive niche, facilitating leukaemic survival. A major challenge when treating infant patients with leukaemia are their unique vulnerabilities to therapy-related toxicities from chemotherapy and haematopoietic stem cell transplantation. Immunotherapeutic agents, such as bispecific antibodies, have therefore emerged as attractive therapeutic options for these patients. Our data suggest that these T-cell mediated immunotherapies may have limited efficacy as single agents in KMT2A-MLLT3driven infant AML, and novel agents which can block these immunosuppressive signalling pathways in the leukaemic BM will be crucial for enhancing the effects of future immunotherapies in this challenging disease.",2025,2025-11-03,JournalArticle,,https://www.semanticscholar.org/paper/d75900e2e7506bfc618e26be00aa241c3ca3a298,False,0,,True,False,True,False
doi:10.1186/s12885-025-15395-z,doi:10.1186/s12885-025-15395-z,semantic_scholar,semantic_scholar,37560f0011374d536cf1bdc721c2ad4cd9224823,10.1186/s12885-025-15395-z,41350832,12801589,Identification and validation of key biomarkers for chemoresistance in oral squamous cell carcinoma,"This study aimed to elucidate the molecular mechanisms underlying cisplatin resistance in oral squamous cell carcinoma (OSCC) and to identify prognostic biomarkers that can guide personalized treatment strategies. Differentially expressed genes (DEGs) between cisplatin-sensitive and resistant OSCC cells were identified using transcriptomic data from the GSE197561 dataset. Functional enrichment analyses were conducted to explore involved pathways. Weighted Gene Co-expression Network Analysis (WGCNA) and random survival forest algorithms were employed to identify key resistance-related gene modules and hub genes. Clinical relevance was validated using The Cancer Genome Atlas (TCGA) dataset, while immune cell profiling and functional validation in SCC9/CAL27 cisplatin-resistant models were conducted to elucidate biological significance. DEGs were significantly enriched in processes such as oxidative stress response, cell cycle regulation, and immune-inflammatory pathways. WGCNA and survival analysis identified a chemotherapy resistance-associated gene module and 10 core genes, including DUSP3 and SACM1L, whose high expression was correlated with poorer overall survival. A nomogram integrating TNM stage, age, and DUSP3 expression demonstrated superior predictive performance for patient prognosis. In analyses stratified by chemotherapy resistance, upregulated DUSP3 expression appeared to synergistically cooperate with malignant tumor progression. Immune profiling revealed reduced NK cell activity and decreased populations of resting CD4⁺ memory T cells in the resistant phenotype. Functional assays confirmed that cisplatin-resistant SCC9 and CAL27 cells exhibited accelerated proliferation and epithelial-mesenchymal transition (EMT), characterized by downregulated E-cadherin and upregulated N-cadherin and Vimentin. Notably, knockdown of DUSP3 significantly reversed these resistant phenotypes. This study provides a comprehensive multi-omics-based framework for understanding cisplatin resistance in OSCC. DUSP3 was identified as a key prognostic indicator, and the proposed nomogram may enhance precision oncology efforts for cisplatin-resistant OSCC patients. Multi-omics analysis identifies key pathways driving cisplatin resistance in OSCC; Ten hub genes linked to resistance and prognosis were screened via Weighted Gene Co-Expression Network Analysis (WGCNA) and Random Survival Forest (RSF); DUSP3 overexpression predicts poor survival and is integrated into a prognostic nomogram; Immune profiling reveals reduced NK cell activity in cisplatin-resistant OSCC cells; SCC9/CAL27 cisplatin-resistant models exhibit EMT features and upregulated hub gene (DUSP3) expression.",2025,2025-12-06,JournalArticle,,https://www.semanticscholar.org/paper/37560f0011374d536cf1bdc721c2ad4cd9224823,False,0,,True,False,True,False
doi:10.1186/s13040-025-00432-1,doi:10.1186/s13040-025-00432-1,openalex,europepmc;openalex;pubmed;scopus;semantic_scholar,https://openalex.org/W4408768884,10.1186/s13040-025-00432-1,,,High-dimensional mediation analysis reveals the mediating role of physical activity patterns in genetic pathways leading to AD-like brain atrophy,"BACKGROUND: Alzheimer's disease (AD) is a complex disorder that affects multiple biological systems including cognition, behavior and physical health. Unfortunately, the pathogenic mechanisms behind AD are not yet clear and the treatment options are still limited. Despite the increasing number of studies examining the pairwise relationships between genetic factors, physical activity (PA), and AD, few have successfully integrated all three domains of data, which may help reveal mechanisms and impact of these genomic and phenomic factors on AD. We use high-dimensional mediation analysis as an integrative framework to study the relationships among genetic factors, PA and AD-like brain atrophy quantified by spatial patterns of brain atrophy. RESULTS: We integrate data from genetics, PA and neuroimaging measures collected from 13,425 UK Biobank samples to unveil the complex relationship among genetic risk factors, behavior and brain signatures in the contexts of aging and AD. Specifically, we used a composite imaging marker, Spatial Pattern of Abnormality for Recognition of Early AD (SPARE-AD) that characterizes AD-like brain atrophy, as an outcome variable to represent AD risk. Through GWAS, we identified single nucleotide polymorphisms (SNPs) that are significantly associated with SPARE-AD as exposure variables. We employed conventional summary statistics and functional principal component analysis to extract patterns of PA as mediators. After constructing these variables, we utilized a high-dimensional mediation analysis method, Bayesian Mediation Analysis (BAMA), to estimate potential mediating pathways between SNPs, multivariate PA signatures and SPARE-AD. BAMA incorporates Bayesian continuous shrinkage prior to select the active mediators from a large pool of candidates. We identified a total of 22 mediation pathways, indicating how genetic variants can influence SPARE-AD by altering physical activity. By comparing the results with those obtained using univariate mediation analysis, we demonstrate the advantages of high-dimensional mediation analysis methods over univariate mediation analysis. CONCLUSION: Through integrative analysis of multi-omics data, we identified several mediation pathways of physical activity between genetic factors and SPARE-AD. These findings contribute to a better understanding of the pathogenic mechanisms of AD. Moreover, our research demonstrates the potential of the high-dimensional mediation analysis method in revealing the mechanisms of disease.",2025,2025-03-24,article,en,https://openalex.org/W4408768884,False,4,explicit_multiomics,True,True,True,True
doi:10.1186/s13578-022-00922-3,doi:10.1186/s13578-022-00922-3,semantic_scholar,semantic_scholar,ca956073e56b69ad1ef04bfd71dc11eb68438841,10.1186/s13578-022-00922-3,36494688,9733283,Male guanine-rich RNA sequence binding factor 1 knockout mice (Grsf1−/−) gain less body weight during adolescence and adulthood,"The guanine-rich RNA sequence binding factor 1 (GRSF1) is an RNA-binding protein of the heterogenous nuclear ribonucleoprotein H/F (hnRNP H/F) family that binds to guanine-rich RNA sequences forming G-quadruplex structures. In mice and humans there are single copy GRSF1 genes, but multiple transcripts have been reported. GRSF1 has been implicated in a number of physiological processes (e.g. embryogenesis, erythropoiesis, redox homeostasis, RNA metabolism) but also in the pathogenesis of viral infections and hyperproliferative diseases. These postulated biological functions of GRSF1 originate from in vitro studies rather than complex in vivo systems. To assess the in vivo relevance of these findings, we created systemic Grsf1 −/− knockout mice lacking exons 4 and 5 of the Grsf1 gene and compared the basic functional characteristics of these animals with those of wildtype controls. We found that Grsf1 -deficient mice are viable, reproduce normally and have fully functional hematopoietic systems. Up to an age of 15 weeks they develop normally but when male individuals grow older, they gain significantly less body weight than wildtype controls in a gender-specific manner. Profiling Grsf1 mRNA expression in different mouse tissues we observed high concentrations in testis. Comparison of the testicular transcriptomes of Grsf1 −/− mice and wildtype controls confirmed near complete knock-out of Grsf1 but otherwise subtle differences in transcript regulations. Comparative testicular proteome analyses suggested perturbed mitochondrial respiration in Grsf1 −/− mice which may be related to compromised expression of complex I proteins. Here we present, for the first time, an in vivo complete Grsf1 knock-out mouse with comprehensive physiological, transcriptomic and proteomic characterization to improve our understanding of the GRSF1 beyond in vitro cell culture models.",2022,2022-12-09,JournalArticle,,https://www.semanticscholar.org/paper/ca956073e56b69ad1ef04bfd71dc11eb68438841,False,0,,True,False,True,False
doi:10.1210/jendso/bvac150.1396,doi:10.1210/jendso/bvac150.1396,semantic_scholar,semantic_scholar,56aa7fb1cd85b20fe2ce21b599b0ec073b37dbca,10.1210/jendso/bvac150.1396,,9625148,ODP630 Antibiotics Transiently Reduce Circulating Cortisol and Inflammatory Biomarker Levels in Healthy Sprague Dawley Rats,"Abstract Introduction Antibiotics are over-used in healthcare, but little is known regarding their effects on cortisol levels in healthy individuals. Furthermore, antibiotics influence the gut microbiome, but the interrelationships between these drugs, cortisol and the microbiome are unknown. Here, we exposed the gut microbiome of rats to a multi-drug antibiotic cocktail and examined effects on circulating cortisol and inflammatory biomarker levels. Methods Male and female (M,F) Sprague-Dawley rats (aged 8 weeks) were housed with phytoestrogen-free bedding, and received a phytoestrogen-free diet with water from glass bottles. Exposed rats received vancomycin (0.5g/L), ampicillin (1g/L), neomycin (1g/L), and metronidazole (1g/L) in their water for 8 days, then returned to normal water for another 13 days. Control rats received normal water throughout the study. Stool and serum samples were collected before starting antibiotics (Abx) (baseline), on day 8 of Abx (AbxD8), and at 13 days post-Abx (PAbxD13). Circulating levels of cortisol and a panel of 12 inflammatory biomarkers were analyzed using MILLIPLEX Hormone Panels and RECYTMAG-65K multiplex panels, respectively. Stool DNA was extracted and 16S V3/V4 libraries were sequenced on an Illumina MiSeq. Operational Taxonomic Unit (OTU) clustering and taxonomic analyses were performed using CLC Microbial Genomics Module v.2.5 (Qiagen). Results A total of 31 rats (M=16, F=15) received Abx and 17 (M=9, F=8) were controls. At baseline, mean cortisol levels were similar between groups (control=34. 08±10.21ng/mL, exposed=35. 05±9.72ng/mL, P=0.96). On AbxD8, cortisol levels decreased in the exposed group relative to controls (control=29.77±9.34ng/mL, exposed=17.35±8.21ng/mL, P<0. 0001), and returned to normal in the exposed group at PAbxD13 (control=33.88±16.65ng/mL, exposed=36.62±8.68ng/mL, P=0.85). Levels of all 12 inflammatory biomarkers were also decreased at AbxD8, and all except MCP1 returned to baseline levels by PAbxD13. Antibiotic exposure resulted in significant decreases in total stool DNA levels in exposed rats relative to controls on AbxD8 (P<0. 0001), but returned to baseline levels by PAbxD13. Stool microbial diversity was also decreased in exposed rats on AbxD8 relative to controls (P=1e-08 and P<0. 0001, respectively), and gut microbiome alterations were seen at multiple taxonomic levels. At PAbxD13, the stool microbiome of exposed rats remained perturbed, and only one phylum, Bacteroidetes, returned to baseline. Abx exposure changed associations between different phyla and levels of cortisol on AbxD8 relative to baseline, and although most of the associations reestablished at PAbxD13, the RA of phylum Proteobacteria was positively associated with levels of cortisol (R=0.243, P=0. 04), as opposed to baseline (R=-0.144, P=0.4). Conclusions Antibiotic exposure results in significant decreases in levels of cortisol as well as inflammatory biomarkers that are associated with perturbations of the gut microbiome, the majority of which returned to baseline following a 13-day antibiotic recovery period. These interrealtionships between cortisol, the gut microbiome and inflammatory biomarkers may have clinical significance. Presentation: Saturday, June 11, 2022 1:00 p.m. - 3:00 p.m.",2022,2022-11-01,,,https://www.semanticscholar.org/paper/56aa7fb1cd85b20fe2ce21b599b0ec073b37dbca,False,0,,True,False,True,False
doi:10.1371/journal.pone.0302312,doi:10.1371/journal.pone.0302312,europepmc,europepmc;pubmed;scopus,MED:39196978,10.1371/journal.pone.0302312,39196978,PMC11356440,Inhibiting the expression of spindle appendix cooled coil protein 1 can suppress tumor cell growth and metastasis and is associated with cancer immune cells in esophageal squamous cell carcinoma.,"Inhibiting the expression of spindle appendix cooled coil protein 1 (SPDL1) can slow down disease progression and is related to poor prognosis in patients with esophageal cancer. However, the specific roles and molecular mechanisms of SPDL1 in esophageal squamous cell carcinoma (ESCC) have not been explored yet. The current study aimed to investigate the expression levels of SPDL1 in ESCC via transcriptome analysis using data from The Cancer Genome Atlas (TCGA) and Gene Expression Omnibus databases. Moreover, the biological roles, molecular mechanisms, and protein networks involved in SPDL1 were identified using machine learning and bioinformatics. The cell counting kit-8 assay, EdU staining, and transwell assay were used to investigate the effects of inhibiting SPDL1 expression on ESCC cell proliferation, migration, and invasion. Finally, the correlation between the SPDL1 expression and cancer immune infiltrating cells was evaluated by analyzing data from the TCGA database. Results showed that SPDL1 was overexpressed in the ESCC tissues. The SPDL1 expression was related to age in patients with ESCC. The SPDL1 co-expressed genes included those involved in cell division, cell cycle, DNA repair and replication, cell aging, and other processes. The high-risk scores of SPDL1-related long non-coding RNAs were significantly correlated with overall survival and cancer progression in patients with ESCC (P < 0.05). Inhibiting the SPDL1 expression was effective in suppressing the proliferation, migration, and invasion of ESCC TE-1 cells (P < 0.05). The overexpression of SPDL1 was positively correlated with the levels of Th2 and T-helper cells, and was negatively correlated with the levels of plasmacytoid dendritic cells and mast cells. In conclusion, SPDL1 was overexpressed in ESCC and was associated with immune cells. Further, inhibiting the SPDL1 expression could effectively slow down cancer cell growth and migration. SPDL1 is a promising biomarker for treating patients with ESCC.",2024,2024-08-28,research-article; Journal Article,eng,https://europepmc.org/article/MED/39196978,False,2,,True,True,True,True
doi:10.18174/500864,doi:10.18174/500864,semantic_scholar,semantic_scholar,a7d9879bee0ddaa06f0e8a7f198cdb777cebf5d8,10.18174/500864,,,"Energy balance and metabolic status of dairy cows : a study using metabolomics, proteomics and machine learning approaches","In early lactation, dairy cows typically experience a negative energy balance (NEB) due to the high energy requirement for milk yield and low energy intake from feed. Negative energy balance has been related to metabolic disorders, compromised health and fertility, and reduced productive lifespan. Estimation of the energy balance and metabolic status is not easy on the farm. Therefore, the aims of this thesis were to estimate energy balance and metabolic status of dairy cows using metabolomics and machine learning techniques, and to investigate the metabolic pathways related to energy metabolism of dairy cows in early lactation using metabolomics and proteomics techniques. In this thesis, on-farm cow data collected from two earlier studies (study I, 168 cows and study II, 127 cows) were used to estimate energy balance and metabolic status of cows with machine learning approach. In addition, milk and blood samples obtained from study II were analysed with metabolomics and proteomics approaches. To estimate energy balance of dairy cows, estimated performance of reduced models with either milk metabolites, or milk production traits or both ranged from 0.53 to 0.78 (adjusted R-square).Milk metabolites important in explaing negative energy balance in cows where glycine, choline and carnitine. . To estimate metabolic status of dairy cows using on-farm cow data, random forest, support vector machine, and partial least square discriminant analysis performed better than other machine learning algorithms. Based on the metabolomics results, plasma and milk metabolites altered during NEB of dairy cows in early lactation reflected the metabolism in the body or the mammary gland of dairy cows. Metabolic processes in the mammary gland during NEB were related to leakage of cell content due to mammary cell apoptosis and, to synthesis of nucleic acids and cell membrane phospholipids, protein glycosylation and an increase in one-carbon metabolic processes. The processes are related to cell renewal and proliferation. Since NEB is highly related to milk production this seem logical. Blood metabolites related to energy balance were mainly reflecting energy metabolism (mobilization of body fat, skeleton muscle, bone) increased blood flow and gluconeogenesis. Better understanding of the metabolic pathways through a metabolomics and proteomics approach does not only provide biomarkers for pathways under stress during NEB but may also allow for targeted dietary interventions when glucose and rumen protected choline are interesting candidates. In conclusion, the energy balance of dairy cows can be estimated by milk metabolites based on metabolomics study, and metabolic status can be estimated by machine learning algorithms using on-farm cow data. Moreover, energy balance of dairy cows in early lactation was related with milk and plasma metabolites which revealed metabolic pathways that allow more targeted intervention strategies.",2019,,,,https://www.semanticscholar.org/paper/a7d9879bee0ddaa06f0e8a7f198cdb777cebf5d8,False,0,,True,True,True,True
doi:10.21203/rs.3.rs-1834067/v1,doi:10.21203/rs.3.rs-1834067/v1,europepmc,europepmc,PPR:PPR519103,10.21203/rs.3.rs-1834067/v1,,,How does long-term artificial intervention select the microbial community? A case study of the cellar mud chronosequence in the Chinese liquor brewing ecosystem,"Abstract Background : Despite artificial selection being proposed to engineer microbiome from the top down to obtain the desired practical phenotypes, we lack the empirical evidence regarding the feasibility of the community-level selection. Chinese liquor fermentation for centuries caused sustained shifts of the diversity and structure of the microbial community within the cellar mud, thus providing an ideal ecosystem to study the microbiome evolution under long-term artificial selection. While multiple previous studies have reported the microbial diversity of cellar mud microbiome, few have resolved the metabolic roles of the microbial community and their relationships with cellar mud aging. Results: We used genome-centric metagenomics to analyze the microbial community of cellar mud samples (n=120) for four ages spanning 100 years. Our results showed that cellar mud microbiota was dominated by Bacteroidota, Firmicutes, and Halobacteriota lineages, with the discovery of diverse novel species. Metabolic reconstruction of these microorganisms indicated that macromolecules hydrolysis, fatty acid chain elongation, syntrophic fatty acid oxidation, and methanogenesis pathways were core functions of the cellar mud microbial ecosystem. During cellar mud initiation, we identified Bacteroidota with high hydrolysis capability as the dominant community members. Contrastingly, the proportion of Bacteroidota in mature and deep aging cellar mud decreased, while that of Firmicutes with potential of syntrophic fatty acids oxidation and methanogens increased. Metabolic potential of fatty acid chain elongation was stable throughout the development of cellar mud, with taxonomic variation being observed against environmental change. Conclusions: This study unravels the structure, function, and succession of microbial communities inhabiting the cellar mud, with changing metabolic cross-feeding interactions for environmental adaption. Our findings provide fundamental and comprehensive knowledge for exploring the impact of artificial ecosystem selection on the microbial community.",2022,2022-07-15,Preprint,,https://europepmc.org/article/PPR/PPR519103,True,0,,True,True,True,True
doi:10.2174/0115734099401120251101190026,doi:10.2174/0115734099401120251101190026,semantic_scholar,semantic_scholar,350384fb76745228f8768144abc6574bd68faa9f,10.2174/0115734099401120251101190026,42136208,,"Integrating Multi-omics, Mendelian Randomization, and Experimental Validation to Unveil the Role of Traditional Chinese Medicine in Postmenopausal Osteoporosis.","INTRODUCTION Postmenopausal Osteoporosis (PMOP) is an age-related disease prevalent among elderly women, characterized by decreased bone density and increased fracture risk. This study investigates the mechanisms of traditional Chinese medicine (TCM) in treating PMOP. METHODS We analyzed bulk transcriptome data (GSE56815) and scRNA-seq data (GSE169396) using a range of bioinformatics techniques, including WGCNA, co-expression analysis, proteinprotein interaction (PPI) analysis, and immune infiltration. Transcription factor interactions and protein pathway involvement were explored. The TwoSampleMR package and SMR database were utilized for Mendelian randomization analysis. Molecular docking was performed using beta-carotene from Eucommia ulmoides Oliv as a ligand and CTNNB1 as a receptor to validate drug-target binding. RESULTS AND DISCUSSION The study identified five key genes (PPP3CA, CTNNB1, NCOA2, NPEPPS, and ADRB) with AUC values above 0.7, which are involved in critical cellular and immune processes related to PMOP. Immune infiltration analysis emphasized the role of Tregs and correlated specific genes with various immune cells. Key transcription factors, including ELK1, SREBF1, PRRX2, FOXC1, and FOXL1, were identified as regulators of CTNNB1. Single- cell analysis revealed CTNNB1's predominant distribution in osteoclastic cells. Mendelian randomization analysis demonstrated a causal relationship between CTNNB1 and osteoporosis (OR=0.950431762, P =6.45E-17). Additionally, animal PCR results validated the expression of the key gene CTNNB1. These results suggest that CTNNB1 related pathways may play a role in the therapeutic effects of traditional Chinese medicine in PMOP. CONCLUSION Our study sheds light on five critical targets related to PMOP progression. We found that TCM potentially modulates the miR-139-3p/ELK1/CTNNB1 axis within the noncanonical Wnt pathway, impacting osteoblast differentiation and providing therapeutic benefits for PMOP.",2026,2026-05-08,JournalArticle,,https://www.semanticscholar.org/paper/350384fb76745228f8768144abc6574bd68faa9f,False,0,,True,False,True,False
doi:10.3233/jnd-190461,doi:10.3233/jnd-190461,openalex,europepmc;openalex;pubmed;scopus,https://openalex.org/W3001516099,10.3233/jnd-190461,,,Upregulation of Hallmark Muscle Genes Protects Gne M743T/M743T Mutated Knock-In Mice From Kidney and Muscle Phenotype,"BACKGROUND: Mutations in GNE cause a recessive, adult onset myopathy characterized by slowly progressive distal and proximal muscle weakness. Knock-in mice carrying the most frequent mutation in GNE myopathy patients, GneM743T/M743T, usually die few days after birth from severe renal failure, with no muscle phenotype. However, a spontaneous sub-colony remains healthy throughout a normal lifespan without any kidney or muscle pathology. OBJECTIVE: We attempted to decipher the molecular mechanisms behind these phenotypic differences and to determine the mechanisms preventing the kidney and muscles from disease. METHODS: We analyzed the transcriptome and proteome of kidneys and muscles of sick and healthy GneM743T/M743T mice. RESULTS: The sick GneM743T/M743T kidney was characterized by up-regulation of extra-cellular matrix degradation related processes and by down-regulation of oxidative phosphorylation and respiratory electron chain pathway, that was also observed in the asymptomatic muscles. Surprisingly, the healthy kidneys of the GneM743T/M743T mice were characterized by up-regulation of hallmark muscle genes. In addition the asymptomatic muscles of the sick GneM743T/M743T mice showed upregulation of transcription and translation processes. CONCLUSIONS: Overexpression of muscle physiology genes in healthy GneM743T/M743T mice seems to define the protecting mechanism in these mice. Furthermore, the strong involvement of muscle related genes in kidney may bridge the apparent phenotypic gap between GNE myopathy and the knock-in GneM743T/M743T mouse model and provide new directions in the study of GNE function in health and disease.",2020,2020-01-08,article,en,https://openalex.org/W3001516099,False,3,transcriptomics_plus_downstream,True,True,True,True
doi:10.3389/fimmu.2023.1192028,doi:10.3389/fimmu.2023.1192028,semantic_scholar,semantic_scholar,4613ccaf603e443bc7609ea9cecda22044b0575a,10.3389/fimmu.2023.1192028,37483631,10360199,Expression of targets of the RNA-binding protein AUF-1 in human airway epithelium indicates its role in cellular senescence and inflammation,"Introduction The RNA-binding protein AU-rich-element factor-1 (AUF-1) participates to posttranscriptional regulation of genes involved in inflammation and cellular senescence, two pathogenic mechanisms of chronic obstructive pulmonary disease (COPD). Decreased AUF-1 expression was described in bronchiolar epithelium of COPD patients versus controls and in vitro cytokine- and cigarette smoke-challenged human airway epithelial cells, prompting the identification of epithelial AUF-1-targeted transcripts and function, and investigation on the mechanism of its loss. Results RNA immunoprecipitation-sequencing (RIP-Seq) identified, in the human airway epithelial cell line BEAS-2B, 494 AUF-1-bound mRNAs enriched in their 3’-untranslated regions for a Guanine-Cytosine (GC)-rich binding motif. AUF-1 association with selected transcripts and with a synthetic GC-rich motif were validated by biotin pulldown. AUF-1-targets’ steady-state levels were equally affected by partial or near-total AUF-1 loss induced by cytomix (TNFα/IL1β/IFNγ/10 nM each) and siRNA, respectively, with differential transcript decay rates. Cytomix-mediated decrease in AUF-1 levels in BEAS-2B and primary human small-airways epithelium (HSAEC) was replicated by treatment with the senescence- inducer compound etoposide and associated with readouts of cell-cycle arrest, increase in lysosomal damage and senescence-associated secretory phenotype (SASP) factors, and with AUF-1 transfer in extracellular vesicles, detected by transmission electron microscopy and immunoblotting. Extensive in-silico and genome ontology analysis found, consistent with AUF-1 functions, enriched RIP-Seq-derived AUF-1-targets in COPD-related pathways involved in inflammation, senescence, gene regulation and also in the public SASP proteome atlas; AUF-1 target signature was also significantly represented in multiple transcriptomic COPD databases generated from primary HSAEC, from lung tissue and from single-cell RNA-sequencing, displaying a predominant downregulation of expression. Discussion Loss of intracellular AUF-1 may alter posttranscriptional regulation of targets particularly relevant for protection of genomic integrity and gene regulation, thus concurring to airway epithelial inflammatory responses related to oxidative stress and accelerated aging. Exosomal-associated AUF-1 may in turn preserve bound RNA targets and sustain their function, participating to spreading of inflammation and senescence to neighbouring cells.",2023,2023-07-07,JournalArticle,,https://www.semanticscholar.org/paper/4613ccaf603e443bc7609ea9cecda22044b0575a,False,0,,True,True,True,True
doi:10.3389/fneur.2026.1722220,doi:10.3389/fneur.2026.1722220,semantic_scholar,semantic_scholar,00f6ab19f18c6ceb6c2f4232317af8dcd9082d03,10.3389/fneur.2026.1722220,41940300,13043340,Gut microbiota 16S rRNA profiling with plasma and urine metabolomics in vestibular migraine,"Background Vestibular migraine (VM) pathophysiology remains unclear, with research often extrapolating from migraine (M) studies. The microbiota-gut-brain axis represents a novel avenue for exploring VM mechanisms and treatments. This study aimed to compare gut microbiota, plasma and urine metabolome alterations among VM patients, M patients, and healthy controls (Hcs). Methods A cross-sectional study recruited 15 VM patients, 15 M patients, and 15 age-/gender-matched Hcs (April–September 2024) from a tertiary hospital. Final analysis included 10 VM, 15 M, and 15 Hc participants. All underwent fecal 16S rRNA gene sequencing, plasma and urine metabolomics. Demographic and clinical data were collected. Results Gut microbiota alpha/beta diversity showed no significant inter-group differences. At the phylum level, Verrucomicrobiota and Chloroflexi were reduced in VM vs. M. Genus-level analysis revealed trends (e.g., decreased Akkermansia, increased Ruminococcus gnavus group in VM) and LEfSe (Linear Discriminant Analysis Effect Size) identified several genera (e.g., Latilactobacillus, Parvimonas) with higher relative abundance in VM. Plasma metabolomics identified numerous differential metabolites; bioinformatics implicated amino acid metabolism pathways, with pyruvate as a key differential metabolite. Urine metabolomics and bioinformatics strongly associated differential metabolites with tyrosine metabolism and norepinephrine (NE). Conclusions In this exploratory multi-omics study, VM patients showed distinct gut microbiota composition compared to M and HC, particularly at the genus level. Plasma metabolomics revealed alterations in pyruvate and amino acid metabolism pathways, suggesting possible energy metabolism disturbances in VM. Urine metabolomics highlighted the tyrosine metabolism pathway, with norepinephrine emerging as a metabolite of interest. These preliminary findings point to potential involvement of gut dysbiosis, metabolic perturbations, and neurotransmitter-related pathways in VM pathophysiology, providing a foundation for hypothesis-driven research. Given the exploratory nature of this study, these observations require validation in larger cohorts.",2026,2026-03-19,JournalArticle,,https://www.semanticscholar.org/paper/00f6ab19f18c6ceb6c2f4232317af8dcd9082d03,False,0,,True,False,True,False
doi:10.3390/ani15111631,doi:10.3390/ani15111631,semantic_scholar,semantic_scholar,8dc7ef01bcad76045bdfc0cb4c516f3b1af4e5aa,10.3390/ani15111631,40509096,12153518,Characterization of microRNA and Metabolite Profiles of Seminal Extracellular Vesicles in Boars,"Simple Summary Extracellular vesicles (EVs) contain bioactive substances and mediate a multitude of physiological functions. EVs are widely distributed in body fluids and are particularly abundant in semen. In this study, we successfully isolated EVs from boar semen samples representing two distinct age groups. Through integrated multi-omics analysis, we characterized microRNA and metabolite compositions within these seminal EVs. These results may provide an insight into understanding of the functions of EVs in semen.",2025,2025-06-01,JournalArticle,,https://www.semanticscholar.org/paper/8dc7ef01bcad76045bdfc0cb4c516f3b1af4e5aa,False,0,,True,False,True,False
doi:10.3390/epigenomes9030025,doi:10.3390/epigenomes9030025,europepmc,europepmc;pubmed;scopus,MED:40700041,10.3390/epigenomes9030025,40700041,PMC12286059,Exploring Epigenetic Ageing Using Direct Methylome Sequencing.,"Background/Objectives : Advances in nanopore sequencing have opened new avenues for studying DNA methylation at single-base resolution, yet their application in epigenetic ageing research remains underdeveloped. Methods : We present a novel framework that leverages the unique capabilities of nanopore sequencing to profile and interpret age-associated methylation patterns in native DNA. Results : Unlike conventional array-based approaches, long reads sequencing captures full CpG context, accommodates diverse and repetitive genomic regions, removes bisulfite conversion steps, and is compatible to the latest reference genome. Conclusions : This work establishes nanopore sequencing as a powerful tool for next-generation epigenetic ageing studies, offering a scalable and biologically rich platform for anti-ageing interventions monitoring and longitudinal ageing studies.",2025,2025-07-14,research-article; Journal Article,eng,https://europepmc.org/article/MED/40700041,False,2,,True,True,True,True
doi:10.3390/jcm9093016,doi:10.3390/jcm9093016,semantic_scholar,semantic_scholar,cb33e404166a7ab86343130470837abdfd556eaf,10.3390/jcm9093016,32962113,7563988,Accurate Blood-Based Diagnostic Biosignatures for Alzheimer’s Disease via Automated Machine Learning,"Alzheimer’s disease (AD) is the most common form of neurodegenerative dementia and its timely diagnosis remains a major challenge in biomarker discovery. In the present study, we analyzed publicly available high-throughput low-sample -omics datasets from studies in AD blood, by the AutoML technology Just Add Data Bio (JADBIO), to construct accurate predictive models for use as diagnostic biosignatures. Considering data from AD patients and age–sex matched cognitively healthy individuals, we produced three best performing diagnostic biosignatures specific for the presence of AD: A. A 506-feature transcriptomic dataset from 48 AD and 22 controls led to a miRNA-based biosignature via Support Vector Machines with three miRNA predictors (AUC 0.975 (0.906, 1.000)), B. A 38,327-feature transcriptomic dataset from 134 AD and 100 controls led to six mRNA-based statistically equivalent signatures via Classification Random Forests with 25 mRNA predictors (AUC 0.846 (0.778, 0.905)) and C. A 9483-feature proteomic dataset from 25 AD and 37 controls led to a protein-based biosignature via Ridge Logistic Regression with seven protein predictors (AUC 0.921 (0.849, 0.972)). These performance metrics were also validated through the JADBIO pipeline confirming stability. In conclusion, using the automated machine learning tool JADBIO, we produced accurate predictive biosignatures extrapolating available low sample -omics data. These results offer options for minimally invasive blood-based diagnostic tests for AD, awaiting clinical validation based on respective laboratory assays. They also highlight the value of AutoML in biomarker discovery.",2020,2020-09-01,JournalArticle,,https://www.semanticscholar.org/paper/cb33e404166a7ab86343130470837abdfd556eaf,False,0,,True,False,False,False
doi:10.34172/aim.34456,doi:10.34172/aim.34456,openalex,europepmc;openalex;pubmed;scopus,https://openalex.org/W4416399149,10.34172/aim.34456,,,Prognostic Significance of HMGA1 in Hepatocellular Carcinoma: Implications for Tumor Progression and Targeted Therapy,"Background: High mobility group A1 (HMGA1) has emerged as a key oncogenic factor in various cancers, but its specific role in liver hepatocellular carcinoma (LIHC) remains incompletely understood. This study aimed to investigate the expression pattern, biological functions, immune associations, clinical relevance, and therapeutic potential of HMGA1 in LIHC. Methods: We conducted a multi-omics analysis integrating transcriptomic, proteomic, and clinical data from TCGA, CPTAC, and HPA databases. Functional enrichment, immune infiltration profiling, and survival analyses were performed. In-vitro assays, including CCK-8, colony formation, β-galactosidase staining, and wound healing, were used to validate HMGA1’s biological functions in LIHC cells. Results: HMGA1 was significantly overexpressed in LIHC at both mRNA and protein levels (P<0.001). High HMGA1 expression correlated with advanced pathological stage, metastasis, and elevated AFP levels (all P<0.001). Kaplan-Meier analysis revealed that elevated HMGA1 predicted poor overall survival (OS) (HR=1.83, 95% CI: 1.12–2.99, P=0.014), disease-specific survival (DSS) (HR=2.12, 95% CI: 1.33–3.35, P=0.002), and progression-free interval (PFI) (HR=1.68, 95% CI: 1.14–2.48, P=0.009). Multivariate Cox analysis confirmed HMGA1 as an independent prognostic factor for OS (HR=1.75, 95% CI: 1.11–2.76, P=0.016). A nomogram incorporating HMGA1 and clinicopathological variables showed good predictive performance with a 3-year AUC of 0.723. Functionally, HMGA1 knockdown suppressed LIHC cell proliferation (38.9% reduction in HepG2 and 46.0% in Huh-7 at 48h), migration (44–59% inhibition at 24h), and colony formation (41.8–44.2% reduction), while significantly inducing cellular senescence (3.4–3.5-fold increase in β-gal+cells, P<0.001). GSEA and immune analysis indicated that HMGA1 may promote immune evasion and senescence bypass. Conclusion: HMGA1 serves as a robust prognostic biomarker and functional driver of malignant progression in LIHC. Its integration into prognostic models may enhance risk stratification and guide personalized therapeutic strategies. Nevertheless, further in-vivo validation and prospective clinical studies are required to establish its translational applicability.",2025,2025-10-01,article,en,https://openalex.org/W4416399149,False,3,explicit_multiomics;transcriptomics_plus_downstream,True,True,True,True
doi:10.4254/wjh.v17.i7.106151,doi:10.4254/wjh.v17.i7.106151,semantic_scholar,semantic_scholar,702736239ad578eee490b2f86a99dd33f569093b,10.4254/wjh.v17.i7.106151,40747231,12308600,Deciphering the oncogenic role of Rac family small GTPase 3 in hepatocellular carcinoma through multiomics integration,"BACKGROUND Hepatocellular carcinoma (HCC) remains a lethal malignancy due to its molecular complexity and chemoresistance. Rac family small GTPase 3 (RAC3), a tumorigenic GTPase understudied in HCC, drives recurrence via E2F transcription factor 1 (E2F1)-mediated transcriptional activation. This study integrates multiomics and clustered regularly interspaced short palindromic repeats (CRISPR) screening to delineate RAC3’s roles. RAC3 overexpression correlates with advanced HCC and patient age, while its knockout suppresses proliferation. Mechanistically, RAC3 dysregulates cell-cycle checkpoints through E2F1 binding. Pharmacological RAC3 inhibition disrupts tumor growth and synergizes with chemotherapy to overcome resistance. AIM To explore RAC3’s expression, clinical links, and HCC mechanisms via multiomics and functional genomics. METHODS Multiomic integration of The Cancer Genome Atlas (TCGA), Gene Expression Omnibus, and Genotype-Tissue Expression datasets was performed to analyze RAC3 mRNA expression. Immunohistochemistry quantified RAC3 protein in 108 HCC/adjacent tissue pairs. Kaplan–Meier/Cox regression assessed prognostic significance using TCGA data. CRISPR screening validated RAC3’s necessity for HCC proliferation. Functional enrichment identified associated pathways; hTFtarget/JASPAR predicted transcription factors, validated via chromatin immunoprecipitation sequencing (ChIP-seq). RESULTS RAC3 exhibited significant mRNA and protein overexpression in HCC tissues, which was correlated with advanced tumor stages and reduced overall survival rates (hazard ratio = 1.82, 95%CI: 1.31–2.53). Genetic ablation of RAC3 suppressed HCC cell proliferation across 16 cell lines. Pathway analysis revealed RAC3’s predominant involvement in cell-cycle regulation, DNA replication, and nucleocytoplasmic transport. Mechanistic investigations identified E2F1 as a pivotal upstream transcriptional regulator, and ChIP-seq analysis validated its direct binding to the RAC3 promoter region. These findings suggest that RAC3 drives HCC progression through E2F1-mediated cell-cycle dysregulation. CONCLUSION This study identified RAC3 as a key HCC oncogenic driver; its overexpression links to poor prognosis/resistance. Targeting the RAC3/E2F1 axis offers a new therapy, which highlights RAC3 as a biomarker/target.",2025,2025-07-27,JournalArticle,,https://www.semanticscholar.org/paper/702736239ad578eee490b2f86a99dd33f569093b,False,0,,True,False,True,False
doi:10.64898/2026.01.23.700915,doi:10.64898/2026.01.23.700915,europepmc,europepmc;openalex;pubmed,PPR:PPR1227662,10.64898/2026.01.23.700915,,,Single-nuclei RNA-sequencing uncovers sexually divergent exercise signatures partially mimicked by TFEB overexpression in mouse skeletal muscle,"ABSTRACT Exercise induces extensive, cell–type–specific transcriptional remodeling in skeletal muscle to support metabolic flexibility and adaptation. However, the regulatory mechanisms underlying these transcriptional programs, and the extent to which they differ between sexes, remain poorly defined. We previously reported that lifelong, muscle-specific overexpression of human Transcription Factor E-B (cTFEB;HSACre transgenic mice) recapitulates many adaptive features of endurance training in both sexes, leading to profound geroprotective effects during aging even in the absence of exercise. Here, we profile transcriptional adaptations to voluntary wheel running (VWR) and TFEB-overexpression at single-nucleus resolution in young male and female mouse tibialis anterior muscle. This represents, to our knowledge, the first integrated analysis of exercise and TFEB signaling using sex as a biological variable. Using robust bioinformatic and single-nuclei RNA-sequencing approaches, we profiled six muscle-resident cell populations and uncover previously unrecognized, sex-dependent signaling nodes governing exercise-associated metabolic plasticity. TFEB activation and endurance training by VWR elicit strongly correlated transcriptional programs enriched for lipid metabolism, mitochondrial remodeling, and immune modulation, establishing TFEB-overexpression as a partial exercise mimetic. In general, female muscle exhibited enhanced extracellular matrix and lipid-associated responses to endurance training and TFEB overexpression, whereas males preferentially engaged in angiogenic and oxidative networks, revealing distinct sex-specific, sex-dimorphic, or sex-agnostic regulatory routes to metabolic flexibility. Integration with independent multi-omics datasets from endurance-trained rats (MoTrPAC) confirms the conservation of TFEB–exercise transcriptional convergence in skeletal muscle across species and potentially muscle types. Together, these findings define TFEB as a regulator of exercise transcriptional programs and reveal sex-specific molecular frameworks that drive metabolic adaptation in skeletal muscle. Furthermore, the resulting sex-resolved, single-nucleus transcriptional atlas provides a unique resource for the field, enabling comparative, mechanistic, and hypothesis-driven exploration of exercise-responsive skeletal muscle regulatory networks across sexes.",2026,2026-01-26,Preprint,,https://europepmc.org/article/PPR/PPR1227662,True,2,,True,True,True,True
doi:10.7554/elife.27014,doi:10.7554/elife.27014,pubmed,pubmed,28826469,10.7554/elife.27014,28826469,PMC5566455,Regulation of life span by the gut microbiota in the short-lived African turquoise killifish.,"Gut bacteria occupy the interface between the organism and the external environment, contributing to homeostasis and disease. Yet, the causal role of the gut microbiota during host aging is largely unexplored. Here, using the African turquoise killifish ( Nothobranchius furzeri ), a naturally short-lived vertebrate, we show that the gut microbiota plays a key role in modulating vertebrate life span. Recolonizing the gut of middle-age individuals with bacteria from young donors resulted in life span extension and delayed behavioral decline. This intervention prevented the decrease in microbial diversity associated with host aging and maintained a young-like gut bacterial community, characterized by overrepresentation of the key genera Exiguobacterium, Planococcus, Propionigenium and Psychrobacter . Our findings demonstrate that the natural microbial gut community of young individuals can causally induce long-lasting beneficial systemic effects that lead to life span extension in a vertebrate model.",2017,2017-08-22,"Journal Article; Research Support, Non-U.S. Gov't",eng,https://pubmed.ncbi.nlm.nih.gov/28826469/,False,0,,False,True,True,False
no-doi:a73610b76d4c28bf096e746b,no-doi:a73610b76d4c28bf096e746b,google_scholar,google_scholar,iA7KrxIWyEEJ,,,,Metabolomics of Aging and Alzheimer's Disease: From Single-Omics to Multi-Omics,"… between natural aging and AD. Finally, we review recent multiomics studies related to aging 
and … , whether the metabolites are causal to the pathogenesis of AD often remains unknown. …",2022,2022-01-01,,,https://arxiv.org/abs/2212.09870,False,0,,True,True,True,True
