record_id,canonical_id,source,provenance_sources,source_record_id,doi,pmid,pmcid,title,abstract,year,publication_date,document_type,language,url,is_preprint,duplicate_count,query_branches,local_multiomics_match,local_aging_match,local_causal_anchor_match,local_three_block_match
doi:10.1002/advs.202509973,doi:10.1002/advs.202509973,openalex,europepmc;openalex;pubmed;scopus;semantic_scholar,https://openalex.org/W4416723140,10.1002/advs.202509973,,,TMEM131‐Mediated Soluble TRAIL Triggered Type II Alveolar Epithelial Cell Senescence in Radiation‐Induced Lung Injury,"Abstract Radiation‐induced lung injury (RILI) limits radiotherapy dose for thoracic tumors. It is currently urgent to clarify RILI pathogenesis and find safe and effective therapeutical strategy. Transcriptomics of RILI mouse lungs indicate that cellular senescence is substantially involved in RILI pathogenesis, and anti‐senescence compounds alleviate RILI and pulmonary inflammatory. Single‐cell RNA sequencing and multi‐color immunofluorescence demonstrate that type II alveolar epithelial cells (AECIIs) are the main senescent cells, and quantitative proteomics illustrate that tumor necrosis factor‐related apoptosis‐inducing ligand (TRAIL) is more secreted. Clinical samples also confirms that the plasma levels of TRAIL are significantly increased in RILI patients. Mechanistically, AECII‐specific TRAIL knockout ( Trail f/f ;Sftpc‐Cre ) mice presents reduced cellular senescence and RILI, accompanied by reduced mitophagy. Soluble TRAIL activates the mTOR pathway through death receptor 5 to hinder mitophagy, resulting in impaired mitochondrial accumulation and cellular senescence. Immunoprecipitation mass spectrometry identifies that endoplasmic reticulum (ER)‐localized transmembrane molecule TMEM131 interact with TRAIL and mediates its transportation from ER to Golgi through Sec23 homolog A of the coat protein complex II. Interruption of this transportation process led to ER‐associated degradation of TRAIL proteins through ubiquitylation. The results indicate the pro‐senescent role of TRAIL during RILI pathogenesis and reveals the TMEM131‐mediated intricate secretory process of TRAIL.",2025,2025-11-26,article,en,https://openalex.org/W4416723140,False,4,transcriptomics_plus_downstream,True,True,True,True
doi:10.1002/hon.2950,doi:10.1002/hon.2950,semantic_scholar,semantic_scholar,750703a9d654340363bae0e97f4194629798dd44,10.1002/hon.2950,34806797,,Differential transcriptomic profiling in ibrutinib‐naïve versus ibrutinib‐resistant Richter syndrome,"To the Editor, Despite the advances of targeted therapeutics in chronic lymphocytic leukemia (CLL), 3%–20% of CLL patients transform into aggressive lymphoma (commonly diffuse large B cell lymphoma,DLBCL) known as Richter's syndrome (RS). Patients who develop RS typically do not respond to standard chemotherapy and have poor overall survival (less than 1 year). Thus, translational studies to understand RS pathogenesis particularly regards to drug resistance, could provide insights for therapeutic development. CLL cells residing in lymph nodes displayed upregulation of genes involving B‐cell receptor (BCR) and NFκB pathways. In contrast, transcriptomic features of RS‐involved lymphoid tissue have not been well defined in the era of CLL novel therapies. In this study we investigated transcriptomic profiles of six ibrutinib‐resistant and five ibrutinib‐naïve RS‐involved lymphoid tissue using samples collected from a cohort of refractory RS patients. Targeted gene expression profiling was performed on FFPE lymphoid tissue samples using Nanostring nCounter Analysis System (NanoString Technologies, Seattle, WA). A custom gene panel consisting of 789 genes related to T cell biology, immune regulation, and cellular markers of tumor‐infiltrating lymphocytes and tumor‐associated macrophages was selected. RNA isolation, quality controls and hybridization were performed following manufacturer's protocols. All samples passed quality control and met minimum RNA concentration requirement (Supporting Information Table 1). Nanostring gene expression counts were normalized using a method based on upper‐quartile normalization and removal of unwanted variation using housekeeping genes. Differentially expressed genes (DEG) were identified using DESeq2 in R, with significance cut‐off at >2‐fold changes in expression and a false‐ discovery rate (FDR) of <0.05. Clinical characteristics and treatment histories are shown in Table 1 and Supporting Information Figure 1. All RS samples were confirmed as DLBCL via Mayo hematopathology review with three independent hematopathologists. Six RS patients received ibrutinib and had all developed clinical progression on ibrutinib before biopsy. Principal component analysis plot (Supporting Information Figure 2) of all 789 genes revealed good though incomplete separation of samples on ibrutinib exposure status. Comparison of ibrutinib‐ resistant RS versus ibrutinib‐naïve RS samples revealed 17 DEGs (Figure 1A and Supporting Information Table 2). Log2 fold change ranged from −2.91 to 2.34, with the most down‐regulated gene being MS4A1 and the most up‐regulated gene being S100A8 (Figure 1B) in ibrutinib‐resistant RS. Six genes were upregulated in ibrutinib‐ resistant RS group, including several NFκB and BCR related immune genes (S100A8, CCL4, PRKCB). 11 downregulated genes in ibrutinib‐resistant RS group included multiple genes associated with B‐cell proliferation (MS4A1/CD20, FCRL3, TNFRSF21). To explore transcriptomic changes in the evolution of CLL to RS, we measured gene expression in serial samples from the patient RS9. This patient had CLL diagnosis in 2003 at age 46 and was treated with pentostatin, cyclophosphamide and rituximab with complete remission. In 2013, he had disease progression with a nodal biopsy showing CLL (RS9.CLL). Subsequently, he received ibrutinib for 2 years before progression, and a nodal biopsy (RS9. RS) in 2016 showed clonal related RS. Among genes with highest variance in expression in these two sequential samples, several chemokine genes related to immune activation and leukocyte migration and homing (CXCL9, CXCL10, CXCL11, CXCL13 and CCL19) were upregulated in the ibrutinib‐resistant RS phase (Supporting Information Table 3). To our knowledge, this is one of the first studies investigating transcriptomic profiles of RS using lymphoid tissue in the era of targeted therapy. Recently Klintman et al. reported novel genomic features related to RS transformation using whole genome sequencing and Nanostring RNA expression profiling. This study measured RNA expression of 800 genes in 12 nodal‐CLL and tissue‐ RS pairs, and identified upregulation of DNA damage response genes in RS. However, RS included in this study did not have prior treatment of ibrutinib. Our study differed in focusing on immune‐related genes and inclusion of RS patients progressed on ibrutinib. Ibrutinib has been shown to inhibit BCR and NFκB signaling in CLL cells from both peripheral blood and tissue compartments. However, in our study we observed upregulation of several NFκB‐ related genes in ibrutinib‐resistant RS. PRKCB is a vital molecule in the pathogenesis of CLL by mediating BCR‐induced NFκB activation. CCL4 is a NFκB target gene and its secretion by CLL cells was rapidly inhibited by ibrutinib in vitro and in vivo. These findings suggest a possible role of NFκB activation in RS resistance to ibrutinib. Similar to the results from ibrutinib‐treated CLL, we observed downregulation of MS4A1 in ibrutinib‐treated RS, which may be associated with a lack of efficacy in adding rituximab to ibrutinib in CLL. The serial analysis for RS9 samples showedupregulation of several chemokine genes in the ibrutinib‐resistant RS phase, suggesting their possible contribution in RS transformation. The involvement of",2021,2021-11-22,LettersAndComments; Review,,https://www.semanticscholar.org/paper/750703a9d654340363bae0e97f4194629798dd44,False,0,,True,False,True,False
doi:10.1007/978-1-4939-7672-0_19,doi:10.1007/978-1-4939-7672-0_19,pubmed,pubmed;scopus,29392670,10.1007/978-1-4939-7672-0_19,29392670,,Identification and Functional Analysis of Senescence-Associated Genes in Wheat.,"Senescence is the final stage of leaf development. During this process, different macromolecules undergo degradation, and the resulting components are transported to developing and storage tissues of the plant. Senescence-associated genes (SAGs) play important roles in this process. Identification and characterization of SAGs are the first steps to interpret the function of these genes and to elucidate the mechanisms of leaf senescence. One of the most effective ways to identify SAGs is to screen for candidate genes using massive genome-scale transcriptomic data such as microarray, RNA-seq, digital RNA expression level data, etc. The basic functional analysis of candidate genes is to observe the phenotypes of transgenic plants, in which the candidate SAGs are overexpressed, knocked down, or knocked out. In this chapter, we outline methods for identifying and characterizing SAGs by microarray analysis in wheat. Methods of gene functional analyses by screening transgenic plants are also described. The protocols described in this chapter could also be used in other plant species, especially for Poaceae plants.",2018,2018-01-01,"Journal Article; Research Support, Non-U.S. Gov't",eng,https://pubmed.ncbi.nlm.nih.gov/29392670/,False,1,,True,False,False,False
doi:10.1007/s11255-025-04878-4,doi:10.1007/s11255-025-04878-4,europepmc,europepmc;pubmed;scopus;semantic_scholar,MED:41205136,10.1007/s11255-025-04878-4,41205136,,Artificial intelligence in nephrology: predicting CKD progression and personalizing treatment.,"Chronic kidney disease (CKD) represents a major and expanding global health challenge, with prevalence rising due to aging populations, diabetes, hypertension, and environmental factors. Conventional risk assessment tools such as the CKD Epidemiology Collaboration equation and the Kidney Failure Risk Equation are limited in precision, generalizability, and their ability to identify rapid progressors in early stages. This review examines the transformative role of artificial intelligence (AI), encompassing machine learning, deep learning, natural language processing, and multimodal data integration, in improving CKD detection, progression prediction, and personalized management. Drawing on recent evidence, we highlight AI's capacity to process high‑dimensional data from electronic health records, imaging, omics, and wearable devices, achieving area under the curve values of 0.85-0.96 for predicting outcomes, such as end‑stage kidney disease and therapeutic response. Key applications include early CKD screening using gradient boosting and long short‑term memory networks, biomarker discovery through multi‑omics fusion, and precision phenotyping to guide targeted interventions such as sodium-glucose cotransporter‑2 inhibitor therapy and optimized dialysis initiation. Persistent challenges algorithmic bias, data privacy, interpretability, and regulatory compliance-necessitate strategies such as federated learning, explainable AI, and ethically guided, equitable implementation.",2026,2025-11-08,Review; Journal Article,eng,https://europepmc.org/article/MED/41205136,False,3,,True,True,True,True
doi:10.1016/bs.ircmb.2021.06.002,doi:10.1016/bs.ircmb.2021.06.002,pubmed,pubmed,34507780,10.1016/bs.ircmb.2021.06.002,34507780,,DNA methylation and histone variants in aging and cancer.,"Aging-related diseases such as cancer can be traced to the accumulation of molecular disorder including increased DNA mutations and epigenetic drift. We provide a comprehensive review of recent results in mice and humans on modifications of DNA methylation and histone variants during aging and in cancer. Accumulated errors in DNA methylation maintenance lead to global decreases in DNA methylation with relaxed repression of repeated DNA and focal hypermethylation blocking the expression of tumor suppressor genes. Epigenetic clocks based on quantifying levels of DNA methylation at specific genomic sites is proving to be a valuable metric for estimating the biological age of individuals. Histone variants have specialized functions in transcriptional regulation and genome stability. Their concentration tends to increase in aged post-mitotic chromatin, but their effects in cancer are mainly determined by their specialized functions. Our increased understanding of epigenetic regulation and their modifications during aging has motivated interventions to delay or reverse epigenetic modifications using the epigenetic clocks as a rapid readout for efficacity. Similarly, the knowledge of epigenetic modifications in cancer is suggesting new approaches to target these modifications for cancer therapy.",2021,2021-07-12,"Journal Article; Research Support, Non-U.S. Gov't; Review",eng,https://pubmed.ncbi.nlm.nih.gov/34507780/,False,0,,True,True,True,True
doi:10.1016/j.cancergen.2019.12.001,doi:10.1016/j.cancergen.2019.12.001,semantic_scholar,semantic_scholar,bf8072acb82281a0e482d1fab00979c1aac273aa,10.1016/j.cancergen.2019.12.001,31870844,,Genomic and transcriptomic features of dermatofibrosarcoma protuberans: Unusual chromosomal origin of the COL1A1-PDGFB fusion gene and synergistic effects of amplified regions in tumor development.,"The dermatofibrosarcoma protuberans family of tumors (DPFT) comprises cutaneous soft tissue neoplasms associated with aberrant PDGFBR signaling, typically through a COL1A1-PDGFB fusion. The aim of the present study was to obtain a better understanding of the chromosomal origin of this fusion and to assess the spectrum of secondary mutations at the chromosome and nucleotide levels. We thus investigated 42 tumor samples from 35 patients using chromosome banding, fluorescence in situ hybridization, single nucleotide polymorphism arrays, and/or massively parallel sequencing (gene panel, whole exome and transcriptome sequencing) methods. We confirmed the age-associated differences in the origin of the COL1A1-PDGFB fusion and could show that it in most cases must arise after DNA synthesis, i.e., in the S or G2 phase of the cell cycle. Whereas there was a non-random pattern of secondary chromosomal rearrangements, single nucleotide variants seem to have little impact on tumor progression. No clear genomic differences between low-grade and high-grade DPFT were found, but the number of chromosomes and chromosomal imbalances as well as the frequency of 9p deletions all tended to be greater among the latter. Gene expression profiling of tumors with COL1A1-PDGFB fusions associated with unbalanced translocations or ring chromosomes identified several transcriptionally up-regulated genes in the amplified regions of chromosomes 17 and 22, including TBX2, PRKCA, MSI2, SOX9, SOX10, and PRAME.",2019,2019-12-10,JournalArticle,,https://www.semanticscholar.org/paper/bf8072acb82281a0e482d1fab00979c1aac273aa,False,0,,True,False,False,False
doi:10.1016/j.ebiom.2022.104276,doi:10.1016/j.ebiom.2022.104276,semantic_scholar,semantic_scholar,da23b0a21cda56f9a425aadbb9630e27d3d0ec4d,10.1016/j.ebiom.2022.104276,36179553,9520210,"Machine learning for classification of hypertension subtypes using multi-omics: A multi-centre, retrospective, data-driven study","Summary Background Arterial hypertension is a major cardiovascular risk factor. Identification of secondary hypertension in its various forms is key to preventing and targeting treatment of cardiovascular complications. Simplified diagnostic tests are urgently required to distinguish primary and secondary hypertension to address the current underdiagnosis of the latter. Methods This study uses Machine Learning (ML) to classify subtypes of endocrine hypertension (EHT) in a large cohort of hypertensive patients using multidimensional omics analysis of plasma and urine samples. We measured 409 multi-omics (MOmics) features including plasma miRNAs (PmiRNA: 173), plasma catechol O-methylated metabolites (PMetas: 4), plasma steroids (PSteroids: 16), urinary steroid metabolites (USteroids: 27), and plasma small metabolites (PSmallMB: 189) in primary hypertension (PHT) patients, EHT patients with either primary aldosteronism (PA), pheochromocytoma/functional paraganglioma (PPGL) or Cushing syndrome (CS) and normotensive volunteers (NV). Biomarker discovery involved selection of disease combination, outlier handling, feature reduction, 8 ML classifiers, class balancing and consideration of different age- and sex-based scenarios. Classifications were evaluated using balanced accuracy, sensitivity, specificity, AUC, F1, and Kappa score. Findings Complete clinical and biological datasets were generated from 307 subjects (PA=113, PPGL=88, CS=41 and PHT=112). The random forest classifier provided ∼92% balanced accuracy (∼11% improvement on the best mono-omics classifier), with 96% specificity and 0.95 AUC to distinguish one of the four conditions in multi-class ALL-ALL comparisons (PPGL vs PA vs CS vs PHT) on an unseen test set, using 57 MOmics features. For discrimination of EHT (PA + PPGL + CS) vs PHT, the simple logistic classifier achieved 0.96 AUC with 90% sensitivity, and ∼86% specificity, using 37 MOmics features. One PmiRNA (hsa-miR-15a-5p) and two PSmallMB (C9 and PC ae C38:1) features were found to be most discriminating for all disease combinations. Overall, the MOmics-based classifiers were able to provide better classification performance in comparison to mono-omics classifiers. Interpretation We have developed a ML pipeline to distinguish different EHT subtypes from PHT using multi-omics data. This innovative approach to stratification is an advancement towards the development of a diagnostic tool for EHT patients, significantly increasing testing throughput and accelerating administration of appropriate treatment. Funding European Union's Horizon 2020 Research and Innovation Programme under Grant Agreement No. 633983, Clinical Research Priority Program of the University of Zurich for the CRPP HYRENE (to Z.E. and F.B.), and Deutsche Forschungsgemeinschaft (CRC/Transregio 205/1).",2022,2022-09-27,JournalArticle,,https://www.semanticscholar.org/paper/da23b0a21cda56f9a425aadbb9630e27d3d0ec4d,False,0,,True,False,False,False
doi:10.1016/j.gendis.2023.101161,doi:10.1016/j.gendis.2023.101161,europepmc,europepmc;openalex;pubmed;scopus,MED:39022127,10.1016/j.gendis.2023.101161,39022127,PMC11252782,Integrative analysis of the transcriptome and metabolome reveals the importance of hepatokine FGF21 in liver aging.,"Aging is a contributor to liver disease. Hence, the concept of liver aging has become prominent and has attracted considerable interest, but its underlying mechanism remains poorly understood. In our study, the internal mechanism of liver aging was explored via multi-omics analysis and molecular experiments to support future targeted therapy. An aged rat liver model was established with d-galactose, and two other senescent hepatocyte models were established by treating HepG2 cells with d-galactose and H 2 O 2 . We then performed transcriptomic and metabolomic assays of the aged liver model and transcriptome analyses of the senescent hepatocyte models. In livers, genes related to peroxisomes, fatty acid elongation, and fatty acid degradation exhibited down-regulated expression with aging, and the hepatokine Fgf21 expression was positively correlated with the down-regulation of these genes. In senescent hepatocytes, similar to the results found in aged livers, FGF21 expression was also decreased. Moreover, the expressions of cell cycle-related genes were significantly down-regulated, and the down-regulated gene E2F8 was the key cell cycle-regulating transcription factor. We then validated that FGF21 overexpression can protect against liver aging and that FGF21 can attenuate the declines in the antioxidant and regenerative capacities in the aging liver. We successfully validated the results from cellular and animal experiments using human liver and blood samples. Our study indicated that FGF21 is an important target for inhibiting liver aging and suggested that pharmacological prevention of the reduction in FGF21 expression due to aging may be used to treat liver aging-related diseases.",2024,2023-11-07,research-article; Journal Article,eng,https://europepmc.org/article/MED/39022127,False,3,,True,True,True,True
doi:10.1016/j.jcyt.2026.102062,doi:10.1016/j.jcyt.2026.102062,semantic_scholar,semantic_scholar,565bd3e1d9e2b4a22751dec9605e269cda2a209f,10.1016/j.jcyt.2026.102062,41762961,,"Chronic graft-versus-host disease suppressing CD56brightPerforinneg regulatory-like NK cells inhibit CD4+ T cells via PD-1, LAG-3, and TRAIL.","BACKGROUND Chronic graft-versus-host disease (cGvHD) is a significant cause of morbidity and mortality after hematopoietic stem cell transplantation (HSCT). Previously, in large human cohorts of HSCT patients we identified increased numbers of CD56brightPerforin- NK cells ([regulatory-like NK cells] [NKreg-like]) to associate with cGvHD suppression. Our further studies demonstrated that NKreg-like cells can be characterized according to a unique phenotype and transcriptome, distinct from classic cytolytic NK cells, and can induce immune tolerance by selectively suppressing CD4+ T cells through a non-cytolytic, contact-dependent mechanism. Further, we demonstrated that the NKreg-like cells can be expanded up to 300-fold while maintaining their regulatory phenotype, function, and transcriptomic characteristics. OBJECTIVE(S) We aimed to further elucidate the mechanism of human NKreg-like cells towards inflammatory immune cells to better understand their immunoregulatory function while also determining the frequency of such cells in human blood. STUDY DESIGN CD56brightCD16- NKreg-like cells were sterile sorted from healthy human donors, and co-cultured with cell proliferation dye stained and activated CD4+ T cells, Treg cells ± dendritic cells, B cells, or NK cells for 96 hours to measure responder cell proliferation in the presence of NKreg-like cells (N = 3-5). For proteomics analysis, supernatant from 24 hr or 20-day cultured/expanded NKreg-like cells and classic cytolytic NK cells (CD56dimCD16+ NK cells) were collected and sent to Olink Proteomics for analysis (N=6). For extracellular vesicle analysis, supernatant from NKreg-like cells expanded for 20 days underwent differential ultracentrifugation, small particle flow cytometry analysis, and nanoLC-MS/MS proteomics analysis. Lastly, NKreg-like cell frequency was measured via FACS cell sorting analysis according to sex and age demographics (N=20). Statistical analyses were performed using Microsoft Excel version 2110 and a 2-tailed T test - 2-sample assuming unequal variance, or the Welch 2 Sample t-test. RESULTS NKreg-like cells were found to secrete several regulatory proteins, including IL-10, TGF-β, adenosine, and TRAIL, and extracellular vesicles enriched in EOMES. Further, NKreg-like cells were found to selectively suppress CD4+ T cells with no impact on B cells, NK cells, or Treg cells, mediated by the PD-1, LAG-3, and TRAIL pathways. Finally, we determined no significant difference in NKreg-like cell frequency according to age or sex demographics. CONCLUSION(S) The results of these studies contribute to our understanding of how NKreg-like cells induce a selective suppressive function to promote tolerance. Further, this data provides applications for enhancing NKreg-like cell function, such as through increasing PD-1, LAG-3, TRAILR ligand, and/or EOMES expression/secretion, and the ability to obtain consistent cell numbers from donors, regardless of age and sex.",2026,2026-01-01,JournalArticle,,https://www.semanticscholar.org/paper/565bd3e1d9e2b4a22751dec9605e269cda2a209f,False,0,,True,False,True,False
doi:10.1016/j.metabol.2026.156624,doi:10.1016/j.metabol.2026.156624,openalex,europepmc;openalex;pubmed;scopus;semantic_scholar,https://openalex.org/W7159806265,10.1016/j.metabol.2026.156624,,,Integrated plasma proteomics and metabolomics reveal immunometabolic pathways and predictive signatures for age-related eye diseases,"BACKGROUND AND AIMS: Age-related eye diseases (AREDs) share aging as a major risk factor, but the systemic molecular changes preceding disease onset remain incompletely understood. We aimed to define the shared and disease-specific immunometabolic architecture of major AREDs and to examine how circulating molecular features relate to retinal phenotypes, pre-diagnostic patterns, and disease risk. METHODS: We performed a large-scale prospective multi-omics study in the UK Biobank integrating baseline plasma proteomics, metabolomics, retinal imaging-derived phenotypes, and longitudinal follow-up across five major AREDs: age-related macular degeneration, cataract, diabetic retinopathy, glaucoma, and retinal vascular occlusion. Cox regression, functional enrichment, protein-metabolite correlation, mediation analysis, trajectory analysis, and machine-learning models were applied. RESULTS: Proteome-wide analyses identified both shared and disease-specific circulating signatures, mainly involving immune, extracellular matrix, vascular, and stress-response pathways. Reconstructed population-level molecular patterns diverged from controls up to 15 years before diagnosis, with marked heterogeneity across diseases. Integration with retinal imaging linked immune- and matrix-related proteins to retinal neurodegenerative and microvascular phenotypes. Metabolite clustering and mediation analyses highlighted recurrent lipoprotein-related pathways, particularly HDL-related structure and composition, as cross-layer features associated with systemic protein signals, metabolic states, and disease risk. Combined proteomic-metabolomic models improved prediction of incident disease compared with protein-only models. CONCLUSIONS: Major AREDs share a systemic immunometabolic aging architecture while retaining substantial disease-specific molecular features. Circulating molecular alterations are detectable years before clinical onset and may support future biological stratification and risk prediction.",2026,2026-04-30,article,en,https://openalex.org/W7159806265,False,4,explicit_multiomics;proteomics_plus_downstream,True,True,True,True
doi:10.1016/j.psj.2025.105352,doi:10.1016/j.psj.2025.105352,semantic_scholar,semantic_scholar,c9062ccdcf297a792d842502cbba0a11365c53c0,10.1016/j.psj.2025.105352,40451078,12164179,Proteomics and lipidomics analysis of the breast muscles to investigate the effect of dietary copper level on the meat quality of pigeons,"Pigeon meat, known for its high nutritional value and tender texture, can be influenced by various dietary factors. Copper, an essential trace mineral, plays a vital role in growth, development, and overall meat quality. However, its impact on pigeon meat has not been well studied. This study evaluated the effects of dietary copper supplementation on production performance, carcass traits, meat quality, fatty acid composition, and protein profiles in squabs. A total of 120 pairs of 60-week-old White King pigeon breeders (one male and one female per pair) were randomly assigned to five dietary treatment groups, each receiving diets containing 5.66, 9.66, 13.66, 17.66, or 21.66 mg/kg of copper. Feeding by parent pigeons, the squabs were reared to 28 days of age and then used for sampling and analyses. The result showed that copper deficiency led to increased lipid accumulation in the breast muscle, raising levels of total lipids, triglycerides, cholesterol, and free fatty acids, which impaired shear force and meat texture. Copper supplementation reduced saturated fatty acids and increased beneficial ω-3 polyunsaturated fatty acids (methyl linolenate). Proteomic analysis revealed that copper enhanced tubulin expression, which is crucial for muscle cell integrity, and influenced enzymes involved in fatty acid metabolism. Regional variation in copper supplementation highlighted the importance of optimizing copper levels in pigeon diets. Statistical analyses included one-way ANOVA and quadratic regression analysis, which identified the optimal dietary copper level for improving meat quality as 17.2∼18.4 mg/kg. These findings suggest that adequate copper supplementation can significantly improve both the texture and nutritional quality of pigeon meat, providing valuable insights into the pigeon industry and consumer health.",2025,2025-05-01,JournalArticle,,https://www.semanticscholar.org/paper/c9062ccdcf297a792d842502cbba0a11365c53c0,False,0,,True,False,False,False
doi:10.1016/j.ynstr.2021.100394,doi:10.1016/j.ynstr.2021.100394,pubmed,pubmed,34621920,10.1016/j.ynstr.2021.100394,34621920,PMC8482287,The pediatric buccal epigenetic clock identifies significant ageing acceleration in children with internalizing disorder and maltreatment exposure.,"Studies reporting accelerated ageing in children with affective disorders or maltreatment exposure have relied on algorithms for estimating epigenetic age derived from adult samples. These algorithms have limited validity for epigenetic age estimation during early development. We here use a pediatric buccal epigenetic (PedBE) clock to predict DNA methylation-based ageing deviation in children with and without internalizing disorder and assess the moderating effect of maltreatment exposure. We further conduct a gene set enrichment analysis to assess the contribution of glucocorticoid signaling to PedBE clock-based results. DNA was isolated from saliva of 158 children [73 girls, 85 boys; mean age (SD) = 4.25 (0.8) years] including children with internalizing disorder and maltreatment exposure. Epigenetic age was estimated based on DNA methylation across 94 CpGs of the PedBE clock. Residuals of epigenetic age regressed against chronological age were contrasted between children with and without internalizing disorder. Maltreatment was coded in 3 severity levels and entered in a moderation model. Genome-wide dexamethasone-responsive CpGs were derived from an independent sample and enrichment of these CpGs within the PedBE clock was identified. Children with internalizing disorder exhibited significant acceleration of epigenetic ageing as compared to children without internalizing disorder (F 1,147 = 6.67, p = .011). This association was significantly moderated by maltreatment severity (b = 0.49, 95% CI [0.073, 0.909], t = 2.322, p = .022). Children with internalizing disorder who had experienced maltreatment exhibited ageing acceleration relative to children with no internalizing disorder (1-2 categories: b = 0.50, 95% CI [0.170, 0.821], t = 3.008, p = .003; 3 or more categories: b = 0.99, 95% CI [0.380, 1.593], t = 3.215, p = .002). Children with internalizing disorder who were not exposed to maltreatment did not show epigenetic ageing acceleration. There was significant enrichment of dexamethasone-responsive CpGs within the PedBE clock (OR = 4.36, p = 1.65*10-6). Among the 94 CpGs of the PedBE clock, 18 (19%) were responsive to dexamethasone. Using the novel PedBE clock, we show that internalizing disorder is associated with accelerated epigenetic ageing in early childhood. This association is moderated by maltreatment severity and may, in part, be driven by glucocorticoids. Identifying developmental drivers of accelerated epigenetic ageing after maltreatment will be critical to devise early targeted interventions.",2021,2021-09-11,Journal Article,eng,https://pubmed.ncbi.nlm.nih.gov/34621920/,False,0,,True,True,True,True
doi:10.1038/onc.2012.54,doi:10.1038/onc.2012.54,europepmc,europepmc;pubmed;scopus;semantic_scholar,MED:22370639,10.1038/onc.2012.54,22370639,,"Zinc-finger protein 331, a novel putative tumor suppressor, suppresses growth and invasiveness of gastric cancer.","Zinc-finger protein 331 (ZNF331), a Kruppel-associated box zinc-finger protein gene, was identified as a putative tumor suppressor in our previous study. However, the role of ZNF331 in tumorigenesis remains elusive. We aimed to clarify its epigenetic regulation and biological functions in gastric cancer. ZNF331 was silenced or downregulated in 71% (12/17) gastric cancer cell lines. A significant downregulation was also detected in paired gastric tumors compared with adjacent non-cancer tissues. In contrast, ZNF331 was readily expressed in various normal adult tissues. The downregulation of ZNF331 was closely linked to the promoter hypermethylation as evidenced by methylation-specific PCR, bisulfite genomic sequencing and reexpression by demethylation agent treatment. DNA sequencing showed no genetic mutation/deletion of ZNF331 in gastric cancer cell lines. Ectopic expression of ZNF331 in the silenced cancer cell lines MKN28 and HCT116 significantly reduced colony formation and cell viability, induced cell cycle arrests and repressed cell migration and invasive ability. Concordantly, knockdown of ZNF331 increased cell viability and colony formation ability of gastric cancer cell line MKN45. Two-dimensional gel electrophoresis and mass spectrometry-based comparative proteomic approach were applied to analyze the molecular basis of the biological functions of ZNF331. In all, 10 downstream targets of ZNF331 were identified to be associated with regulation of cell growth and metastasis. The tumor-suppressive effect of ZNF331 is mediated at least by downregulation of genes involved in cell growth promotion (DSTN, EIF5A, GARS, DDX5, STAM, UQCRFS1 and SET) and migration/invasion (DSTN and ACTR3), and upregulation of genome-stability gene (SSBP1) and cellular senescence gene (PNPT1). A novel target of ZNF331 (DSTN) was functionally validated. Overexpression of DSTN in BGC-823 cells increased colony formation and migration ability. In conclusion, our results suggest that ZNF331 possesses important functions for the suppression of gastric carcinogenesis as a novel functional tumor-suppressor gene.",2013,2012-02-27,"Research Support, Non-U.S. Gov't; Journal Article",eng,https://europepmc.org/article/MED/22370639,False,3,,True,True,True,True
doi:10.1038/s41467-025-56191-4,doi:10.1038/s41467-025-56191-4,europepmc,europepmc;openalex;pubmed;scopus,MED:39824883,10.1038/s41467-025-56191-4,39824883,PMC11742396,Cross-trait multivariate GWAS confirms health implications of pubertal timing.,"Pubertal timing is highly variable and is associated with long-term health outcomes. Phenotypes associated with pubertal timing include age at menarche, age at voice break, age at first facial hair and growth spurt, and pubertal timing seems to have a shared genetic architecture between the sexes. However, puberty phenotypes have primarily been assessed separately, failing to account for shared genetics, which limits the reliability of the purported health implications. Here, we model the common genetic architecture for puberty timing using a multivariate GWAS, with an effective population of 514,750 European participants. We find 266 independent variants in 197 loci, including 18 novel variants. Transcriptomic, proteome imputation and fine-mapping analyses reveal genes causal for pubertal timing, including KDM4C, LEPR, CCNC, ACP1, and PCSK1. Linkage disequilibrium score regression and Mendelian randomisation analysis establish causal associations between earlier puberty and both accelerated ageing and the risk of developing cardiovascular disease and osteoporosis. We find that alanine aminotransferase, glycated haemoglobin, high-density lipoprotein cholesterol and Parabacteroides levels are mediators of these relationships, and establish that controlling oily fish and retinol intake may be beneficial for promoting healthy pubertal development.",2025,2025-01-18,research-article; Journal Article,eng,https://europepmc.org/article/MED/39824883,False,3,,True,True,True,True
doi:10.1038/s41598-022-09825-2,doi:10.1038/s41598-022-09825-2,semantic_scholar,semantic_scholar,b0584fc6aca7cd1fb806568d7d2ebdcf51fe9b74,10.1038/s41598-022-09825-2,35413975,9005657,Manifestations of Alzheimer’s disease genetic risk in the blood are evident in a multiomic analysis in healthy adults aged 18 to 90,"Genetics play an important role in late-onset Alzheimer’s Disease (AD) etiology and dozens of genetic variants have been implicated in AD risk through large-scale GWAS meta-analyses. However, the precise mechanistic effects of most of these variants have yet to be determined. Deeply phenotyped cohort data can reveal physiological changes associated with genetic risk for AD across an age spectrum that may provide clues to the biology of the disease. We utilized over 2000 high-quality quantitative measurements obtained from blood of 2831 cognitively normal adult clients of a consumer-based scientific wellness company, each with CLIA-certified whole-genome sequencing data. Measurements included: clinical laboratory blood tests, targeted chip-based proteomics, and metabolomics. We performed a phenome-wide association study utilizing this diverse blood marker data and 25 known AD genetic variants and an AD-specific polygenic risk score (PGRS), adjusting for sex, age, vendor (for clinical labs), and the first four genetic principal components; sex-SNP interactions were also assessed. We observed statistically significant SNP-analyte associations for five genetic variants after correction for multiple testing (for SNPs in or near NYAP1, ABCA7, INPP5D, and APOE), with effects detectable from early adulthood. The ABCA7 SNP and the APOE2 and APOE4 encoding alleles were associated with lipid variability, as seen in previous studies; in addition, six novel proteins were associated with the e2 allele. The most statistically significant finding was between the NYAP1 variant and PILRA and PILRB protein levels, supporting previous functional genomic studies in the identification of a putative causal variant within the PILRA gene. We did not observe associations between the PGRS and any analyte. Sex modified the effects of four genetic variants, with multiple interrelated immune-modulating effects associated with the PICALM variant. In post-hoc analysis, sex-stratified GWAS results from an independent AD case–control meta-analysis supported sex-specific disease effects of the PICALM variant, highlighting the importance of sex as a biological variable. Known AD genetic variation influenced lipid metabolism and immune response systems in a population of non-AD individuals, with associations observed from early adulthood onward. Further research is needed to determine whether and how these effects are implicated in early-stage biological pathways to AD. These analyses aim to complement ongoing work on the functional interpretation of AD-associated genetic variants.",2022,2022-04-12,JournalArticle,,https://www.semanticscholar.org/paper/b0584fc6aca7cd1fb806568d7d2ebdcf51fe9b74,False,0,,True,False,True,False
doi:10.1038/s43587-026-01100-7,doi:10.1038/s43587-026-01100-7,europepmc,europepmc;pubmed;scopus;semantic_scholar,MED:41917188,10.1038/s43587-026-01100-7,41917188,,Multiomic single-cell perturbation screens reveal critical lncRNA regulators of senescence.,"Long noncoding RNAs (lncRNAs) regulate transcriptional and epigenetic programs during aging and senescence. However, no comprehensive studies have systematically integrated multilayered analyses to reveal their diverse regulatory roles. Moreover, lncRNAs with therapeutic potential in age-related diseases remain unexplored. Here we systematically perturbed 32 high-abundance aging- and senescence-associated lncRNAs (PtbAlncs) using a Perturb-seq-based CRISPR-dCas9-KRAB knockdown system coupled with single-nucleus multiomics profiling, enabling simultaneous transcriptomic and chromatin accessibility analysis. This analysis uncovered essential roles for previously uncharacterized lncRNAs in senescence regulation, validated computationally and experimentally. These lncRNAs modulate distinct single-cell RNA-sequencing modules through diverse yet overlapping epigenetic motifs in single-cell ATAC-sequencing modules. Among them, HOTAIRM1, a DNA repair-associated PtbAlnc, stabilizes DNA repair by cooperating with BANF1 and p53 at double-strand break loci within condensates. Its deficiency impairs DNA repair and triggers p53-mediated senescence. In aged mouse lungs, adeno-associated virus-mediated HOTAIRM1 overexpression reduced fibrosis, alleviated tissue damage, and promoted cellular proliferation, underscoring its therapeutic potential.",2026,2026-03-31,Journal Article,eng,https://europepmc.org/article/MED/41917188,False,3,,True,True,True,True
doi:10.1080/10985549.2026.2674080,doi:10.1080/10985549.2026.2674080,pubmed,pubmed;scopus,42253020,10.1080/10985549.2026.2674080,42253020,,Characterization of the m 6 A Epitranscriptome in Fibroblast Senescence.,"A critical developmental process affecting aging and age-associated disease, cell senescence is characterized by persistent growth arrest and adaptive gene expression patterns. A common RNA modification, N6-methyladenosine (m 6 A), regulates gene expression profiles but its impact on senescence has not been studied globally. Here, we elucidated the m 6 A landscape in proliferating and senescent human fibroblasts using epitranscriptomic microarray and m 6 A-crosslinking and immunoprecipitation followed by sequencing (CLIP-Seq) analyses. Our findings revealed that while global m 6 A levels remain stable between proliferating and senescent cells, several transcripts display altered methylation patterns, particularly in senescence-associated pathways like cell cycle, DNA repair, and inflammation. We observed that m 6 A deposition shifted toward 3'-untranslated regions (UTRs) in senescent cells, although the m 6 A site modified (the DRACH motif) was unchanged, and we found a positive correlation between m 6 A levels and transcript abundance. Interestingly, m 6 A was particularly enriched in mRNAs encoding senescence-associated secretory phenotype (SASP) factors, and silencing METTL3, a major m 6 A methyltransferase, reduced the stability of certain SASP mRNAs such as IL6 mRNA, suggesting a selective function of m 6 A in fine-tuning the senescent transcriptome. These findings provide insights into the epitranscriptomic regulation of senescence, and highlight m 6 A as a potential intervention target in age-related conditions influenced by senescent cells.",2026,2026-06-08,Journal Article,eng,https://pubmed.ncbi.nlm.nih.gov/42253020/,False,1,,False,True,True,False
doi:10.1093/bioinformatics/btae656,doi:10.1093/bioinformatics/btae656,pubmed,pubmed,39499149,10.1093/bioinformatics/btae656,39499149,PMC11572488,"BS-clock, advancing epigenetic age prediction with high-resolution DNA methylation bisulfite sequencing data.","DNA methylation patterns provide precise and accurate estimates of biological age due to their robustness and predictable changes associated with aging processes. Although several methylation aging clocks have been developed in recent years, they are primarily designed for DNA methylation array data, which has limited CpG coverage and detection sensitivity compared to bisulfite sequencing data. Here, we present BS-clock, a novel DNA methylation clock for human aging based on bisulfite sequencing data. Using BS-seq data from 529 samples retrieved from four tissues, our BS-clock achieves higher correlations with chronological age in multiple tissue types compared to existing array-based clocks. Our study revealed age-dependent aging rates across different age stages and disease conditions, and overall low cross-tissue prediction capability by applying the model trained on one tissue type to others. In summary, BS-clock overcomes limitations of array-based techniques, offering genome-wide CpG site coverage and more robust and accurate aging quantification. This research paves the way for advanced epigenetic studies of aging and holds promise for developing targeted interventions to promote healthy aging. All analysis codes for reproducing the results of the study are publicly available at https://github.com/hucongcong97/BS-clock.",2024,2024-11-01,Journal Article,eng,https://pubmed.ncbi.nlm.nih.gov/39499149/,False,0,,True,True,True,True
doi:10.1093/eurjpc/zwaf308,doi:10.1093/eurjpc/zwaf308,semantic_scholar,semantic_scholar,898df6733e911b41de7ef3f5a1d911d88a64b11b,10.1093/eurjpc/zwaf308,40472282,,Individual response to lifestyle interventions: a pooled analysis of three long-term weight loss trials.,"AIMS We explored the manifestations of individual weight loss (WL) response to long-term lifestyle interventions on cardiometabolic risk. METHODS AND RESULTS We pooled data from three large long-term lifestyle WL-intervention trials: 24-month DIRECT (ClinicalTrials.gov: NCT00160108; n = 322; 87% adherence), 18-month CENTRAL (ClinicalTrials.gov: NCT01530724; n = 278; 86% adherence), and 18-month DIRECT PLUS (ClinicalTrials.gov: NCT03020186; n = 294; 89% adherence). We analyzed longitudinal changes in cardiometabolic risk markers, including anthropometrics, blood biomarkers, and magnetic-resonance-imaging-assessed fat depots, and measured DNA-methylation, proteomics, and metabolomics. Among trial completers (n = 761, mean age = 50.4 years; 89% men, baseline body-mass-index = 30.1 kg/m2), mean WL was -3.3 kg (-3.5%). We classified participants as Successful-WL (36%) with relative-WL > 5%, WL-Resistant (28%) who did not lose or gained weight, and Moderate-WL (36%) with WL between 0% and 5%. Successful-WL achieved the greatest improvements in multiple health indicators. However, the WL-Resistant also showed some significant improvements, with increased high-density-lipoprotein-cholesterol (HDLc) and decreased leptin and visceral fat (P < 0.05 vs. baseline). Overall, each 1 kg sustained lifestyle-induced WL was associated with improvements in lipid markers and insulin resistance [HDLc (+1.44%), triglycerides (-1.37%), insulin (-2.46%), HOMA-IR (-2.71%), leptin (-2.79%)] and intrahepatic-fat regression (-0.49 absolute-units)] and modest but significant change in systolic and diastolic blood pressures (-0.26% and -0.36%). We identified 12 significant methylation sites that are associated with Successful-WL (FDR < 0.05; AUC = 0.73). CONCLUSION While only ∼one-third of individuals achieved long-term WL, the Moderate-WL and WL-Resistant individuals could benefit improvements in visceral adiposity and cardiometabolic risk by shifting towards a healthy lifestyle pattern, beyond WL. Site-pecific DNA methylation may predict an individual's likelihood of successful WL. REGISTRATION NCT00160108, NCT01530724, NCT03020186.",2025,2025-06-05,JournalArticle,,https://www.semanticscholar.org/paper/898df6733e911b41de7ef3f5a1d911d88a64b11b,False,0,,True,False,True,False
doi:10.1093/humrep/deaf097.1003,doi:10.1093/humrep/deaf097.1003,semantic_scholar,semantic_scholar,8dfb46b38c90a3a22b9eb6e70e97c8cb4a1e23ab,10.1093/humrep/deaf097.1003,,,P-697 Chronic sleep deprivation induces premature ovarian insufficiency through retinol deficiency mediated oxidative phosphorylation damage of follicles,"By what mechanisms does chronic sleep deprivation (CSD) lead to premature ovarian insufficiency (POI)? CSD impaired female mouse fertility and ovarian function by influencing the oxidative phosphorylation process of follicles mediated by retinol. POI is a syndrome characterized by the decline of ovarian function before the age of 40, significantly affecting women’s fertility and overall health. Existing clinical cohort studies suggest that sleep deprivation may impact female fertility and ovarian function, and animal models have demonstrated that chronic sleep deprivation (CSD) could contribute to the onset of POI. However, the specific molecular mechanisms by which CSD induces POI remain unclear. In this study, female B6D2F1 mice were used as the research subjects. A chronic sleep deprivation animal model was established using sleep deprivation devices, and the experimental period lasted for 8 weeks. Subsequently, the reproductive capacity and ovarian function of the mice were observed, then metabolomics and proteomics were conducted to identify changes at the molecular level. The study explored the association between CSD and POI incidence, based on a B6D2F1 mouse model. Custom-made sleep deprivation devices were used to disturb the sleep of mice for 20 hours per day. After 8 weeks’ modeling, fertility of mice was tested by in-vitro fertilization (IVF) and mating with male mice, while ovarian function was detected by serum sex hormone levels and follicle count compared with the normal sleep control group. The experimental results indicated that, compared to the control group, the ovarian volume in the CSD group was significantly reduced, and the number of normal MII oocytes obtained through IVF experiments was markedly decreased. Ovarian sections revealed a significant reduction in the number of follicles at various stages, along with decreased serum levels of AMH and E2, and increased levels of FSH and LH. Further metabolomic analysis showed a significant reduction of retinol in the ovaries of CSD group mice, and intraperitoneal supplementation of retinol improved the POI condition in these mice. Proteomic analysis revealed that the differentially expressed proteins in the ovaries of CSD group mice, compared to the control group, were primarily enriched in oxidative phosphorylation pathways and mitochondrial function. This study suggests that chronic sleep deprivation might induce POI through retinol deficiency, and subsequent oxidative phosphorylation damage of follicles. While there’re limitations that potential causal relationship between retinol level and oxidative phosphorylation pathway change was not confirmed in our study, which needs future research. The findings suggest that chronic sleep deprivation may be a modifiable pathogenic factor for POI, while retinol supplementation may be beneficial No",2025,2025-06-01,JournalArticle,,https://www.semanticscholar.org/paper/8dfb46b38c90a3a22b9eb6e70e97c8cb4a1e23ab,False,0,,True,False,True,False
doi:10.1093/nar/gkag099,doi:10.1093/nar/gkag099,semantic_scholar,europepmc;pubmed;scopus;semantic_scholar,fdc31703cf96e2464976fd5c4a65afcefbc8530f,10.1093/nar/gkag099,41665004,12887539,"Nucleotide salvage, genome instability, and potential therapeutic applications","Abstract Nucleotide salvage is crucial for maintaining DNA replication when de novo nucleotide synthesis is limited, but this metabolic flexibility poses potential threats to genome stability. Salvage kinases phosphorylate nucleosides broadly, allowing for oxidized and alkylated 2′-deoxynucleosides as well as posttranscriptionally modified ribonucleosides to enter the 2′-deoxynucleoside triphosphate (dNTP) pool. The ensuing contamination of the dNTP pool and the subsequent incorporation of modified nucleotides into genomic DNA promote mutagenesis, induce replication stress, elicit double-strand breaks, and disrupt epigenetic signaling. Although only a small subset of modified nucleosides have been assessed for salvage and genomic incorporation, the scope of salvageable substrates is probably much wider, with significant implications in mutational burden, chromatin instability, and epigenetic regulation. This overlooked aspect of genome instability is especially relevant in biological contexts of high salvage activity or elevated nucleoside damage, including chronic inflammation, cancer, aging, and dietary/microbiome exposures. Emerging evidence links salvage metabolism to tumor progression, where incorporation of salvage-derived nucleotides may contribute to unexplainable mutational signatures detected in cancers, such as gastrointestinal cancer. Recognizing salvage as a hidden source of mutagenesis reshapes our understanding of genome instability and provides potential opportunities for disease prevention, diagnosis, and therapeutic intervention.",2026,2026-02-05,Review; JournalArticle,,https://www.semanticscholar.org/paper/fdc31703cf96e2464976fd5c4a65afcefbc8530f,False,3,,True,True,True,True
doi:10.1096/fj.202302344r,doi:10.1096/fj.202302344r,europepmc,europepmc;openalex;pubmed;scopus;semantic_scholar,MED:38597925,10.1096/fj.202302344r,38597925,,Alteration of the intestinal microbiota and serum metabolites in a mouse model of Pon1 gene ablation.,"Mutations in the Paraoxonase 1 (Pon1) gene underlie aging, cardiovascular disease, and impairments of the nervous and gastrointestinal systems and are linked to the intestinal microbiome. The potential role of Pon1 in modulating the intestinal microbiota and serum metabolites is poorly understood. The present study demonstrated that mice with genomic excision of Pon1 by a multiplexed guide RNA CRISPR/Cas9 approach exhibited disrupted gut microbiota, such as significantly depressed alpha-diversity and distinctly separated beta diversity, accompanied by varied profiles of circulating metabolites. Furthermore, genomic knock in of Pon1 exerted a distinct effect on the intestinal microbiome and serum metabolome, including dramatically enriched Aerococcus, linoleic acid and depleted Bacillus, indolelactic acid. Specifically, a strong correlation was established between bacterial alterations and metabolites in Pon1 knockout mice. In addition, we identified metabolites related to gut bacteria in response to Pon1 knock in. Thus, the deletion of Pon1 affects the gut microbiome and functionally modifies serum metabolism, which can lead to dysbiosis, metabolic dysfunction, and infection risk. Together, these findings put forth a role for Pon1 in microbial alterations that contribute to metabolism variations. The function of Pon1 in diseases might at least partially depend on the microbiome.",2024,2024-04-01,Journal Article,eng,https://europepmc.org/article/MED/38597925,False,4,,True,True,True,True
doi:10.1098/rstb.2023.0054,doi:10.1098/rstb.2023.0054,pubmed,pubmed,38432318,10.1098/rstb.2023.0054,38432318,PMC10909509,"On epigenetic stochasticity, entropy and cancer risk.","Epigenetic changes are known to accrue in normal cells as a result of ageing and cumulative exposure to cancer risk factors. Increasing evidence points towards age-related epigenetic changes being acquired in a quasi-stochastic manner, and that they may play a causal role in cancer development. Here, I describe the quasi-stochastic nature of DNA methylation (DNAm) changes in ageing cells as well as in normal cells at risk of neoplastic transformation, discussing the implications of this stochasticity for developing cancer risk prediction strategies, and in particular, how it may require a conceptual paradigm shift in how we select cancer risk markers. I also describe the mounting evidence that a significant proportion of DNAm changes in ageing and cancer development are related to cell proliferation, reflecting tissue-turnover and the opportunity this offers for predicting cancer risk via the development of epigenetic mitotic-like clocks. Finally, I describe how age-associated DNAm changes may be causally implicated in cancer development via an irreversible suppression of tissue-specific transcription factors that increases epigenetic and transcriptomic entropy, promoting a more plastic yet aberrant cancer stem-cell state. This article is part of a discussion meeting issue 'Causes and consequences of stochastic processes in development and disease'.",2024,2024-03-04,Journal Article; Review,eng,https://pubmed.ncbi.nlm.nih.gov/38432318/,False,0,,True,True,True,True
doi:10.1101/2023.02.06.527346,doi:10.1101/2023.02.06.527346,europepmc,europepmc,PPR:PPR612823,10.1101/2023.02.06.527346,,,Spontaneous onset of cellular markers of inflammation and genome instability during aging in the immune niche of the naturally short-lived turquoise killifish ( Nothobranchius furzeri ),"Turquoise killifish ( Nothobranchius furzeri ) are naturally short-lived vertebrates, recapitulating several aspects of human aging, including protein aggregation, telomere shortening, cellular senescence, and declined antibody diversity. The mechanistic causes of systemic aging in killifish are still poorly understood. Here we ask whether killifish undergo significant age-dependent changes in the main hematopoietic organ, which together could contribute to systemic aging. To characterize immune aging in killifish, we employed single-cell RNA sequencing, proteomics, cytometry and a functional in vitro assay. Our data indicate how old killifish display increased inflammatory markers, and while immune cells from adult killifish display increased markers of proliferation and replication-independent DNA repair in progenitor-like cell clusters, progenitors from old killifish display extensive markers of DNA double-strand breaks. In less than 10 weeks, killifish undergo several dramatic spontaneous aging-related changes in the immune niche, which could be functionally linked with its extensive systemic aging and serve as targets for anti-aging interventions.",2023,2023-02-06,Preprint,,https://europepmc.org/article/PPR/PPR612823,True,0,,True,True,True,True
doi:10.1101/2024.12.12.628232,doi:10.1101/2024.12.12.628232,openalex,openalex,https://openalex.org/W4405674115,10.1101/2024.12.12.628232,,,MCM2 mediates post-MI cardioprotection by promoting the pro-angiogenic cardiosome signaling,"Abstract Background In the past decade, induced cardiac rejuvenation has emerged as a leading approach to repair cardiac injury. Recent studies demonstrate that promoting cell cycle reentry in adult cardiomyocytes (CM) enhances cardiac rejuvenation by influencing paracrine signaling. We previously demonstrated that the inhibition of two cell cycle inhibitors, Retinoblastoma 1 (Rb1) and Meis homeobox 2 (Meis2), in the adult CM enhances angiogenesis and cardiac function following ischemic injury, but the underlying mechanisms have yet to be elucidated. The goal of this study is to determine the mechanisms by which inhibition of Rb1 and Meis2 promotes cardiac rejuvenation in a mouse model of myocardial infarction. Methods Myocardial infarction was induced in adult C57/Bl6 mice via permanent LAD occlusion followed by direct injection of either control or Rb1 + Meis2 siRNA cocktail to the ischemic myocardium. MCM2 overexpression done via direct myocardial injection of an MCM2- plasmid DNA expression cassette. Cardiac function and LV wall motion was assessed via echocardiography, and fibrosis and CM hypertrophy were assessed via histology. RNA-sequencing was performed on isolated adult murine CMs with siRNA-mediated Rb1 + Meis2 knockdown to delineate the downstream mechanisms. Further identification of Rb1, Meis2, and MCM2 -dependent mechanisms were done using in vitro techniques in isolated CMs and HUVEC cells. Results We show that siRNA-mediated knockdown of Rb1 and Meis2 in vivo reduces pathological LV remodeling and preserves cardiac structure and function in adult mouse hearts post-MI. RNA-seq analyses revealed MCM2 as a potential downstream target of Rb1/Meis2 to enhance protective paracrine signaling in primary adult CMs. Indeed, re-expression of MCM2, which is developmentally lost from neonatal to adult CM in the heart, improves cardiac function and LV wall motion while reducing myocyte hypertrophy and fibrotic scar size post-MI. Mechanistically, re-expression of MCM2 promotes the secretion of pro- angiogenic factors from adult CM, and transfer of conditioned media from MCM2 expressing CM induced vasculogenesis in HUVEC cells. Proteomic analysis of the MCM2 interactome confirmed a significant enrichment of angiogenic mediators and suggests an MCM2 -dependent protein packaging of pro- angiogenic factors in CM-derived small extracellular vesicles (cardiosomes). Conclusion Re-expression of MCM2 in adult CM promotes the secretion of pro-angiogenic cardiosomes that induce paracrine revascularization of endothelial cells and mitigates cardiac injury post-MI. SUMMARY DIAGRAM",2024,2024-12-17,preprint,en,https://openalex.org/W4405674115,True,0,transcriptomics_plus_downstream,True,True,True,True
doi:10.1101/2025.11.25.690417,doi:10.1101/2025.11.25.690417,semantic_scholar,semantic_scholar,02378cdb93e13dbe5af3b915458c6b48663712db,10.1101/2025.11.25.690417,,,Multi-omics integrative approach of senescent endothelial cells and derived extracellular vesicles in a replicative senescence model,"Aging is a major unmodifiable risk factor for cardiovascular disease (CVD). Replicative endothelial senescence (RES), characterized by permanent cell-cycle arrest and a senescence-associated secretory phenotype (SASP), is a hallmark of vascular aging. However, the molecular mechanisms underlying RES, particularly the role of extracellular vesicles (EVs), remain poorly understood. To this aim, an integrated multi-omics approach (proteomics, mRNA, and miRNA profiling) was applied to characterize senescent and early-passage human umbilical vein endothelial cells (HUVECs) and their secreted EVs. Senescent HUVECs and EVs displayed a canonical senescence profile, including cell-cycle arrest, DDR activation, NF-κB signaling, and SASP induction, alongside marked suppression of RNA metabolism, ribosome biogenesis, and DNA repair. Multi-omics integration has linked endothelial senescence to vascular aging, maladaptive angiogenesis, and ECM remodeling, which are key processes in CVD development. Moreover, senescent EVs propagate senescence by exporting fewer reparative and antioxidant factors while carrying pro-fibrotic, adipogenic, and angiogenic mediators. Multi-omics profiling revealed consistent transcript–protein changes in senescent cells and EVs, defining a robust molecular signature of RES, including endothelial cell-specific markers and post-transcriptional regulators (lncRNAs and miRNAs). Among these, miR-22-3p and miR-126-5p emerged as key modulators in both cells and EVs, with miR-22-3p demonstrating compartment-specific regulation. Integration further uncovered a coordinated regulatory network involving miRNAs (miR-23, miR-335-3p, miR-29 family, miR-590-3p, and miR-126-5p) that were inversely correlated with transcription factors (e.g., REST, KLFs, and ZNFs) and downstream targets, collectively driving endothelial senescence through impaired PI3K–Akt signaling. Although further validation is needed, these findings provide new insights into the molecular mechanisms of RES and open perspectives for modulating secondary senescence and age-related vascular diseases.",2025,2025-11-28,,,https://www.semanticscholar.org/paper/02378cdb93e13dbe5af3b915458c6b48663712db,False,0,,True,True,False,False
doi:10.1111/acel.70103,doi:10.1111/acel.70103,pubmed,pubmed;scopus;semantic_scholar,40424097,10.1111/acel.70103,40424097,PMC12341816,Multi-Omics Analysis Reveals Biomarkers That Contribute to Biological Age Rejuvenation in Response to Single-Blinded Randomized Placebo-Controlled Therapeutic Plasma Exchange.,"We conducted a randomized, placebo-controlled trial to assess the safety and biological age (BA) effects of various therapeutic plasma exchange (TPE) regimens in healthy adults over 50. Participants received bi-weekly TPE with or without intravenous immunoglobulin (IVIG), monthly TPE, or placebo. Randomization was based on entry date, and treatments were blinded to maintain objectivity. Primary objectives were to assess long-term TPE safety and changes in biological clocks. Secondary goals included identifying optimal regimens. Exploratory analyses profiled baseline clinical features and longitudinal changes across the epigenome, proteome, metabolome, glycome, immune cytokines, iAge, and immune cell composition. We demonstrate in 42 individuals randomized to various treatment arms or placebo that long-term TPE was found to be safe, with only two adverse events requiring discontinuation and one related to IVIG. TPE significantly improved biological age markers, with 15 epigenetic clocks showing rejuvenation compared to placebo (FDR < 0.05). Biweekly TPE combined with intravenous immunoglobulin (TPE-IVIG) proved most effective, inducing coordinated cellular and molecular responses, reversing age-related immune decline, and modulating proteins linked to chronic inflammation. Integrative analysis identified baseline biomarkers predictive of positive outcomes, suggesting TPE-IVIG is particularly beneficial for individuals with poorer initial health status. This is the first multi-omics study to examine various TPE modalities to slow epigenetic biologic clocks, which demonstrate biological age rejuvenation and the molecular features associated with this rejuvenation. Trial Registration: Registered trial NCT06534450 on clinicaltrials.gov under the purview of the Diagnostic Investigational Review Board.",2025,2025-05-27,Journal Article; Randomized Controlled Trial,eng,https://pubmed.ncbi.nlm.nih.gov/40424097/,False,2,,True,True,False,False
doi:10.1111/jcmm.70312,doi:10.1111/jcmm.70312,semantic_scholar,semantic_scholar,fc156ace3ffbf999a3df250add4fa42ab1fcddcb,10.1111/jcmm.70312,39720923,11669186,A Systematic Review of the Molecular Mechanisms Involved in the Association Between PCOS and Endometrial and Ovarian Cancers,"Polycystic ovary syndrome (PCOS), a major cause of female infertility, affects 4%–20% of reproductive‐age women. Metabolic and hormonal alterations are key features of PCOS, potentially raising the risk of endometrial (EC) and ovarian (OVCA) cancers. This systematic review aims to summarise the proposed molecular mechanisms involved in the association between PCOS and EC or OVCA. This is achieved by conducting a thorough literature review and utilising specific search terms to identify all relevant studies published in English from 2010 to December 2022. PRISMA was followed, and the protocol was registered on PROSPERO (CRD42022375461). The QUADAS‐2 tool and Review Manager Software were employed to evaluate study quality and risk of bias respectively. Forty‐five eligible studies were selected with molecular signatures based on genomic, transcriptomic, metabolomic, proteomic and epigenetic analyses. Genes and their products deregulated in EC and/or OVCA were identified, including BRCA1, MLH1, NQO1 and ESR1, which were also deregulated in PCOS. Serum levels of IGF1, IGFBP1, SREBP1 and visfatin in women with PCOS were also identified as potential biomarkers of enhanced EC risk. Salusin‐β serum levels in individuals with PCOS were identified as a potential biomarker for increased risk of OVCA. Gene signature–based drug repositioning identified several drug candidates: metformin, fenofibrate, fatostatin, melatonin, resveratrol and quercetin, some already established and prescribed for PCOS. In conclusion, this study provides a strong basis for further research to confirm the identified molecular signatures and associated causal links for potential therapeutic prevention strategies for EC and OVCA in women with PCOS.",2024,2024-12-01,Review; JournalArticle,,https://www.semanticscholar.org/paper/fc156ace3ffbf999a3df250add4fa42ab1fcddcb,False,0,,True,False,True,False
doi:10.1128/msystems.01698-25,doi:10.1128/msystems.01698-25,semantic_scholar,europepmc;openalex;pubmed;scopus;semantic_scholar,d2be1ece57e14f4d538022591f9236f65ad05f1e,10.1128/msystems.01698-25,42095668,13289084,Microbial genetic screen identifies bacterial genes that compromise Caenorhabditis elegans reproductive fitness,"ABSTRACT The mechanisms by which microbial genetic variation governs host reproductive fitness remain to be determined. Defining the causal relationship between specific microbial genes and host reproduction not only facilitates understanding of the microbe–host interaction mechanism but also provides new insights for reproductive health interventions. However, the complexity of the gut microbial community poses a challenge, and related research has been constrained by a lack of systematic approaches. In the present study, we utilized the Escherichia coli Keio collection that comprises 3,467 strains to screen for three mutant strains ΔcrcB, ΔpurE, and ΔyojI that markedly inhibit the reproductive fitness of Caenorhabditis elegans. These mutants reduce offspring number and prolong the time to first reproduction, specifically inhibiting spermatogenesis, while exerting no impact on locomotor function or lifespan. Multi-omics analyses revealed that these gene deletions trigger bacterial metabolic remodeling, characterized by the accumulation of cytidine diphosphate-diacylglycerol (CDP-DG) and disturbances in nucleotide and glycerophospholipid metabolism. These changes further regulate oxidative phosphorylation (with gene upregulation) and cell cycle pathways (with gene downregulation) in the host nematode, thereby inducing a “high metabolism, low proliferation” state and ultimately reducing reproductive fitness. This study delineates the one-to-one correspondence between gene deletions in Escherichia coli and alterations in nematode reproduction at the single-gene level, providing a novel framework for dissecting the molecular basis of host reproductive disorders from a microbial genetics perspective. IMPORTANCE This study identifies a direct causal link between a specific bacterial gene and host reproductive fitness. Systematic screening of Escherichia coli mutants showed that deleting one gene severely impairs Caenorhabditis elegans reproduction. Using a controllable model, we achieved precise microbe gene–host reproductive phenotype mapping, revealing the mechanism: bacterial gene deficiency induces host “high metabolism, low proliferation” to reduce fertility. It offers a new genetic perspective for understanding microbe-mediated reproductive disorders and a framework for dissecting single-gene microbe–host interactions and developing targeted interventions. This study identifies a direct causal link between a specific bacterial gene and host reproductive fitness. Systematic screening of Escherichia coli mutants showed that deleting one gene severely impairs Caenorhabditis elegans reproduction. Using a controllable model, we achieved precise microbe gene–host reproductive phenotype mapping, revealing the mechanism: bacterial gene deficiency induces host “high metabolism, low proliferation” to reduce fertility. It offers a new genetic perspective for understanding microbe-mediated reproductive disorders and a framework for dissecting single-gene microbe–host interactions and developing targeted interventions.",2026,2026-05-07,JournalArticle,,https://www.semanticscholar.org/paper/d2be1ece57e14f4d538022591f9236f65ad05f1e,False,4,,True,True,True,True
doi:10.1158/1535-7163.mct-17-1244,doi:10.1158/1535-7163.mct-17-1244,openalex,openalex,https://openalex.org/W2794389115,10.1158/1535-7163.mct-17-1244,,,Refining Radiation for the Next Century,"Wilhelm Röentgen's report more than a century ago describing X-ray imaging fostered in the application of ionizing radiation (IR) for cancer therapy. Today, about half of all the patients with cancer are treated with radiotherapy and it remains one of our most effective treatment modalities, much to the surprise of many of my Cancer Biology friends. The use of altered fractionation schedules and image-guided radiotherapy has significantly improved patient outcomes. The concomitant administration of radiation with chemotherapy or targeted agents has been shown to sensitize malignant cells or in some cases protect nonmalignant cells. We now know that the stress and damage caused by IR to nonmalignant and malignant cells evokes adaptive changes that can also be targeted for treatment strategies. Nonetheless, many patients with cancer fail to benefit from these advances in IR treatment protocols and, therefore, efforts to refine further the potential of radiotherapy continue.Induction of DNA double-strand breaks (DSB) is one of the fundamental mechanisms by which IR kills tumor cells. Cells, however, have evolved elaborate lesion recognition, signal transmission, cell-cycle synchronization, and damage restoration networks that reduce the potential lethal effects of IR and other stresses. In eukaryotic cells, there are two major mechanisms of DSB repair: homologous recombination and nonhomologous end joining (NHEJ). NHEJ operates throughout the cell cycle, works in a template-independent manner, and repairs as much as 85% of IR-induced DSBs in the mammalian cells.Our emerging understanding of the prosurvival pathways that malignant cells maintain and the mechanisms by which nonmalignant and malignant cells respond to IR damage have stimulated thoughtful searches for new molecular therapeutic strategies that would enhance IR. In this issue of Molecular Cancer Therapeutics, there are nine illustrations of how our emerging knowledgebase is being exploited to advance the use of IR for the treatment of glioblastoma, non–small cell lung cancer, head and neck squamous cell carcinoma, melanoma, and prostate cancer. Collectively, these articles highlight the frontiers of modern molecular cancer radiotherapy and are likely to help ensure that IR remains a central pillar for cancer therapy in this century.Several articles in this issue focus on enhancing the efficacy of IR toward glioblastoma, which remains a poorly responsive lethal disease. The TCGA database reveals that >80% of all glioblastoma have genetic alterations in the PI3K and p53 pathways, which are heavily involved in genotoxic stress and cell fate decisions. Alterations in the PI3K pathway cause the constitutive activation of AKT, which is both progrowth and prosurvival. Conversely, p53 activity is suppressed in most glioblastomas, predominantly from inactivating mutations or increased activity of the E3 ubiquitin-protein ligase MDM2. Suppression of p53 activity alters DNA damage repair, apoptosis, and genetic stability. Palanichamy and colleagues (1) used a phosphatidylinositol ether lipid analogue (PIA), which blocks AKT activity by binding to the PIP3 site, to define the role of AKT and p53 in glioblastoma. They observed the p53-mt, but not the p53 wild-type glioblastoma cell lines, were sensitized to IR when pretreated with PIA two hours prior to radiation exposure in culture. The radiation sensitization corresponded with an increase in DNA damage and a decrease in the levels of DNA-dependent protein kinase catalytic subunits (DNA-PKcs), which are involved in the fast component of the radiation-induced DNA DSB repair pathway involving NHEJ. Radiation sensitization was not observed in normal human astrocytes. The authors concluded that the increased DNA damage in glioblastoma cell lines with functionally mutant or null p53 results from the downregulation of DNA-PKcs and propose inhibition of AKT might be a therapeutic strategy for TP53-mutant glioblastomas (1). It should be noted, however, that the glioblastoma cells used in the study had hundreds of mutations in TP53, which raises the question of whether the type of p53 mutation matters for the synthetic lethality. It is also unclear how selective an AKT inhibitor needs to be, as the allosteric AKT inhibitor MK2206 produced sensitization to IR in glioblastoma cells that was independent of the p53 status. IR sensitization of glioblastoma was also observed with an inhibitor of the MAPK pathway, MEK162 or binimetinib, which downregulated and dephosphorylated the cell-cycle checkpoint proteins CDK1/CDK2/WEE1 and DNA damage response proteins phosphorylated ATM or CHK2 (2). When combined with IR, the MEK1/2 inhibitor binimetinib prolonged DNA damage and increased apoptosis probably by abrogating the G2–M checkpoint. When binimetinib was combined with IR treatment in an orthotopic glioblastoma model, synergistic tumor growth reduction was seen with the combination treatment and a significantly longer median survival time compared with vehicle control.The PI3K and AKT pathways are also activated by the tyrosine kinase receptors MET, AXL, and FGFR. All three receptors have been associated with mechanisms of resistance to conventional and targeted therapies. S49076 is an oral ATP-competitive inhibitor of MET, AXL, and FGFR1–3 receptors that is currently in phase I/II clinical trials. As with many tyrosine kinase inhibitors, other molecular targets can emerge with more detailed studies and the examination of higher drug concentrations. Clémenson and colleagues (3) found that S49076 at low concentrations, as predicted, caused MET-dependent cytotoxicity through MET inhibition but at higher (but still clinically relevant) concentrations inhibited the growth of MET-independent cells by targeting Aurora B. S49076 improved the antitumor efficacy of IR in both MET-dependent and MET-independent cell lines in vitro and in subcutaneous and orthotopic tumor models in vivo. Thus, future studies may wish to evaluate S49076 with IR in clinical trials without patient selection based on the tumor MET dependency status.Radiotherapy, like others forms of stress, is known to activate prosurvival pathways, such as AKT and mTORC, which limit the efficacy of systemic treatments including cytotoxic and targeted therapies. Eke and colleagues (4) explored this adaptive response and found IR increased the AKT and mTOR phosphorylation and the constellation of protein with which they interact in 3D prostate cancer models and tumor xenografts. They documented that pharmacologic inhibitors of AKT (GDC-0068) and mTOR signaling (INK128) were more effective against prostate cancer cells when given after multifractionated IR treatment compared with before IR. These studies are an important proof-of-principle because they highlight the dynamic nature of the survival pathways in tumors after IR exposure. Simply looking at the genomic composition of the tumor prior to treatment without taking into account that the efficiency of targeted drugs can also be modulated by stress-induced protein modifications may be misleading. It may be possible to use IR to prime tumors for enhanced drug-induced killing. It remains unanswered, however, whether this concept will be useful in vivo for disseminated tumors or just for local prostate cancer.Protein proteolysis occurs via the 26S proteasome using E3 ligases and substrate recognition subunits, which confer specificity for the targeted polyubiquitylated substrates. Cullin RING E3 ubiquitin Ligase 4 (CRL4) with the substrate recognition subunit CDT2 is a master regulator of genome stability and the cell cycle, primarily through the targeted proteolysis of the replication licensing protein CDT1, the CDK inhibitor p21, and the histone methyltransferase SET8 during S-phase of the cell cycle. CDT2 is activated, and its substrates are degraded, following IR-induced DNA damage and this is important for DNA repair and IR-induced early G2–M checkpoint. CDT2-mediated ubiquitylation of CDT1, SET8 and p21 in S-phase of unperturbed cells prevents reinitiation of DNA replication, a phenomenon termed DNA rereplication. Rereplication is deleterious to cells and, in some cases, induces cellular senescence or apoptosis due to the accumulation of toxic replication intermediates and replication fork stalling. Previous studies found that the neddylation inhibitor pevonedistat or MLN4924 inhibits cancer cell lines and tumors and is associated with significant induction of DNA rereplication. Vanderdys and colleagues (5) demonstrated that induction of rereplication genetically or pharmacologically induced robust IR sensitization in head and neck squamous cell carcinoma cells and tumors. Specifically, they found treating mice with penvonedistat 2 hours prior to IR caused significantly greater suppression of the growth of head and neck squamous cell carcinoma xenografts compared with either modality alone. They suggest that pevonedistat may be a possible adjuvant for IR-based treatments.Groselj and colleagues (6) employed an innovative in vivo technique to evaluate the IR sensitization by the pan-histone deacetylase inhibitor panobinostat using subcutaneous xenografts in athymic nude mice. Panobinostat did not add to the acute intestinal toxicity caused by 10–14 Gy IR nor did it increase the delayed IR intestinal and bladder toxicity. The combination of panobinostat with IR was superior to IR alone in reducing bladder cancer xenograft growth but overall survival was not measured. IR sensitization by panobinostat was associated with class I histone deacetylase inhibition and protein downregulation of HDAC2 and MRE11.It has been known for decades that tumor cells are highly sensitive to arginine deficiency. A proof-of-principle in vitro arginine deprivation therapy study was performed using recombinant human arginase or arginine-free diets. Significant IR sensitization was detected and it was more pronounced in 2D and 3D glioblastoma cell models with cells lacking functional p53 compared with their p53-wild-type counterparts (7). Further work will be needed to define the underlying mechanism responsible for this sensitization and whether or not it can be seen in preclinical mouse models.The popularity of synthetic lethal strategies has stimulated several groups to seek new IR sensitizers using high-throughput screening methods focused on DNA repair. In some cases, investigators have explored drug repurposing as a faster, more efficient, and economical route for new IR sensitizers. One example is the lipophilic statin, pitavastatin, which was identified as a potent inhibitor of DSB repair in breast and melanoma models both in vitro and in vivo (8). When combined with IR, pitavastatin increased persistent DSBs, induced senescence, and enhanced acute effects of IR on IR-resistant melanoma tumors. shRNA knockdown studies implicated inhibition of protein prenylation rather than cholesterol biosynthesis for the sensitization. The authors conclude that we should consider repurposing pitavastatin or other lipophilic statins as possible IR sensitizers.Another innovative screening approach looked for NHEJ inhibitors by using the clustered regularly interspaced short palindromic repeats (CRISPR)/CRISPR-associated protein 9 (Cas9) system and high-resolution melting analysis (9). The assay relied on the error-prone nature of the NHEJ-mediated ligation of the site-specific DSB induced by Cas9 nuclease to cause the mutation of the targeted sequence as detected by high-resolution melting analysis. Armed with this assay, the authors probed a 1,540-compound drug library and identified the cardiac glycoside ouabain and the first-generation antipsychotic penfluridol inhibited NHEJ activity and sensitized HeLa cells to IR. Ouabin and penfluridol have a number of other pharmacologic effects and have not been evaluated with IR in vivo so further screening and optimization are likely to be required. Nonetheless, this is an interesting cell-based screening platform for NHEJ inhibitors, which could assist in the discovery of novel sensitizers of IR.Both the bone marrow and the gastrointestinal tract are highly sensitivity to IR toxicity. Morita and colleagues (10) found that 5-chloro-8-quinolinol (5CHQ), albeit at high concentrations, shifted p53 transactivation activity from proapoptotic to antiapoptotic by enhancing p21 induction and suppressing PUMA induction. This p53-modulating effect seemed to be attributable to the sequence-specific alteration of p53 DNA-binding, as evaluated by chromatin immunoprecipitation and electrophoretic mobility shift assays. The authors found 5CHQ protected the hematopoietic and gastrointestinal system in mouse irradiation models with dose reduction factors in total body and abdominally irradiated mice of about 1.2 and 1.3, respectively. 5CHQ effectively protected mouse epithelial stem cells from a lethal dose of abdominal irradiation. These results provide initial evidence that the pharmacologic upregulation of IR-protective p53-target genes as a potential strategy for addressing the gastrointestinal syndrome.Radiotherapy continues to evolve. The articles in this issue demonstrate the multidisciplinary muscle that is required for therapeutic advancement and the value of combining the unique skills found in the field of Radiation Biology, namely quantitative analytics of DNA damage and repair, biophysics, and replication death measurements, with those of other fields, such as signal transduction, bioinformatics, gene expression, genomics, proteomics and pharmacology. There is fertile soil for the growth of new IR strategies for cancer treatments even after a century of the discovery of X-rays.See all articles in this MCT Focus section, “Developmental Therapeutics in Radiation Oncology.”The author is grateful for continuous support from the NIH, the Department of Defense, the Fiske Drug Discovery Fund, and the Owen Family Foundation.",2018,2018-02-01,article,en,https://openalex.org/W2794389115,False,0,epigenomics_plus_downstream;genomics_plus_other,True,True,True,True
doi:10.1159/000338588,doi:10.1159/000338588,europepmc,europepmc;pubmed;scopus;semantic_scholar,MED:22710288,10.1159/000338588,22710288,PMC3766364,Recent advances in the study of age-related hearing loss: a mini-review.,"Hearing loss is a common age-associated affliction that can result from the loss of hair cells and spiral ganglion neurons (SGNs) in the cochlea. Although hair cells and SGNs are typically lost in the same cochlea, recent analysis suggests that they can occur independently, via unique mechanisms. Research has identified both environmental and genetic factors that contribute to degeneration of cochlear cells. Additionally, molecular analysis has identified multiple cell-signaling mechanisms that likely contribute to pathological changes that result in hearing deficiencies. These analyses should serve as useful primers for future work, including genomic and proteomic analysis, to elucidate the mechanisms driving cell loss in the aging cochlea. Significant progress in this field has occurred in the past decade. As our understanding of aging-induced cochlear changes continues to improve, our ability to offer medical intervention will surely benefit the growing elderly population.",2012,2012-06-15,"Research Support, Non-U.S. Gov't; research-article; Review; Journal Article",eng,https://europepmc.org/article/MED/22710288,False,3,,True,True,True,True
doi:10.1167/iovs.67.2.21,doi:10.1167/iovs.67.2.21,openalex,europepmc;openalex;pubmed;scopus;semantic_scholar,https://openalex.org/W7127957360,10.1167/iovs.67.2.21,,,"Integrative Proteogenomic Analysis Identifies Genetically Supported Plasma Proteins, Metabolites, and Pathways in Glaucoma","Purpose: Glaucoma is a leading cause of irreversible blindness, yet the circulating proteins and metabolic pathways that causally contribute to different glaucoma subtypes remain poorly defined. Methods: We analyzed baseline plasma proteomics in 1485 glaucoma cases (447 primary open‑angle glaucoma [POAG], 177 primary angle-closure glaucoma [PACG], 120 normal-tension glaucoma [NTG]) in the UK Biobank using Cox models with graded adjustment. We then integrated five independent protein quantitative trait loci resources with FINLAND R12 genome-wide association study data to perform two‑sample Mendelian randomization (MR) and cross‑cohort meta‑analysis for overall glaucoma and each subtype. To prioritize effector genes and pathways, we conducted summary-data-based Mendelian randomization (SMR) using eQTLGen and two‑step mediation MR using metabolite quantitative trait loci data for ∼1400 plasma metabolites from the Canadian Longitudinal Study on Aging cohort. Results: In fully adjusted Cox models, 484 proteins were associated with incident glaucoma, 135 with NTG, 59 with POAG, and 1 with PACG (false discovery rate <0.05). Multicohort MR and meta‑analysis identified eight proteins with robust causal effects: NRP2, TSPAN1, and HAVCR2 for overall glaucoma; NRXN3 for PACG; MANSC4 for NTG; and LTBP2, CD69, and SMAD1 for POAG. SMR supported NRP2 (overall glaucoma) and SMAD1 (POAG) as causal genes. Mediation MR revealed that sphingomyelins, acylcarnitines, and bile acid-related metabolites partially mediated the effects of several proteins, defining shared (e.g., sphingolipid) and subtype‑specific metabolic pathways. Conclusions: By integrating epidemiologic, proteomic, genetic, and metabolomic data, we identify convergent systemic protein and metabolic signatures associated with glaucoma susceptibility and its clinical subtypes. These findings nominate NRP2, SMAD1, and related pathways as promising biomarkers and therapeutic targets and support a systems‑level view of glaucoma pathogenesis beyond intraocular pressure alone.",2026,2026-02-06,article,en,https://openalex.org/W7127957360,False,4,genomics_plus_other;proteomics_plus_downstream,True,True,True,True
doi:10.1182/blood-2023-187580,doi:10.1182/blood-2023-187580,semantic_scholar,semantic_scholar,ed00a477b18f307b5e784f9fb5dc448a320402e6,10.1182/blood-2023-187580,,,Targeting Nucleotide Biosynthesis Ameliorates Neutropenia in a Zebrafish Model of Dnajc21-Mutant Shwachman-Diamond Syndrome,"Germline mutations in the ribosome maturation factors, SBDS, DNAJC21 and EFL1, lead to Shwachman-Diamond syndrome (SDS), a type of inherited bone marrow failure syndrome characterized by neutropenia, exocrine pancreatic insufficiency and growth restriction. Further, SDS patients have a 36% increased cumulative risk of developing myelodysplastic syndrome (MDS) and/or acute myeloid leukemia (AML) by 30 years of age. Given the rarity of SDS, large numbers of primary human samples are not readily available for mechanistic studies, warranting the use of animal models. Mouse and zebrafish models of SBDS mutations exhibit early lethality. In contrast, no in vivo models of DNAJC21 mutations have been published to date. We generated the first in vivo model of dnajc21 loss using zebrafish ( Danio rerio), given their highly conserved hematopoietic program and ease of genetic manipulation. Introduction of a homozygous deletion mutation in the zebrafish dnajc21 gene using CRISPR-Cas9 genomic editing resulted in stunted body growth and neutropenia, recapitulating hallmark SDS patient phenotypes. Whole-mount in situ hybridization for key hematopoietic lineage markers revealed reduced l-plastin +mature leukocytes and hbbe3 + mature erythrocytes in dnajc21 mutant embryos at 48 hours post-fertilization (hpf). A concomitant accumulation of myb + hematopoietic stem and progenitor cells (HSPCs) both in the dorsal aorta (equivalent to aorta-gonad-mesonephros) and the caudal hematopoietic tissue (fetal liver equivalent) was observed. Treatment of embryos with zebrafish granulocyte colony stimulating factor (gcsf) mRNA resulted in a modest expansion of neutrophils in dnajc21 mutant zebrafish compared to wildtype. Further, we observed reduced cell proliferation marked by phosphohistone-H3 (pH3) as well as low ATP:AMP levels measured by liquid chromatography/mass-spectrometry (LC/MS) in the dnajc21 mutants, suggesting a poor bioenergetic profile. At 4 months of age, flow cytometry and histopathological analysis identified reduced mature myelomonocytes and mild erythroid dysplasia in the whole kidney marrow (human bone marrow equivalent) of mutant fish. The link between TP53 somatic mutations and MDS/AML has been established in SBDS-mutant SDS, but has not been explored for DNAJC21-mutant SDS. We hence crossed our dnajc21 mutant zebrafish with a zebrafish line carrying a gain-of-function mutation (R217H) in the tp53 gene. Compound mutant fish had improved neutrophil counts but importantly, this was accompanied by an expansion of myeloid progenitors and significant erythroid dysplasia. To understand the disease mechanisms underlying the neutropenia and hypoproliferation in SDS, we performed bulk RNA sequencing of whole zebrafish larvae at 48 hpf. Biological processes such as oxidative stress response, drug catabolism and pre-mRNA spliceosome assembly were downregulated; whereas, acyl-CoA and nucleotide metabolism were upregulated in the mutants. In parallel, we performed untargeted metabolomics by LC/MS to determine the metabolic changes induced by dnajc21 loss. Upregulated pathways included urea cycle, amino acid and phenylacetate metabolism. Pyrimidine biosynthesis, including both the de novo and salvage pathways were downregulated in the mutants. Remarkably, exogenous supplementation with uridine or thymidine significantly improved neutrophil counts in the mutants. Our findings suggest that in dnajc21-mutant SDS1) neutropenia is caused by a combination of impaired granulocyte differentiation and cell proliferation; 2) the kidney marrow features myelodysplasia-like changes and 3) nucleotide biosynthesis may be a previously unrecognized therapeutic strategy in SDS.",2023,2023-11-28,JournalArticle,,https://www.semanticscholar.org/paper/ed00a477b18f307b5e784f9fb5dc448a320402e6,False,0,,True,False,False,False
doi:10.1186/gm500,doi:10.1186/gm500,semantic_scholar,semantic_scholar,7f1a10200d4c353f579c8e8ce51a014c1248e38a,10.1186/gm500,24134860,3978871,Analysis of epigenetic changes in survivors of preterm birth reveals the effect of gestational age and evidence for a long term legacy,"Preterm birth confers a high risk of adverse long term health outcomes for survivors, yet the underlying molecular mechanisms are unclear. We hypothesized that effects of preterm birth can be mediated through measurable epigenomic changes throughout development. We therefore used a longitudinal birth cohort to measure the epigenetic mark of DNA methylation at birth and 18 years comparing survivors of extremely preterm birth with infants born at term. Using 12 extreme preterm birth cases and 12 matched, term controls, we extracted DNA from archived neonatal blood spots and blood collected in a similar way at 18 years of age. DNA methylation was measured at 347,789 autosomal locations throughout the genome using Infinium HM450 arrays. Representative methylation differences were confirmed by Sequenom MassArray EpiTYPER. At birth we found 1,555 sites with significant differences in methylation between term and preterm babies. At 18 years of age, these differences had largely resolved, suggesting that DNA methylation differences at birth are mainly driven by factors relating to gestational age, such as cell composition and/or maturity. Using matched longitudinal samples, we found evidence for an epigenetic legacy associated with preterm birth, identifying persistent methylation differences at ten genomic loci. Longitudinal comparisons of DNA methylation at birth and 18 years uncovered a significant overlap between sites that were differentially-methylated at birth and those that changed with age. However, we note that overlapping sites may either differ in the same (300/1,555) or opposite (431/1,555) direction during gestation and aging respectively. We present evidence for widespread methylation differences between extreme preterm and term infants at birth that are largely resolved by 18 years of age. These results are consistent with methylation changes associated with blood cell development, cellular composition, immune induction and age at these time points. Finally, we identified ten probes significantly associated with preterm individuals and with greater than 5% methylation discordance at birth and 18 years that may reflect a long term epigenetic legacy of preterm birth.",2013,2013-10-18,JournalArticle,,https://www.semanticscholar.org/paper/7f1a10200d4c353f579c8e8ce51a014c1248e38a,False,0,,True,True,True,True
doi:10.1186/s12951-026-04362-w,doi:10.1186/s12951-026-04362-w,semantic_scholar,semantic_scholar,dd339183f47bb6759ce402c36c57753cfa23e70a,10.1186/s12951-026-04362-w,42001182,13251263,A multifunctional ICAM1-directed MnO₂@ZIF8 nanoplatform with Tanshinone IIA synergistically reverses senescence and restores alveolar regeneration in septic lung injury,"Sepsis-induced acute lung injury (ALI) is characterized by severe oxidative stress and senescence of alveolar type II epithelial cells (AECⅡ), yet effective therapies capable of reversing these pathological processes remain lacking. We developed a multifunctional ICAM1-targeted MnO2@ZIF8 nanoplatform encapsulating Tanshinone IIA (TSA) that integrates selective targeting, redox regulation, and senescence reprogramming. The nanoplatform preferentially accumulated in inflamed lung regions, efficiently scavenged reactive oxygen species (ROS), activated the Nrf2-mediated antioxidant pathway, and suppressed the IL-33/ST2 inflammatory axis. Single-cell RNA sequencing revealed that treatment reshapes AECⅡ differentiation trajectories, suppresses senescence-related transcriptional signatures, and enhances alveolar regenerative potential by restoring stem-like phenotypes. Proteomic and metabolomic analyses further confirmed improved mitochondrial metabolism, SASP modulation, and inflammatory resolution. Functionally, Anti-ICAM1-MnO2@ZIF8@TSA restored alveolar structure, boosted oxygenation, and markedly increased survival in CLP-induced septic mice. Collectively, these findings present a nanobiotechnological strategy that rejuvenates senescent epithelial cells and provides a mechanistically guided therapeutic approach for the treatment of sepsis-associated pulmonary failure.",2026,2026-04-18,JournalArticle,,https://www.semanticscholar.org/paper/dd339183f47bb6759ce402c36c57753cfa23e70a,False,0,,True,True,True,True
doi:10.1186/s13102-024-00824-6,doi:10.1186/s13102-024-00824-6,semantic_scholar,semantic_scholar,f85bb11767e7864b4592c8a088a9269d791ca9f8,10.1186/s13102-024-00824-6,38287431,10826212,A 6-month exercise intervention clinical trial in women: effects of physical activity on multi-omics biomarkers and health during the first wave of COVID-19 in Korea,"Background Coronavirus disease 2019 (COVID-19) was first reported in December 2019 and the first case in Korea was confirmed on January 20, 2020. Due to the absence of therapeutic agents and vaccines, the Korean government implemented social distancing on February 29, 2020. This study aimed to examine the effect of physical activity (PA) on health through changes in multi-omics biomarkers with a 6-month of exercise intervention during the first wave of COVID-19 in Korea. Methods Twenty-seven healthy middle-aged women were recruited and 14 subjects completed the exercise intervention. The mean age (± SD) was 46.3 (± 5.33) and the mean BMI (± SD) was 24.9 (± 3.88). A total of three blood and stool samples were collected at enrollment, after period 1, and after period 2 (3-month intervals). The amount of PA was measured with an accelerometer and by questionnaire. Clinical variables were used, including blood pressure, grip strength, flexibility, and blood glucose levels and lipid markers obtained from laboratory tests. The concentration of blood metabolites was measured by targeted metabolomics. Fecal microbiome data were obtained by 16 S rRNA gene amplicon sequencing. Results During the second half period (period 2), Coronavirus disease 2019 occurred and spread out in Korea, and PA decreased compared with the first half period (period 1) (185.9 ± 168.73 min/week to 102.5 ± 82.30 min/week; p = 0.0101). Blood pressure, hemoglobin A1c (HbA1c), and low-density lipoprotein cholesterol (LDL-C) decreased in period 1 ( p < 0.05) and tended to increase again during period 2 ( p < 0.05). Forty metabolites were changed significantly during period 1 (FDR p < 0.05), and we found that 6 of them were correlated with changes in blood pressure, HbA1c, and LDL-C via network analysis. Conclusions Our results may suggest that exercise improves health through changes in biomarkers at multi-omics levels. However, reduced PA due to COVID-19 can adversely affect health, emphasizing the necessity for sustained exercise and support for home-based fitness to maintain health. Trial Registration The trial is retrospectively registered on ClinicalTrials.gov (NCT05927675; June 30, 2023).",2024,2024-01-29,JournalArticle,,https://www.semanticscholar.org/paper/f85bb11767e7864b4592c8a088a9269d791ca9f8,False,0,,True,False,True,False
doi:10.1186/s43556-026-00423-6,doi:10.1186/s43556-026-00423-6,europepmc,europepmc;pubmed;scopus;semantic_scholar,MED:41915085,10.1186/s43556-026-00423-6,41915085,PMC13038835,Cancer and aging: complex associations and therapeutic targets.,"The incidence of cancer increases markedly with aging, and the two processes share underlying molecular mechanisms. In the context of global population aging and rising cancer incidence, nine convergent hallmark axes have been identified: genomic instability, epigenetic drift, inflammation-immunity imbalance, microbiome dysbiosis, metabolic reprogramming, telomere attrition, stem cell exhaustion, cellular senescence, and autophagy dysfunction. These hallmarks constitute an integrated regulatory network that operates synergistically, antagonistically, or through bidirectional feedback across molecular, cellular, and microenvironmental levels. Genomic instability, epigenetic remodeling, chronic inflammation, microbiome dysbiosis, and metabolic reprogramming in aging often act synergistically to promote tumorigenesis, whereas telomere attrition and stem cell exhaustion primarily exert antagonistic, tumor-suppressive effects. Cellular senescence and autophagy dysfunction display context-dependent dual roles. Importantly, this network framework has direct relevance to cancer therapeutics. Although chemotherapy, radiotherapy, and immunotherapy effectively suppress tumor progression, they frequently induce therapy-induced senescence, characterized by cell-cycle arrest and a senescence-associated secretory phenotype, thereby accelerating functional decline and increasing long-term toxicities in older patients. The proposed ""synergistic-antagonistic-dual"" framework linking aging and cancer not only helps explain the disproportionate cancer burden in older adults but also supports a ""one drug, two targets"" therapeutic paradigm. Targeting these shared pathways has delayed aging phenotypes and suppressed tumorigenesis in preclinical studies and early clinical trials, highlighting the potential of integrated interventions that concurrently address aging and cancer.",2026,2026-03-31,review-article; Review; Journal Article,eng,https://europepmc.org/article/MED/41915085,False,3,,True,True,True,True
doi:10.1371/journal.pbio.3001758,doi:10.1371/journal.pbio.3001758,semantic_scholar,semantic_scholar,5bd830473816b6b33ca8f47242451f15e94bc487,10.1371/journal.pbio.3001758,35998206,9397868,Individuality and ethnicity eclipse a short-term dietary intervention in shaping microbiomes and viromes,"Many diseases linked with ethnic health disparities associate with changes in microbial communities in the United States, but the causes and persistence of ethnicity-associated microbiome variation are not understood. For instance, microbiome studies that strictly control for diet across ethnically diverse populations are lacking. Here, we performed multiomic profiling over a 9-day period that included a 4-day controlled vegetarian diet intervention in a defined geographic location across 36 healthy Black and White females of similar age, weight, habitual diets, and health status. We demonstrate that individuality and ethnicity account for roughly 70% to 88% and 2% to 10% of taxonomic variation, respectively, eclipsing the effects a short-term diet intervention in shaping gut and oral microbiomes and gut viromes. Persistent variation between ethnicities occurs for microbial and viral taxa and various metagenomic functions, including several gut KEGG orthologs, oral carbohydrate active enzyme categories, cluster of orthologous groups of proteins, and antibiotic-resistant gene categories. In contrast to the gut and oral microbiome data, the urine and plasma metabolites tend to decouple from ethnicity and more strongly associate with diet. These longitudinal, multiomic profiles paired with a dietary intervention illuminate previously unrecognized associations of ethnicity with metagenomic and viromic features across body sites and cohorts within a single geographic location, highlighting the importance of accounting for human microbiome variation in research, health determinants, and eventual therapies. Trial Registration: ClinicalTrials.gov ClinicalTrials.gov Identifier: NCT03314194.",2022,2022-08-01,JournalArticle,,https://www.semanticscholar.org/paper/5bd830473816b6b33ca8f47242451f15e94bc487,False,0,,True,False,True,False
doi:10.15212/npt-2025-0028,doi:10.15212/npt-2025-0028,semantic_scholar,semantic_scholar,70b3357b56509afc2ae3a52fb5ad487077c29190,10.15212/npt-2025-0028,,,Polyamine Metabolism in Brain Health and Disease,"Polyamines, primarily spermidine and spermine, are small polycationic molecules essential for cell growth, signaling, and survival. Through electrostatic interactions with nucleic acids, lipids, and proteins, they regulate gene expression, organelle function, and adaptive responses to environmental cues. Polyamine metabolism also intersects with a myriad of other cellular pathways, including methionine, acetyl-CoA, and oxidative stress pathways, and is therefore involved in epigenetic control, cellular metabolism, and stress-response regulation. In the brain, beyond these general cellular functions, polyamines act as dynamic modulators of neurodevelopment, neural maintenance, and synaptic plasticity by influencing local proteostasis, transmitter release, and ion channel activity in both neurons and glia. Emerging evidence indicates that disruption of polyamine homeostasis contributes to neurological disorders as diverse as rare inborn errors of metabolism and common neurodegenerative diseases. Mutations in polyamine metabolic or transport genes lead to syndromes characterized by intellectual disability, hypotonia, movement disorders, and neurodegeneration; therefore, polyamine balance is critical for brain development and maintenance. In conditions such as Alzheimer’s and Parkinson’s diseases, dysregulated polyamine synthesis, catabolism, or lysosomal transport perturbs autophagic flux and proteostasis, thereby promoting Tau and α-synuclein aggregation, oxidative stress, and neuronal loss. Multi-omics analyses have further revealed that polyamine metabolism shapes glial inflammatory responses. Therapeutically, modulation of polyamine metabolism offers multiple intervention points. Spermidine supplementation or administration of polyamine analogues has been found to enhance autophagy and improve cognitive performance in models of aging and Alzheimer’s disease. Additional strategies to reestablish metabolic equilibrium and support neuronal resilience include targeted manipulation of key enzymes, such as ornithine decarboxylase 1 (ODC1), spermidine/spermine acetyltransferase 1 (SAT1), spermine oxidase (SMOX), and spermine synthase (SMS), or restoration of lysosomal polyamine export via ATP13A2. This review synthesizes current understanding of polyamine metabolism in brain health and disease, by integrating molecular, cellular, and systems-level perspectives, and further highlights emerging therapeutic directions aimed at harnessing this pathway to mitigate neurological pathology.",2026,,JournalArticle; Review,,https://www.semanticscholar.org/paper/70b3357b56509afc2ae3a52fb5ad487077c29190,False,0,,True,True,True,True
doi:10.18632/oncotarget.23713,doi:10.18632/oncotarget.23713,semantic_scholar,semantic_scholar,d63fbb85bcf595db1921db9d7d145244f4ba1058,10.18632/oncotarget.23713,29464061,5814201,Natural and molecular history of prolactinoma: insights from a Prlr –/– mouse model,"Lactotroph adenoma, also called prolactinoma, is the most common pituitary tumor but little is known about its pathogenesis. Mouse models of prolactinoma can be useful to better understand molecular mechanisms involved in abnormal lactotroph cell proliferation and secretion. We have previously developed a prolactin receptor deficient (Prlr–/–) mouse, which develops prolactinoma. The present study aims to explore the natural history of prolactinoma formation in Prlr–/– mice, using hormonal, radiological, histological and molecular analyses to uncover mechanisms involved in lactotroph adenoma development. Prlr–/– females develop large secreting prolactinomas from 12 months of age, with a penetrance of 100%, mimicking human aggressive densely granulated macroprolactinoma, which is a highly secreting subtype. Mean blood PRL measurements reach 14 902 ng/mL at 24 months in Prlr–/– females while PRL levels were below 15 ng/mL in control mice (p < 0.01). By comparing pituitary microarray data of Prlr–/– mice and an estrogen-induced prolactinoma model in ACI rats, we pinpointed 218 concordantly differentially expressed (DE) genes involved in cell cycle, mitosis, cell adhesion molecules, dopaminergic synapse and estrogen signaling. Pathway/gene-set enrichment analyses suggest that the transcriptomic dysregulation in both models of prolactinoma might be mediated by a limited set of transcription factors (i.e., STAT5, STAT3, AhR, ESR1, BRD4, CEBPD, YAP, FOXO1) and kinases (i.e., JAK2, AKT1, BRAF, BMPR1A, CDK8, HUNK, ALK, FGFR1, ILK). Our experimental results and their bioinformatic analysis provide insights into early genomic changes in murine models of the most frequent human pituitary tumor.",2017,2017-12-27,JournalArticle,,https://www.semanticscholar.org/paper/d63fbb85bcf595db1921db9d7d145244f4ba1058,False,0,,True,False,True,False
doi:10.21203/rs.3.rs-8394751/v1,doi:10.21203/rs.3.rs-8394751/v1,europepmc,europepmc,PPR:PPR1154937,10.21203/rs.3.rs-8394751/v1,,,Rasal1: A candidate exercise mimetic to increase adult hippocampal neurogenesis in middle age,"Abstract Physical exercise exerts several positive effects on the brain and is emerging as an approach for mitigating age-related functional decline. One benefit of exercise is the increase in adult hippocampal neurogenesis (AHN). However, physical exercise may not always be feasible in individuals due to physical or medical constraints which are more common in older age, highlighting the importance of understanding regulators of exercise-induced AHN. We demonstrate that Rasal1, a GTPase-activating protein, is downregulated in the dentate gyrus (DG) by voluntary running exercise in young adult rats. Middle age is recognised as a period of the lifespan prognostic of cognitive health in older age, and amenable to intervention. Lentiviral knockdown of Rasal1 in the DG promoted AHN and neurite growth in middle-aged rats that were otherwise reluctant to run. Treatment of hippocampal neuroprogenitor cells in vitro with serum from exercising animals mimicked the exercise-induced downregulation of Rasal1 and was associated with neuroprogenitor expansion. Lastly, multi-omic analysis of sera in conjunction with brain proteomics identified possible systemic mediators of Rasal1 downregulation. Taken together, our findings highlight Rasal1 as a novel candidate regulator of the pro-neurogenic effects of exercise. Identifying systemic factors underlying the Rasal1-driven effects of exercise could inform new therapies to enhance AHN and hippocampal function.",2026,2026-02-13,Preprint,,https://europepmc.org/article/PPR/PPR1154937,True,0,,True,True,True,True
doi:10.2337/db25-444-p,doi:10.2337/db25-444-p,semantic_scholar,semantic_scholar,95ccc74a3a5d9bf6b922d6e0c61eb5e60ba75829,10.2337/db25-444-p,,,444-P: Protein and mRNA Comparison in Complications of Type 2 Diabetes—Integrating Proteomics with Transcriptomics,"Introduction and Objective: We have previously identified 50 proteins associated with T2D vascular complications (CX). We now measured their mRNA expression in T2D patients with and without CX. Methods: RNA was extracted from citrate plasma samples of 542 people with T2D from the Fenofibrate Intervention and Event Lowering in Diabetes trial (Age: 62±7 yrs; T2D duration: 6±6 yrs; HbA1c: 6.8±1.3%). There were n=179 participants with CX at baseline, n=142 developing first CX during follow-up (FUP) and n=221 who had no CX. OpenArray was used to measure mRNA with normalisation using housekeeping gene (MT-ATP6). For differences between groups ΔΔCT values were used. Results: Seven genes had circulating mRNA levels below the detection limit in all samples, 32 were detected in < 20% of samples. The remaining 11 genes were detected in 23-90% of samples. Genes differentially expressed between T2D patients with and without CX were involved in vascular repair and extracellular matrix remodeling. E.g. FERMT3 mRNA was 1.8-fold higher in those developing macroCX during FUP vs. no CX group. Clusterin mRNA was 1.1-1.5-fold higher with CX during FUP and 1.3-1.7-fold higher with baseline CX vs. no CX. Comparisons of proteomic and mRNA levels across the study groups revealed that in 32% of cases differences in mRNA levels were paralleled in protein level differences. E.g. TLN1 exhibited reduced mRNA and protein expression in subjects who developed both micro- and/or macroCX during FUP. In contrast, in 45% of instances, differences in mRNA were not paralleled by the same differences in protein expression, suggesting potential post-transcriptional regulation in those pathways. Conclusion: These findings underscore the importance of integrating transcriptomic and proteomic analyses to better understand the molecular mechanisms driving vascular complications in T2D and to identify potential therapeutic targets. H. Francis: None. A.S. Januszewski: None. M. O'Rourke: None. M.L. Huang: None. F. Ema: None. A.A. Hardikar: None. M.V. Joglekar: None. D. Sullivan: Other Relationship; Amgen Inc. Research Support; Arrowhead Pharmaceuticals, Inc. Other Relationship; Novartis Pharmaceuticals Corporation, Merck Sharp & Dohme Corp. Research Support; Ionis Pharmaceuticals. R.S. Scott: None. A. Jenkins: Advisory Panel; Abbott. Speaker's Bureau; GlaxoSmithKline plc. Research Support; Abbott, Metronics, Ypsomed AG, Insulet Corporation, Jaeb Center for Health Research, Endogenex, Hemsley Charitable Trust. Speaker's Bureau; CSL Seqirus. Research Support; AbbVie Inc, National Institutes of Health, Juvenile Diabetes Research Foundation (JDRF). M.P. Molloy: None. A.C. Keech: Research Support; Abbott, Amgen Inc, ASPEN Australia, Mylan. Speaker's Bureau; Novartis AG, Pfizer Inc. Research Support; Kowa Company, Ltd. Speaker's Bureau; Sanofi. Research Support; AbbVie Inc, Viatris Inc. National Health and Medical Research Council of Australia (GNT1147879)",2025,2025-06-13,JournalArticle,,https://www.semanticscholar.org/paper/95ccc74a3a5d9bf6b922d6e0c61eb5e60ba75829,False,0,,True,False,True,False
doi:10.3389/fendo.2022.836023,doi:10.3389/fendo.2022.836023,europepmc,europepmc;openalex;pubmed;scopus,MED:35399945,10.3389/fendo.2022.836023,35399945,PMC8988136,"Shared Genetic Basis and Causal Relationship Between Television Watching, Breakfast Skipping and Type 2 Diabetes: Evidence From a Comprehensive Genetic Analysis.","Background Epidemiological investigations have established unhealthy lifestyles, such as excessive leisurely sedentary behavior (especially TV/television watching) and breakfast skipping, increase the risk of type 2 diabetes (T2D), but the causal relationship is unclear. We aimed to understand how single nucleotide variants contribute to the co-occurrence of unhealthy lifestyles and T2D, thereby providing meaningful insights into disease mechanisms. Methods Combining summary statistics from genome-wide association studies (GWAS) on TV watching ( N = 422218), breakfast skipping ( N = 193860) and T2D ( N = 159208) in European pedigrees, we conducted comprehensive pairwise genetic analysis, including high-definition likelihood (HDL-method), cross-phenotype association studies (CPASSOC), GWAS-eQTL colocalization analysis and transcriptome-wide association studies (TWAS), to understand the genetic overlap between them. We also performed bidirectional two-sample Mendelian randomization (MR) analysis for causal inference using genetic instrumental variables, and two-step MR mediation analysis was used to assess any effects explained by body mass index, lipid traits and glycemic traits. Results HDL-method showed that T2D shared a strong genetic correlation with TV watching ( r g = 0.26; P = 1.63×10 -29 ) and skipping breakfast ( r g = 0.15; P =2.02×10 -6 ). CPASSOC identifies eight independent SNPs shared between T2D and TV watching, including one novel shared locus. TWAS and CPASSOC showed that shared genes were enriched in lung, esophageal, adipose, and thyroid tissues and highlighted potential shared regulatory pathways for lipoprotein metabolism, pancreatic β-cell function, cellular senescence and multi-mediator factors. MR showed TV watching had a causal effect on T2D (β IVW = 0.629, P IVW = 1.80×10 -10 ), but no significant results were observed between breakfast skipping and T2D. Mediation analysis provided evidence that body mass index, fasting glucose, hemoglobin A1c and high-density lipoprotein are potential factors that mediate the causal relationship between TV and T2D. Conclusions Our findings provide strong evidence of shared genetics and causation between TV watching and T2D and facilitate our identification of common genetic architectures shared between them.",2022,2022-03-24,research-article; Journal Article,eng,https://europepmc.org/article/MED/35399945,False,3,,True,True,True,True
doi:10.3389/fmed.2026.1768610,doi:10.3389/fmed.2026.1768610,europepmc,europepmc;pubmed;semantic_scholar,MED:42318385,10.3389/fmed.2026.1768610,42318385,PMC13273645,"Clinical effects of Yiqi-Yangyin-Huoxue granules in the management of type 2 diabetes mellitus and early vascular aging: a randomized, double-blind, placebo-controlled trial protocol.","Background Type 2 diabetes mellitus (T2DM) has become a major global public health challenge, affecting more than 500 million adults worldwide. Early vascular aging (EVA) is one of the key pathological changes for diabetic vascular complications. However, targeted and effective therapeutic strategies remain limited. Based on our previous research and clinical experience, we developed a granulated natural herbal formulation, Yiqi-Yangyin-Huoxue (YQYYHX). This trial aims to evaluate the clinical efficacy and safety of YQYYHX in patients with T2DM and EVA, and to preliminarily explore its potential mechanisms. Methods This is a single-center, randomized, double-blind, placebo-controlled, parallel-group clinical trial. It will enroll 120 participants with T2DM and EVA, who will be randomized in a 1:1 allocation ratio to two groups. In addition to standard therapy, the treatment group will receive the YQYYHX granules, while the control group will receive a matched placebo. Based on mass spectrometry analysis, daidzin, salvianolic acid L, and oleamide were identified as the compounds with the largest peak area in YQYYHX. After a 12-week intervention, brachial-ankle pulse wave velocity (baPWV) is planned to be assessed as the primary outcome. Secondary outcomes are expected to include the ankle-brachial index, blood glucose levels, lipid profiles, inflammatory cytokines, 6-min walk test and questionnaires. Safety will be evaluated using liver transaminases, serum creatinine, and related indicators. Serum and fecal samples will be collected before and after treatment. The serum will be used for metabolomic and proteomic sequencing analysis, and feces will be used for metagenomic sequencing. Electronic case report forms are generated within the clinical record system, ensuring that all follow-up information is traceable. Subsequently, the data will be entered into a specific electronic data capture, and the data administrator will verify it. Results The recruitment began on March 27, 2025 and is expected to end on December 31, 2026. As of March 10, 2026, 72 participants have been enrolled. Conclusion This rigorously designed trial is expected to generate reliable evidence. As a complementary and alternative therapeutic option, YQYYHX has the potential to benefit patients with T2DM and EVA. Clinical trial registration This trial has been registered with the International Traditional Medicine Clinical Trial Registry Platform (http://itmctr.ccebtcm.org.cn/, ITMCTR2024000388).",2026,2026-06-03,methods-article; Journal Article,eng,https://europepmc.org/article/MED/42318385,False,2,,True,True,True,True
doi:10.3389/fphar.2023.1175970/full,doi:10.3389/fphar.2023.1175970/full,google_scholar,google_scholar,GQsZQpAJ6IAJ,10.3389/fphar.2023.1175970/full,,,Multi-omics reveals Dengzhan Shengmai formulation ameliorates cognitive impairments in D-galactose-induced aging mouse model by regulating CXCL12/CXCR4 …,"… aging-associated CIs by further exploring how DZSM ameliorates CI in a D-galactose-induced 
aging … to provide a scientific basis for transcriptomic microbiome-based intervention in CI. …",2023,2023-01-01,,,https://www.frontiersin.org/journals/pharmacology/articles/10.3389/fphar.2023.1175970/full,False,0,,True,True,True,True
doi:10.3390/biomedicines14050976,doi:10.3390/biomedicines14050976,pubmed,pubmed;scopus;semantic_scholar,42193302,10.3390/biomedicines14050976,42193302,PMC13204996,"The Gut-Muscle Axis in Sarcopenia: Mechanisms, Evidence Gaps and Translational Challenges.","Sarcopenia is an age-related skeletal muscle disorder characterized by reduced muscle mass, strength, and physical performance, as well as increased risk of disability, hospitalization, and mortality. Emerging evidence suggests that gut microbiota alterations may contribute to muscle decline via a microbiota-gut-muscle axis, acting as a context-dependent modulator rather than a primary causal driver. This narrative review synthesizes mechanistic, clinical, and translational evidence linking gut dysbiosis to sarcopenia. Preclinical studies show that microbiota modulation (e.g., antibiotics, probiotics, prebiotics, postbiotics, fecal microbiota transplantation) affects muscle mass, strength, and metabolism through pathways including inflammation, mitochondrial dysfunction, altered short-chain fatty acid production, and impaired anabolic signaling. In humans, observational studies associate lower microbial diversity and reduced short-chain fatty acid-producing taxa with poorer muscle outcomes, but findings are heterogeneous and non-causal. Interventional trials remain limited and characterized by small sample sizes, with effects more consistent for functional outcomes than muscle mass. Overall, the gut microbiota represents a modifiable contributor within the complex biology of sarcopenia. Future studies should integrate microbiome profiling and multi-omics approaches within well-designed clinical trials to identify responder phenotypes and define the role of microbiota-targeted strategies within multimodal interventions.",2026,2026-04-23,Journal Article; Review,eng,https://pubmed.ncbi.nlm.nih.gov/42193302/,False,2,,True,False,True,False
doi:10.3390/ijms241813867,doi:10.3390/ijms241813867,europepmc,europepmc;pubmed;scopus,MED:37762170,10.3390/ijms241813867,37762170,PMC10530366,Investigation into Molecular Brain Aging in Senescence-Accelerated Mouse (SAM) Model Employing Whole Transcriptomic Analysis in Search of Potential Molecular Targets for Therapeutic Interventions.,"With the progression of an aging society, cognitive aging has emerged as a pressing concern necessitating attention. The senescence-accelerated mouse-prone 8 (SAMP8) model has proven instrumental in investigating the early stages of cognitive aging. Through an extensive examination of molecular changes in the brain cortex, utilizing integrated whole-genome transcriptomics, our principal aim was to uncover potential molecular targets with therapeutic applications and relevance to drug screening. Our investigation encompassed four distinct conditions, comparing the same strain at different time points (1 year vs. 16 weeks) and the same time point across different strains (SAMP8 vs. SAMR1), namely: physiological aging, accelerated aging, early events in accelerated aging, and late events in accelerated aging. Focusing on key functional alterations associated with aging in the brain, including neurogenesis, synapse dynamics, neurometabolism, and neuroinflammation, we identified candidate genes linked to these processes. Furthermore, employing protein-protein interaction (PPI) analysis, we identified pivotal hub genes involved in interactions within these functional domains. Additionally, gene-set perturbation analysis allowed us to uncover potential upstream genes or transcription factors that exhibited activation or inhibition across the four conditions. In summary, our comprehensive analysis of the SAMP8 mouse brain through whole-genome transcriptomics not only deepens our understanding of age-related changes but also lays the groundwork for a predictive model to facilitate drug screening for cognitive aging.",2023,2023-09-08,research-article; Journal Article,eng,https://europepmc.org/article/MED/37762170,False,2,,True,True,True,True
doi:10.3390/nu15112461,doi:10.3390/nu15112461,europepmc,europepmc;pubmed;scopus;semantic_scholar,MED:37299424,10.3390/nu15112461,37299424,PMC10255416,Investigating the Role of Ferroptosis-Related Genes in Ovarian Aging and the Potential for Nutritional Intervention.,"With advancing age, women experience irreversible deterioration in the quality of their oocytes, resulting in reduced fertility. To gain a deeper understanding of the influence of ferroptosis-related genes on ovarian aging, we employed a comprehensive approach encompassing spatial transcriptomics, single-cell RNA sequencing, human ovarian pathology, and clinical biopsy. This investigation revealed the intricate interactions between ferroptosis and cellular energy metabolism in aging germ cells, shedding light on the underlying mechanisms. Our study involved 75 patients with ovarian senescence insufficiency, and we utilized multi-histological predictions of ferroptosis-related genes. Following a two-month supplementation period with DHEA, Ubiquinol CoQ10, and Cleo-20 T3, we examined the changes in hub genes. Our results showed that TFRC, NCOA4, and SLC3A2 were significantly reduced and GPX4 was increased in the supplement group, confirming our prediction based on multi-omic analysis. Our hypothesis is that supplementation would enhance the mitochondrial tricarboxylic acid cycle (TCA) or electron transport chain (ETC), resulting in increased levels of the antioxidant enzyme GPX4, reduced lipid peroxide accumulation, and reduced ferroptosis. Overall, our results suggest that supplementation interventions have a notable positive impact on in vitro fertilization (IVF) outcomes in aging cells by improving metal ion and energy metabolism, thereby enhancing oocyte quality in older women.",2023,2023-05-25,research-article; Journal Article,eng,https://europepmc.org/article/MED/37299424,False,3,,True,True,True,True
doi:10.4103/0366-6999.158375,doi:10.4103/0366-6999.158375,openalex,openalex,https://openalex.org/W1833348710,10.4103/0366-6999.158375,,,Sirtuins Function as the Modulators in Aging-related Diseases in Common or Respectively,"INTRODUCTION According to the demographics, the world population over 60 years will double from 605 million to 2 billion people between 2000 and 2050. Aging is a complex process in which the organism and its ability to respond to external stresses become progressive decline. The degenerative aging process is the major underlying cause for aging-related diseases, including hypertension, diabetes, neurodegenerative diseases, cancer and so on [Table 1]. Many factors contribute to aging, for example, increased oxidative stress, changes in gene expression, accumulation of DNA damage.[1] Disorders of metabolism and dysfunctions of key enzymes/proteins in metabolism are also implicated in aging-related diseases. Accumulating studies have revealed that deacetylase Sirtuins exert profound protective functions against aging-related pathologies for the decline of tissues and organs in the elderly, and experimental and genetic studies have linked Sirtuins activity with delaying aging and extending lifespan.[2345]Table 1: Age-related diseases in elderly populationMammalian Sirtuin family contains 7 members (named SIRT1–SIRT7) and is endowed to diverse biological functions in different cellular compartments. Deacetylase activity is the major characteristic of Sirtuins response to the balance of cellular energy and requires NAD+ as the acceptor of an acetyl group from a target acetyl-lysine residue. Lysine acetylation modulates a variety of metabolic processes, such as fatty acid β-oxidation, tricarboxylic acid (TCA) cycle and oxidative phosphorylation located in mitochondria and another metabolism in cytoplasm by targeting key enzymes or proteins.[6] Epigenetic changes of these enzymes/proteins deacetylation by Sirtuins are involved in the regulation of dysfunction correlated to aging. Sirtuins are also recruited to chromatin and directly deacetylate histones such as H4K16, H3K9, H3K14, H1K26 and so on. Besides the major deacetylase activity of Sirtuins (SIRT1–SIRT3), SIRT4–SIRT7 has been detected no or very weak deacetylase activity. SIRT4 and SIRT6 function as mono-ADP-ribosyltransferases, which transfer the ADP-ribosyl moiety to the substrate protein including glutamate dehydrogenase 1, poly (ADP-ribose) polymerase 1 respectively.[78] SIRT4 also has lipoamidase activity that modulates the biological functions of pyruvate dehydrogenase complex[9] and for its deacetylase inhibiting malonyl CoA decarboxylase in lipogenesis.[10] Recently, it has been found that SIRT5 displays demalonylase and desuccinylase activity by removing malonyl or succinyl moiety from target protein, such as carbamoyl phosphate synthase 1.[11] SIRT6 can regulate protein lysine fatty acetylation in endoplastic reticulum as deacetylase.[12] SIRT7 is the least studied Sirtuin family member, but until now it has been investigated that SIRT7 as deacetylase can target substates p53, H3K18, PAF53 and so on.[13] According to studies on Sirtuins, we find that these different Sirtuin members may modulate the aging-related diseases in common or respectively, although they are in different subcellular localization, have different enzymatic activity and variety of secondary effectors or target proteins.[14] In this review, we summarize the regulatory mechanism of Sirtuins on aging as well as in aging-related diseases such as metabolic complications, neurodegenerative diseases and tumorigenesis etc., along with the role of Sirtuins in extending lifespan or longevity. ROLE OF SIRTUINS IN EXTENDING LIFESPAN OR LONGEVITY The relationship between longevity and “calorie restriction (CR)” was demonstrated by experiments in 1989 that life span was extended markedly by limiting calorie intake in rodent growth.[15] Although the role of SIRT1 on longevity per se is not fully convincing because transgenic mice overexpressing SIRT1 did not show to live longer than controls, the efficacy of SIRT1 in protecting mice against age-associated diseases unveils an important role in improving health span and prevention aging. Simic et al. have clarified SIRT1 deacetylates β-catenin and facilitates its accumulation in nucleus leading to transcription of genes for mesenchymal stem cells differentiation,[16] which are declined with aging. Another group has also demonstrated that CR enhances cell survival by inducing SIRT1 protein expression.[17] SIRT3 is involved in dealing with oxidative stress for cells at under CR.[18] Latest SIRT2 has been found a key modulator of aging, and it extends lifespan in BubR1 mice model.[19] These studies indicate that Sirtuins have the healthful characteristic of regulating caloric restriction and they are perhaps the natural means of consistently extending lifespan and delaying the onset of aging-related pathologies such as obesity, diabetes, dyslipidemia in mammalian. Though there has been emerging debate on the role of Sirtuins in aging and lifespan extension, mounting evidences suggest that Sirtuins are indeed the critical modulators of aging and the aging-related diseases via different signaling pathways.[20] Nuclear factor (NF-kappa B) locates primarily in cytoplasm as a heterodimer and is an important NF. NF-kappa B signaling is a canonical pathway that is stimulated by intracellular and extracellular stress. It has been reported that constitutive stimulation of NF-kappa B signaling may accelerate aging in mice by motif module map analysis.[21] Kawahara et al. have found SIRT6 binds to the RELA subunit of NF-kappa B and deacetylates H3K9 at NF-kappa B targeted gene promoters resulting in decreased NF-kappa B signaling, thus slowing the aging process.[22] Recently, another experiment has been demonstrated that SIRT6 is correlated with collagen metabolism and acts as a critical factor in skin anti-aging through NF-kappa B signaling pathway.[23] These studies have established the connection between NF-kappa B signaling and SIRT6 in anti-aging process. Therefore, SIRT6 also has the characteristic of extending lifespan and delaying the onset of aging-related pathologies. ROLE OF SIRTUINS IN OBESITY AND DIABETES Dietary obesity (DR) is associated with the development of type II diabetes and intra-adipose tissue hypoxia and activation of hypoxia inducible factor-1α (HIF-1α). HIF-1α activation is pivotal to maintain glucose intolerance, insulin resistance and cardiomyopathy, which are all the correlated pathological states in DR. In addition, mitochondrial dysfunction may direct fatty acid to intracellular lipid accumulation, leading to insulin resistance in obesity and type II diabetes. Studies have found that SIRT2 deacetylates HIF-1α and reduces the capability of HIF-1α in response to cellular hypoxia.[24] HIF-1α suppresses β-oxidation partially via transcriptional inhibition of SIRT2 deacetylase activity. Importantly, in visceral adipose tissue from human obese subjects, the expression level of SIRT2 is very low while HIF-1α is high. Depletion of HIF-1α in 3T3-L1 adipocytes causes induction of SIRT2 mRNA and protein, which indicates that SIRT2 dysfunction perhaps is the factor of obesity development. In another study, reduction of cytoplasmic SIRT2 promotes adipogenesis respectively.[25] Thus, by negatively modulating, the SIRT2-HIF-1α regulatory axis may represent an effective prevention method in DR. GLUT4, aP2 and fatty acid synthase, which are involved in adipocyte differentiation, are all regulated by SIRT2 to modulate adipocyte differentiation. This is attributed to a direct interaction between SIRT2 and forkhead box O1 (FoxO1) acetylation patterns in controlling adipogenesis.[2627] In Sirtuin family, SIRT1 can fine-tune cellular response to hypoxia by deacetylating HIF-1α. SIRT1 also deacetylates PGC-1α and stimulates its activity, thus inhibits glycolysis and enhances exportation of liver glucose and the gene expression of gluconeogenesis in liver.[28] At the same time, SIRT1 modulates the mitochondrial function and balances the energy and facilitates the oxygen consumption in muscle to induce oxidative phosphorylation and mitochondrial biogenesis. In the process of fatty acid metabolism, SIRT1 deacetylates and activates acetyl-CoA synthetase 1 (AceCS1), and thus promotes acetic salt into fatty acid metabolism and circadian clock.[29] In 3T3-L1 adipocytes, overexpression of SIRT1 by siRNA ablates the lipogenesis.[30] In the differentiation process of adipocytes, the expression levels of SIRT1 protein and mRNA are increased following the increasing of C/EBPα, which binds to the promoter of SIRT1 and regulates the expression of SIRT1 in the lipogenesis.[31] Upregulation of SIRT1 in differentiated adipocytes promotes lipolysis and fat reduction. As reduction in fat is sufficient to extend murine lifespan, deacetylase SIRT1 displays important regulating functions in the lipid intermediary metabolism and keeps the balance of lipogenesis. Modulation of the enzyme activity in mammalian may intervene with obesity and the related diabetes. These results suggest that SIRT1 and SIRT2 deacetylases not only modulate adipogenic transcription factors, and their expression, and activity may also be crucial for regulating adipocyte differentiation. From this aspect, they perhaps share common regulatory mechanism. SIRT3 acts as a primary mitochondrial deacetylase and targets multiple of mitochondrial proteins. These proteins are acetylated in TCA cycle and β-oxidation pathways implicated in carbon conversion and energy metabolism within mitochondria. An early study has revealed that ATP content displayed a significant reduction in SIRT3 null mice liver, heart and kidney and the activity of mitochondrial respiratory complex I was reduced.[32] SIRT3 directly regulates the activity of mitochondrial AceCS2 by NAD+-dependent deacetylation.[3334] Mass spectrometry of mitochondrial proteins demonstrates that long-chain acyl coenzyme A dehydrogenase (LCAD) is hyperacetylated (K42) in absence of SIRT3, and hyperacetylation of LCAD abolishes its enzymatic activity. While in vitro and in vivo, LCAD is deacetylated in wild-type mice by SIRT3 under fasting conditions. Mice lacking SIRT3 display fatty-acid oxidation disorders including ATP reduction. This condition will lead to obesity.[35] It has been reported that SIRT3 activates oxidative phosphorylation and inhibits glycolysis and destabilize the association of hexokinase II with the mitochondria via inactivation of cyclophilin D.[36] In addition, SIRT3 deacetylates and activates mitochondrial isocitrate dehydrogenase (IDH2), a key enzyme in TCA cycle and in the supply of NADPH necessary for antioxidant defense.[37] As a regulator of protein translation, SIRT3 deacetylates the mitochondrial ribosome and modulates the activity of respiratory complex II (succinate dehydrogenase).[3839] From the above results, SIRT3 may serve as a major player in modulation of intermediary metabolism and is associated with many metabolic complication including obesity, diabetes, fatty liver, hypertention, myocardiopathy, etc. In addition, SIRT3 deacetylates FoxO1 and some mitochondrial enzymes such as manganese superoxide dismutase, superoxide dismutase 2 and NADH: Ubiquinone oxidoreductase (mitochondrial respiratory complex I), which are involved in processes of mammalian longevity.[4041] SIRT3 also reduces reactive oxygen species (ROS) levels in vivo by inhibiting the activity and stability of HIF-1α. From this aspect, SIRT3 is a longevity-related deacetylase. According to the above analysis, SIRT1, SIRT2, and SIRT3 are also associated with HIF-1α in regulation obesity and diabetes. Zhong et al. discovered that SIRT6 inhibited the transcriptional factor HIF-1α.[42] SIRT6 deficient cells displayed an increased HIF-1α activity, and a decreased mitochondrial respiration. In addition, SIRT6 knockout mice showed an aging symptom such as glycopenia, loss of subcutaneous fat and lordokyphosis.[43] These above studies indicate that SIRT6 keeps the balance of blood sugar and lipid synthesis, and may be as an important molecular target of glucose homeostasis. In conclusion, by targeting these Sirtuin members, it will provide some novel therapeutic methods for metabolic disorders including obesity and diabetes. ROLE OF SIRTUINS IN MYOCARDIOPATHY Vascular differentiation and blood vessel growth are associated with SIRT1 expression. In human umbilical vein endothelial cells (HUVECs), the levels of genes involved in vascular differentiation are reduced, and the initiation of vascular generation is inhibited when SIRT1 is knocked down.[44] SIRT1 induces the expression of vascular endothelial growth factor (VEGF), VEGF receptor and nitric oxide (NO) synthase via inhibition of FoxO1, the necessary negative regulator of NO synthase. In HUVECs, SIRT1 interacts with and deacetylates FoxO1, which leads to FoxO1 activity diminished and facilitates the vascular formation.[45] In 2007, Sano et al. found that constitutive stress load in the left ventricle induced upregulation of p53. p53 is the anti-vessel formation factor and inhibits the activity of SIRT1 while HIF-1α promotes SIRT1 expression.[4647] HIF-1α inactivity is correlated with down-regulation of VEGF, and also with the reduction of density of myocardium blood capillary and muscular hypertrophy transition into heart disease.[48] So fine modulation between SIRT1 and p53 determines the degree of vessel formation in the loaded heart, and whether the compensatory myocardial hypertrophy turns into noncompensatory heart diseases. In the death-receptor-mediated apoptosis pathways, tumor necrosis factor-α (TNF-α) activates cell apoptosis by stimulating the formation of receptor-interacting protein 1 (RIP1)-RIP3 complex. Narayan et al. have found that deacetylase SIRT2 binds to RIP3 and deletion of SIRT2 blocks the formation of RIP1-RIP3 complex in mice.[49] Further studies demonstrate that RIP1 is a critical target of SIRT2 deacetylation, and acetylation of RIP1 (K530) modulates the formation of RIP1-RIP3 complex and TNF-α-mediated necrosis. Inhibition of SIRT2 blocks cellular necrosis induced by TNF-α. RIP1 is also deacetylated by SIRT2 in the condition of ischaemia-reperfusion injury. In addition, the hearts of wild-type mice treated with SIRT2 specific inhibitor display distinct protection from ischemic injury. These results indicate SIRT2 acts as an important modulator of programmed cell necrosis, and inhibition of SIRT2 may provide a novel approach to prevent from necrotic injuries, such as myocardial infarction and ischaemic stroke. SIRT7 is primarily located in nucleus (especially in nucleolar regions). In cardiomyocytes, SIRT7 directly deacetylates p53, and depletion of SIRT7 leads to hyperacetylation of p53 and increases basal cell apoptosis in vivo.[50] In addition, SIRT7 may be involved in protection during ischemic episodes because SIRT7-deficient cardiomyocytes are more sensitive to oxidative and genotoxic stress.[51] In our study, we found that Salermide (inhibitor of SIRT1 and SIRT2) induced cell apoptosis in human lung cancer cells.[52] We all know that vessel formation is the key factor in the tumor development and metastasis. If SIRT1/2 acts as the target protein, it would be beneficial to the tumor invalid in clinical for therapy. Heart failure occurs when the long-term cardiac workload exceeds the ability of the heart and this pathological progression of heart will reach cardiac hypertrophy. The leading risk factor to heart failure is increasing age coupling with dysfunction of tissues and organs, such as hypertension, cardiac arrhythmias and renal insufficiency. The correlation between mitochondrial dysfunction in heart failure and the advancing age has been clarified. Heart and skeletal muscle are highly energetic organs, and they are heavily dependent on mitochondria-derived energy.[53] It has been known that heart failure is often regarded as a pathological state with impaired energy homeostasis, that is to say, the cardiomyocyte ATP and creatine pools in mitochondrial has been depleted. This phenomenon is consistent with the study that SIRT3−/− mice are depleted cardiac ATP levels in liver and brown adipose tissues and the global mitochondrial proteins display hyperacetylation. These data indirectly implicate the role of mitochondrial SIRT3 dysfunction in heart failure. Sundaresan et al. have found that SIRT3 facilitates cardiomyocyte cell survival during genotoxic and oxidative stress, and SIRT3 transgenic mice are resistant to cardiac hypertrophy induced by agonist via upregulation of antioxidant genes.[54] In cardiomyocytes, SIRT3 is a functional prosurvival deacetylase via deacetylating NF Ku70 and promotes proapoptotic protein Bax sequestration resulting in apoptosis inhibition. Under stress conditions, the expression level of SIRT3 is increased, which can protect cardiomyocytes by partly hindering translocation of Bax into mitochondria. This study indicates an essential role of SIRT3 in cardiomyocytes survival in stress situation.[55] In another study, the agonist-induced cardiac hypertrophy is abrogated in a SIRT3-dependent manner in which mice are administrated with exogenous NAD+.[56] In addition, NAD+-salvaging enzyme nicotinamide phosphoribosyltransferase (Nampt) is overexpressed in transgenic mice, and the infarct size of ischemia-reperfusion injury is reduced because of the increased NAD+ cardioprotective effect mediated by SIRT1.[57] Therefore, we see that Sirtuin family members, such as SIRT1, SIRT2, SIRT3 and SIRT7 both have cardioprotective effects. If we find the common regulatory mechanism among them, prevention and therapy for myocardiopathy may be operated effectively through multiple ways by targeting the same regulatory factor. REGULATORY ROLE OF SIRTUINS IN NEURODEGENERATIVE DISEASES In several neurodegenerative diseases such as and SIRT1 activation can protect cells to in this it is dependent on cellular NAD+ If the NAD+ level SIRT1 inhibition than activation protect cells from during the levels of ATP and oxygen in cells are which both and oxidative stress leading to SIRT1 SIRT1 activation will the NAD+ and the cells In mice studies have found that SIRT1 inhibition can by Deacetylase SIRT2 in cells apoptosis by of different proteins. In the of SIRT2 deacetylates and increases the expression levels of and protein to induce cell apoptosis treated with While induced by is by genetic deletion of SIRT2 in SIRT2 increases the acetylation level of and levels leading to the reduction of Therefore, in may be beneficial to for it be these modulators are to the specific and because deacetylase not only cells but also and REGULATORY ROLE OF SIRTUINS IN is also and occurs in an in the In it is to Sirtuins as proteins or tumor SIRT1, and 7 have all been to modulate tumorigenesis in At the in vivo SIRT1 as an et al. have showed that SIRT1 is in human tumor While studies have that cancer cells displayed and apoptosis via SIRT1 SIRT1 are in clinical for cancer SIRT2 deacetylates p53 and regulates its effect on cellular Therefore, inhibition of p53 deacetylation is of for cancer In cancer oxidative phosphorylation impaired and metabolism are the primary of the which to tumor cells growth As SIRT3 modulates of mitochondrial proteins and dysfunction of SIRT3 to metabolism in tumor Deacetylase SIRT3 is involved in cancer cell apoptosis and as a tumor it also promotes cell SIRT3 induces cancer cell apoptosis in manner via SIRT3 mitochondrial deacetylase is regulated by the enzyme in In cancer is necessary for cell survival and in the condition of fasting and induced genotoxic Recently, different experiments have been demonstrated that SIRT3 is associated with the regulation of p53 in cell growth In SIRT3 partially p53 activity to exert growth and While inactivation of SIRT3 increases mitochondrial and leads to p53 upregulation and of gene expression in these that SIRT3 can the of p53 in cell growth and cell As Sirtuins, SIRT4 is also a mitochondrial deacetylase as SIRT3 and functions as tumor via Latest SIRT2 has been as an protein in cell lung cancer by targeting SIRT6 an important role in of SIRT6 induces apoptosis in some cancer SIRT6 acts as a tumor by inhibition of in a of cancer and expression levels of SIRT6 in cancer have a correlation with a In SIRT7 has been regarded as a for its upregulation in all the cancer studied so such as cancer and According to the above on Sirtuins at we find that Sirtuin members display different regulatory role in aging-related diseases 1]. These modulate or with the same transcriptional factors, such as FoxO1 and p53. SIRT1, SIRT2 and SIRT3 as the major deacetylases of Sirtuin family, all of with FoxO1 and p53. of Sirtuins has its activity and specific [Table Therefore, these Sirtuin family members regulate the aging-related diseases in common or 1: correlation between Sirtuins and the and target of different Sirtuin advancing diabetes, myocardiopathy, neurodegenerative diseases, and cancer are emerging Accumulating studies have been reported that of acetylation in mitochondrial proteins is highly correlated with aging-related of the Sirtuin members in the changes in At gene a to of SIRT3 gene is to be located in with in elderly A of discovered by et al. suggest that is related with and in are found in SIRT1 and SIRT2 which indicate that the Sirtuin members have in biological or in they may share Sirtuins as the critical modulators in diseases, in diverse metabolic processes by targeting different or via different signaling In addition, Sirtuins are NAD+-dependent deacetylases and response to cellular and and thus regulate the expression of genes in metabolism to resistance and the ability to oxidative stress. factors such as p53 and FoxO1, are sensitive to changes of and energy in vitro and in vivo, and are all involved in these regulatory metabolism So to the above and analysis, there between Sirtuin family members and these transcriptional factors the interaction may have not the same biological in metabolism We signaling pathways or factors may among these Sirtuins with for the studied SIRT5 and Therefore, Sirtuins as the targets for therapy of aging-related pathologies indeed in the more and more At some and have been in clinical it is that these Sirtuins or for therapy be in specific and In addition, different Sirtuin locates in diverse cellular and has specific activity and biological So of mammalian Sirtuins at the respectively, functional study, of their substrate targets and of transgenic of the common or regulatory mechanism may be beneficial to longevity and onset of the aging, and it is also to provide prevention and methods for aging-related diseases.",2015,2015-06-08,article,en,https://openalex.org/W1833348710,False,0,genomics_plus_other,True,True,True,True
doi:10.56238/levv16n53-089,doi:10.56238/levv16n53-089,semantic_scholar,semantic_scholar,a3082a677cab7c4e3194689441cadcabfa7a3b81,10.56238/levv16n53-089,,,GUT MICROBIOTA AND ITS ROLE IN THE DEVELOPMENT OF METABOLIC DISEASES IN CHILDREN: A SYSTEMATIC REVIEW,"Introduction: The intestinal microbiota plays a critical role in metabolic homeostasis, influencing nutrient absorption, immune function, and systemic inflammation. Disruptions in gut microbial composition, known as dysbiosis, have been increasingly associated with childhood metabolic diseases such as obesity, insulin resistance, and metabolic syndrome. The first years of life are characterized by intense microbial colonization, and disturbances during this window may have long-term consequences for metabolic health. Objective: The primary objective of this systematic review was to synthesize current evidence on the relationship between gut microbiota composition and the development of metabolic diseases in children. Secondary objectives included the evaluation of microbial biomarkers linked to metabolic dysregulation and the impact of interventions—such as probiotics, prebiotics, synbiotics, and dietary modifications—on metabolic outcomes and microbiota diversity. Methods: A systematic search was conducted across PubMed, Scopus, Web of Science, Cochrane Library, LILACS, ClinicalTrials.gov, and ICTRP databases. Inclusion criteria comprised human studies published within the last five years, addressing gut microbiota profiles and metabolic parameters in pediatric populations. When fewer than ten eligible studies were identified, the time window was expanded to ten years. Animal and in vitro studies were analyzed separately for mechanistic insights. Two independent reviewers screened titles, abstracts, and full texts following PRISMA guidelines, extracted data using standardized templates, and assessed risk of bias using RoB 2, ROBINS-I, and QUADAS-2 tools. Certainty of evidence was graded using the GRADE approach. Results and Discussion: The search identified 1,426 records, of which 38 met inclusion criteria. Studies consistently demonstrated that children with obesity and metabolic syndrome exhibit reduced bacterial diversity, lower Bacteroidetes/Firmicutes ratios, and higher abundance of proinflammatory taxa such as Enterobacteriaceae. Interventional trials with probiotics and synbiotics showed modest improvements in insulin sensitivity, lipid profiles, and inflammatory markers, though heterogeneity and methodological limitations limited generalizability. Evidence certainty was graded as low to moderate, with frequent confounding by diet, age, and antibiotic exposure. Conclusion: The gut microbiota exerts a significant influence on the development and progression of metabolic diseases in children, though causality remains to be firmly established. Future research should prioritize longitudinal, multi-omics approaches and standardized protocols to clarify microbial-metabolic interactions and inform precision interventions. Integrating microbiota-targeted therapies into pediatric care could represent a promising avenue for early prevention of metabolic disorders.",2025,2025-10-23,JournalArticle; Review,,https://www.semanticscholar.org/paper/a3082a677cab7c4e3194689441cadcabfa7a3b81,False,0,,True,False,True,False
doi:10.64898/2026.05.26.26354041,doi:10.64898/2026.05.26.26354041,semantic_scholar,semantic_scholar,7cbda9fecae59aeccb00084f5c28d6fcf488212b,10.64898/2026.05.26.26354041,42282175,,Baseline Gut Microbiome-Metabolome Signatures Are Associated with Drinking Severity and Reduction Following Dutasteride Treatment in Alcohol Use Disorder,"The gut microbiome has been implicated in alcohol use disorder (AUD), but its relationship to drinking intensity and treatment response remains poorly understood. We conducted a longitudinal multi-omics analysis of stool samples collected at baseline and endpoint (after 12 weeks) from 122 participants enrolled in a double-blind, placebo-controlled trial of dutasteride for AUD. Gut microbiome composition was characterized using 16S rRNA gene sequencing, and fecal metabolites were measured by LC-MS-based metabolomics. At baseline, drinking intensity was associated with increasingly lower microbial richness. Genera in the class Clostridia emerged as key microbial hubs associated with drinking intensity in an age- and sex-dependent manner. Drinking intensity promoted co-enrichment of [Ruminococcus] gnavus group and [Clostridium] inocuum group with amino acid catabolites, as well as the co-depletion of diverse Clostridia taxa and lipid metabolites. Dutasteride treatment and drinking reduction had minimal impact on gut microbiome composition. Random forest models integrating baseline clinical, microbiome, and metabolome data improved the classification of clinically meaningful drinking reduction compared to models using clinical data alone. These findings show that a coupled baseline gut microbiome-metabolome signature is associated with drinking intensity and future treatment response in AUD, highlighting the potential for multi-omics integration to inform precision treatment approaches.",2026,2026-06-02,JournalArticle,,https://www.semanticscholar.org/paper/7cbda9fecae59aeccb00084f5c28d6fcf488212b,False,0,,True,False,False,False
no-doi:3b79f25f840a0f7140a17a2a,no-doi:3b79f25f840a0f7140a17a2a,google_scholar,google_scholar,YhWI6EhlkPkJ,,,,Multi-omics network analysis reveals distinct stages in the human aging progression in epidermal tissue,"… Naturally further studies will be required to evaluate if any causal relationship between aging 
… In summary, using multi-omics analysis we identified four aging phases in ex vivo human …",2020,2020-01-01,,,https://pmc.ncbi.nlm.nih.gov/articles/PMC7343460/,False,0,,True,True,True,True
