record_id,canonical_id,source,provenance_sources,source_record_id,doi,pmid,pmcid,title,abstract,year,publication_date,document_type,language,url,is_preprint,duplicate_count,query_branches,local_multiomics_match,local_aging_match,local_causal_anchor_match,local_three_block_match
doi:10.1002/adfm.202514253,doi:10.1002/adfm.202514253,semantic_scholar,scopus;semantic_scholar,def13f4b17265776fe34589641b0495686eaed92,10.1002/adfm.202514253,,,Neodymium‐Modified Molybdenum Blue Nanoclusters Alleviate Polycystic Ovary Syndrome via Radical Scavenging,"Polycystic ovary syndrome (PCOS) is an endocrine and metabolic disorder characterized by hyperandrogenism, ovulatory dysfunction, and polycystic ovarian morphology. Chronic inflammation and oxidative stress are key contributors to its pathogenesis, yet effective and safe therapeutic strategies remain limited. In this study, a neodymium‐modified molybdenum blue (MoNd) nanocluster is evaluated as a therapeutic strategy for PCOS, featuring excellent biocompatibility and ROS scavenging capacity. In a DHEA‐induced PCOS mouse model, MoNd treatment significantly improved ovarian morphology, restored ovulatory function, and alleviated metabolic abnormalities. Metabolomic analysis indicated that MoNd nanoclusters significantly improved hepatic antioxidant capacity and redox balance. Transcriptomic analysis revealed that MoNd modulates key pathways associated with PCOS, particularly those related to oxidative stress and inflammation. Moreover, significant regulatory effects are observed on the PI3K‐AKT and p53 signaling pathways following MoNd treatment, which are implicated in cell death processes such as ferroptosis and cellular senescence, respectively. Specifically, MoNd nanoclusters effectively preserved granulosa cell viability by counteracting ROS‐induced ferroptotic and senescent responses, and attenuated the pro‐inflammatory polarization of macrophages. Collectively, the findings highlight MoNd nanocluster as a potent nanotherapeutic agent capable of ameliorating both reproductive and metabolic features of PCOS, paving the way for its future application in clinical interventions for PCOS.",2025,2025-11-17,JournalArticle,,https://www.semanticscholar.org/paper/def13f4b17265776fe34589641b0495686eaed92,False,1,,True,True,True,True
doi:10.1002/ejhf.10,doi:10.1002/ejhf.10,openalex,openalex,https://openalex.org/W1499738670,10.1002/ejhf.10,,,Meeting Highlights from the 2013 European Society of Cardiology Heart Failure Association Winter Meeting on Translational Heart Failure Research,"The Winter Meeting on Translational Heart Failure Research of the European Society of Cardiology (ESC) Heart Failure Association (HFA) has a long-standing tradition since 1983 and has emerged as one of the best basic and translational heart failure meetings in Europe. Since 2009, the Winter Meeting has taken place in Les Diablerets in the Swiss Alps. The 2013 Meeting took place from 23 to 26 January. Figure 1 shows all the participants outside the Conference Centre. Honouring the pioneering spirit of Professor Dirk Brutsaert for this Meeting, the ‘Brutsaert Lecture’ is given by exceptional scientists and leaders in their field. This year's Brutsaert Lecture was given by Professor William Jonathan Lederer from Baltimore, USA. Professor Lederer was honoured for his outstanding achievements in discovering 'Ca2+ sparks' and deciphering the mechanisms that control local Ca2+ release from the sarcoplasmic reticulum (SR), the fundamental event that in its whole-cell sum determines the cytosolic Ca2+ transient. Professor Lederer began his lecture with the discovery of Ca2+ sparks in 1993,1 and he then discussed the local events that trigger and terminate Ca2+ sparks, the techniques with which sparks can be monitored, and finally the pathophysiological and therapeutic implications that arise thereof. One major focus of this year's scientific programme was on metabolism, which in the last couple of years has become an emerging topic in cardiovascular pathophysiology particularly as a result of various genomic, proteomic, and metabolomic analyses of heart failure models. Besides a ‘Metabolism’ session and a session on ‘Systems biological strategies in cardiovascular diseases’, which covered primarily metabolomic approaches, mitochondrial physiology and pathology were centrally involved in a session on ‘Ageing’ and partly covered in ‘Myocardial stress sensors’ and ‘Exercise training in heart failure’. Based on the feedback from participants of previous years, a session that covered vascular aspects of heart failure was included (‘Hypertension—the vascular road to heart failure’). Furthermore, a session on ‘Myocardial stress sensors’ integrated several mechanisms of how the heart can adapt to haemodynamic, metabolic, and oxidative stress. Finally, a session on ‘Cardiac regeneration’ highlighted the roles of cell–cell communication, non-coding RNAs and microRNAs, and cardiac progenitor cells for regeneration. A new format in this year's Winter Meeting was a debate session on ‘Heart failure therapy—which are the most promising targets’, in which experts briefly presented their ideas and concepts within 3–5 min, followed by a lively discussion. A poster session accompanied by wine and cheese on Thursday evening is one of the highlights of the Winter Meeting. The Young Investigator Award was won by Lorenz H. Lehmann (Heidelberg, Germany) for his poster ‘HDAC4 reduces pathological but stimulates physiological cardiac remodeling’. The second and third prizes were awarded to Nerea Hermida (Belgium) and Mathias Eden (Germany) for their projects ‘Cardiac myocyte β3 adrenergic receptor protects from cardiac fibrosis through inhibition of paracrine signaling to fibroblasts: proteomic analysis of the myocyte secretome’ and ‘Myoscape (Muscle enriched Calcium-Channel associated protein), a novel regulator of L-type Calcium Channel dependent calcium cycling and contractile function in vivo’, respectively. In the following paragraphs, the seven sessions of the Meeting and the Debate Session will be highlighted in more detail. The incidence and prevalence of heart failure increase with age, and our elderly population increases continuously. Already today, heart failure is the most common diagnosis for hospital admission, and it is expected that this will increase further in the next decades with progressive ageing of the population. Thus, it is important to understand the mechanisms of ageing in order to determine which mechanisms ageing and heart failure have in common, which are separate from each other, and how to target these processes. Since many concepts of ageing converge to mitochondrial metabolism and the redox state, the three presenters of this session had a strong mitochondrial focus. Rosario Rizzuto (Padova, Italy) focused on the role of mitochondrial Ca2+ uptake for the regulation of aerobic metabolism and cell survival. In 2011, he and his team had determined the molecular identity of the mitochondrial Ca2+ uniporter (MCU),2 which has already opened up (and will further open up) new avenues to analyse systematically the role of mitochondrial Ca2+ uptake for cell survival and death pathways. With the molecular identity of the MCU at hand, the discovery of regulatory proteins of the MCU has gained critical momentum, which crystallized in a number of recent high impact publications on this issue (for a review, see Kohlhaas et al.3). The second speaker in the session was Johan Auwerx from Lausanne (Switzerland), whose group identified mitochondrial ribosome protein (Mrps5) as a key longevity protein across various species.4 Mrps are nuclear-encoded proteins that facilitate protein synthesis within mitochondria, where the mitochondrial DNA encodes complexes I, III, and IV of the respiratory chain, while most other mitochondrial proteins are encoded by nuclear DNA. Various interventions that led to an imbalance between nuclear DNA- and mitochondrial DNA-encoded mitochondrial proteins (involved in oxidative phosphorylation), so-called ‘mitonuclear protein imbalance’, activate the mitochondrial unfolded protein response (UPRmt), regardless of whether this increases or decreases mitochondrial respiration.4 These findings resolve the seeming paradox of why various interventions with opposite effects on mitochondrial respiration can have in common an extension in life span. Auwerx proposes that ‘the apparent conservation of mitonuclear protein imbalance and UPRmt as a general longevity mechanism should invite further studies to explore whether targeting UPRmt can prevent ageing-associated functional decline and treat diseases linked with ageing’.4 The session was rounded off by Timothy Wai from the lab of Thomas Langer (Cologne, Germany), which has a strong focus on mitochondrial quality control (i.e. mitophagy) in neurodegenerative diseases.5 Wai reported initial results on the i-AAA (mitochondrial ATPase with diverse cellular activity) protease YME1L, which processes the mitochondrial fusion protein OPA1, thereby regulating mitochondrial dynamics. He further discussed that YME1L regulates lipid metabolism and seems to be required to cope with physiological stress conditions such as exercise. This led on to the second session, which focused on exercise training in heart failure. Indeed, many of the processes that are involved in ageing are also targeted by exercise training. Massimo Piepoli (Piacenza, Italy), who chairs the HFA Committee on Exercise Physiology and Training in Heart Failure, gave an introduction to the clinical problem and the implications of exercise training for patients with heart failure. Aerobic exercise training improves survival and quality of life in patients with heart failure and is recommended as a treatment in the recent ESC/HFA Guidelines for Diagnosis and Treatment of Heart Failure.6 A central problem, however, is a limited adherence of patients and/or their physicians to this recommendation,7 and thus special efforts are required to translate the knowledge from clinical trials into practice.8 In this context, a clinical trial is currently testing whether enrolment in disease management programmes (DMPs) improves morbidity and mortality in patients with heart failure.9 To increase patients' adherence to exercise training, DMPs include education, self-management training in symptom monitoring, and outreach by a multidisciplinary team of specially trained nurses and other health professionals.9 On mechanistic grounds, physical training is associated with anti-inflammatory effects and numerous pulmonary, cardiovascular, and skeletal muscle metabolic adaptations. On the vascular side, regular physical exercise corrects endothelial dysfunction and reduces arterial stiffness, presumably mediated by increased expression of endothelial nitric oxide synthase NOS (eNOS) and antioxidative enzymes, and a reduced expression of NADPH oxidase (Nox) subunits.10 As outlined by Emeline van Craenenbroeck (Antwerp, Belgium), regular physical activity stimulates endogenous endothelial repair, both by recruitment of endothelial progenitor cells from the bone marrow and by enhanced functionality of circulating angiogenic cells, thereby contributing substantially to the maintenance of a structurally and functionally intact endothelium.10 On a cardiomyocyte level, Alex Johnston (UK) reported that exercise is associated with increased Ca2+ uptake into the SR, improving Ca2+ transients in cardiac myocytes. Interestingly, in mice after myocardial infarction, these exercise-related beneficial effects on excitation–contraction (EC) coupling were mediated by the activation of Ca2+/calmodulin-dependent protein kinase II (CaMKII), a kinase usually known for its rather adverse effects for hypertrophic signalling11 and EC coupling, mediating arrhythmias in heart failure.12 An interesting question is whether signalling mechanisms involved in exercise-dependent improvements can be targeted directly by drugs. In this context, Mara Fornaro from Novartis (Lausanne, Switzerland) added some interesting perspectives by defining the role that the Gαi2-coupled lysophosphatidic acid (LPA) receptor plays in (skeletal) muscle differentiation. A common phenomenon in patients with heart failure is that they can develop peripheral muscle atrophy (i.e. cardiac cachexia13), caused by loss of muscle mass, and reduced muscle function due to myofibrillar protein degradation and reduced protein synthesis. Part of this degradation is mediated by the E3 ubiquitin ligase MuRF1 (muscle ring finger 1) and, in fact, the expression of MuRF1 is down-regulated in patients with heart failure.14 Alternatively, as a pharmacological approach, LPA antagonizes tumour necrosis factor-α (TNF-α)-mediated induction of MuRF1 gene expression, enhances muscle regeneration, and causes a switch to oxidative fibres.15 Taken together, the development of drugs that target signalling pathways involved in ageing and protein quality control could be promising for the treatment of cardiac cachexia in patients with heart failure. Since hypertension remains an important risk factor for cardiac hypertrophy and failure, this session bridged novel insights from (epi-) genetics to oxidative modifications and interventional aspects of hypertension. Blood pressure represents a classical complex genetic trait with heritability estimates of 30–50%. Although much is known about blood pressure regulation, the intrinsic origin of hypertension still remains unsolved. Variations in the human genome are caused by insertions and deletions, inversions, copy number variants, or single nucleotide polymorphisms (SNPs), which represent the most frequent type of variation. Georg B. Ehret (Geneva, Switzerland) presented data from a recent genome-wide association study on >200 000 individuals, identifying 16 novel genetic loci. Of these, 6 contained genes previously known or suspected to regulate blood pressure, while the other 10 provided new clues to blood pressure physiology.16 Although the overall effects of single risk alleles on blood pressure were quantitatively small, the aggregate effect on blood pressure appeared clinically relevant, since a genetic risk score of 29 blood pressure SNPs was associated with myocardial infarction/CAD, stroke, and LV wall thickness. In addition to genetic factors, the identification of epigenetic mechanisms to control gene expression in heart failure has gained momentum over the past years.17 18 Epigenetic modifications can be induced by environmental factors and/or reflect signal responsiveness in the context of neuroendocrine activation, oxidative stress, and/or other stimuli. Remarkably, Toshiro Fujita (Tokyo, Japan) and his group recently discovered a mechanism of how salt intake, a known predisposing factor for hypertension, mediates the development of hypertension.19 The serine-threonine kinase WNK4 is a negative regulator of Na+ absorption in the renal tubules. Thus, down-regulation of WNK4 results in an activation of the Na+/Cl– co-transporter (NCC) which increases Na+ in the its has the opposite down-regulation of renal WNK4 and the development of hypertension. This inhibition of and of renal WNK4 gene protein as an important mechanism for the regulation of blood oxidative in protein kinase at to activation of this kinase of the classical nitric oxide One of is the of and thus protein of is a redox switch that oxidative stress into and blood pressure redox in other proteins such as protein kinase A and The session was rounded off by Germany), who the novel or renal in patients with hypertension. reduces renal by and muscle activity by results in a in blood pressure, improving cardiac metabolism, and in patients with reported that in a of the of was and that this of These data the of dysfunction with activation and novel therapeutic concepts in the treatment of heart failure and associated several clinical studies and were recently to whether is a and for patients with heart Germany) discussed the role of cell for cardiac regeneration. The heart is a with an between the myocardial cell of in heart group identified which represent of all cell in the as an cellular for heart muscle and of the and in by of provided for the role of The a number of non-coding and non-coding RNAs which are involved in important biological processes such as development and (Lausanne, Switzerland) recently a for the identification of they identified that important regulatory roles in the non-coding of the genome is and of regulatory RNAs and gene regulatory cell to cardiomyocyte mechanisms also be in place in cardiac development and Furthermore, a functional of human to cardiomyocyte by Italy) and led to the identification of a of also of of into the cell of these and were also to of in myocardial in treatment with these reduced and cardiac The of in the was with the induction of cardiac regeneration, thus the to the development of a therapeutic and heart failure. The the emerging of the of a and cells and to a to and a for the cardiomyocyte progenitor cells are in acid to a that can be to the in a of studies whether will the and to an in cardiac function and after to is a promising therapeutic to the of cell This session at on the mechanisms by which the heart to physical and/or metabolic Germany) and Mathias focused on the as an important of stress to the stress is by in the and A central role for the signalling is by the and the and, in by the protein by from and to the gene expression, protein and protein and its at as and determine myocardial and cardiomyocyte As discussed by in an of heart failure with and of results in increased LV Furthermore, data in mice and on from patients with heart failure that at thereby In heart failure, to Mathias added that the also has to be as a signal kinase He further discussed that in and result in failure, to in of stress is a in the redox in cardiac myocytes. A novel mechanism in this was presented by from the lab of as a between and of in cardiac The between and activation is mediated by the the of in the SR, of Ca2+ in on Ca2+ release to Ca2+ pathophysiological conditions signalling causes oxidative stress and to through Ca2+ release from the signalling is by the and of cellular and also to in skeletal muscle in the context of such as and stress is associated with increased which can to decreases of in a One the heart can from metabolic stress is a mechanism by which a in results in of the which is mediated by whose in response to an increase in the cellular it further from the for the of Na+ an at the and Ca2+ Germany) the and of in and of and are in both of the The group the cell of these and provided for a mechanism that improves the of to cellular Ca2+ stress conditions that activation, such as heart failure. has a in the last couple of years, after years in which metabolism has by the of molecular As by in his in in ‘the of by molecular over the past several decades required to the metabolic of a The that could be by molecular to the metabolic of a or is The more that required to the of metabolism and that were for decades as interesting and important Although this was focused on it be as for heart failure In fact, a number of in cardiac metabolism still The heart primarily to and to a for This on the and heart failure and also on the of the but it is that in human heart failure, a has for a whether this switch is by the increased of over In fact, most therapeutic targeting metabolism in heart failure to acid to the of the however, that be more to it the of In this context, presented data on mice with of which acid by with the switch in mice was in and this of acid was associated with of cardiac after cardiac hypertrophy and fibrosis with LV These data that down-regulation of acid could a role for the development of heart failure rather an to more presented data that the expression of the factor lipid metabolism, is the control of and is down-regulated after the of lipid genes in and mice with cardiac expression of following since they to activate expression of the lipid These data stress the of lipid metabolism in the heart and the that a of metabolic genes be rather In of these results be recent data on the of the heart as an of and the on In fact, to in metabolism by cytosolic and signalling by or redox as an important factor for The high of metabolic however, and the of in metabolic in response to of or oxidative stress in heart failure the of to metabolic in heart failure. To this and highlighted the but also the of metabolomic in patients with cardiovascular and with several clinical and analysis a number of to the study of cardiovascular the is the of and and is thus to the with in metabolism in of Furthermore, are limited by and they to signalling pathways and that could to the pathophysiology of the and to the discovery of a single or a group of as a Finally, since these can be in the they could also between the heart and other to the of to the study of clinical heart failure is that metabolic that are in the reflect in metabolism that in the or other and that metabolomic analysis complex and for identification which results required for clinical The also gave a of currently nuclear and as as how to analyse the of data and biological metabolism of the heart common in heart failure, such as and further the In his clinical introduction to the Germany) that metabolic failure is to the but rather is a In and skeletal muscle metabolic to clinical disease and In this he in to metabolic such as and and therapeutic concepts to metabolic will have an impact on cardiac metabolism, but will effects as In patients with heart failure, is common and has identified as a strong of adverse the treatment of heart failure patients with improves functional and quality of life of the of while in patients with heart failure with had a effect on and The mechanisms by which to the pathophysiology of heart failure and, by which pathways improves functional in these patients are and focused on the regulation of and the of in mitochondrial Besides the synthesis of for in is for the of that are particularly in the complexes and in oxidative in cardiac and genetic of into reduces and mitochondrial function and to failure and mitochondrial as in a genetic of an for mitochondrial and particularly of the through the In a of heart failure, in were while into and complex function were In a recent that in human in with cytosolic were reduced in heart failure, while mitochondrial in general was as a cardiac were and increased synthesis in cell induced oxidative stress and cell that the of synthesis in heart failure a role for cardiac In a of a protein reduces mitochondrial and be a between mitochondrial and heart failure. These data that in heart failure of various complex of within and which could be but at the complex for In this context, an is in to and, with other that target mitochondrial this could also be a promising in heart added that is the control of signalling pathways through and release of from activity and mitochondrial A of this year's Winter Meeting was a on which were most promising in the treatment of patients with heart failure. each their ideas in a The to increase the activation of anti-inflammatory cells to of and in the thereby activation and as as cardiomyocyte hypertrophy and Germany) that the of heart failure could be by targeting on findings that plays an important role in hypertrophic EC coupling, and A could be the expression and of also in other and, in in the that of be a promising the of is to the metabolic that in the heart given physiological In this the for is and the is Italy) discussed that targeting molecular such as is since are the to physiological cellular function stress conditions and to activate cell survival signaling The to target molecular could be Since drugs have the of of limited a more could be to gene as highlighted by In this context, the by of in trial of the of type 1 gene expression and beneficial effects on LV function and of patients with heart of heart failure that this be to EC coupling, of cellular and of Finally, van The of that new drugs an should a in or over the of and of a that has in that target can all of these Furthermore, be in heart In this year's Winter Meeting gave a of concepts in heart failure and on heart failure pathophysiology and and provided many for all participants to their and have with their The Meeting was by the Heart Failure Association and from and of is and scientific of Heart other have of to",2013,2013-12-14,article,en,https://openalex.org/W1499738670,False,0,genomics_plus_other;proteomics_plus_downstream;transcriptomics_plus_downstream,True,True,True,True
doi:10.1002/stem.402,doi:10.1002/stem.402,pubmed,pubmed,20201064,10.1002/stem.402,20201064,PMC3015217,Butyrate greatly enhances derivation of human induced pluripotent stem cells by promoting epigenetic remodeling and the expression of pluripotency-associated genes.,"We report here that butyrate, a naturally occurring fatty acid commonly used as a nutritional supplement and differentiation agent, greatly enhances the efficiency of induced pluripotent stem (iPS) cell derivation from human adult or fetal fibroblasts. After transient butyrate treatment, the iPS cell derivation efficiency is enhanced by 15- to 51-fold using either retroviral or piggyBac transposon vectors expressing 4 to 5 reprogramming genes. Butyrate stimulation is more remarkable (>100- to 200-fold) on reprogramming in the absence of either KLF4 or MYC transgene. Butyrate treatment did not negatively affect properties of iPS cell lines established by either 3 or 4 retroviral vectors or a single piggyBac DNA transposon vector. These characterized iPS cell lines, including those derived from an adult patient with sickle cell disease by either the piggyBac or retroviral vectors, show normal karyotypes and pluripotency. To gain insights into the underlying mechanisms of butyrate stimulation, we conducted genome-wide gene expression and promoter DNA methylation microarrays and other epigenetic analyses on established iPS cells and cells from intermediate stages of the reprogramming process. By days 6 to 12 during reprogramming, butyrate treatment enhanced histone H3 acetylation, promoter DNA demethylation, and the expression of endogenous pluripotency-associated genes, including DPPA2, whose overexpression partially substitutes for butyrate stimulation. Thus, butyrate as a cell permeable small molecule provides a simple tool to further investigate molecular mechanisms of cellular reprogramming. Moreover, butyrate stimulation provides an efficient method for reprogramming various human adult somatic cells, including cells from patients that are more refractory to reprogramming.",2010,2010-04-01,"Journal Article; Research Support, N.I.H., Extramural; Research Support, Non-U.S. Gov't",eng,https://pubmed.ncbi.nlm.nih.gov/20201064/,False,0,,True,False,True,False
doi:10.1007/s10753-026-02526-2,doi:10.1007/s10753-026-02526-2,semantic_scholar,scopus;semantic_scholar,d17fcfdb0effccd63e74a6afb660c24e8b742f1a,10.1007/s10753-026-02526-2,42154076,13364797,Inhibition of MyD88 in Tubular Epithelial Cells Alleviates the Cellular Senescence in Sepsis-Associated Acute Kidney Injury,"Cellular senescence has emerged as an important contributor to acute kidney injury (AKI); however, its role in sepsis-associated acute kidney injury (SA-AKI) remains insufficiently characterized. This study aimed to investigate the involvement of cellular senescence in SA-AKI and to determine the contribution of the Toll-like receptor (TLR)/MyD88 signaling pathway. A cecal ligation and puncture (CLP) mouse model was established to induce SA-AKI. Cellular senescence markers and inflammatory indices were evaluated at 24, 48, and 72 h after injury using senescence-associated β-galactosidase (SA-β-Gal) staining, immunofluorescence, and quantitative real-time PCR (qPCR). Integrated transcriptomic and proteomic analyses were performed to identify candidate hub genes involved in SA-AKI. Human Kidney-2 (HK-2) cells were used to assess the role of MyD88 in tubular epithelial cell senescence, and mice with tubular epithelial cell-specific deletion of Myd88 were subsequently used to investigate the in vivo role of MyD88 in SA-AKI. At 72 h after CLP, SA-AKI was associated with a marked increase in SA-β-Gal activity, p21 expression, DNA damage, and inflammatory cytokine production, together with decreased lamin B1 (LAMNB1) expression and reduced proliferative activity, indicating the induction of cellular senescence. Inflammatory cell infiltration was also evident at this time point. Integrated omics analysis identified MyD88 as a key candidate molecule. In HK-2 cells, pharmacological inhibition of MyD88 attenuated lipopolysaccharide-induced cellular senescence and inflammatory responses. Consistently, tubular epithelial cell-specific deletion of Myd88 significantly reduced cellular senescence, inflammatory infiltration, and renal injury following SA-AKI. These findings indicate that cellular senescence in SA-AKI is mediated, at least in part, by the TLR/MyD88 signaling pathway. Targeting this pathway may represent a potential therapeutic strategy for attenuating SA-AKI progression and improving renal outcomes.",2026,2026-05-19,JournalArticle,,https://www.semanticscholar.org/paper/d17fcfdb0effccd63e74a6afb660c24e8b742f1a,False,1,,True,True,True,True
doi:10.1007/s13659-025-00549-0,doi:10.1007/s13659-025-00549-0,europepmc,europepmc;pubmed;scopus;semantic_scholar,MED:40938450,10.1007/s13659-025-00549-0,40938450,PMC12431999,"Lobetyolin, an anti-AD factor from the diet campanulaceae source, metabolism regulation and target exploration.","Bioactive compounds from food-compatible medicinal herbs have shown promise as preventive agents against age-related neurodegenerative conditions, particularly Alzheimer's disease (AD). The present work aimed to find Lobetyolin as a new suppressor of Aβ aggregation and its interventions on abnormal metabolism in AD. Aβ-expressing Caenorhabditis elegans (strain CL4176) and wild-type worms were employed to evaluate paralysis onset, lifespan, cerebral Aβ deposition, and intracellular reactive oxygen species (ROS) after Lobetyolin administration. Untargeted ultra-high-performance liquid chromatography-high-resolution mass spectrometry (UHPLC-HRMS) metabolomics coupled with RNA-seq transcriptomics was carried out to profile systemic metabolic and gene-expression changes. Differential metabolites and transcripts were subjected to Kyoto Encyclopedia of Genes and Genomes (KEGG), Gene Ontology (GO), and pathway-impact analyses; hub targets were prioritized by integrating enrichment scores with in-silico docking. Lobetyolin (12.5-50 µM) markedly protected C. elegans from Aβ-driven toxicity and oxidative stress. In CL2006 worms, β-amyloid deposits fell by 54.8 ± 9.4%, while paralysis in CL4176 was delayed by 20.9 ± 4.5%. Lifespan increased by up to 18.2% in CL4176 and 25.0% in wild-type N2 worms. Concomitantly, intracellular ROS declined maximally by 28.1 ± 8.9% (N2) and 22.4 ± 3.8% (CL4176). Integrative metabolomic-transcriptomic analyses, validated by RT-qPCR, revealed selective remodeling of glutathione metabolism: gst-38 expression was suppressed, whereas gst-1 was elevated. Lobetyolin confers neuroprotective and geroprotective benefits in vivo, primarily through reprogramming glutathione-centered redox metabolism and selectively modulating glutathione-S-transferases (GST) isoforms. These findings position Lobetyolin as a promising dietary lead compound for AD prevention and healthy aging interventions.",2025,2025-09-12,research-article; Journal Article,eng,https://europepmc.org/article/MED/40938450,False,3,,True,True,True,True
doi:10.1016/j.bcp.2026.117931,doi:10.1016/j.bcp.2026.117931,semantic_scholar,semantic_scholar,4e624c2f75a42594d8ee724fac503c83f3c1f0b2,10.1016/j.bcp.2026.117931,41895618,,Targeted endothelial GTPCH1/BH4 pathway activation reverses vascular dysfunction in smoking-associated obesity.,"Obesity and cigarette smoking are two major cardiovascular risk factors that frequently coexist, yet their combined impact on vascular function and the underlying mechanisms remains insufficiently defined. Here, we show that short-term cigarette smoke (CS) exposure induces persistent endothelial dysfunction exclusively in obese mice, while having minimal vascular effects in lean mice. Obese mice exposed to CS exhibited severely impaired acetylcholine-induced vasodilation, elevated blood pressure, sustained vascular oxidative stress, and accelerated endothelial senescence. Integrated metabolomic and transcriptomic analyses revealed that CS superimposed on obesity drives a distinct metabolic and transcriptional reprogramming characterized by disrupted redox homeostasis and inflammatory signaling. Mechanistically, CS selectively suppressed endothelial GTP cyclohydrolase 1 (GTPCH1) expression in obese mice, resulting in tetrahydrobiopterin (BH4) depletion, endothelial nitric oxide synthase (eNOS) uncoupling, reduced nitric oxide bioavailability, and increased superoxide production. Endothelial-specific restoration of GTPCH1 expression or pharmacological treatment with sepiapterin restored eNOS coupling, normalized endothelial redox balance, and rescued vascular function. In summary, we demonstrate that CS leads to sustained endothelial dysfunction in the setting of obesity, a phenomenon that is associated with disruption of the GTPCH1/BH4/eNOS axis. This provides a mechanistic explanation for the heightened cardiovascular risk in obese smokers and identifies actionable molecular targets for intervention.",2026,2026-03-01,JournalArticle,,https://www.semanticscholar.org/paper/4e624c2f75a42594d8ee724fac503c83f3c1f0b2,False,0,,True,False,True,False
doi:10.1016/j.devcel.2014.05.013,doi:10.1016/j.devcel.2014.05.013,pubmed,pubmed,25073155,10.1016/j.devcel.2014.05.013,25073155,,Roles for Pbp1 and caloric restriction in genome and lifespan maintenance via suppression of RNA-DNA hybrids.,"Intergenic transcription within repetitive loci such as the ribosomal DNA (rDNA) repeats of yeast commonly triggers aberrant recombination. Major mechanisms suppressing aberrant rDNA recombination rely on chromatin silencing or RNAPII repression at intergenic spacers within the repeats. We find ancient processes operating at rDNA intergenic spacers and other loci to maintain genome stability via repression of RNA-DNA hybrids. The yeast Ataxin-2 protein Pbp1 binds noncoding RNA, suppresses RNA-DNA hybrids, and prevents aberrant rDNA recombination. Repression of RNA-DNA hybrids in Pbp1-deficient cells through RNaseH overexpression, deletion of the G4DNA-stabilizing Stm1, or caloric restriction operating via RNaseH/Pif1 restores rDNA stability. Pbp1 also limits hybrids at non-rDNA G4DNA loci including telomeres. Moreover, cells lacking Pbp1 have a short replicative lifespan that is extended upon hybrid suppression. Thus, we find roles for Pbp1 in genome maintenance and reveal that caloric restriction counteracts Pbp1 deficiencies by engaging RNaseH and Pif1.",2014,2014-07-28,"Journal Article; Research Support, Non-U.S. Gov't",eng,https://pubmed.ncbi.nlm.nih.gov/25073155/,False,0,,True,True,True,True
doi:10.1016/j.foodres.2026.119245,doi:10.1016/j.foodres.2026.119245,semantic_scholar,semantic_scholar,2208ba226efdfeda3c575b1b06d8189ccef5e786,10.1016/j.foodres.2026.119245,42116493,,"Sequential inoculation with indigenous non-Saccharomyces yeasts drives multi-dimensional quality improvement of cabernet Gernischt wine: Mechanisms for greenness masking, color stabilization, and phenolic modulation.","Cabernet Gernischt, a regionally distinctive grape variety in China genetically linked to Carmenere, frequently suffers from intrinsic oenological defects, specifically dominant greenness and rapid chromatic instability. To establish a targeted biotechnological correction strategy, this study systematically evaluated the metabolic remodeling potential of six indigenous non-Saccharomyces yeasts in sequential fermentation with S. cerevisiae. By integrating multi-omics profiling with advanced chemometrics, we elucidated the specific mechanisms driving quality improvement. A ""chemical paradox"" was resolved where reduced greenness perception occurred despite high retention of C6 alcohols; non-linear threshold modeling identified a critical sensory masking mechanism triggered when total terpenes exceeded 54 μg/L. Regarding chromatic attributes, Multiple Linear Regression (MLR) demonstrated that the superior color stability observed during 8-month bottle aging was driven by a tannin-dependent copigmentation pathway rather than initial anthocyanin conservation. Furthermore, hierarchical correlation analysis confirmed a glycerol-mediated metabolic compensation strategy that ameliorated mouthfeel thinness in lower-alcohol wines. Among the screened strains, Metschnikowia chrysoperlae and Pichia kudriavzevii emerged as effective ""bio-regulators"", offering a precision oenology solution to valorize regionally distinctive but oenologically challenged varieties by simultaneously masking defects and reinforcing structural integrity.",2026,2026-04-01,JournalArticle,,https://www.semanticscholar.org/paper/2208ba226efdfeda3c575b1b06d8189ccef5e786,False,0,,True,True,True,True
doi:10.1016/j.jare.2026.07.001,doi:10.1016/j.jare.2026.07.001,openalex,europepmc;openalex;pubmed;scopus;semantic_scholar,https://openalex.org/W7167527045,10.1016/j.jare.2026.07.001,,,Mapping sarcopenia’s causal proteome reveals a leptin-driven inflammatory-mitochondrial axis for early prediction,"INTRODUCTION: Sarcopenia, the age-related loss of muscle mass and function, is a major barrier to healthy aging. However, its molecular origins remain obscure, and current clinical tools lack the sensitivity needed to detect risk before significant decline occurs. OBJECTIVES: We sought to map the causal proteome of sarcopenia to clarify its pathogenesis and derive a blood-based signature capable of predicting disease onset years in advance. METHODS: Our approach integrated multi-omics with causal inference. We first screened muscle transcriptomes to guide a proteome-wide Mendelian randomization (MR) analysis, leveraging cis-pQTLs and UK Biobank GWAS data to isolate causal proteins. Concurrently, we analyzed 2,920 plasma proteins in the UK Biobank to pinpoint markers associated with future sarcopenia risk. We then combined these causal and prospective datasets to train a machine learning predictor. RESULTS: We identified 39 circulating proteins with causal effects on muscle mass or strength, implicating specific growth (HBEGF), inflammatory (TLR2), and metabolic (MDH1) pathways. By integrating these causal drivers with prospective biomarkers, our machine learning model predicted incident sarcopenia up to six years prior to diagnosis (AUC = 0.738). Notably, the model distinguished true sarcopenia from simple muscle weakness. Network analysis placed Leptin (LEP) at the core of this signature, linking systemic metabolic signals to downstream inflammatory effectors. CONCLUSION: Our findings support a mechanism where chronic, LEP-associated inflammation converges with mitochondrial bioenergetic failure to drive muscle decline. This study provides proof-of-concept for a plasma proteomic tool for early risk stratification and establishes a new framework of high-confidence targets for therapeutic development.",2026,2026-07-01,article,en,https://openalex.org/W7167527045,False,4,explicit_multiomics;genomics_plus_other;transcriptomics_plus_downstream,True,True,True,True
doi:10.1016/j.mam.2025.101358,doi:10.1016/j.mam.2025.101358,openalex,openalex;pubmed,https://openalex.org/W4408106864,10.1016/j.mam.2025.101358,,,Decoding driver and phenotypic genes in cancer: Unveiling the essence behind the phenomenon,"Gray hair, widely regarded as a hallmark of aging. While gray hair is associated with aging, reversing this trait through gene targeting does not alter the fundamental biological processes of aging. Similarly, certain oncogenes (such as CXCR4, MMP-related genes, etc.) can serve as markers of tumor behavior, such as malignancy or prognosis, but targeting these genes alone may not lead to tumor regression. We pioneered the name of this class of genes as ""phenotypic genes"". Historically, cancer genetics research has focused on tumor driver genes, while genes influencing cancer phenotypes have been relatively overlooked. This review explores the critical distinction between driver genes and phenotypic genes in cancer, using the MAPK and PI3K/AKT/mTOR pathways as key examples. We also discuss current research techniques for identifying driver and phenotypic genes, such as whole-genome sequencing (WGS), RNA sequencing (RNA-seq), RNA interference (RNAi), CRISPR-Cas9, and other genomic screening methods, alongside the concept of synthetic lethality in driver genes. The development of these technologies will help develop personalized treatment strategies and precision medicine based on the characteristics of relevant genes. By addressing the gap in discussions on phenotypic genes, this review significantly contributes to clarifying the roles of driver and phenotypic genes, aiming at advancing the field of targeted cancer therapy. Certain oncogenes can serve as markers of tumor behavior, but targeting these genes alone may not lead to tumor regression, distinguishing them from traditional cancer driver genes, which we have termed ""phenotypic genes."" Techniques such as WGS, RNA-seq, RNAi, CRISPR-Cas9, and the concept of synthetic lethality will facilitate the accurate screening of phenotypic and driver genes, ultimately improving early cancer diagnosis, enabling personalized treatment strategies, and guiding combination drug therapies. Methods and significance of distinguishing driver and phenotypic genes in cancer. • The article defines “phenotypic genes” as regulators of cancer traits that do not directly drive tumor progression. • It showcases advanced genomic methods—WGS, RNA-seq, RNAi, and CRISPR-Cas9—for identifying driver and phenotypic genes. • Differentiating driver from phenotypic genes enables advancements in precision oncology and personalized cancer therapies.",2025,2025-03-03,article,en,https://openalex.org/W4408106864,False,1,genomics_plus_other,True,True,False,False
doi:10.1016/j.pmrj.2012.02.023,doi:10.1016/j.pmrj.2012.02.023,europepmc,europepmc;pubmed;scopus;semantic_scholar,MED:22632695,10.1016/j.pmrj.2012.02.023,22632695,,Nutritional interventions to prevent and treat osteoarthritis. Part II: focus on micronutrients and supportive nutraceuticals.,"Osteoarthritis (OA) is the most common cause of musculoskeletal disability in the elderly, and it places an enormous economic burden on society, which will remain a major health care challenge with an aging population. Management of OA is primarily focused on palliative relief using agents such as nonsteroidal anti-inflammatory drugs (NSAID) and analgesics. However, such an approach is limited by a narrow therapeutic focus that fails to address the progressive and multimodal nature of OA. Given the favorable safety profile of most nutritional interventions, identifying disease-modifying pharmaconutrients capable of improving symptoms and also preventing, slowing, or even reversing the degenerative process in OA should remain an important paradigm in translational and clinical research. The goals of pharmaconutrition for metabolic optimization are to drive biochemical reactions in a desired direction and to meet health condition-specific metabolic demands. Applying advances in nutritional science to musculoskeletal medicine remains challenging, given the fluid and dynamic nature of the field, along with a rapidly developing regulatory climate over manufacturing and commerce requirements. The purpose of this article is to review the available literature on effectiveness and potential mechanism for OA of micronutrient vitamins; minerals; glycosaminoglycans; avocado-soybean unsaponifiable fractions; methylsulfonylmethane; s-adenosylmethionine; undenatured and hydrolyzed collagen preparations; phytoflavonoid compounds found in fruits, vegetables, spices, teas, and nuts; and other nutrients on the horizon. There also is a discussion on the concept of rational polysupplementation via the strategic integration of multiple nutraceuticals with potential complementary mechanisms for improving outcomes in OA. As applied nutritional science evolves, it will be important to stay on the forefront of proteomics, metabolomics, epigenetics, and nutrigenomics, because they hold enormous potential for developing novel therapeutic and prognostic breakthroughs in many areas of medicine, including OA.",2012,2012-05-01,Review; Journal Article,eng,https://europepmc.org/article/MED/22632695,False,3,,True,True,True,True
doi:10.1016/j.xops.2022.100146,doi:10.1016/j.xops.2022.100146,semantic_scholar,semantic_scholar,f0ab6ce8330be3e209a600d19864316792dba9a6,10.1016/j.xops.2022.100146,35693873,9186402,Evaluating a Causal Relationship between Complement Factor I Protein Level and Advanced Age-Related Macular Degeneration Using Mendelian Randomization,"Importance Risk of advanced age-related macular degeneration (AAMD) is associated with rare genetic variants in the gene encoding Complement factor I (CFI), which is associated with lower circulating CFI protein levels, but the nature of the relationship is unclear. Objective Can genetic factors be used to infer whether low circulating CFI is associated with AAMD risk? Design Two-sample inverse variance weighted Mendelian Randomisation (MR) was used to evaluate evidence for a relationship between CFI levels and AAMD risk, comparing CFI levels from genetically predefined subsets in AAMD and control cohorts. Setting Published genetic and proteomic data was combined with data from cohorts of Geographic Atrophy (GA) patients in a series of MR analyses. Participants We derived genetic instruments for systemic CFI level in 3,301 healthy European participants in the INTERVAL study. To evaluate a genetic causal odds ratio (OR) for the effect of CFI levels on AAMD risk, we used results from a genome-wide association study of 12,711 AAMD cases and 14,590 European controls from the International AMD Genomics Consortium (IAMDGC), and CFI levels from patients entered into the research studies SCOPE and SIGHT. Results We identified one common CFI variant rs7439493 which was strongly associated with low CFI level, explaining 4.8% of phenotypic variance. Using rs7439493 our MR analysis estimated that AAMD odds increased per standard deviation (SD) decrease in CFI level; OR 1.47 (95% confidence interval (CI) 1.30–1.65, P=2.1×10−10). We identified one rare variant (rs141853578 encoding p.Gly119Arg) which was genome-wide significantly associated with CFI levels after imputation; based on this, a 1 SD decrease in CFI leads to increased AAMD odds of 1.79 (95% CI 1.46–2.19, P=1.9×10−8). The rare variant rs141853578 explained a further 1.7% of phenotypic variance. To benchmark the effect of low CFI levels on AAMD odds using a CFI-specific proteomic assay, we estimated the effect using CFI levels from 24 rs141853578 positive GA patients; each 1 SD (3.5μg/mL) reduction in CFI was associated with 1.67 fold increased odds of AAMD (95% CI 1.40–2.00, P=1.85×10−8). Conclusion and relevance Excellent concordance in direction and effect size derived from rare and common variant calculations provide good genetic evidence for a potentially causal role of lower CFI level increasing AAMD risk.",2022,2022-03-01,JournalArticle,,https://www.semanticscholar.org/paper/f0ab6ce8330be3e209a600d19864316792dba9a6,False,0,,True,False,True,False
doi:10.1038/cti.2017.6,doi:10.1038/cti.2017.6,semantic_scholar,semantic_scholar,a84120886a30ffc525fdef7dd89abb3634cd1b79,10.1038/cti.2017.6,28435675,5382435,"Microbiome effects on immunity, health and disease in the lung","Chronic respiratory diseases, including asthma, chronic obstructive pulmonary disease (COPD) and cystic fibrosis (CF), are among the leading causes of mortality and morbidity worldwide. In the past decade, the interest in the role of microbiome in maintaining lung health and in respiratory diseases has grown exponentially. The advent of sophisticated multiomics techniques has enabled the identification and characterisation of microbiota and their roles in respiratory health and disease. Furthermore, associations between the microbiome of the lung and gut, as well as the immune cells and mediators that may link these two mucosal sites, appear to be important in the pathogenesis of lung conditions. Here we review the recent evidence of the role of normal gastrointestinal and respiratory microbiome in health and how dysbiosis affects chronic pulmonary diseases. The potential implications of host and environmental factors such as age, gender, diet and use of antibiotics on the composition and overall functionality of microbiome are also discussed. We summarise how microbiota may mediate the dynamic process of immune development and/or regulation focusing on recent data from both clinical human studies and translational animal studies. This furthers the understanding of the pathogenesis of chronic pulmonary diseases and may yield novel avenues for the utilisation of microbiota as potential therapeutic interventions.",2017,2017-03-01,Review; JournalArticle,,https://www.semanticscholar.org/paper/a84120886a30ffc525fdef7dd89abb3634cd1b79,False,0,,True,False,True,False
doi:10.1038/s41467-024-45773-3,doi:10.1038/s41467-024-45773-3,semantic_scholar,openalex;scopus;semantic_scholar,187980d281d7d3e6dda2f9ee170e704ae7758435,10.1038/s41467-024-45773-3,38453932,10920760,Kdm1a safeguards the topological boundaries of PRC2-repressed genes and prevents aging-related euchromatinization in neurons,"Kdm1a is a histone demethylase linked to intellectual disability with essential roles during gastrulation and the terminal differentiation of specialized cell types, including neurons, that remains highly expressed in the adult brain. To explore Kdm1a’s function in adult neurons, we develop inducible and forebrain-restricted Kdm1a knockouts. By applying multi-omic transcriptome, epigenome and chromatin conformation data, combined with super-resolution microscopy, we find that Kdm1a elimination causes the neuronal activation of nonneuronal genes that are silenced by the polycomb repressor complex and interspersed with active genes. Functional assays demonstrate that the N-terminus of Kdm1a contains an intrinsically disordered region that is essential to segregate Kdm1a-repressed genes from the neighboring active chromatin environment. Finally, we show that the segregation of Kdm1a-target genes is weakened in neurons during natural aging, underscoring the role of Kdm1a safeguarding neuronal genome organization and gene silencing throughout life. Kdm1a is a histone demethylase implicated in intellectual disability. Here, the authors show that removing Kdm1a in neurons of the adult mouse forebrain disrupts silencing of nonneuronal genes and chromatin organization, emphasizing its role in preserving neuronal genome integrity.",2024,2024-03-07,JournalArticle,,https://www.semanticscholar.org/paper/187980d281d7d3e6dda2f9ee170e704ae7758435,False,2,,True,True,True,True
doi:10.1038/s41598-018-33475-y,doi:10.1038/s41598-018-33475-y,pubmed,pubmed,30305677,10.1038/s41598-018-33475-y,30305677,PMC6180112,Mechanisms Underlying the Regulation of HP1γ by the NGF-PKA Signaling Pathway.,"Heterochromatin protein 1 γ (HP1γ) is a well-known chromatin protein, which regulates gene silencing during the execution of processes associated with embryogenesis, organ maturation, and cell differentiation. We find that, in vivo, the levels of HP1γ are downregulated during nervous system development. Similar results are recapitulated in vitro during nerve growth factor (NGF)-induced neuronal cell differentiation in PC12 cells. Mechanistically, our experiments demonstrate that in differentiating PC12 cells, NGF treatment decreases the association of HP1γ to silent heterochromatin, leads to phosphorylation of this protein at S83 via protein kinase A (PKA), and ultimately results in its degradation. Genome-wide experiments, using gain-of-function (overexpression) and loss-of-function (RNAi) paradigms, demonstrate that changing the level of HP1γ impacts on PC12 differentiation, at least in part, through gene networks involved in this process. Hence, inactivation of HP1γ by different post-translational mechanisms, including reduced heterochromatin association, phosphorylation, and degradation, is necessary for neuronal cell differentiation to occur. Indeed, we show that the increase of HP1γ levels has the reverse effect, namely antagonizing neuronal cell differentiation, supporting that this protein acts as a barrier for this process. Thus, these results describe the regulation and participation of HP1γ in a novel membrane-to-nucleus pathway, through NGF-PKA signaling, which is involved in NGF-induced neuronal cell differentiation.",2018,2018-10-10,"Journal Article; Research Support, N.I.H., Extramural",eng,https://pubmed.ncbi.nlm.nih.gov/30305677/,False,0,,True,False,True,False
doi:10.1038/s43587-023-00538-3,doi:10.1038/s43587-023-00538-3,pubmed,pubmed;scopus,38066314,10.1038/s43587-023-00538-3,38066314,PMC11456361,Longitudinal modeling of human neuronal aging reveals the contribution of the RCAN1-TFEB pathway to Huntington's disease neurodegeneration.,"Aging is a common risk factor in neurodegenerative disorders. Investigating neuronal aging in an isogenic background stands to facilitate analysis of the interplay between neuronal aging and neurodegeneration. Here we perform direct neuronal reprogramming of longitudinally collected human fibroblasts to reveal genetic pathways altered at different ages. Comparative transcriptome analysis of longitudinally aged striatal medium spiny neurons (MSNs) in Huntington's disease identified pathways involving RCAN1, a negative regulator of calcineurin. Notably, RCAN1 protein increased with age in reprogrammed MSNs as well as in human postmortem striatum and RCAN1 knockdown rescued patient-derived MSNs of Huntington's disease from degeneration. RCAN1 knockdown enhanced chromatin accessibility of genes involved in longevity and autophagy, mediated through enhanced calcineurin activity, leading to TFEB's nuclear localization by dephosphorylation. Furthermore, G2-115, an analog of glibenclamide with autophagy-enhancing activities, reduced the RCAN1-calcineurin interaction, phenocopying the effect of RCAN1 knockdown. Our results demonstrate that targeting RCAN1 genetically or pharmacologically can increase neuronal resilience in Huntington's disease.",2023,2023-12-08,Journal Article,eng,https://pubmed.ncbi.nlm.nih.gov/38066314/,False,1,,True,True,True,True
doi:10.1080/0886022x.2025.2584751,doi:10.1080/0886022x.2025.2584751,semantic_scholar,europepmc;openalex;pubmed;scopus;semantic_scholar,83a446c872560154e028aa55b9e17fd75693f4b0,10.1080/0886022x.2025.2584751,41219152,12608103,"Genetic and metabolomic pathways linking frailty, chronic kidney disease, and kidney failure: a Mendelian randomization and multi-omics analysis","Abstract Global population aging highlights frailty as a critical health concern, yet its genetic basis remains poorly understood. We employed Mendelian randomization (MR) and National Health and Nutrition Examination Survey (NHANES) to examine causal relationships between frailty index (FI) and 36 urological diseases, investigating shared genetic mechanisms. The FI was calculated using genome-wide association data, and bidirectional MR analysis with multiple statistical methods was applied to investigate causal links between FI and 36 urological diseases. Complementary observational analyses using NHANES and generalized summary MR validation were conducted, followed by genetic correlation assessments, genome annotation, and metabolomic explorations to identify mediating pathways. MR analysis identified a significant causal association between FI and renal tubule-interstitial disease, chronic kidney diseases (CKDs), diabetes with renal complications, renal failure, and acute kidney injury. Reverse MR analysis indicated a bidirectional causal relationship between FI and acute renal failure, as well as CKD and type 1 diabetic kidney disease. NHANES data confirmed FI as an independent risk factor for CKD and renal failure. Genetic linkage analyses identified strong regional correlations between FI and CKD/renal failure within the chromosome 6 locus (31,571,218–32,682,664). Genome-wide analyses uncovered 103 novel single-nucleotide polymorphism with pleiotropic effects on the frailty-urinary disease relationship. Mediation analyses implicated the complement pathway (C2), SLITRK1, and 4-methylhexanoylglutamine as putative mediators of FI effects on CKD and kidney failure. This study elucidates the bidirectional causal relationship between frailty and CKD, while identifying novel genetic variants and metabolic pathways. These findings provide a molecular basis for developing personalized therapeutic strategies targeting both frailty and urological disorders. Graphical Abstract",2025,2025-11-11,JournalArticle; Review,,https://www.semanticscholar.org/paper/83a446c872560154e028aa55b9e17fd75693f4b0,False,4,,True,True,True,True
doi:10.1093/ajrccm/aamag286.260,doi:10.1093/ajrccm/aamag286.260,semantic_scholar,semantic_scholar,aa7577bfcc6e0645db7eb925a10e8dee662eb23c,10.1093/ajrccm/aamag286.260,,,D94-10 I Gut a Feeling: Microbiome of the Firehouse Randomized Clinical Trial,"Dietary interventions can alter the gut microbiome influencing pulmonary function, metabolic pathways, and physiological health. We identified associations between dietary-induced microbiome changes and health outcomes in a cohort with high exposure to particulate matter. Food Intake Restriction for Health Outcome Support and Education(FIREHOUSE) is a six-month randomized, controlled(RCT), parallel, unblinded, exploratory multi-disciplinary dietary intervention. FDNY firefighters with World Trade Center-Lung Injury(WTC-LI) were enrolled in a nutritional intervention and had gut microbiome sequenced pre/post low-calorie Mediterranean diet(LoCalMed), Clinicaltrials.gov:NCT03581006. Microbiome: In a pilot subset, stool samples were collected(Omnigene-Gut, DNA-Genotek) at baseline and 6-month follow-up (N = 20 Usual Care (UC), N = 22 LoCalMed). Samples were prepared with Quant-IT PicoGreen dsDNA Assay kit(Invitrogen). Statistics: Genomic data was imported to One Codex and reads were analyzed against the database(K-mer based classification, and species-level abundance estimation including genome-size adjustment). Comparisons were assessed between: LoCalMed vs UC; BMI loss≥1kg/m2 (primary endpoint) vs non-BMI loss; adherence≥75% to LoCalMed vs UC or adherence<75% by Mann-Whitney U. Volcano (R, GraphPad) and abundance plots (One Codex) were made on N = 7,965 identified species. Arrival time to WTC, age on 9/11, duration at WTC, race, smoking history, and baseline pulmonary function (FEV1, FVC, and FEV1/FVC) between LoCalMed and UC were not significantly different. BMI loss ≥1kg/m2 significantly increased FEV1%pred(p = 0.030), and FVC%pred(p = 0.005) compared to their baseline. In addition, there was an increased abundance(red) of Dorea formicigenerans(p = 0.006), Lachnospira eligens(p = 0.017), Eubacterium sp.CAG:38(p = 0.021), Ruthenibacterium lactatiformans(p = 0.027), Amedibacterium Intestinale(p = 0.031), Bacteroides fragilis(p = 0.036), Fig-1A. In contrast, Parabacteroides distasonis(p = 0.008), Alistipes Shahii(p = 0.009), and Paraprevotella clara(p = 0.013), decreased (blue) compared to non-BMI loss subjects. Abundances of the most prominent species based on BMI loss≥1kg/m2 are shown, Fig-1B. In BMI loss≥1kg/m2, both Shannon Index(α-diversity;p=0.023), Fig-1C, and Bray-Curtis dissimilarity(β-diversity;p=0.042) significantly increased, Fig-1D. Adherent individuals displayed higher abundance of Clostridiaceae bacterium AM27-36B(p = 0.002), Firmicutes bacterium CAG:56(p = 0.007), Eubacterium sp. CAG:38(p = 0.007), Eubacterium sp.CAG:202(0.012), Mediterraneibacter massiliensis(p = 0.023), Lachnospiraceae bacterium AM10-38(p = 0.031), and Bifidobacterium bifidum(0.041), Fig-1E. Adherent individuals exhibited an increased α-diversity(Simpson’s index;p=0.017), Fig-1F. In a subset of the FIREHOUSE RCT, participants demonstrated an increased α and β diversity, consistent with the literature that a more diverse gut microbiome is associated with beneficial health outcomes. BMI loss and adherence to LoCalMed increased L. eligens and B. bifidum respectively, which have been shown to protect the integrity of the microbiome, whereas B. fragilis provides essential nutrients to maintain gut microbiome. D. formicigenerans represses colorectal tumor growth. Eubacterium sp.CAG 38 has been associated with decreased inflammation in ulcerative colitis. This abstract is funded by: U01OH011300",2026,2026-06-01,JournalArticle,,https://www.semanticscholar.org/paper/aa7577bfcc6e0645db7eb925a10e8dee662eb23c,False,0,,True,False,True,False
doi:10.1093/eurheartj/ehaf784.3561,doi:10.1093/eurheartj/ehaf784.3561,semantic_scholar,semantic_scholar,0addf60ac8c9aeb1f27a1c7b77308e8187bae2eb,10.1093/eurheartj/ehaf784.3561,,,"Lipidomic, plasma and flow cytometry signatures enhance the classification of patients with advanced CVD and CKM syndrome","The phenotyping of individuals using robust tools as lipidomics is crucial to implement preventive personalised medicine. Combining the findings from multiomics can result in broader CV risk-capturing, uncovering relevant molecules in highly prevalent syndromes conditions such as the Cardiovascular-Kidney-Metabolic (CKM). To discern the lipid metabolites with predictive power for the correct identification of patients at CKM Stage 4 and those who required advanced revascularization interventions, coronary artery bypass graft (CABG) and percutaneous coronary intervention (PCI). Participants scheduled for a coronary angiogram in the CARDINOX agreed to provide blood. PBMCs were isolated for flow cytometry and plasma samples were processed for immunoassay and targeted lipidomics using liquid chromatography–mass spectrometry, spanning 1143 lipids from 20 different classes. Patients were assigned to stages using the AHA CKM definition. Statistical analyses were performed in R and GraphPad prism, using the LipidR package for analysis and multiple logistic regression for biomarker performance estimation. 200 subjects were recruited, median age 67 years (IQR 58-74), 21% female, 42.5% had obesity, 42% had diabetes and 31% presented with an acute coronary syndrome (ACS). 39% were at CKM-Stage 3 and 20% at CKM-Stage 4; 31.5% required PCI and 13% of patients required CABG. The best predictive model for CKM-Stage 4 included NOX5 in PBMCs, Monocytes and plasma, two lysophosphatidylcholines (LPC) 18:1, LPC 20:0 and two phosphatidylcholines (PC) 14:0/18:2, PC 18:2/18:2, AUC=0.90, p<0.0001, NPV=91.0%, PPV=85.2%. The best model for those needing PCI included NOX5 in PBMCs and Monocytes, and five lipids: phosphatidylinositol (PI) 20:0/18:1, TG 54:3/16:0, TG 56:6/20:3, PC 18:1/18:3, and the diacylglycerol (DG) 16:0/20:5, AUC=0.92, p<0.0001, NPV=88.3%, PPV=85%. In the case of CABG, the best model included NOX5 in Monocytes and PBMCs, PC 18:1/18:3, PC 16:1/18:2, two triacylglycerols (TG) 54:3/16:0, TG 56:6/20:3 and the PI 18:0/20:3, AUC=0.96, p<0.0001, NPV=96.7%, PPV=90.9%. These models outperformed the predictive power of considering only the clinical or lipid parameters and achieved perfect discrimination when routine clinical variables were added. Using a targeted lipidomic approach can substantially improve the classification of patients at advanced CV risk. When combining a few of the most differentially expressed lipids with other novel biomarkers such as NOX5, we obtained a clear distinction of patients that presented with CKM Stage 4 and those who required advanced revascularization (PCI and CABG). Additionally, these lipids hold the potential to inform biologically relevant pathways in CVD. When validated in prospective and external populations, NOX5 and lipidomic panels can be easily translated to the clinic for earlier identification of individuals at risk of adverse coronary outcomes.Table 1. Figure 1.",2025,2025-11-01,JournalArticle,,https://www.semanticscholar.org/paper/0addf60ac8c9aeb1f27a1c7b77308e8187bae2eb,False,0,,True,False,True,False
doi:10.1093/hmg/ddp159,doi:10.1093/hmg/ddp159,semantic_scholar,semantic_scholar,568d598a3b6e6b1f6721f0c88ad87ab9277e55fa,10.1093/hmg/ddp159,19336475,2685759,Integrated associations of genotypes with multiple blood biomarkers linked to coronary heart disease risk,"Individuals at risk of coronary heart disease (CHD) show multiple correlations across blood biomarkers. Single nucleotide polymorphisms (SNPs) indexing biomarker differences could help distinguish causal from confounded associations because of their random allocation prior to disease. We examined the association of 948 SNPs in 122 candidate genes with 12 CHD-associated phenotypes in 2775 middle aged men (a genic scan). Of these, 140 SNPs indexed differences in HDL- and LDL-cholesterol, triglycerides, C-reactive protein, fibrinogen, factor VII, apolipoproteins AI and B, lipoprotein-associated phospholipase A2, homocysteine or folate, some with large effect sizes and highly significant P-values (e.g. 2.15 standard deviations at P = 9.2 × 10−140 for F7 rs6046 and FVII levels). Top ranking SNPs were then tested for association with additional biomarkers correlated with the index phenotype (phenome scan). Several SNPs (e.g. in APOE, CETP, LPL, APOB and LDLR) influenced multiple phenotypes, while others (e.g. in F7, CRP and FBB) showed restricted association to the index marker. SNPs influencing six blood proteins were used to evaluate the nature of the associations between correlated blood proteins utilizing Mendelian randomization. Multiple SNPs were associated with CHD-related quantitative traits, with some associations restricted to a single marker and others exerting a wider genetic ‘footprint’. SNPs indexing biomarkers provide new tools for investigating biological relationships and causal links with disease. Broader and deeper integrated analyses, linking genomic with transcriptomic, proteomic and metabolomic analysis, as well as clinical events could, in principle, better delineate CHD causing pathways amenable to treatment.",2009,2009-03-31,JournalArticle,,https://www.semanticscholar.org/paper/568d598a3b6e6b1f6721f0c88ad87ab9277e55fa,False,0,,True,False,True,False
doi:10.1093/lifemeta/loae020,doi:10.1093/lifemeta/loae020,openalex,openalex,https://openalex.org/W4399086973,10.1093/lifemeta/loae020,,,Genome-wide CRISPR screens identify PTPN21 and WDR26 as modulators of the mitochondrial stress-induced ISR,"Dear Editor, Organisms have evolved mitochondrial stress response pathways to surveil mitochondrial function and activate repair programs upon detection of mitochondrial dysfunction [1]. Failure to respond to mitochondrial perturbation has been implicated in aging and age-related diseases [2, 3]. Mitochondrial perturbation in mammals primarily activates the integrated stress response (ISR), in which four kinases—HRI (haem-regulated inhibitor or eukaryotic translation initiation factor 2 alpha (eIF2α) kinase 1 (EIF2AK1)), PERK (PKR-like ER kinase), GCN2 (general control nonderepressible 2), and PKR (protein kinase RNA-dependent)—mediate the phosphorylation of eIF2α [4–6]. eIF2α phosphorylation selectively elevates the translation of a subset of transcripts, including those encoding the transcription factors ATF4 (activating transcription factor 4) and CHOP (C/EBP homologous protein) [7, 8]. Since the gene that encodes CHOP is also a target of ATF4 [9], transcription of CHOP is also upregulated. Here, we employed genome-wide CRISPR/Cas9 screens to identify potential regulators of the ISR during mitochondrial stress in mammalian cells. We then focused on tyrosine-protein phosphatase nonreceptor type 21 (PTPN21) and WD repeat-containing protein 26 (WDR26), two of the candidate genes from the screen. Knockdown of PTPN21 or WDR26 suppressed the induction of ISR upon mitochondrial perturbation. Mechanistically, PTPN21 and WDR26 facilitated the interaction between DELE1 (death-associated protein 3 (DAP3)-binding cell death enhancer 1) and HRI, thereby relaying the mitochondrial stress signal to the cytosol. Deficiency of PTPN21 or WDR26 impaired cell fitness upon challenge with mitochondrial stressors. These findings pave the way to understanding the mechanisms underlying the mitochondrial stress-induced ISR in mammalian cells. To identify potential factors that mediate the mitochondrial stress-induced ISR in mammalian cells, we sought to perform an unbiased genetic screen with the use of CRISPR/Cas9 technology. As previously reported, treating 293T cells with different mitochondrial inhibitors—paraquat, antimycin, or carbonyl cyanide m-chlorophenyl hydrazone (CCCP)—induced the expression of the transcription factor CHOP [10, 11] (Fig. 1a–c; Supplementary Fig. S1a). We then performed immunostaining using a commercial antibody against CHOP and found that the fluorescence signal was greatly induced when cells were treated with the mitochondrial stressor antimycin (Supplementary Fig. S1b). Fluorescence-activated cell sorting (FACS) successfully separated untreated or antimycin-treated cells based on CHOP fluorescence intensity (Supplementary Fig. S1c). Most importantly, when CHOP knockout cells were treated with antimycin, they showed same FACS profile as untreated cells (Fig. 1d). We then performed FACS-based genome-wide CRISPR screens in the presence of antimycin to identify positive and negative regulators of the mammalian mitochondrial stress response (Fig. 1e). The top and bottom 5% of the cells were sorted out based on CHOP fluorescence intensity. Genomic DNA was extracted, PCR-amplified, and subjected to sequencing for single guide RNA (sgRNA) enrichment analysis (Fig. 1e). Two datasets were generated based on our analysis, showing the normalized abundance of each sgRNA in two biological replicates within the “Ctrl” and “CHOP-low” or “CHOP-high” groups (Supplementary Tables S1 and S2). Candidate genes were picked based on the following criteria: the normalized sgRNA count in the “Ctrl” dataset was not < 7, and the sgRNA was enriched over 2-fold in both biological replicates. Notably, while we were working on this project, two elegant studies were published using similar CRISPR approaches to monitor the induction of ATF4 or CHOP and search for regulators of ISR [12, 13]. Both studies identified a previously less-characterized protein, DELE1, which transduces mitochondrial stress signals to the cytosol to activate HRI kinase and initiate ISR. Encouragingly, in our screen, DELE1 and HRI were also identified to be required for the induction of CHOP (Fig. 1f; Supplementary Table S1). These results indicate that our CRISPR screens successfully uncover regulators of the mitochondrial stress-induced ISR in mammalian cells. Genome-wide CRISPR screens to identify modulators of the mitochondrial stress response. (a) Schematic depiction of different mitochondrial inhibitors. Paraquat inhibits the function of mitochondrial complex I, antimycin is an inhibitor of mitochondrial complex III, and CCCP is an uncoupler of mitochondrial oxidative phosphorylation. (b) Immunoblotting analysis showing that different mitochondrial inhibitors induce the expression of CHOP. Paraquat, 0.5 mg/mL 12 h; antimycin, 50 μg/mL 12 h; CCCP, 10 μmol/L 12 h. (c) qRT-PCR measures CHOP mRNA levels in HEK293T cells treated with different mitochondrial inhibitors. Quantifications are normalized to ACTIN. Data are presented as mean ± SEM. n = 3 biological replicates. **P < 0.01, ****P < 0.0001 by one-way ANOVA test. (d) Flow cytometry reveals that antimycin treatment induces the upregulation of CHOP. Wild-type HEK293T cells and CHOP knockout (KO) cells serve as control groups. (e) Schematic diagram of the procedure for the genome-wide CRISPR screens. (f) Genome-wide screens uncover regulators of the mitochondrial stress response in mammalian cells. The positive fold changes represent genes enriched in the “CHOP-low” group. Among the candidate genes, we first focused on PTPN21 because the fold enrichment of this gene was high and knockdown of PTPN21 by small interfering RNA (siRNA) or short hairpin RNA (shRNA) indeed impaired the induction of CHOP at both the protein and mRNA levels when cells were challenged with antimycin (Fig. 2a and b; Supplementary Fig. S2a and b). In addition, knockdown of PTPN21 resulted in suppression of CHOP induction when cells were treated with other mitochondrial inhibitors such as CCCP and oligomycin (Supplementary Fig. S2c–f). Furthermore, deficiency of PTPN21 inhibited the induction of ATF4, another transcription factor involved in the ISR (Supplementary Fig. S2g). Expression of PTPN21 in PTPN21-knockdown cells restored the induction of CHOP (Fig. 2c), excluding the possibility that the small RNAs generate off-target effects. Importantly, deficiency of PTPN21 not only disrupted the induction of CHOP and ATF4, but also impaired the upregulation of multiple genes that are involved in the mitochondrial stress response (Fig. 2d; Supplementary Fig. S2h) [14, 15]. PTPN21 and WDR26 regulate the mitochondrial stress response. (a) Knockdown of PTPN21 by siRNA or shRNA suppresses the induction of CHOP upon mitochondrial stress. (b) qRT-PCR measures CHOP mRNA levels in wild-type cells or PTPN21 knockdown cells under normal conditions or mitochondrial stress conditions. (c) Overexpression of PTPN21 restores the induction of CHOP in PTPN21-deficient cells under mitochondrial stress. (d) qRT-PCR measures mRNA levels of mitochondrial stress response genes under the indicated conditions. (e) Immunoprecipitation experiments reveal that the interaction between PTPN21 and WDR26 is enhanced upon mitochondrial dysfunction. (f) Knockdown of WDR26 by siRNA or shRNA suppresses the induction of CHOP upon mitochondrial stress. (g) Overexpression of WDR26 restores the induction of CHOP in WDR26-deficient cells under mitochondrial stress. (h) Knockdown of PTPN21 or WDR26 blocked the upregulation of the ISR induced by overexpression of WDR26 or PTPN21. (i) qRT-PCR measures mRNA levels of mitochondrial stress response genes under the indicated conditions. Quantifications are normalized to ACTIN. Data are presented as mean ± SEM. n = 3 biological replicates. **P < 0.01, ***P < 0.001, ****P < 0.0001 by one-way ANOVA test. Cells were treated with 50 μg/mL of antimycin for 12 h. To further explore the function of PTPN21 in mitochondrial stress-induced ISR, we searched the BioGRID database to see whether any PTPN21-associated proteins were also identified in our CRISPR screen. WDR26, a protein that interacts with PTPN21, was uncovered by our screen. Interestingly, the interaction between WDR26 and PTPN21 was enhanced upon mitochondrial perturbation (Fig. 2e). Knockdown of WDR26 by siRNA or shRNA also inhibited the induction of CHOP and ATF4 under mitochondrial stress conditions (Fig. 2f; Supplementary Fig. S2c–g). Overexpression of WDR26 dramatically enhanced the expression of CHOP in WDR26-deficient cells (Fig. 2g). More importantly, the upregulation of the ISR induced by overexpression of PTPN21 or WDR26 was completely blocked by knockdown of the corresponding other gene (WDR26 or PTPN21), suggesting that these two proteins collaboratively modulate the ISR in response to mitochondrial stress (Fig. 2h). Additionally, knockdown of WDR26 impaired the induction of other mitochondrial stress response genes (Fig. 2i; Supplementary Fig. S2h and i). Conversely, knockdown of PTPN21 or WDR26 did not impair the induction of the endoplasmic reticulum (ER) stress marker gene BIP (binding immunoglobulin protein) (Supplementary Fig. S2j). Moreover, knockdown of PTPN21 or WDR26 did not inhibit the activation of the ISR induced by nutrient deprivation (Supplementary Fig. S2k). Taken together, these results indicate that PTPN21 and WDR26 play important roles in the mitochondrial stress-induced ISR in mammalian cells. In mammalian cells, mitochondrial dysfunction promotes the cleavage of DELE1 protein by mitochondrial protease OMA1 (overlapping with the m-AAA protease 1 homolog), resulting in accumulation of cleaved DELE1 in the cytosol, where it associates with HRI and stimulates the kinase activity of HRI to phosphorylate eIF2α (Fig. 3a) [12, 13]. Enhanced eIF2α phosphorylation then facilitates the translation and expression of CHOP [8]. In line with these discoveries, treating cells with an ISR inhibitor (ISRIB), which reverses the effects of eIF2α phosphorylation, or overexpression of GADD34 (growth arrest and DNA damage-inducible protein 34, a phosphatase of eIF2α), resulted in the suppression of CHOP induction upon antimycin treatment (Fig. 3b; Supplementary Fig. S3a). In addition, the elevated induction of CHOP in PTPN21-overexpressing cells treated with antimycin was compromised by ISRIB or GADD34 overexpression (Fig. 3b; Supplementary Fig. S3a). More importantly, knockdown of PTPN21 or WDR26 suppressed the induction of eIF2α phosphorylation and enhanced global protein synthesis upon mitochondrial inhibition (Fig. 3c and d). These data suggest that PTPN21 and WDR26 function upstream of eIF2α phosphorylation during the mitochondrial stress-induced ISR. PTPN21 and WDR26 promote the interaction between DELE1 and HRI. (a) Model of the mitochondrial stress response pathway. (b) ISRIB suppresses the induction of CHOP in cells overexpressing PTPN21. (c) Knockdown of PTPN21 or WDR26 suppresses the induction of eIF2α phosphorylation in response to mitochondrial stress. Antimycin, 50 μg/mL 4 h; CCCP, 10 μmol/L 4 h. (d) Knockdown of PTPN21 or WDR26 enhances global protein synthesis. (e) Representative fluorescence images of DELE1 localization. Before capturing the images, HeLa cells were treated with 50 μg/mL of antimycin for a duration of 3 h. Scale bar, 20 µm. (f) Immunoblotting analysis reveals that the cleavage of DELE1 is not affected by knocking down PTPN21 or WDR26. (g) Quantifications of DELE1 cleavage in f. n = 3 biological replications. **P < 0.01 by one-way ANOVA test. (h) WDR26 acts downstream of cleaved DELE1. (i and j) Knockdown of HRI suppresses the induction of CHOP upregulation in cells with overexpression of PTPN21 (i) or WDR26 (j). n = 3 biological replications. ****P < 0.0001 by one-way ANOVA test. (k and l) The induction of CHOP expression in cells with PTPN21 (k) or WDR26 (l) overexpression is suppressed by knockdown of DELE1. n = 3 biological replications. *P < 0.05, **P < 0.01, ****P < 0.0001 by one-way ANOVA test. (m and n) Knockdown of PTPN21 (m) or WDR26 (n) impairs the interaction between HRI and DELE1 lacking the mitochondrial targeting sequence (DELE1ΔMTS). The relative levels of HRI/DELE1ΔMTS-HA were measured and quantified across three independent replicates. n = 3 biological replications. Data are presented as mean ± SEM. **P < 0.01 by two-sided Student’s t-test. Consistent with previously published results [12, 13], when cells were treated with the mitochondrial inhibitors antimycin or CCCP, DELE1 started to accumulate in the cytosol (Supplementary Fig. S3b and c), and cytosolic accumulation of DELE1 was blocked by knockdown of the mitochondrial protease OMA1 (Fig. 3e). Knockdown of PTPN21 or WDR26 did not alter the mitochondrial localization of DELE1 under normal conditions (Supplementary Fig. S3d), or the cytosolic accumulation of DELE1 under mitochondrial stress conditions (Fig. 3e). In addition, unlike OMA1, knockdown of PTPN21 or WDR26 did not prevent the cleavage of DELE1 (Fig. 3f and g). Furthermore, expression of DELE1 lacking the mitochondrial targeting sequence (DELE1ΔMTS) dramatically elevated the expression of CHOP, even in the absence of mitochondrial inhibitors (Fig. 3h; Supplementary Fig. S3e). Knockdown of WDR26 or PTPN21 suppressed the induction of CHOP in cells overexpressing DELE1ΔMTS (Fig. 3h; Supplementary Fig. S3e). These results indicate that PTPN21 and WDR26 function after the cleaved DELE1 accumulates in the cytosol. Consistent with these findings, we observed that PTPN21 and WDR26 constantly localized in the cytosol, regardless of the presence or absence of mitochondrial stress inducers (Supplementary Fig. S3f). To further dissect the site of action of PTPN21 and WDR26, we performed epistatic analysis to see whether they functioned upstream or downstream of HRI. Overexpression of PTPN21 or WDR26 elevated CHOP expression in antimycin-treated cells (Fig. 3i and j). However, the upregulated expression of CHOP in cells overexpressing PTPN21 or WDR26 was compromised by knockdown of HRI or DELE1 (Fig. 3i–l). Once cleaved DELE1 accumulated in the cytosol, it interacted with HRI to transduce the mitochondrial stress signal (Supplementary Fig. S3g). Based on the above findings, we then tested whether PTPN21 and WDR26 affected the interaction between DELE1 and HRI. Knockdown of PTPN21 or WDR26 indeed suppressed the interaction between DELE1 and HRI (Fig. 3m and n). Taken together, these results indicate that PTPN21 and WDR26 facilitate the interaction between HRI and cleaved DELE1, thereby activating HRI to phosphorylate eIF2α and promote CHOP expression (Supplementary Fig. S3h). Consistent with the important roles of PTPN21 and WDR26 in mediating the mitochondrial stress-induced ISR, knockdown of PTPN21 or WDR26 greatly altered mitochondrial morphology when cells were challenged with the mitochondrial stressor antimycin. Upon antimycin treatment, PTPN21 or WDR26 knockdown cells exhibited more extensive mitochondrial morphology disruption compared to wild-type cells. This suggests a reduced resilience and capacity in these cells to manage mitochondrial damage (Fig. 4a and b). Knockdown of HRI, PTPN21, or WDR26 also modestly affected mitochondrial respiration, as evidenced by the reductions in basal respiration, maximal respiration, and ATP production (Supplementary Fig. S4a and b). These results suggest that these proteins play a fundamental role in maintaining mitochondrial functionality in the cells. PTPN21 and WDR26 regulate mitochondrial physiology and cell fitness. (a and b) Representative fluorescence images to reveal mitochondrial morphology in HeLa cells stained with MitoTracker or transfected with TXN2 (Thioredoxin 2)-GFP. Cells were transfected with PTPN21 siRNA (a) or WDR26 siRNA (b) and cultured in the presence or absence of antimycin. Scale bar, 10 µm. Quantification of punctate mitochondria was conducted in four smaller squares of the same area in the specified Hela cells. *P < 0.05, **P < 0.01, ***P < 0.001 by one-way ANOVA test. (c) The expression levels of WDR26, ATF4, ATF5, and CHOP in MCF10A and MCF7 cells. (d) Immunoblotting experiments reveal the expression levels of CHOP, ClpP, and WDR26 in breast cancer cells. (e) qRT-PCR measures the mRNA levels of CHOP in MCF10A and MCF7 cells. Quantifications are normalized to ACTIN. Data are presented as mean ± SEM. n = 3 biological replicates. ***P < 0.001 by two-sided Student’s t-test. (f) qRT-PCR measures mRNA levels of ASNA and LONP1 in breast cancer cells. Quantifications are normalized to ACTIN. Data are presented as mean ± SEM. n = 3 biological replicates. **P < 0.01, ****P < 0.0001 by one-way ANOVA test. (g) Deficiency of WDR26 suppresses anchorage-independent cell growth in soft agar. Colony numbers were counted and quantified. n = 4 biological replications. ****P < 0.0001 by one-way ANOVA test. (h) Overexpression of cleaved DELE1 promotes anchorage-independent cell growth in wild-type cells, but not in WDR26-deficient cells. n = 4 biological replicates. *P < 0.05 by one-way ANOVA test. (i−k) Deficiency of PTPN21 or WDR26 inhibits subcutaneous xenograft tumor growth of MCF7 cells. MCF7 cells stably infected with shCtrl, shHRI, shPTPN21, or shWDR26 were subcutaneously injected into nude mice for xenograft growth. The tumor images (i), the growth curve of tumor volume (j), and the tumor weight (k) are shown. Tumor volume and tumor weight are quantified (n = 8). Data are mean ± SEM. ****P < 0.0001 by one-way ANOVA test. Upregulation of WDR26 has been linked with the onset of breast cancer and poor survival rate of breast cancer patients [16]. Through bioinformatic analysis, we also noticed that the WDR26 gene had the highest copy number in breast cancer samples (Supplementary Fig. S4c). Analysis of the Gene Expression Profiling Interactive Analysis (GEPIA) 2 database also revealed higher expression of the WDR26 gene in breast cancer tumors, compared with normal tissues (Supplementary Fig. S4d). Consistent with the above analysis, the expression levels of WDR26 protein in the breast cancer cell lines MCF7 and SK-BR-3 were much higher than that of the breast epithelial cell line MCF10A (Fig. 4c and d). Moreover, the transcript and protein levels of CHOP and other mitochondrial stress response genes were also higher in breast cancer cells (Fig. 4d–f). Additionally, knockdown of WDR26 in MCF7 and SK-BR-3 cells suppressed the elevated expression of CHOP and ClpP (caseinolytic protease proteolytic subunit) (Fig. 4d). Anchorage-independent growth, a key trait of metastatic potential, reflects the ability of cells to grow without attachment, influenced by cellular stress responses. Mitochondrial stress responses, often induced in tumor environments by conditions like nutrient deprivation or hypoxia, lead to essential cellular adaptations and metabolic reprogramming for cancer cell survival and proliferation [17]. Given this context, we explored whether WDR26, important in mitochondrial stress-induced ISR, impacted the anchorage-independent growth of cancer cells. Our findings revealed that WDR26 knockdown in MCF7 and SK-BR-3 cells significantly inhibited their anchorage-independent growth (Fig. 4g). More importantly, although expression of DELE1ΔMTS significantly promoted anchorage-independent cell growth of wild-type MCF7 and SK-BR-3 cells, it did not enhance the growth of WDR26-deficient MCF7 and SK-BR-3 cells (Fig. 4h; Supplementary Fig. S4e). Accordingly, knockdown of PTPN21 also prevented anchorage-independent cell growth of MCF7 and SK-BR-3 cells (Supplementary Fig. S4e–g), and overexpression of DELE1ΔMTS did not promote the growth of PTPN21-deficient MCF7 and SK-BR-3 cells (Supplementary Fig. S4e and g). Consistent with the above findings, knockdown of HRI, a known component of the mitochondrial stress-induced ISR in mammals, similarly hindered anchorage-independent cell growth of DELE1ΔMTS-overexpressing MCF7 and SK-BR-3 cells (Supplementary Fig. S4h and i). To further evaluate the role of PTPN21 or WDR26 in cancer development, we used a xenograft model to assess the in vivo effects of inhibiting these genes. The results showed that xenograft tumors in the shPTPN21, shWDR26, and shHRI groups were significantly smaller in both volume and weight compared to the control group (Fig. 4i–k). Taken together, these results suggest that WDR26 and PTPN21 modulate cell fitness and tumor growth through regulation of the mitochondrial stress-induced ISR. Mitochondrial malfunction has been linked with numerous diseases including neurodegenerative disorders. Cells activate the mitochondrial stress response pathways to cope with the ever-changing environment and alleviate mitochondrial stress. To achieve unbiased identification of genes involved in the mitochondrial stress-induced ISR in mammals, we performed genome-wide CRISPR/Cas9 screens to uncover genes required for the induction of CHOP expression in the presence of a mitochondrial inhibitor. We then focused on PTPN21 and WDR26, and demonstrated that these two proteins promote the interaction between DELE1 and HRI to activate the ISR. Lastly, we showed that PTPN21 and WDR26 play crucial roles in regulating mitochondrial physiology and cell fitness. Mitochondria play a crucial role in producing ATP through oxidative phosphorylation and synthesizing essential cellular components including amino acids, fatty acids, cholesterol, heme, nucleotides, and intermediate metabolites that can function as signaling molecules. As a result, cancer cells heavily rely on mitochondrial functions to maintain their elevated levels of proliferation, metastasis, and The mitochondrial stress-induced ISR the of ATP production and the of even under cancer cells with the and for their growth. mitochondrial has as a potential for cancer PTPN21 is a cytosolic nonreceptor phosphatase from The role of PTPN21 is not but suggest that it an important role in cell growth, and WDR26 to the of which are across eukaryotic The of WDR26 in oxidative stress-induced cell and has been although function Our studies indicate roles for PTPN21 and WDR26 in the mitochondrial stress-induced ISR in Moreover, we that knockdown of PTPN21 or WDR26 inhibits the growth of breast cancer cells. The mitochondrial stress response has been in the model the mitochondrial protein response is upon mitochondrial perturbation. Through the use of in which the expression of protein is by the of the gene protein or multiple genes were identified to be required for induction Among these (activating transcription factor with to ability to function as a transcription Notably, upon mitochondrial can accumulate in the cytosol and into the it to stress signals and the [12, (activating transcription factor has been as an of in mammalian cells However, unlike to mitochondrial stress signals to the In mammals, DELE1 cleavage and to the cytosol, where it interacts with the kinase HRI, resulting in the activation of ISR and the induction of transcription such as CHOP, ATF4, and [12, 13]. The by which DELE1 transduces the stress signal further In we identified PTPN21 and WDR26 as regulators of ISR during mitochondrial stress. Knockdown of these genes suppresses ISR induction by the interaction between DELE1 and HRI. Deficiency of PTPN21 or WDR26 impairs cell fitness under mitochondrial stress. The identification of a group of genes by our screen pave the way for a understanding of the mitochondrial stress-induced ISR in The gene also potential for the treatment of neurodegenerative diseases and age-related disorders. This was by the of and and the to was also by the for for and the through the and the and performed of the experiments with the of to the CRISPR screen and the the of for and was from or for the The other that of the used in this were and by the and at The that data the findings of this are within the the was generated or in this",2024,2024-05-28,article,en,https://openalex.org/W4399086973,False,0,genomics_plus_other,True,True,True,True
doi:10.1096/fasebj.2019.33.1_supplement.571.1,doi:10.1096/fasebj.2019.33.1_supplement.571.1,semantic_scholar,semantic_scholar,9275b20c5d4c95f348b73bc501038b34209fb63c,10.1096/fasebj.2019.33.1_supplement.571.1,,,Physiological Omics Identifies Mechanisms that Attenuate Renal Injury and Blood Pressure in Dahl salt‐sensitive Arhgef11−/− Rats,"Arhgef11 is a Rho guanine nucleotide exchange factor previously implicated in kidney injury in the Dahl salt‐sensitive rat (SS‐WT). Through exchange of GDP for GTP, Arhgef11 regulates cytoskeletal structure, function, and cell‐cell contacts through a variety of stimuli (e.g., G‐protein coupled receptors, growth factors, and shear stress). Genetic studies and reduced Arhgef11 expression in an SS‐Arhgef11SHR‐minimal congenic strain (SHR allele substituted for S allele) significantly decreased proteinuria, fibrosis, and improved renal hemodynamics, without impacting BP compared to the SS‐WT. We hypothesized that actin cytoskeleton regulation through Arhgef11 impacts functional changes in protein reuptake and sodium handling in proximal tubules. Here, we studied the SS‐Arhgef11−/− rat model at 4–12 weeks of age under low and high salt (0.3% or 2% NaCl). On low‐salt, starting at week 6 and continuing through week 12, SS‐Arhgef11−/− animals (n=17) demonstrated significantly reduced proteinuria (week 6, −43.9.0 ± 13.6 mg/24 hours, p=0.0079 and week 12, −102.8 ± 13.6, p<0.0001) compared to SS‐WT animals (n=16). On high‐salt, beginning at week 6, SS‐Arhgef11−/− animals (n=15) demonstrated a significant attenuation of proteinuria from weeks 8 to 12 (week 8, −83.9.0 ± 13.9 mg/24 hours, p<0.0001 and week 12, −118.2 ± 13.9, p<0.0001), along with a substantial reduction in BP (week 12, −42 ± 5 mm Hg, p<0.0001) compared to SS‐WT (n=17). Kidney pathology indices were all significantly improved in SS‐Arhgef11−/− compared to SS‐WT animals (all p<0.05), including glomerular injury/hypertrophy, tubulointerstitial injury/fibrosis, and immune cell infiltration (via flow cytometry). To better understand the molecular mechanisms associated with renal protection from loss of Arhgef11, both RNA sequencing and MS/MS proteomics was performed on kidney from SS‐Arhgef11−/− and SS‐WT at week 4 (before onset of renal injury/proteinuria between groups) and at week 12 (low‐salt). At week 4, 416 genes were differentially expressed between groups, whereas 1017 genes and 363 proteins were observed at week 12 (low‐salt). As anticipated, the ‐omics datasets suggest that loss of Arhgef11 (SS‐Arhgef11−/−) initiates early transcriptome/protein changes in the actin cytoskeleton. Of note, reuptake (endocytosis) of filtered albumin by megalin and cubilin and a large number of solute carrier genes [(n=57–63, 2.2 fold‐enrichment (4.22×10−12)] were upregulated. Many of the genes and proteins in this pathway are involved in tubular sodium transport (Slc5a= Na+/glucose; Slc6a= Na+/Cl−; Slc8a=Na+/Ca2+; Slc9a3= Na+/H+; and Slc34a= Na+‐Pi). In summary, in vivo phenotyping and multi‐omics techniques provides strong evidence that increased Arhgef11 expression in the Dahl S rat leads to actin cytoskeleton mediated changes in cell morphology and cell function (impaired reuptake filtered protein) that promote kidney injury, hypertension, and decline in kidney function.",2019,2019-04-01,,,https://www.semanticscholar.org/paper/9275b20c5d4c95f348b73bc501038b34209fb63c,False,0,,True,False,True,False
doi:10.1097/pn9.0000000000000059,doi:10.1097/pn9.0000000000000059,openalex,openalex,https://openalex.org/W4391130467,10.1097/pn9.0000000000000059,,,Nutritional care is the first-line therapy for many conditions,"Nutritional care, medical nutrition, or nutrition therapy were developed based on the concept of nutritional support. Although the term “nutritional support” mainly indicates supplementation of insufficient nutrients, the concept of nutritional care or medical nutrition implies additional goals that may include metabolic and immune function regulation and treatment of malnutrition in the context of underlying diseases. The ambitious goal of nutritional care is to ultimately improve nutritional status, clinical outcomes, and quality of life (QoL), to prolong survival time, and to reduce medical costs. Although nutritional care plays an important role in the treatment of disease-related malnutrition, its actual clinical and medical value has been underestimated for a long time. Nutritional care has been indeed long considered an auxiliary or supportive therapy, with low priority in routine clinical practice. Nevertheless, in recent years an increasing number of consensus opinions have proposed that nutrition care should be recommended as a basic treatment and first-line therapy for multiple diseases and should be given equal attention as other treatments, such as surgery and drugs. Here, we will provide examples of three main conditions for implementation of optimal nutrition and nutritional care: replacement of nutrient deficiencies and treatment of metabolic abnormalities; treatment of disease and aging-related malnutrition; prevention of non-communicable disease (NCD), with particular regard to cardiometabolic diseases. Nutrition, health, and disease: a fundamental relationship Unhealthy food and nutrition may cause disease, whereas healthy and balanced food intake plays a key role in disease prevention and health preservation. Besides their fundamental role in maintenance of cell, tissue and body mass and composition, a variety of nutrients are essential for growth and development, cellular function, energy production, and immune defense.[1] For instance, evolution of the immune system, diet as well as microbiome are interconnected, and selected foods and dietary metabolites modulate immune cells and inflammation both directly and indirectly. Appropriate diets can therefore improve the treatment and prognosis of chronic autoimmune diseases through inflammatory and immunomodulatory effects. In general, specific foods and diets as well as medical nutrition preparations for nutritional therapy may provide effective treatment options for several diseases, including but not limited to malnutrition. Substantial progress in nutrition research has occurred in recent years. New studies provided selected cause-effect demonstrations, identified quantitative etiologic effects, indicated heterogeneity, and improved our understanding of optimal intakes of major dietary factors also in disease conditions. These findings conversely contributed to informed disease impact estimation and have the potential to improve policy and priority planning.[2,3] Although substantial work is still ahead, evidence-based nutrition and nutritional care shows increasing potential to preserve and improve human health and QoL, together and as potential alternative to other drug treatments.[4,5] Nutrition care for nutrient deficiency and dysmetabolic disorders Nutrient deficiency or excess, nutritional metabolic dysfunction or disorders, and nutrient imbalance can all lead to disease. The harm of disease-associated nutrient deficiency and the benefits of nutrition care are obvious. As a major example, maternal undernutrition contributes to fetal growth restriction, which increases the risk of neonatal death. Undernutrition in the aggregate—fetal growth restriction, stunting, wasting, and micronutrient deficiencies including vitamin A and zinc along with suboptimum breastfeeding—is the cause of 3.1 million child deaths annually, and it accounted for 45% of all child deaths in 2011.[6] Deficiencies in iodine and iron, together with stunting, can contribute to children not reaching their developmental potential. There is growing evidence that sustained improvements in early life and adult pre-pregnancy nutrition could improve birth outcomes in offspring,[7] and vitamin D and omega-3 fatty acid supplementation during pregnancy may be protective against early childhood wheezing.[8] As a major early example of nutrition care for selected nutrient deficiencies, since vitamin D was first described almost a century ago, vitamin D preparations have been successfully used as a public health intervention to prevent nutritional rickets.[9] In the context of metabolic disorders, numerous diseases caused by abnormalities in nutritional metabolism can be cured by nutrition care and a special medical diet. For example, phenylalanine is toxic to immature nerve cells and impedes intellectual development. Food for special medical purpose (FSMP), including milk powder, rice, wheaten food, and other foods that remove phenylalanine, is the best therapeutic approach for children with phenylketonuria, which is characterized by lack of enzymes that metabolize phenylalanine, to avoid nerve damage and improve intellectual development.[10] Glutaric acidemia, which presents with specific catabolic deficiencies of amino acid or fatty acid metabolism, can also be treated with adequate FSMPs.[11] Nutrition care for disease- and aging-related malnutrition Most chronic and acute diseases may lead to malnutrition through combined low food intake, physical inactivity, and metabolic derangements.[12] The latter include inflammation, oxidative stress, and insulin resistance, with altered macro- and micronutrient metabolism, altered energy metabolism, increased energy expenditure, all leading to catabolism and loss of body and muscle mass. Disease-related malnutrition (DRM) has major physical, psychological, and clinically relevant adverse effects, including but not limited to immune dysfunction,[13] impaired muscle function and disabilities with loss of autonomy, decreased bone mass, anemia, and reduced cognitive function. These complications further lead to poor prognosis, including poor wound healing, increased infection rates, impaired tolerance to therapy, increased complications related to disease progression and therapy, delayed recovery with increased length of stay during hospitalization, reduced QoL, and, eventually, increased mortality.[14,15] During the coronavirus disease 2019 (COVID-19) pandemic, the important role of malnutrition in worsening risk of infection and disease outcomes has been unfortunately confirmed to be also a major component of disease burden in acute, infectious conditions, also in the presence of obesity.[16,17] Hospitalized patients with severe acute respiratory syndrome coronavirus 2 (SARS-CoV-2) infection (COVID-19) are at nutritional risk,[18] and nutritional management can significantly improve patient outcomes.[19,20] Notably, despite existing discrepancies, a deficiency of vitamin D or selenium may inhibit immune defenses against COVID-19 and cause progression to severe disease.[21] DRM in acute and chronic diseases also significantly enhances the economic burden of healthcare. It has been reported that in the United States, DRM in patients with selected diseases including stroke, coronary heart failure, chronic obstructive pulmonary disease (COPD), dementia, depression, and breast and colorectal cancer leads to direct medical costs of $15.5 billion. Indirect medical and social economic costs, such as missed work, need for personal care and caregivers, lead to total costs up to $156.7 billion per year.[22] In the European Union, the economic cost of cardiovascular disease is €192 billion annually in direct and indirect health care costs.[23] Aging is a major risk factor for chronic diseases and disabilities, with major impact on social and health care expenditures in the presence of increasing life expectancy worldwide. Aging per se is also a cause of malnutrition through loss of skeletal muscle mass and function (sarcopenia), spontaneous reduction in food intake, and enhanced social and economic challenges.[24] Healthy lifestyle including balanced dietary intake with optimal protein and calcium provision and vitamin D sufficiency, as well as physical activity with resistance exercise may delay the onset of sarcopenia and aging-related diseases, and they may limit the nutritional impact of established disease conditions.[25] Selected dietary patterns such as adherence to Mediterranean diet may be associated with lower health risks and preserved cognitive function.[26,27] Several studies show that nutrition care can significantly shorten hospital stays, reduce medical costs, improve clinical outcomes and QoL, and may prolong survival in older patients and in patients with miscellaneous disease conditions.[28–30] In more than 1 million inpatients, oral nutritional supplements (ONS) shortened hospitalization stays by 21%, reduced medical costs by 21.6%, and reduced the 30-day rehospitalization rate by 6.7%.[31] Also importantly, older patients may benefit more from nutrition care.[32] Nutritional care is also reported to be beneficial in community residents and home care patients. In one study, ONSs reduced the infection rate and risk of falls, improved physical activity function and QoL, and extended adjusted QoL years.[33] From the health-economic point of view, it was calculated that $1 invested in nutritional care may save $52 in future potential healthcare resources.[31] In another report, nutrition care was estimated to save $580 million in direct medical costs annually in patients with sepsis, gastrointestinal tumors, hospital infections, surgical complications, and pancreatitis.[34,35] Among many other acute and chronic diseases, cancer is a paradigm of DRM, and most patients with cancer (30%–90%) experience malnutrition because of both disease progression and treatment consequences.[36–38] Malnutrition is associated with numerous clinically relevant adverse effects, and approximately 40% of patients with cancer die of malnutrition.[39] Despite clinical heterogeneity and some discrepancies in available studies, strong evidence indicates relevant benefits of nutritional treatment on cancer patient outcomes. Bargetzi et al reported that calorie and protein supplementation improve QoL indicators, functional status, and survival.[40] Timing of treatment also seems important, as another study reported that early nutritional treatment was associated with prolonged survival in miscellaneous advanced cancer patients compare to later intervention.[41] Khosravi et al found that nutrition care alone and second-line chemotherapy had equivalent protective roles on progression-free survival and overall survival in patients with advanced non–small-cell lung cancer who had failed first-line chemotherapy.[42] Lu et al also reported that nutrition care reduces risk of death by 32% and prolonged survival by 2.9 months in patients with advanced esophageal cancer and gastric cancer.[43] In patients undergoing non-surgical treatment, nutrition care may significantly improve chemoradiotherapy tolerance, reduce toxic side effects, improve QoL, and prolong survival time.[44] In general, substantial evidence in recent years has confirmed that pre-rehabilitation and nutritional therapy starting before the time of anti-cancer treatments (approximately 2 weeks in advance), including both surgery and chemoradiotherapy, is more beneficial in improving outcomes and prolonging survival time than nutritional care concurrent with anti-tumor treatments. Perioperative nutritional therapy including ONS and immunomodulatory formulas, included within the enhanced recovery after surgery (ERAS) protocol,[45] has proven to be a main element and a critical step to achieve better surgical results, including reductions in complications, the need for the intensive care unit (ICU), and hospital stay, costs, and mortality.[46] Based on the above considerations and findings, several guidelines provide evidence-based recommendations that patients with cancer as well as several other chronic and acute conditions undergo regular nutritional screening and evaluation, and be managed accordingly through all stages of disease treatment.[37,44,45,47] Prevention of chronic NCDs and chronic disease progression In the context of NCDs, hypertension, diabetes, and cardiovascular and cerebrovascular diseases, which are mostly, although not exclusively related to over-nutrition and unhealthy dietary habits,[48] have become the most important threats to the health of the world’s population.[49] Indeed, strong scientific evidence indicates an increase in NCDs also in low-income and middle-income countries since 2000, as previously seen in high-income settings.[50] NCDs share a number of causal behavioral risk factors,[51,52] including high-energy/fat diet,[53,54] high intake of ultra-processed foods,[55] high salt intake,[56] low fresh fruit and vegetable diet, obesity,[57] physical inactivity,[58] tobacco smoking, and alcohol excess.[58] Unhealthy lifestyle (eg, high salt, energy, fat and cholesterol intake, low vegetable intake, and physical inactivity) may lead to metabolic derangements with chronic systemic inflammation, oxidative stress injury, and insulin resistance,[59] that significantly increase the risk of NCDs and related mortality.[60] As mentioned above, NCDs may further enhance similar metabolic abnormalities leading to synergistic derangements that further lead to altered nutritional state and DRM. Appropriate nutrition care (eg, nutrition and health consultation and education through TV media, public service advertisements, popular science articles, family follow-up, and other ways) help patients and community population to adhere to a healthy diet and lifestyle, including limiting alcohol consumption, use of low-fat dairy products, consuming diets low in saturated fat and cholesterol, reducing the intake of red and processed meat, increasing the intake of whole grains, fruits, vegetables, nuts, seeds, and legumes, and attaining balanced energy intake and body weight, can prevent NCDs, reverse early conditions, delay disease progression in patients with moderate or severe NCDs, and ultimately reduce the risk of death and improve survival.[61–63] In the context of cardiometabolic disease prevention, randomized controlled trials have confirmed that a low intake of dietary saturated fat and replacement with polyunsaturated vegetable oil reduced cardiovascular disease (CVD) by ≈30%, similar to reductions achieved by statin treatment.[64] A balanced Mediterranean diet (adequate levels of fruits and vegetables and moderate levels of fish, meat, olive oil, and red wine),[65] and potentially vegetarian diet have been shown to limit the incidence of various NCDs, including cardiovascular disease, diabetes, and some cancers,[66] while improving disease treatment and prolonging survival.[67,68] The DASH dietary pattern, which is widely recommended by international diabetes and heart association guidelines, is associated with decreased incidence of cardiovascular disease[69] and kidney disease.[70] In China, most patients with hypertension have type H hypertension (hypertension with hyperhomocysteinemia) with folate deficiency and high homocysteine levels.[71] Folate supplementation could reduce homocysteine levels and the risk of high blood pressure and its complications, including stroke. Antihypertensive drug treatment with folate supplementations accordingly significantly reduced the incidence of stroke and the corresponding medical and financial burden in China.[72,73] Appropriate diet, exercise, and other behavioral therapies for lifestyle interventions could prevent the progression or worsening of metabolic syndrome, including insulin resistance, with resulting beta-cell failure, diabetes mellitus, polycystic ovary syndrome (PCOS), hyperinsulinemia, and reactive hypoglycemia.[74] In one study, a dietary pattern low in staple foods and high in dairy milk was associated with a lower risk of type 2 diabetes in Chinese individuals.[75] Cancer represents another paradigm also for nutritional prevention. The World Cancer Research Foundation (WCRF) and American Society for Cancer Research (AICR) have proposed multiple versions of cancer prevention dietary guidelines (eg, recommending increased intake of vegetables, fruits, cereals, and legumes [over 2/3]; weight control, maintaining body mass index (BMI) between 20 and 23 kg/m2; increased physical exercise; eating less red meat or processed meat, consuming less refined sugar and alcohol) aimed at preventing cancer through diet and lifestyle. Changes in the cancer spectrum in the Chinese population suggest that it is urgent to improve dietary intake at population level for primary and secondary cancer prevention.[76] Also highlighting the key role of diet in cancer development, data from the National Cancer Center of China showed that in the past 30 years, the incidence of tumors associated with exposure to toxic carcinogens (eg, pickled, smoked, and moldy food), such as gastric, esophageal, and liver cancer, has significantly decreased, while the incidence of cancers associated with the prevalence of Western lifestyle (high-energy/high-fat diet, low physical activity) and obesity, such as colorectal, thyroid, prostate, and breast cancer, has increased 2- to 3-fold.[77] Dietary interventions combined with cancer drugs could also potentially be considered. Although the risk of malnutrition should be always considered, some preliminary and pre-clinical studies have suggested that limited nutrient restriction can potentiate the efficacy of, or alleviate resistance to cancer drugs.[78] Further studies are needed for clinical implementation of this hypothesis. Among other diseases, premature ovarian insufficiency (POI) ranks among the top reproductive disorders that may impair multiple functioning systems. Symptoms can be partially alleviated by hormone replacement therapy. The therapeutic effect of functional nutrition, such as proliferative, anti-inflammatory, antioxidant, and mitochondria-protective potential, during the course of menopause on POI is driving increasing attention.[79] In the context of disease control and treatment, diet should be a of effective treatment for multiple chronic diseases. Nutritional supplements may be also considered in selected conditions evidence their and control to prevent complications is for with type 2 diabetes, and the to improve control the of drugs and the of physical activity and diet. of index dietary may contribute to control and may limit the need for In general, the role of diet and lifestyle in the management of diabetes is and it is in recent Based on the above guidelines for healthy dietary patterns have been established by and scientific worldwide. the Dietary for and have been developed in the the the for the management of of the European Society of and the European Society the prevention of healthy Healthy in and the in the and Healthy Aging study and Dietary guidelines in Chinese guidelines for the management of hypertension and consensus dietary guidelines for healthy and prevention of obesity, the metabolic syndrome, diabetes, and related disorders in Among other population routine nutrition screening and consultation have been included in medical in the with management and A variety of family nutrition preparations and special medical food have been developed and by medical National to have achieved some For instance, population studies confirmed that adherence to the dietary guidelines and Dietary for and Mediterranean and Dietary to were associated with a lower risk of stroke, cancer, coronary heart disease, and should include a by the and It will also be important to the and of the clinical nutrition increase clinical in healthcare enhance and nutrition screening nutrition interventions for with NCDs or risk of NCDs, the of and therapeutic and research on the health of nutrition and future Although optimal nutrition and nutritional care a potential major role in disease treatment and prevention, their clinical value has been underestimated for a long time, and nutritional care has long been considered a supportive of nutritional care or medical nutrition, and their potential unfortunately low in healthcare in recent years, evidence has indicated that therapeutic use of nutrition may be a major to prevention and treatment of acute and chronic disease, as well as aging-related nutrition care may reduction of and side of other and ultimately improve outcomes. The potential primary role of optimal nutrition and nutritional care in patient management has therefore increasing In the nutritional care should be and to first-line therapy for multiple diseases. It should be given equal attention as other basic treatments, such as and and should through to the whole disease treatment and that nutrition is a basic and first-line treatment, is key to improving nutritional of medical patients and their medical and social Nutrition education should be of in medical and should be available to hospital and healthcare to and this fundamental patient A and refined nutrition is the of an effective nutrition For example, the and of clinical malnutrition, the priority of driving and factors of malnutrition for and implementation of clinical nutrition the nutritional and metabolic of special and metabolic for nutrition and the and of insulin resistance and chronic systemic inflammation in to routine body for the prevention and treatment of metabolic disorders and nutritional is a a of including diseases, and It is suggested to an medical for nutritional in to effective and refined nutritional nutrition against the of disease and burden is the of disease and while a lack of and effective nutritional and nutritional care lead to nutritional and its associated poor outcomes. It is suggested that nutritional should be considered as the basic with routine nutritional evaluation, and in all and nutritional care should be patients are at nutritional work was by the National Research and of The that they have financial or personal that could have to the work reported in this",2023,2023-12-01,article,en,https://openalex.org/W4391130467,False,0,genomics_plus_other;metabolomics_plus_microbiomics,True,True,True,True
doi:10.1101/2022.11.01.22281689,doi:10.1101/2022.11.01.22281689,europepmc,europepmc;openalex,PPR:PPR566315,10.1101/2022.11.01.22281689,,,"Antithrombin, protein C and protein S: Genome and transcriptome wide association studies identify 7 novel loci regulating plasma levels","ABSTRACT Objective Antithrombin, protein C (PC) and protein S (PS) are circulating natural-anticoagulant proteins that regulate hemostasis and of which partial deficiencies are causes of venous thromboembolism. Previous genetic association studies involving antithrombin, PC, and PS were limited by modest sample sizes or by being restricted to candidate genes. In the setting of the Cohorts for Heart and Aging Research in Genomic Epidemiology consortium, we meta-analyzed across ancestries the results from 10 genome-wide association studies (GWAS) of plasma levels of antithrombin, PC, PS free and PS total. Approach and Results Study participants were of European and African ancestries and genotype data were imputed to TOPMed, a dense multi-ancestry reference panel. Each of 10 studies conducted a GWAS for each phenotype and summary results were meta-analyzed, stratified by ancestry. We also conducted transcriptome-wide association analyses and multi-phenotype analysis to discover additional associations. Novel GWAS findings were validated by in vitro functional experiments. Mendelian randomization was performed to assess the causal relationship between these proteins and cardiovascular outcomes. GWAS meta-analyses identified 4 newly associated loci: 3 with antithrombin levels ( GCKR, BAZ1B , and HP-TXNL4B ) and 1 with PS levels ( ORM1 - ORM2 ). TWAS identified 3 newly associated genes: 1 with antithrombin level ( FCGRT ), 1 with PC ( GOLM2 ), and 1 with PS ( MYL7 ). In addition, we replicated 7 independent loci reported in previous studies. Functional experiments provided evidence for the involvement of GCKR, SNX17 , and HP genes in antithrombin regulation. Conclusion The use of larger sample sizes, diverse populations, and a denser imputation reference panel allowed the detection of 7 novel genomic loci associated with plasma antithrombin, PC, and PS levels.",2022,2022-11-02,Preprint,,https://europepmc.org/article/PPR/PPR566315,True,1,,True,True,True,True
doi:10.1101/2024.09.25.615023,doi:10.1101/2024.09.25.615023,europepmc,europepmc,PPR:PPR916899,10.1101/2024.09.25.615023,,,Rewilding alters mouse epigenetic aging,"SUMMARY The aging of mammalian epigenomes fundamentally alters cellular functions, and such changes are the focus of many healthspan and lifespan studies. However, studies of this process typically use mouse models living under standardized laboratory conditions and neglect the impact of variation in social, physical, microbial, and other aspects of the living environment on age-related changes. We examined differences in age-associated methylation changes between traditionally lab-reared and “rewilded” C57BL6/J mice, which lived in an outdoor field environment with enhanced ecological realism. Systematic analysis of age-associated methylation dynamics in the liver indicates a genomic region-conditioned, faster epigenetic aging rate in mice living in the field than those living in the lab, implicating perturbed 3D genome conformation and liver function. Altered epigenetic aging rates were more pronounced in sites that gain methylation with age, including sites enriched for transcription factor binding related to DNA repair. These observations underscore the overlooked role of the social and physical environment in epigenetic aging with implications for both basic and applied aging research.",2024,2024-09-27,Preprint,,https://europepmc.org/article/PPR/PPR916899,True,0,,True,True,True,True
doi:10.1101/2025.10.16.681134,doi:10.1101/2025.10.16.681134,europepmc,europepmc,PPR:PPR1101905,10.1101/2025.10.16.681134,,,Repeated disuse atrophy imprints a molecular memory in skeletal muscle: transcriptional resilience in young adults and susceptibility in aged muscle,"Disuse-induced muscle atrophy is common after illness, injury, or falls and becomes increasingly frequent with ageing. Whether skeletal muscle retains a “memory” of repeated disuse remains unknown. We investigated repeated lower-limb immobilization in young adults and a refined aged rat model, integrating physiological, multi-omic, immunohistochemical, biochemical, and primary human muscle stem cell (MuSC) analyses. To enable robust age comparisons, we integrated published young rat data with newly generated aged rat data. In young human muscle, repeated disuse elicited attenuated transcriptional perturbations in oxidative and mitochondrial pathways, suggestive of a protective molecular memory, despite similar atrophy to initial disuse. In contrast, aged muscle exhibited a detrimental memory, characterised by greater atrophy, exaggerated suppression of aerobic metabolism genes despite recovery after initial disuse, NAD⁺ and mitochondrial DNA depletion, and activation of proteasomal, extracellular-matrix, and DNA-damage pathways. Whereas young rats recovered muscle mass after initial disuse, aged rats did not. Repeated disuse induced DNA hypermethylation and downregulation of aerobic metabolism and mitochondrial genes across species. NR4A1 remained suppressed into recovery, while AChR subunit genes ( CHRNA1 , CHRND ) were epigenetically primed. NMRK2 , an NAD⁺ biosynthesis gene, was among the most downregulated after both atrophy periods, and nicotinamide riboside improved myotube size in MuSCs post-atrophy. Repeated disuse atrophy imprints a molecular memory in skeletal muscle shaping transcriptional resilience in young adults and exaggerated susceptibility in aged muscle.",2025,2025-10-16,Preprint,,https://europepmc.org/article/PPR/PPR1101905,True,0,,True,True,True,True
doi:10.1111/acel.14203,doi:10.1111/acel.14203,pubmed,pubmed,38769776,10.1111/acel.14203,38769776,PMC11320360,Tho2-mediated escort of Nrd1 regulates the expression of aging-related genes.,"The relationship between aging and RNA biogenesis and trafficking is attracting growing interest, yet the precise mechanisms are unknown. The THO complex is crucial for mRNA cotranscriptional maturation and export. Herein, we report that the THO complex is closely linked to the regulation of lifespan. Deficiencies in Hpr1 and Tho2, components of the THO complex, reduced replicative lifespan (RLS) and are linked to a novel Sir2-independent RLS control pathway. Although transcript sequestration in hpr1Δ or tho2Δ mutants was countered by exosome component Rrp6, loss of this failed to mitigate RLS defects in hpr1Δ. However, RLS impairment in hpr1Δ or tho2Δ was counteracted by the additional expression of Nrd1-specific mutants that interacted with Rrp6. This effect relied on the interaction of Nrd1, a transcriptional regulator of aging-related genes, including ribosome biogenesis or RNA metabolism genes, with RNA polymerase II. Nrd1 overexpression reduced RLS in a Tho2-dependent pathway. Intriguingly, Tho2 deletion mirrored Nrd1 overexpression effects by inducing arbitrary Nrd1 chromatin binding. Furthermore, our genome-wide ChIP-seq analysis revealed an increase in the recruitment of Nrd1 to translation-associated genes, known to be related to aging, upon Tho2 loss. Taken together, these findings underscore the importance of Tho2-mediated Nrd1 escorting in the regulation of lifespan pathway through transcriptional regulation of aging-related genes.",2024,2024-05-20,"Journal Article; Research Support, Non-U.S. Gov't",eng,https://pubmed.ncbi.nlm.nih.gov/38769776/,False,0,,True,True,True,True
doi:10.1111/j.1440-1843.2009.01702.x,doi:10.1111/j.1440-1843.2009.01702.x,openalex,openalex,https://openalex.org/W2012301875,10.1111/j.1440-1843.2009.01702.x,,,"Year‐in‐review 2009: Asthma, COPD and airway biology","In this review, we present important global advances in asthma, COPD and airway biology in 2009, and, in the context of these global advances, we highlight articles published in Respirology. Our aim is to provide a summary and interpretation of new data published in the journal about airway diseases, which will contribute to a better understanding of their pathogenesis, and lead to improved diagnosis, prevention and treatment. John Upham Researchers continue to discover genetic variations that are linked to asthma. Recent highlights have included reported links between asthma and variants in genes that regulate epithelial cell proteins. Variants in the filaggrin gene increase the risk of asthma in people with atopic eczema,1,2 while He and colleagues described a genetic variant in the region of the thymic stromal lymphopoietin gene that is associated with asthma and airway hyperresponsiveness.3 The field of asthma genetics is increasingly moving towards large genome-wide association studies. For a more detailed description of progress in asthma genetics, readers should refer to one of the many recent review articles.4 The pathophysiology of asthma involves a complex interplay between resident structural cells within the airways and infiltrating inflammatory cells of haematopoietic origin. The role of T-helper type 2 (Th2) cells in allergic inflammation in asthma has been established for some time. However, the increasing recognition of asthma as a heterogeneous disease has prompted investigators to reassess T-cell subsets in different types of asthma. Gene expression profiling has shown the existence of at least two asthma subtypes, termed ‘Th2-high’ and ‘Th2-low’ by Woodruff and colleagues.5 In addition, it is now clear that Th17 cells can mediate both neutrophilic airway inflammation and airway hyperresponsiveness in experimental animals and that both these features are steroid-resistant.6 The pattern of cytokines produced during acute asthma exacerbations differs from that seen in stable disease. Calderon and colleagues reported a bias towards interleukin (IL)-13 production by CD4 T-cells during acute exacerbations in children, whereas IFN-γ responses were increased during convalescence.7 Reduced numbers of T regulatory cells has been linked to a number of inflammatory diseases including asthma. Matsumoto and co-workers showed in a mouse model that the frequency of lung T regulatory cells was inversely associated with allergic inflammation and airway hyperresponsiveness, while parallel studies in humans showed relative deficiency of circulating T regulatory cells in asthma.8 Antigen presenting dendritic cells are exquisitely sensitive to environmental stimuli such as inhaled allergens,9,10 are tightly regulated by airway epithelial cells,11 and are thought to have a key role in the initiation and maintenance of asthma. In early childhood, dendritic cells appear to play an important immunoregulatory role, as relative deficiency of plasmactyoid dendritic cells during infancy is linked to more frequent respiratory infections and a greater likelihood of asthma by the age of 5 years.12 The nerve growth factor signalling pathway was shown to be important in a guinea pig model of asthma.13 This pathway is subject to regulation by SH2-Bb, a recently described signalling molecule expressed in alveolar macrophages.13 Airway administration of Aspergillus fumigatus spores can enhance allergic inflammation induced by a second allergen (ovalbumin).14 The key mechanism involves protease-mediated damage to epithelial cells, and this may also lead to airway remodelling.14 The mast cell clearly has a central role in asthma pathogenesis. Elliot and colleagues examined lung tissue from cases of fatal asthma and showed that mast cell degranulation and airway smooth muscle shortening were most marked when death occurred within a few hours of the onset of asthma symptoms, as compared with cases in which the asthma exacerbation developed over a longer period of time.15 Rhinoviruses are important triggers for acute asthma exacerbations in children and adults, and this may be related to impaired immunity in asthma.16 Recent studies have highlighted the complexity of the host immune response to rhinovirus infection in vivo,17 and the extent to which responses vary among the many different rhinovirus strains.18 Interestingly, antiviral immune pathways activated during acute asthma exacerbations in children may also lead to enhanced expression of high-affinity IgE receptor,19 thereby providing a plausible biological mechanism whereby viruses might enhance reactivity to allergens in some people with asthma. These types of studies represent important steps towards developing novel approaches to therapy for asthma exacerbations. Airway wall remodelling in asthma appears to be relatively resistant to current asthma therapies and therefore continues to be an area of great interest to researchers. Kuroishi et al. studied the ability of transforming growth factor beta (TGFβ)-1 to induce epithelial-mesenchymal transition.20 Using primary mouse tracheal epithelial cells, the authors showed that TGFβ-1 was able to induce expression of α-smooth muscle actin and vimentin, and loss of epithelial cell markers. Basal epithelial cells seemed to be most susceptible to epithelial–mesenchymal transition.20 Airway smooth muscle hyperplasia and hypertrophy are thought to represent a key component of airway obstruction and remodelling in asthma. Shin et al. examined the effects of TGFβ on airway smooth muscle cells in vitro.21 TGFβ had no obvious effects on smooth muscle proliferation but was able to induce smooth muscle cells to release vascular endothelial growth factor (VEGF). State of the art proteomics was used to evaluate the influence of leukotriene (LTE)-4 on human bronchial epithelial cells.22 The key finding was that LTE-4 down regulates glucocorticoid receptor expression, interfering with the therapeutic effects of glucocorticoids in asthma, and potentially contributing to steroid resistance in asthma.22 The effects of simvastatin on small airway remodelling were studied in an animal model of cigarette smoke-induced airway inflammation.23 Simvastatin inhibited airway inflammation and reduced small airway thickening and collagen deposition. These findings may be relevant not only for COPD, but also for asthma, especially for those asthmatics who smoke. While recent studies in humans have suggested that statins do not improve clinical aspects of asthma control in the short term, atorvastatin may reduce numbers of sputum macrophages in asthma,24 so we are likely to see further interest in the anti-inflammatory properties of statins in asthma. Researchers continue to look for improved methods of non-invasive monitoring of inflammation in asthma. The pH of exhaled breath condensate appears to be a rapid and reproducible biomarker of inflammation, and one key study reported recently in Respirology showed that asthmatics who smoke have lower exhaled breath pH than non-smoking asthmatics.25 This appeared to be related to the level of oxidative stress in smokers, as assessed by 8-isoprostane in exhaled breath. Future studies will need to determine whether exhaled breath pH will be useful in monitoring the long-term effects of smoking on asthmatic airway inflammation. New techniques of imaging are increasingly being applied to the evaluation of airway disorders. Magnetic resonance angiography has been used to evaluate lung perfusion in bronchiolitis,26 while a variety of investigators have recently outlined the use of hyperpolarized helium MRI to assess ventilation heterogeneity in asthma.27,28 Investigators are increasingly turning to detailed analysis of inflammatory cells and inflammatory mediators to better define specific asthma phenotypes.5,29–31 Asthma patients with chronic persistent airway obstruction showed prominent expression of IL-12, IL-13 and IFN-γ in bronchial biopsies, whereas a very different pattern of cytokine expression was observed in patients with intermittent obstruction.32 Nadif and co-workers used careful analysis of differential leukocytes in peripheral blood to define patterns of granulocytic inflammation in asthma.30 This approach has considerable appeal for large-scale epidemiological studies in which invasive monitoring is difficult, and may be especially relevant to asthma research in regions of the world with limited access to research funding. The use of LTE antagonists in asthma appears to be characterized by marked inter-individual variability in and colleagues examined the relative of and in this In the in LTE appeared to have the influence on the response to recent in Respirology of the of in patients presenting with The authors patients presenting to their with about the of respiratory disease about which patients in the are at risk of respiratory such as in lung the of airway of data from the were published in 2009, providing data about the pattern of lung with and the effects of These now the and which had been from In recent has been increasing of between the features of asthma and COPD, in the smoking is the most important risk factor for COPD, a study by and colleagues that for non-smoking a of asthma, blood IgE were risk for the of airway asthma is factor contributing to airway it was to be more in but a recent in on the further risk including onset of and In patients with asthma, asthma exacerbations also as a risk factor for in lung in patients who were not with was interest in in asthma should be and with the recognition of heterogeneity in asthma In clinical it may be at an early to the lung of small airway obstruction from but and colleagues have developed a with and and colleagues reported on the of in airway obstruction in of in the of was by and who showed that over of with clinical of asthma had of disease in of airway hyperresponsiveness sputum of the of asthma is patients are on treatment. is increasing that airway a of is for asthma, it of of breath on and is to asthma treatment. in Respirology about this in 2009, with the by and that of asthmatics had of on compared with in control This finding was associated with a different of and a of and compared with asthma patients with of is the is are not and may need to be during to the in the The second by and reported the use of of the for of during the respiratory area of in was in the of asthma with the of the of the on asthma control and This about for the of asthma, including a of as for clinical with specific for clinical and regulatory studies in asthma have on of lung as was by and colleagues in a of the of However, the highlighted the of which both the current clinical and use as as lung and their risk of in the is increasing of the of of to evaluate the of asthma control on and and colleagues that and may the between the of of and of their role in their asthma in developing developed For the of clinical asthma is increasing use of from such as Asthma and Asthma not only in clinical but also in primary are now which the between such and of asthma In and colleagues showed that the Asthma more with asthma than with such as lung exhaled important to in related to the use of the of and from journal that highlighted the of for use of from the and of not their in the most for of the between asthma control and exacerbations has in recent are more in patients with asthma and are reduced by treatment. The of asthma was on the that exacerbations the of asthma, and that that improve asthma control also reduce and However, in recent has been increasing of between these in response to some For and colleagues showed that with patients a in risk of exacerbations but no in of the most important of progress in related to the of asthma, which a of asthma and in treatment. are of interest for asthma of increasing of the role of different and the for treatment. For in patients with persistent sputum therapy about of patients with two studies showed that with to a in exacerbations being on asthma of between clinical asthma control and that were in in included for patients with with allergic of are in clinical but do not as as should in clinical patients more than one from regulatory while this may be thought to a for The that should a of the component of the of asthma This is important in an in which clinical to clinical appear to reduce In asthma, of may not be with of of such as increased risk of The risk was recently reported to increase by for increase in the of that is not is that some which can increase breath this may be relevant in some in breath is for 2009, about of with is when used as with improve clinical asthma it may be to a study that whether not increase the risk of the is so is that in a the of for are now for asthma are to these are clearly not in with current asthma recent published in Respirology showed that the in clinical from with than was in clinical asthma by Respirology in included whether was for children with in the had been expressed about the respiratory of both in of to induce asthma and also of asthma to of and were for studies to some of these important In a study by and which was in a it was to see that lung improved and frequency in the The subject of asthma exacerbations considerable during 2009, with including a summary of the for of exacerbations in the a of the of during asthma to and novel from an study that during acute asthma, the airways may to has been shown that is impaired in patients with asthma who have chronic and colleagues reported that is not seen in cases of fatal asthma, in which death onset of symptoms, but these cases had greater mast cell degranulation and airway smooth muscle shortening compared with patients had for can in a of airway and cytokine in increase the risk of death from exacerbations of COPD are associated with increased numbers of in the airways by increased of cytokines such as and as as increased These exacerbations are with and In a study published in and studied the of of these inflammatory in COPD patients for acute exacerbations. sputum was and and and for inflammatory with and the numbers of and of and in the sputum reduced within with a in This was by a in during the but in lung such as The of this study that the increased and inflammatory seen in the airways of patients with acute exacerbation of COPD towards within of and these be more relevant and useful to determine whether the was not than such as in In their review in and the on the and responses to smoking and to to as as have been shown to be associated with the of In the of to this of a inflammatory of and cells both large and small and tissue with effects on lung The mediators in the the and the to release leukocytes and in the also the production and release of acute from the and the vascular to the of new and and of These in for the acute and that are in patients with COPD is a disease that the it is also associated with The which is on and has been shown to be a useful for and the of is not whether in the with inflammatory et al. the association between and the of in patients with stable COPD and the inflammatory mediators in the only showed a association with and the The of inflammatory mediators such as and were to those in The authors that may be an important biomarker for COPD from smokers, COPD and is by alveolar macrophages when are activated by and the the This in Respirology that and and and therefore to the and inflammation seen in play an important role in the of COPD, and be an important in the of such as have been used in the of airway inflammatory as which is used as a in patients with asthma, and has a which that it have an and colleagues the of and effects on and in cell In addition, also effects on from and release of inflammatory cytokines as and from airway epithelial reported that showed effects on and in inhibited of from and reduced the release of inflammatory cytokines from epithelial cells with The of the effects of on lower than that observed with These from Respirology that can anti-inflammatory and effects clinical have showed that in a of the of in patients with and the number of COPD The of the alveolar seen in COPD is by inflammation, and of have been in and these in cell signalling and damage to structural and and the of is expressed in the lung and a role in lung and maintenance of alveolar is to that has a and role in endothelial In a model of and colleagues that smoking induced oxidative stress in the was associated with in the of in the and a in the expression of on alveolar epithelial This was by a increase in the number of alveolar epithelial cells that to the of increased the of and expression of and was with a in the number of alveolar epithelial et al. reported that human tracheal epithelial cells when in showed a and increase in the number of cells, to the these cells were with the number of cells by and this was associated with of and associated with these animal studies reported in Respirology that oxidative stress in COPD of alveolar epithelial cells, which can be by with studies are now to these In their and the of such as the pattern of the and proteomics use to the and of to differential expression of in and to some of the important in the field of COPD, and in can at risk of COPD can a better understanding of COPD pathophysiology discover novel can we on the genetic of the Gene expression profiling useful the of COPD and by The human airway has showed genes in the bronchial epithelial cells from the airways of current smokers, including pathways related to and host Interestingly, some do not these that these may be more susceptible to the airways effects of cigarette smoke. the expression of some and genes do not to in some of persistent airway damage and to lung studies have differential expression in genes in with COPD such as those in oxidative inflammatory and no two studies have the genes to be expressed and regulated in These are a for analysis for disease. are that may this for study small epithelial cells, of tissue and numbers may also be The authors that such as gene expression provide approaches to of COPD, which and on disease pathogenesis. genome-wide we now have the to current studies of the of of will be to to to improve lung The that the genetic on an has a on the response to has for in respiratory While in understanding of have been in asthma, very has been studied in the field of et al. reported that a in the gene was associated with a response inhaled in patients with patients who had the in showed a better response than those who had the Interestingly, this was to has been reported in patients with The authors have for this from the that the also between the asthma study and this the in the asthma study were also than those in the COPD and is some that genetic effects can vary over and association might with studies are to these and it is only that we will the of this in clinical and disease is an chronic lung disease with disease While cigarette smoking is the of COPD, it has been that of people with COPD are cigarette for COPD respiratory chronic asthma and In to to the of COPD, epidemiological data are to in COPD and The of COPD was recently at by the in a of a COPD of In the a study in Respirology in COPD and for and COPD were from in to in COPD was with increasing and in than were of death and between to variations in disease risk and of in patterns of COPD will for and of In the early of COPD, patients are may have a of respiratory and persistent and to impaired of is the for and monitoring the chronic obstruction of access to improve for whereas may not be are useful for and blood in respiratory define the extent of in The in the the extent and of and airway In a study of for lung the of obstruction of as assessed by a inflammatory not with the extent of on was between and COPD is clearly a complex disease with and of and to important COPD of is used in clinical and the of COPD on In to of such as the and are being developed for clinical for related to of was developed in a study of COPD from this new with the and for the COPD has recently been will now be important to these in clinical The most important for COPD is of early in the of the disease will reduce the of in lung and reduce studies in Respirology in the important of smoking of smoking clinical in COPD patients reported that smoking with therapy was more than to in In a of in and in greater from smoking from than of from developing and and exacerbations are important approaches for patients with is on COPD and of and a and COPD is with frequent an inhaled as an anti-inflammatory In a in was compared with in COPD patients in lung and were between the two for a in with small in This clinical for COPD studies have also on of in patients reported that improved lung improved of reduced exacerbations and was in this specific of COPD of clinical data from In a of lung patients with COPD use of for 2 improved and lung including the lung the authors to during the lung period COPD was highlighted by their Respirology these and studies the of in some about aspects of and also about of inhaled and The of such as in the COPD is being studies in Respirology in for which chronic disease therapy for of respiratory and, for of and in and the role of this for a of COPD in New was was to be and when in in at not therapy in COPD and of within is not clear whether patients COPD patients of should In a of at in COPD patients reduced and but had no on While therapy be in COPD of obstruction with of with from increased of in a non-invasive ventilation was during in a of COPD patients improved and reduced the of the of for lung is as a therapy for in patients who are exacerbations of COPD are to respiratory and of COPD exacerbations of airway and and may be for therapy is In patients of airway techniques are likely to be a small clinical of a specific with the in the not during COPD Interestingly, in the may reduce the of COPD patients are during a of COPD are important to the of the by lung increasing and is a in COPD patients and patients who of are more likely to frequent and colleagues examined the association between to and the frequency of COPD exacerbations in a study over a period of reported that to inhaled was greater in patients with COPD than in and that this was associated with increased in the and increased frequency of COPD which was by the of at least two of an increase in two sputum and sputum an increase in one and one and The authors that of the to might that a is to frequent COPD exacerbations when have stable This reported in to be further in clinical studies. of COPD exacerbations are to The role of sputum for the of these exacerbations are to study the for the exacerbations and to the of sputum are it is important to patients who are likely to a study of clinical in COPD patients presenting to the sputum and as sputum with sputum in may reduce and thereby improve in a that has been shown to the of infection as a for acute exacerbations of COPD is blood is a small that is in increase in but in studies have a of as compared with for the of of the of is not a sensitive for the of in patients ventilation an in the and colleagues whether blood be a useful of infection in these reported in the clinical and biological of in patients with acute exacerbations of COPD in a such COPD patients detailed clinical and blood analysis for and greater than were associated with increased risk of while non-invasive ventilation use was associated with reduced risk for The authors that of may be a useful for for COPD have been in the obstruction and recent study an on and is an important and may not more have been was shown to be an to assess in COPD of may also be in The of in to and was associated with in COPD patients in over 5 studies in Respirology in have understanding of airway asthma and The studies have in of the of asthma and COPD, and have reported important studies of better diagnosis, prevention and of these airway The now will be to these to discover novel and more clinical approaches to people with airway was by an and by research from the Asthma of and State was by an The Asthma of and COPD",2010,2010-01-26,article,en,https://openalex.org/W2012301875,False,0,genomics_plus_other;transcriptomics_plus_downstream,True,False,True,False
doi:10.1128/msphere.00450-24,doi:10.1128/msphere.00450-24,semantic_scholar,semantic_scholar,004af216c101c3f8e10007a2f871155666358382,10.1128/msphere.00450-24,38926904,11287997,Phase variable colony variants are conserved across Gardnerella spp. and exhibit different virulence-associated phenotypes,"ABSTRACT The Gardnerella genus, comprising at least 13 species, is associated with the polymicrobial disorder bacterial vaginosis (BV). However, the details of BV pathogenesis are poorly defined, and the contributions made by individual species, including Gardnerella spp., are largely unknown. We report here that colony phenotypes characterized by size (large and small) and opacity (opaque and translucent) are phase variable and are conserved among all tested Gardnerella strains, representing at least 10 different species. With the hypothesis that these different variants could be an important missing piece to the enigma of how BV develops in vivo, we characterized their phenotypic, proteomic, and genomic differences. Beyond increased colony size, large colony variants showed reduced vaginolysin secretion and faster growth rate relative to small colony variants. The ability to inhibit the growth of Neisseria gonorrhoeae and commensal Lactobacillus species varied by strain and, in some instances, differed between variants. Proteomics analyses indicated that 127–173 proteins were differentially expressed between variants. Proteins with increased expression in large variants of both strains were associated with amino acid and protein synthesis and protein folding, whereas those increased in small variants were related to nucleotide synthesis, phosphate transport, ABC transport, and glycogen breakdown. Furthermore, whole genome sequencing analyses revealed an abundance of genes associated with variable homopolymer tracts, implicating slipped strand mispairing in Gardnerella phase variation and illuminating the potential for previously unrecognized heterogeneity within clonal populations. Collectively, these results suggest that phase variants may be primed to serve different roles in BV pathogenesis. IMPORTANCE Bacterial vaginosis is the most common gynecological disorder in women of childbearing age. Gardnerella species are crucial to the development of this dysbiosis, but the mechanisms involved in the infection are not understood. We discovered that Gardnerella species vary between two different forms, reflected in bacterial colony size. A slow-growing form makes large amounts of the toxin vaginolysin and is better able to survive in human cervix tissue. A fast-growing form is likely the one that proliferates to high numbers just prior to symptom onset and forms the biofilm that serves as a scaffold for multiple BV-associated anaerobic bacteria. Identification of the proteins that vary between different forms of the bacteria as well as those that vary randomly provides insight into the factors important for Gardnerella infection and immune avoidance. Bacterial vaginosis is the most common gynecological disorder in women of childbearing age. Gardnerella species are crucial to the development of this dysbiosis, but the mechanisms involved in the infection are not understood. We discovered that Gardnerella species vary between two different forms, reflected in bacterial colony size. A slow-growing form makes large amounts of the toxin vaginolysin and is better able to survive in human cervix tissue. A fast-growing form is likely the one that proliferates to high numbers just prior to symptom onset and forms the biofilm that serves as a scaffold for multiple BV-associated anaerobic bacteria. Identification of the proteins that vary between different forms of the bacteria as well as those that vary randomly provides insight into the factors important for Gardnerella infection and immune avoidance.",2024,2024-06-27,JournalArticle,,https://www.semanticscholar.org/paper/004af216c101c3f8e10007a2f871155666358382,False,0,,True,False,False,False
doi:10.1155/jdr/2131566,doi:10.1155/jdr/2131566,semantic_scholar,semantic_scholar,ea76932d25959d6c246f18b9fb707aeec335e134,10.1155/jdr/2131566,41923440,13045261,Network Pharmacology Combined With Gut Microbiome and Serum Metabolomics Reveals the Therapeutic Mechanisms of Hydroxysafflor Yellow A in Diabetic Kidney Disease,"Diabetic kidney disease (DKD) is a severe complication of diabetes, primarily driven by chronic inflammation, oxidative stress, and gut microbiota dysbiosis. Hydroxysafflor yellow A (HSY), a bioactive compound derived from Carthamus tinctorius L., demonstrates promising renoprotective effects. However, its mechanisms, especially through modulation of the gut–kidney axis, remain poorly understood. This study employed a combination of network pharmacology, a high‐fat diet/streptozotocin‐induced type 2 diabetic mouse model, 16S rRNA sequencing, and serum metabolomics to explore the therapeutic mechanisms of HSY. Renal function, oxidative stress, inflammation, and gut microbiota composition were evaluated. HSY significantly alleviated renal injury by reducing blood glucose, creatinine, and urea nitrogen levels (p < 0.05), while enhancing renal antioxidant enzyme activity (GSH, SOD, CAT). Inflammatory markers (TNF‐α, IL‐1β) and AGE–RAGE signaling were suppressed. Analysis of the gut microbiota revealed that HSY enriched SCFA‐producing genera (e.g., Lactobacillus, Alloprevotella) and decreased the abundance of Schaedlerella. Serum metabolomics further indicated that HSY modulated riboflavin metabolism, linoleic acid metabolism, and steroid hormone biosynthesis, thereby linking microbial metabolites to renal protection. Spearman correlation analysis revealed strong associations between specific gut microbiota (e.g., Prevotella) and serum metabolites (e.g., eicosapentaenoic acid). HSY mitigates DKD by targeting AGE–RAGE‐mediated inflammation, oxidative stress, and gut microbiota dysbiosis while correcting metabolic disturbances. This study offers a novel multi‐omics approach to understanding HSY’s renoprotective effects, highlighting its potential as a therapeutic agent for DKD.",2026,2026-01-01,JournalArticle,,https://www.semanticscholar.org/paper/ea76932d25959d6c246f18b9fb707aeec335e134,False,0,,True,False,True,False
doi:10.1158/1557-3265.sabcs25-pd3-10,doi:10.1158/1557-3265.sabcs25-pd3-10,semantic_scholar,semantic_scholar,3c4b0493552a5464ce0e357d09a1de739fa28632,10.1158/1557-3265.sabcs25-pd3-10,,,Abstract PD3-10: Biomarkers of primary resistance to sacituzumab govitecan in metastatic triple negative breast cancer,"Primary resistance to sacituzumab govitecan (SG) was reported in 24% of patients treated in the ASCENT trial. This retrospective study aims to explore biomarkers associated with primary resistance to SG in metastatic triple negative breast cancer (mTNBC) in a real world cohort. Patients (pts) with mTNBC treated with SG (2021-2024) at Gustave Roussy were eligible for this study if they had a formalin-fixed-paraffin-embedded tissue sample collected at any time before SG administration available. Trop-2 immunohistochemistry, multiplex immunofluorescence (MIF) for characterization of immune TME, targeted genomic panel and whole transcriptomic analysis using next-generation sequencing were performed and compared between patients with PFS on SG ≤ 3 vs > 3 months. p values were adjusted for multiple testing. 55 pts were included. Median age was 54 years (range 32-80). 12 (21.8%) pts had de novo mTNBC, 13 (23.6%) had more than 3 lines of therapy before SG, 13 (23.6%) had received 1st line immune checkpoint inhibitor, and 35 (63.6%) had visceral metastases. 17 pts had a PFS on SG ≤ 3 months. 36 samples were from metastatic sites (65.5%) and 19 from primary tumor (34.5%). Table below shows the results relevant to Trop-2 H-score and immune TME analyzed by MIF. Differential expression analysis of patients with PFS > 3 months (versus ≤ 3 months) showed that the top 5 genes with the highest log2FC (3.75 - 2.59) were IGLV2-23, IGLV3-19, IGLV4-60, SFTPB, and IGHV1-2 (p-adj 3 months were enriched for the “molecular mediator of immune response” geneset (p-adj < 0.05) and suppressed for the “negative regulation of double-strand break repair via nonhomologous end joining” (p-adj < 0.05) and the “pre-miRNA processing” (p-adj < 0.05) genesets. Primary resistance to SG in pts with mTNBC seems to be derived by both an interplay between the tumor and immune microenvironment, and DNA repairing damage mechanisms. Genomic analysis will be also presented. E. Rassy, J. Paparo, B. Job, M. Triki-Lacroix, L. Lacroix, F. Mosele, P. Kannouche, F. Papa, C. Roussel-Simonin, L. Bordelet, N. Signolle, A. Viansone, J. Zeghondy, T. Grinda, C. Bousrih, N. Joyon, T. Ben Ahmed, T. Henry, V. Goldbarg, J. Ribeiro, S. Delaloge, F. Andre, S. Michiels, B. Pistilli. Biomarkers of primary resistance to sacituzumab govitecan in metastatic triple negative breast cancer [abstract]. In: Proceedings of the San Antonio Breast Cancer Symposium 2025; 2025 Dec 9-12; San Antonio, TX. Philadelphia (PA): AACR; Clin Cancer Res 2026;32(4 Suppl):Abstract nr PD3-10.",2026,2026-02-17,JournalArticle,,https://www.semanticscholar.org/paper/3c4b0493552a5464ce0e357d09a1de739fa28632,False,0,,True,False,False,False
doi:10.1164/rccm.202008-3303oc,doi:10.1164/rccm.202008-3303oc,semantic_scholar,semantic_scholar,fb3cc42a151474bb571507d120a04ac54d7311da,10.1164/rccm.202008-3303oc,34752721,,Proteomic Analysis of Human Lung Development.,"RATIONALE The current understanding of human lung development derives mostly from animal studies. While transcript-level studies have analyzed human donor tissue to identify genes expressed during normal human lung development, protein-level analysis that would enable the generation of new hypotheses on the processes involved in pulmonary development are lacking. OBJECTIVE To define the temporal dynamic of protein expression during human lung development. METHODS We performed proteomics analysis of human lungs at 10 distinct times from birth to 8 years to identify the molecular networks mediating postnatal lung maturation. MEASUREMENTS AND MAIN RESULTS We identified 8,938 proteins providing a comprehensive view of the developing human lung proteome. The analysis of the data supports the existence of distinct molecular substages of alveolar development and predicted the age of independent human lung samples and extensive remodeling of the lung proteome occurred during postnatal development. Evidence of post-transcriptional control was identified in early postnatal development. An extensive extracellular matrix remodeling was supported by changes in the proteome during alveologenesis. The concept of maturation of the immune system as an inherent part of normal lung development was substantiated by flow cytometry and transcriptomics. CONCLUSION This study provides the first in-depth characterization of the human lung proteome during development providing a unique proteomic resource freely accessible at Lungmap.net. The data support the extensive remodeling of the lung proteome during development, the existence of molecular substages of alveologenesis and evidence of post-transcriptional control in early postnatal development.",2021,2021-11-09,JournalArticle,,https://www.semanticscholar.org/paper/fb3cc42a151474bb571507d120a04ac54d7311da,False,0,,True,False,True,False
doi:10.1182/blood-2023-174321,doi:10.1182/blood-2023-174321,semantic_scholar,semantic_scholar,e9a14acd9e956efce29d191db71dd6d84ccc56af,10.1182/blood-2023-174321,,,Gut Microbial Dysbiosis in Myeloid Neoplasms: Correlations with Clinical and Genomic Features,"Background Deeper insights into somatic mutations have advanced our understanding of myeloid malignancies like Myelodysplastic Neoplasms (MDS), Myeloproliferative Neoplasms (MPN), and Acute Myeloid Leukemia (AML), particularly in terms of malignant clone interactions and immune dysregulation. However, the role of diverse extrinsic factors, such as gut microbial dysbiosis, in interacting with and modifying the microenvironment is still being studied. Here we analyzed gut microbial species and function in AML, MDS, and MPN patients, investigating correlation of disease metagenomic signatures with blood indices, somatic mutations, and disease subtype. Methods Fecal samples were collected from 337 Caucasian adult patients with MDS, MPN, and AML at Humanitas Research Hospital, Milan, Italy. Extracted DNA samples were sequenced (Illumina Novaseq 6000) and quality-trimmed data mapped against Integrated Gut Catalog (IGC2) using METEOR pipeline (Plaza Oñate et al., 2019). Human contaminant sequences were removed, and gene count tables were normalized according to the FPKM strategy using MOMR normFreqRPKM function. Results Overall 138 AML patients (63 females, 75 males, average age 62.3 ± 13.64); 93 MPN patients (29 females, 77 males, average age 66.3 ± 10.61) and 106 MDS patients (29 females, 77 males, average age 71.7 ± 10.87) were included. Concerning microbial richness we observed significantly lower richness and diversity in AML patients vs MDS or MPN. Principal Coordinates Analysis (PCoA) at the species level revealed significant differences in gut microbiomes among disease groups (PERMANOVA R2=7.38, p<0.001)(Figure 1A). AML and MDS shared seven depleted species, including three MetaGenomic Species (MGS) for Faecalibacterium prausnitzii, a key beneficial gut bacterium. Random Forest classification modelling to accurately identified AML, MDS, and MPN patients (AUCROC=0.91, 0.89, 0.85,MDS, AML, MPN respectively), with primary distinguishing features tied to increased levels of inflammation-inducing species. We further investigated mutation-specific microbiome signatures using Shannon Diversity:, JAK2 V617F mutated MPN had significantly greater diversity than MDS or AML (log2(MPN/AML)=0.28,p=7.7e-12, log2(MPN/MDS)=0.12,p=1.3e-9)). Additionally, within MDS, patients with SF3B1 mutation were significantly different from those with TP53 mutation (log2(SF3B1/TP53)=0.23,p=0.03)). We conducted a correlation analysis with blood indices. Two depleted signatures in AML and MDS, butyrate producing species such as Faecalibacterium prausnitzii , positively correlated with platelets (rho=0.17,q=0.001) and hemoglobin (rho=0.23, q=1.7e-5). Conversely, enriched species like Erysipiclostridium ramosum showed a negative correlation with hemoglobin (rho=-0.23,q=1.26e-5), and platelet count (rho=-0.17,q=0.002) in AML and MDS. Notably, in MPN, the pattern was reversed; depleted species like Flavonifractor plautii were negatively correlated with hemoglobin (rho=-0.15,p=0.004) and platelet count (rho=-0.19,q=0.4e-3)). (Figure 1B). We compared microbiome signatures at diagnosis and disease relapse in 94 patients with MDS/AML treated with hypomethylating-based therapies. A significant reduced taxonomical abundances was found in samples collected at disease relapse with respect to those from the same subject at diagnosis (p<0.001). Finally, in 133 MDS/AML patients who underwent disease modifying treatment at diagnosis, we evaluate the incidence of severe infections and the possible associations with specific microbiome signatures. We noticed that patients who developed a severe infection (G3-G4) showed a significantly reduced taxonomical abundances in gut microbiome (as evaluated at disease diagnosis before treatment) with respect to those subject who didn't experience relevant infectious complications (P<.001) Conclusion Our study reveals striking correlations between gut microbiome and clinical/genetic features of AML, MDS, and MPN, suggesting gut microbiome as potential disease markers and therapeutic targets. This enhances our grasp of myeloid malignancies' pathophysiology, setting the stage for further investigations into the intricate interaction between the gut microbiome, genetic mutations, and clinical traits in these conditions, potentially leading to the development of microbiome-focused therapies.",2023,2023-11-28,JournalArticle,,https://www.semanticscholar.org/paper/e9a14acd9e956efce29d191db71dd6d84ccc56af,False,0,,True,False,False,False
doi:10.1183/23120541.sleepandbreathing-2021.51,doi:10.1183/23120541.sleepandbreathing-2021.51,semantic_scholar,semantic_scholar,26797b5698951686ca2acc428caef2828ca279c6,10.1183/23120541.sleepandbreathing-2021.51,,,Transcriptomic evidence of Vitamin D perturbations in adipose tissue donate from Obstructive Sleep Apnea (OSA) patients: a re-analysis of publicly available genomic data,"Aim: The purpose of this study was to assess the epigenetic substrate of vitamin D perturbations noted on obstructive sleep apnosea (OSA) patients, and establish a biological basis for intervention, in a data driven manner. Materials and methods: The Gene Expression Omnibus (GEO) database was scrutinized for curated OSA datasets containing gene expression data derived from donated adipose tissue. Retrieved data were analyzed via the Independent Samples Shrinkage T-tests and Gene Set Enrichment Analyses (GSEA; performed via Custom R Scripts and GeneTrail2.0). Multiple testing correction was performed via the Benjamini-Hochberg adjustment. False discovery rates (FDRs) l0.05 were considered statistically significant. Results: Data from the GSE38792 dataset were used for subsequent analyses. This study included 10 OSA patients and 8 healthy controls matched for age, sex and body mass index. GSEA revealed significant enrichment of the «vitamin D 24 hydroxylase activity(4)» (Gene Ontology – Molecular Function; FDR l0.0072) gene ontology, including the CYP24A1, CYP1A1, CYP3A4 genes. This enrichment was not detected in leukocyte gene expression dataset (GSE75097), indicating its potential tissue specificity. Discussion: By employing a data-driven approach, we determined Vitamin-D perturbations at the transcriptomic level in the adipocytes of OSA patients. These findings, as well as the potential for lifestyle interventions, including exercise regimens, should be prospectively validated in larger cohorts.",2021,2021-04-16,,,https://www.semanticscholar.org/paper/26797b5698951686ca2acc428caef2828ca279c6,False,0,,True,False,True,False
doi:10.1186/s12933-025-02849-8,doi:10.1186/s12933-025-02849-8,semantic_scholar,semantic_scholar,d26151e0e71010b5814cd0af46c79b5b8082bffa,10.1186/s12933-025-02849-8,40813662,12351922,Association of circulating metabolites and polygenic risk score with incident type 2 diabetes: a prospective community-based cohort study,"No previous studies have explored metabolites associated with both genetic predispositions to type 2 diabetes (T2DM) and T2DM onset. Therefore, we aimed to explore metabolic profiles using genetic risk to identify pathways for tailored T2DM prevention strategies. This prospective community-based cohort study in Japan included a total of 12,461 participants aged ≥ 20 years. Genetic predictors were genome-wide and pathway-based polygenic risk scores (PRSs). We quantified 43 metabolites using nuclear magnetic resonance spectroscopy. T2DM was defined as a non-fasting glucose level of ≥ 200 mg/dL, glycated hemoglobin level ≥ 6.5%, or self-reported T2DM treatment. A modified Poisson regression model was used to examine the associations of PRSs and metabolites with T2DM incidence. Linear associations were tested using the restricted cubic spline, and mediation analysis was conducted to assess the mediating effect of metabolites on the association between PRSs and T2DM incidence. During the 4.3-year median follow-up period, 354 T2DM cases were identified. A higher PRS was associated with incident T2DM (relative risk [RR] 2.09, 95% confidence interval [CI], 1.68–2.60, P < 0.001, 1-standard deviation [SD] increment). The nitrogen compound transport pathway PRS was associated with incident T2DM (RR 1.32, 95% CI 1.03–1.70, P < 0.001, 1-SD increment). Fourteen metabolites like glucose, 2-ketoisocaproic acid, glutamic acid, leucine, 2-aminobutyric acid, 2-hydroxybutyric acid, valine, 3-methyl-2-oxobutyric acid, alanine, 3-hydroxybutyric acid, 3-methyl-2-oxiovaleric acid, formic acid, arginine, and tyrosine were positively associated with the risk of T2DM. Only glycine was inversely associated with the risk of T2DM. Among 43 metabolites, 14 metabolites were positively associated with PRS (P for linear trend < 0.05). 3-hydroxyisobutyric-acid, 2-Aminobutyric acid, 2-ketoisocaproic acid, 2-hydroxybutyric acid, leucine, glycine, and glucose mediated the association between PRS and incident T2DM. Several metabolites were found to mediate the association between PRS and incident T2DM. These findings may contribute to a better understanding of the metabolic pathways involved in genetic susceptibility to T2DM. Why did we undertake this study? We aimed to identify plasma metabolites associated with type 2 diabetes (T2DM) incidence and genetic risk scores (PRS) using a large-scale genomic and cohort approach. What is the specific question(s) we wanted to answer? How do PRS and associated metabolites contribute to T2DM incidence, independent of lifestyle factors? What did we find? Higher PRS significantly increased T2DM incidence, with metabolites, such as glucose, alanine, and valine, partially mediating this relationship, accounting for 1–7% of the effect. These findings highlight the interplay between genetic predisposition and metabolomic profiles in T2DM risk. What are the implications of our findings? PRSs were associated with T2DM incidence, and seven metabolites were found to partially mediate this association. These findings may help elucidate the metabolic pathways underlying genetic susceptibility to T2DM. Why did we undertake this study? We aimed to identify plasma metabolites associated with type 2 diabetes (T2DM) incidence and genetic risk scores (PRS) using a large-scale genomic and cohort approach. What is the specific question(s) we wanted to answer? How do PRS and associated metabolites contribute to T2DM incidence, independent of lifestyle factors? What did we find? Higher PRS significantly increased T2DM incidence, with metabolites, such as glucose, alanine, and valine, partially mediating this relationship, accounting for 1–7% of the effect. These findings highlight the interplay between genetic predisposition and metabolomic profiles in T2DM risk. What are the implications of our findings? PRSs were associated with T2DM incidence, and seven metabolites were found to partially mediate this association. These findings may help elucidate the metabolic pathways underlying genetic susceptibility to T2DM.",2025,2025-08-14,JournalArticle,,https://www.semanticscholar.org/paper/d26151e0e71010b5814cd0af46c79b5b8082bffa,False,0,,True,False,True,False
doi:10.1186/s13073-021-00948-1,doi:10.1186/s13073-021-00948-1,semantic_scholar,semantic_scholar,01fef650fd2947a58db9678b591eb957879c8106,10.1186/s13073-021-00948-1,34399830,8365568,An epigenetic and transcriptomic signature of immune tolerance in human monocytes through multi-omics integration,"Background The plasticity of monocytes enables them to exert multiple roles during an immune response, including promoting immune tolerance. How monocytes alter their functions to convey immune tolerance in the context of lower respiratory tract infections in humans is not well understood. Here, we sought to identify epigenetic and transcriptomic features of cytokine production capacity in circulating monocytes during community-acquired pneumonia (CAP). Methods Circulating CD14+ monocytes were obtained from the blood of CAP patients included in a longitudinal, observational cohort study, on hospitalization (acute stage, n =75), and from the same patients after a 1-month follow-up (recovery stage, n =56). Age and sex-matched non-infectious participants were included as controls ( n =41). Ex vivo cytokine production after lipopolysaccharide (LPS) exposure was assessed by multiplex assay. Transcriptomes of circulating monocytes were generated by RNA-sequencing, and DNA methylation levels in the same monocytes were measured by reduced representation bisulfite sequencing. Data were integrated by fitting projection-to-latent-structure models, and signatures derived by partial least squares discrimination. Results Monocytes captured during the acute stage exhibited impaired TNF, IL-1β, IL-6, and IL-10 production after ex vivo stimulation with LPS, relative to controls. IL-6 production was not resolved in recovery monocytes. Multivariate analysis of RNA-sequencing data identified 2938 significantly altered RNA transcripts in acute-stage monocytes (fold expression ≤−1.5 or ≥1.5; adjusted p ≤ 0.01), relative to controls. Comparing DNA methylation levels in circulating monocytes of CAP patients to controls revealed minimal differences, specifically in DNAse hypersensitive sites (HS) of acute-stage monocytes. Data integration identified a cholesterol biosynthesis gene signature and DNAse HS axis of IL-1β and IL-10 production ( R 2 =0.51). Conclusions Circulating monocytes obtained from CAP patients during the acute stage exhibited impaired cytokine production capacities, indicative of reprogramming to a state of immune tolerance, which was not fully resolved after 1 month. Our split-sample study showed that 51% of the immune tolerance phenotype can be explained, at least in part, by coordinated shifts in cholesterol biosynthesis gene expression and DNAse HS methylation levels. A multi-scale model identified an epigenetic and transcriptomic signature of immune tolerance in monocytes, with implications for future interventions in immunosuppression. Trial registration NCT number NCT02928367",2021,2021-08-16,JournalArticle,,https://www.semanticscholar.org/paper/01fef650fd2947a58db9678b591eb957879c8106,False,1,,True,False,True,False
doi:10.1186/s40364-023-00458-9,doi:10.1186/s40364-023-00458-9,openalex,europepmc;openalex;pubmed;scopus;semantic_scholar,https://openalex.org/W4321328071,10.1186/s40364-023-00458-9,,,The essential roles of FXR in diet and age influenced metabolic changes and liver disease development: a multi-omics study,"BACKGROUND: Aging and diet are risks for metabolic diseases. Bile acid receptor farnesoid X receptor (FXR) knockout (KO) mice develop metabolic liver diseases that progress into cancer as they age, which is accelerated by Western diet (WD) intake. The current study uncovers the molecular signatures for diet and age-linked metabolic liver disease development in an FXR-dependent manner. METHODS: Wild-type (WT) and FXR KO male mice, either on a healthy control diet (CD) or a WD, were euthanized at the ages of 5, 10, or 15 months. Hepatic transcriptomics, liver, serum, and urine metabolomics as well as microbiota were profiled. RESULTS: WD intake facilitated hepatic aging in WT mice. In an FXR-dependent manner, increased inflammation and reduced oxidative phosphorylation were the primary pathways affected by WD and aging. FXR has a role in modulating inflammation and B cell-mediated humoral immunity which was enhanced by aging. Moreover, FXR dictated neuron differentiation, muscle contraction, and cytoskeleton organization in addition to metabolism. There were 654 transcripts commonly altered by diets, ages, and FXR KO, and 76 of them were differentially expressed in human hepatocellular carcinoma (HCC) and healthy livers. Urine metabolites differentiated dietary effects in both genotypes, and serum metabolites clearly separated ages irrespective of diets. Aging and FXR KO commonly affected amino acid metabolism and TCA cycle. Moreover, FXR is essential for colonization of age-related gut microbes. Integrated analyses uncovered metabolites and bacteria linked with hepatic transcripts affected by WD intake, aging, and FXR KO as well as related to HCC patient survival. CONCLUSION: FXR is a target to prevent diet or age-associated metabolic disease. The uncovered metabolites and microbes can be diagnostic markers for metabolic disease.",2023,2023-02-18,article,en,https://openalex.org/W4321328071,False,4,explicit_multiomics;transcriptomics_plus_downstream,True,True,True,True
doi:10.12688/wellcomeopenres.16336.1,doi:10.12688/wellcomeopenres.16336.1,semantic_scholar,semantic_scholar,9f9583e14e2b61e62e7adb4d237feecc9fd5749b,10.12688/wellcomeopenres.16336.1,34136649,8176264,Cardiovascular disease risk and pathophysiology in South Asians: can longitudinal multi-omics shed light?,"Cardiovascular disease (CVD) is the leading cause of mortality in South Asia, with rapidly increasing prevalence of hypertension, type 2 diabetes and hyperlipidemia over the last two decades. Atherosclerotic CVD (ASCVD) affects South Asians earlier in life and at lower body weights, which is not fully explained by differential burden of conventional risk factors. Heart failure (HF) is a complex clinical syndrome of heterogeneous structural phenotypes including two major clinical subtypes, HF with preserved (HFpEF) and reduced ejection fraction (HFrEF). The prevalence of HF in South Asians is also rising with other metabolic diseases, and HFpEF develops at younger age and leaner body mass index in South Asians than in Whites. Recent genome-wide association studies, epigenome-wide association studies and metabolomic studies of ASCVD and HF have identified genes, metabolites and pathways associated with CVD traits. However, these findings were mostly driven by samples of European ancestry, which may not accurately represent the CVD risk at the molecular level, and the unique risk profile of CVD in South Asians. Such bias, while formulating hypothesis-driven research studies, risks missing important causal or predictive factors unique to South Asians. Importantly, a longitudinal design of multi-omic markers can capture the life-course risk and natural history related to CVD, and partially disentangle putative causal relationship between risk factors, multi-omic markers and subclinical and clinical ASCVD and HF. In conclusion, combining high-resolution untargeted metabolomics with epigenomics of rigorous, longitudinal design will provide comprehensive unbiased molecular characterization of subclinical and clinical CVD among South Asians. A thorough understanding of CVD-associated metabolomic profiles, together with advances in epigenomics and genomics, will lead to more accurate estimates of CVD progression and stimulate new strategies for improving cardiovascular health.",2020,2020-10-27,Review; JournalArticle,,https://www.semanticscholar.org/paper/9f9583e14e2b61e62e7adb4d237feecc9fd5749b,False,0,,True,False,True,False
doi:10.14336/ad.2025.1571,doi:10.14336/ad.2025.1571,europepmc,europepmc;pubmed;semantic_scholar,MED:41910653,10.14336/ad.2025.1571,41910653,,"Cellular Senescence in Gastric Cancer: Molecular Mechanisms, Microenvironment Remodeling and Therapeutic Implications.","Gastric cancer (GC) remains a leading cause of cancer-related morbidity and mortality worldwide, with poor prognosis for advanced-stage patients. Therefore, in-depth exploration of the mechanisms underlying GC initiation and progression, as well as the development of novel therapeutic strategies, is of crucial importance. Cellular senescence is a stable cell cycle arrest program that plays a dual role in GC. It exerts tumor-suppressive effects via growth arrest but also promotes tumor progression and immune evasion by remodeling the tumor microenvironment (TME) through senescence-associated secretory phenotype (SASP). This review comprehensively elucidates the molecular mechanisms of cellular senescence in GC and the core regulatory networks involving gene regulation, epigenetic modifications, metabolic reprogramming, and cell cycle arrest. Additionally, the review highlights how senescent cells foster an immunosuppressive microenvironment via SASP, forming a self-reinforcing feed-forward loop. Regarding therapeutic strategies, we summarize potential approaches targeting cellular senescence, including senescence induction, senescent cell clearance, SASP modulation, and multi-target synergistic therapy by integrating epigenetic regulation, metabolic intervention, and immune microenvironment modulation. Despite progress, numerous challenges remain. Future studies should leverage multi-omics technologies, novel models' development, and large-scale clinical trials to advance the clinical translation of GC cellular senescence research, providing new insights for improving prognosis.",2026,2026-03-19,Review; Journal Article,eng,https://europepmc.org/article/MED/41910653,False,2,,True,True,True,True
doi:10.18632/aging.204375,doi:10.18632/aging.204375,europepmc,europepmc;pubmed;scopus,MED:36367773,10.18632/aging.204375,36367773,PMC9699765,Krill oil protects dopaminergic neurons from age-related degeneration through temporal transcriptome rewiring and suppression of several hallmarks of aging.,"There is accumulating evidence that interfering with the basic aging mechanisms can enhance healthy longevity. The interventional/therapeutic strategies targeting multiple aging hallmarks could be more effective than targeting one hallmark. While health-promoting qualities of marine oils have been extensively studied, the underlying molecular mechanisms are not fully understood. Lipid extracts from Antarctic krill are rich in long-chain omega-3 fatty acids choline, and astaxanthin. Here, we used C. elegans and human cells to investigate whether krill oil promotes healthy aging. In a C. elegans model of Parkinson´s disease, we show that krill oil protects dopaminergic neurons from aging-related degeneration, decreases alpha-synuclein aggregation, and improves dopamine-dependent behavior and cognition. Krill oil rewires distinct gene expression programs that contribute to attenuating several aging hallmarks, including oxidative stress, proteotoxic stress, senescence, genomic instability, and mitochondrial dysfunction. Mechanistically, krill oil increases neuronal resilience through temporal transcriptome rewiring to promote anti-oxidative stress and anti-inflammation via healthspan regulating transcription factors such as SNK-1. Moreover, krill oil promotes dopaminergic neuron survival through regulation of synaptic transmission and neuronal functions via PBO-2 and RIM-1. Collectively, krill oil rewires global gene expression programs and promotes healthy aging via abrogating multiple aging hallmarks, suggesting directions for further pre-clinical and clinical explorations.",2022,2022-11-09,"Research Support, Non-U.S. Gov't; research-article; Journal Article",eng,https://europepmc.org/article/MED/36367773,False,2,,True,True,True,True
doi:10.21203/rs.3.rs-6768173/v1,doi:10.21203/rs.3.rs-6768173/v1,europepmc,europepmc,PPR:PPR1033808,10.21203/rs.3.rs-6768173/v1,,,Multivariate genome-wide analyses of insulin resistance phenotypes unravel novel loci and therapeutic targets for cardiometabolic health and longevity,"Abstract Insulin resistance (IR) is a key risk factor for cardiometabolic diseases and premature death with unmet therapeutic needs. The limited identification of IR-associated loci hinders understanding its causal role in cardiometabolic health and longevity, impeding subsequent precise therapeutic strategies development. We applied three complementary multivariate genome-wide association study (GWAS) approaches on the homeostatic model assessment for insulin resistance, insulin resistance index, fasting insulin, and the ratio of triglycerides to high-density lipoprotein cholesterol from the MAGIC and UK Biobank (totaling N=644,158) to develop a comprehensive IR (termed ‘mvIR’) GWAS, and identified 217 independent loci for mvIR, including 24 novel loci. Multivariable Mendelian randomization (MR) analyses showed that each 1-Z-score higher mvIR was associated with higher risks of 17 cardiometabolic diseases (OR [95% CI] from 2.49 [1.75-3.53] for mild obesity-related diabetes to 1.06 [1.00-1.12] for polycystic ovary syndrome [PCOS]) and reduced likelihood of five longevity outcomes (e.g., OR of 0.64 [0.50-0.83] for 99th percentile longevity), independent of adiposity and muscle weakness indicators. Applying large-scale MR integrating GWASs, drug genomics, gene expression data, and proteomic data, we outlined 21 out of 2,644 druggable genes for IR by MR (P 0.75), and the effect direction of 14 therapeutic genes on IR aligned with their impact on diabetes, metabolic syndrome, PCOS, hypertension, cardiovascular disease, ovarian cancer, and aging phenotypes. Seven therapeutic genes (AKT1, ERBB3, FCGR1A, FGFR1, GUCY1B2, LPL, and NR1H3) encode targets for approved drugs with consistent directions of action in alleviating IR, with no significant potential side effects revealed by phenome-wide association study results. This study uncovered novel loci and therapeutic targets for IR, informing preventive strategies to promote IR-centered cardiometabolic health and longevity.",2025,2025-06-10,Preprint,,https://europepmc.org/article/PPR/PPR1033808,True,0,,True,True,True,True
doi:10.2217/epi.12.37,doi:10.2217/epi.12.37,pubmed,pubmed;scopus,22920183,10.2217/epi.12.37,22920183,PMC5293543,Sensitive periods in epigenetics: bringing us closer to complex behavioral phenotypes.,"Genetic studies have attempted to elucidate causal mechanisms for the development of complex disease, but genome-wide associations have been largely unsuccessful in establishing these links. As an alternative link between genes and disease, recent efforts have focused on mechanisms that alter the function of genes without altering the underlying DNA sequence. Known as epigenetic mechanisms, these include DNA methylation, chromatin conformational changes through histone modifications, ncRNAs and, most recently, 5-hydroxymethylcytosine. Although DNA methylation is involved in normal development, aging and gene regulation, altered methylation patterns have been associated with disease. It is generally believed that early life constitutes a period during which there is increased sensitivity to the regulatory effects of epigenetic mechanisms. The purpose of this review is to outline the contribution of epigenetic mechanisms to genomic function, particularly in the development of complex behavioral phenotypes, focusing on the sensitive periods.",2012,2012-08-01,"Journal Article; Research Support, Non-U.S. Gov't; Review",eng,https://pubmed.ncbi.nlm.nih.gov/22920183/,False,1,,True,True,True,True
doi:10.3389/fcell.2026.1835561,doi:10.3389/fcell.2026.1835561,europepmc,europepmc;pubmed;semantic_scholar,MED:42255472,10.3389/fcell.2026.1835561,42255472,PMC13233535,Transplantation immunology: paradigm shift from systemic suppression to microenvironment remodeling and precision modulation.,"Organ transplantation remains the definitive therapy for end-stage organ failure, yet its long-term success is limited by allograft rejection. Conventional immunosuppressive regimens, while effective against acute rejection, are hampered by non-specific mechanisms that lead to serious complications such as infections and malignancies, posing a major barrier to long-term graft survival. Recent advances in high-dimensional technologies-including single-cell sequencing, epigenomics, and metabolomics-are driving a paradigm shift in transplant immunology from ""broad suppression"" toward ""precision modulation."" This review systematically delineates the hierarchical network and regulatory mechanisms of the alloimmune response, with a focus on four pioneering therapeutic strategies: engineered cellular therapies, targeted biologics, local microenvironment remodeling, and metabolic/epigenetic interventions. It further discusses the integration of novel biomarkers, high-dimensional technologies, and artificial intelligence to establish a precision medicine framework for personalized immune management. Finally, future directions and challenges-including xenotransplantation, spatial multi-omics, and immune aging-are explored, providing a conceptual and practical roadmap for the fundamental transition from systemic immunosuppression to precision modulation of the immune microenvironment.",2026,2026-05-21,review-article; Review; Journal Article,eng,https://europepmc.org/article/MED/42255472,False,2,,True,True,True,True
doi:10.3389/fimmu.2026.1855772,doi:10.3389/fimmu.2026.1855772,europepmc,europepmc;pubmed;scopus;semantic_scholar,MED:42327748,10.3389/fimmu.2026.1855772,42327748,PMC13278943,Immune cell senescence and chronic bone diseases: osteoimmune mechanisms and therapeutic perspectives.,"Immune cell senescence is an important intermediary linking organismal ageing, chronic low-grade inflammation, and disordered bone metabolism. With advancing age, immune cells undergo systemic functional remodeling and exhibit a series of characteristic alterations, including reduced proliferative capacity, skewed differentiation, abnormal migration and homing, impaired phagocytic and clearance functions, and changes in their secretory profile. These changes persistently disrupt the osteoimmune microenvironment and ultimately promote enhanced bone resorption, suppressed bone formation, and deterioration of bone quality. This Review centers on the immunological basis of bone homeostasis and systematically summarizes the major biological features of immune cell senescence, with a particular focus on the key cellular mechanisms through which it drives chronic bone disease. It further analyses its pathological manifestations and disease-specific differences in osteoporosis, osteoarthritis, rheumatoid arthritis, and diabetes-related bone disease. Current evidence indicates that the contribution of immune cell senescence varies across different diseases: its pathogenic association appears to be relatively more direct in osteoporosis and rheumatoid arthritis, whereas in osteoarthritis and diabetes-related bone disease it more often acts as a contributor to inflammatory amplification and microenvironmental deterioration. At present, intervention strategies targeting immune cell senescence mainly focus on modulation of macrophage polarization, immune-mediated clearance of senescent cells, restoration of adaptive immune homeostasis, and MSC-related improvement of the local microenvironment, but overall these approaches remain at the preclinical or early translational stage. Future studies should integrate single-cell sequencing, spatial transcriptomics, and multi-omics approaches to define local immune cell senescence landscapes and establish robust biomarker systems, thereby promoting the transition from mechanistic research to precision intervention in chronic bone diseases.",2026,2026-06-05,review-article; Review; Journal Article,eng,https://europepmc.org/article/MED/42327748,False,3,,True,True,True,True
doi:10.3389/fonc.2024.1389634,doi:10.3389/fonc.2024.1389634,semantic_scholar,semantic_scholar,042dadd2b25d7e7116d622d27690b59a7ddacee6,10.3389/fonc.2024.1389634,38764585,11099211,Persistent gene expression and DNA methylation alterations linked to carcinogenic effects of dichloroacetic acid,"Background Mechanistic understanding of transient exposures that lead to adverse health outcomes will enhance our ability to recognize biological signatures of disease. Here, we measured the transcriptomic and epigenomic alterations due to exposure to the metabolic reprogramming agent, dichloroacetic acid (DCA). Previously, we showed that exposure to DCA increased liver tumor incidence in B6C3F1 mice after continuous or early life exposures significantly over background level. Methods Using archived formalin-fixed liver samples, we utilized modern methodologies to measure gene expression and DNA methylation levels to link to previously generated phenotypic measures. Gene expression was measured by targeted RNA sequencing (TempO-seq 1500+ toxicity panel: 2754 total genes) in liver samples collected from 10-, 32-, 57-, and 78-week old mice exposed to deionized water (controls), 3.5 g/L DCA continuously in drinking water (“Direct” group), or DCA for 10-, 32-, or 57-weeks followed by deionized water until sample collection (“Stop” groups). Genome-scaled alterations in DNA methylation were measured by Reduced Representation Bisulfite Sequencing (RRBS) in 78-week liver samples for control, Direct, 10-week Stop DCA exposed mice. Results Transcriptomic changes were most robust with concurrent or adjacent timepoints after exposure was withdrawn. We observed a similar pattern with DNA methylation alterations where we noted attenuated differentially methylated regions (DMRs) in the 10-week Stop DCA exposure groups compared to the Direct group at 78-weeks. Gene pathway analysis indicated cellular effects linked to increased oxidative metabolism, a primary mechanism of action for DCA, closer to exposure windows especially early in life. Conversely, many gene signatures and pathways reversed patterns later in life and reflected more pro-tumorigenic patterns for both current and prior DCA exposures. DNA methylation patterns correlated to early gene pathway perturbations, such as cellular signaling, regulation and metabolism, suggesting persistence in the epigenome and possible regulatory effects. Conclusion Liver metabolic reprogramming effects of DCA interacted with normal age mechanisms, increasing tumor burden with both continuous and prior DCA exposure in the male B6C3F1 rodent model.",2024,2024-05-03,JournalArticle,,https://www.semanticscholar.org/paper/042dadd2b25d7e7116d622d27690b59a7ddacee6,False,0,,True,False,True,False
doi:10.3390/biom15081081,doi:10.3390/biom15081081,europepmc,europepmc;pubmed;scopus,MED:40867526,10.3390/biom15081081,40867526,PMC12383841,Development of a Serum Proteomic-Based Diagnostic Model for Lung Cancer Using Machine Learning Algorithms and Unveiling the Role of SLC16A4 in Tumor Progression and Immune Response.,"Early diagnosis of lung cancer is crucial for improving patient prognosis. In this study, we developed a diagnostic model for lung cancer based on serum proteomic data from the GSE168198 dataset using four machine learning algorithms (nnet, glmnet, svm, and XGBoost). The model's performance was validated on datasets that included normal controls, disease controls, and lung cancer data containing both. Furthermore, the model's diagnostic capability was further validated on an independent external dataset. Our analysis identified SLC16A4 as a key protein in the model, which was significantly downregulated in lung cancer serum samples compared to normal controls. The expression of SLC16A4 was closely associated with clinical pathological features such as gender, tumor stage, lymph node metastasis, and smoking history. Functional assays revealed that overexpression of SLC16A4 significantly inhibited lung cancer cell proliferation and induced cellular senescence, suggesting its potential role in lung cancer development. Additionally, correlation analyses showed that SLC16A4 expression was linked to immune cell infiltration and the expression of immune checkpoint genes, indicating its potential involvement in immune escape mechanisms. Based on multi-omics data from the TCGA database, we further discovered that the low expression of SLC16A4 in lung cancer may be regulated by DNA copy number variations and DNA methylation. In conclusion, this study not only established an efficient diagnostic model for lung cancer but also identified SLC16A4 as a promising biomarker with potential applications in early diagnosis and immunotherapy.",2025,2025-07-26,"Research Support, Non-U.S. Gov't; research-article; Journal Article",eng,https://europepmc.org/article/MED/40867526,False,2,,True,True,True,True
doi:10.3390/ijms20194662,doi:10.3390/ijms20194662,europepmc,europepmc;pubmed;scopus,MED:31547049,10.3390/ijms20194662,31547049,PMC6802361,Royal Jelly and Its Components Promote Healthy Aging and Longevity: From Animal Models to Humans.,"Aging is a natural phenomenon that occurs in all living organisms. In humans, aging is associated with lowered overall functioning and increased mortality out of the risk for various age-related diseases. Hence, researchers are pushed to find effective natural interventions that can promote healthy aging and extend lifespan. Royal jelly (RJ) is a natural product that is fed to bee queens throughout their entire life. Thanks to RJ, bee queens enjoy an excellent reproductive function and lengthened lifespan compared with bee workers, despite the fact that they have the same genome. This review aimed to investigate the effect of RJ and/or its components on lifespan/healthspan in various species by evaluating the most relevant studies. Moreover, we briefly discussed the positive effects of RJ on health maintenance and age-related disorders in humans. Whenever possible, we explored the metabolic, molecular, and cellular mechanisms through which RJ can modulate age-related mechanisms to extend lifespan. RJ and its ingredients-proteins and their derivatives e.g., royalactin; lipids e.g., 10-hydroxydecenoic acid; and vitamins e.g., pantothenic acid-improved healthspan and extended lifespan in worker honeybees Apis mellifera , Drosophila Melanogaster flies, Gryllus bimaculatus crickets, silkworms, Caenorhabditis elegans nematodes, and mice. The longevity effect was attained via various mechanisms: downregulation of insulin-like growth factors and targeting of rapamycin, upregulation of the epidermal growth factor signaling, dietary restriction, and enhancement of antioxidative capacity. RJ and its protein and lipid ingredients have the potential to extend lifespan in various creatures and prevent senescence of human tissues in cell cultures. These findings pave the way to inventing specific RJ anti-aging drugs. However, much work is needed to understand the effect of RJ interactions with microbiome, diet, activity level, gender, and other genetic variation factors that affect healthspan and longevity.",2019,2019-09-20,review-article; Review; Journal Article,eng,https://europepmc.org/article/MED/31547049,False,2,,True,True,True,True
doi:10.3390/molecules23051219,doi:10.3390/molecules23051219,europepmc,europepmc;pubmed;scopus,MED:29783751,10.3390/molecules23051219,29783751,PMC6100286,Targeting Protein Quality Control Mechanisms by Natural Products to Promote Healthy Ageing.,"Organismal ageing is associated with increased chance of morbidity or mortality and it is driven by diverse molecular pathways that are affected by both environmental and genetic factors. The progression of ageing correlates with the gradual accumulation of stressors and damaged biomolecules due to the time-dependent decline of stress resistance and functional capacity, which eventually compromise cellular homeodynamics. As protein machines carry out the majority of cellular functions, proteome quality control is critical for cellular functionality and is carried out through the curating activity of the proteostasis network (PN). Key components of the PN are the two main degradation machineries, namely the ubiquitin-proteasome and autophagy-lysosome pathways along with several stress-responsive pathways, such as that of nuclear factor erythroid 2-related factor 2 (Nrf2), which mobilises cytoprotective genomic responses against oxidative and/or xenobiotic damage. Reportedly, genetic or dietary interventions that activate components of the PN delay ageing in evolutionarily diverse organisms. Natural products (extracts or pure compounds) represent an extraordinary inventory of highly diverse structural scaffolds that offer promising activities towards meeting the challenge of increasing healthspan and/or delaying ageing (e.g., spermidine, quercetin or sulforaphane). Herein, we review those natural compounds that have been found to activate proteostatic and/or anti-stress cellular responses and hence have the potential to delay cellular senescence and/or in vivo ageing.",2018,2018-05-19,review-article; Review; Journal Article,eng,https://europepmc.org/article/MED/29783751,False,2,,True,True,True,True
doi:10.3892/or.2025.8931,doi:10.3892/or.2025.8931,europepmc,europepmc;pubmed;semantic_scholar,MED:40539460,10.3892/or.2025.8931,40539460,PMC12199296,Comprehensive <i>in‑silico</i> molecular analysis of early‑onset gastric cancer identifies novel genes implicated in disease characterization and progression (Review).,"Gastric cancer, a prevalent and fatal form of cancer worldwide, is manifested at different age ranges during the lifespan. Approximately one‑third of newly diagnosed gastric cancer cases are early‑onset gastric cancer (EO‑GC), which affects individuals under the age of 50 years. EO‑GC tends to be more aggressive than late‑onset gastric cancer (L‑GC), with a faster and multifocal disease progression. Furthermore, EO‑GC is associated with early metastatic disease. Recent research has underscored the need for a deeper understanding of EO‑GC that promotes therapeutic approaches specific to EO‑GC. The present study determined the main transcriptomic differences between EO‑GC and L‑GC. Transcriptomic expression data from The Cancer Genome Atlas‑Stomach Adenocarcinoma were explored to elucidate whether age is associated with a specific genomic expression pattern and is associated with gastric cancer. Subsequently, a differential gene expression analysis of the EO‑GC vs. L‑GC groups was performed, providing new insights into EO‑GC gene expression characteristics and their association with survival outcomes. Furthermore, the study focused on whether the influence of representative gene expression in EO‑GC cases ( KLHL4, MAGEL2, CYP8B1, RNLS, CLDN6, MIOX, PNMA5 and ACTL8 genes) may be associated with its aggressive phenotype and methylation profiles of these patients. In this review, the necessity of incorporating age as a crucial element in understanding the disparities in outcomes for EO‑GC cases in public datasets was discussed. Furthermore, this insight may be useful for targeted early personalized clinical interventions to improve patient prognosis and survival rates in EO‑GC cases.",2025,2025-06-20,review-article; Review; Journal Article,eng,https://europepmc.org/article/MED/40539460,False,2,,True,True,True,True
doi:10.53388/tmr2025b1223002,doi:10.53388/tmr2025b1223002,semantic_scholar,semantic_scholar,47d79f544a288ff399153048368bb9a0e8e3cb91,10.53388/tmr2025b1223002,,,"Traditional Chinese medicine approaches in treating alopecia: mechanisms, evidence, and future directions","Alopecia is a highly prevalent dermatological disorder characterized by dysregulation of hair follicle cycling, stem cell exhaustion, inflammatory activation, and hormonal imbalance. Currently approved pharmacotherapies provide limited efficacy and are often associated with adverse effects, highlighting an unmet need for multi-targeted and biologically integrative treatment strategies. Traditional Chinese Medicine (TCM), with its long-standing clinical use and multi-component, multi-target characteristics, has emerged as a promising complementary approach for hair loss management. In this review, we integrate hair follicle biology with classical TCM theory to elucidate the mechanistic basis of TCM interventions in alopecia. We summarize key molecules and cellular processes underlying hair loss, including hair follicle stem cell dysfunction, androgen-androgen receptor signaling, oxidative stress-induced aging, immune dysregulation, and impaired angiogenesis. Frequently prescribed TCM herbs and representative formulas, such as Polygonum multiflorum , Platycladus orientalis , Angelica sinensis , and Shi-Bi-Man, are discussed with respect to their bioactive constituents and experimental effects on dermal papilla cells, stem cell activation, inflammatory pathways, and follicular microcirculation. Although some pharmacological and preliminary clinical evidence support the therapeutic potential of TCM for treating alopecia, substantial challenges remain, including insufficient standardization of herbal preparations, limited mechanistic validation, and a lack of high-quality randomized controlled trials. Future integration of systems pharmacology, multi-omics technologies, and advanced drug-delivery platforms may facilitate the translation of TCM from empirical practice to evidence-based therapy for hair loss.",2026,,JournalArticle; Review,,https://www.semanticscholar.org/paper/47d79f544a288ff399153048368bb9a0e8e3cb91,False,0,,True,True,True,True
doi:10.64898/2026.04.16.718928,doi:10.64898/2026.04.16.718928,openalex,europepmc;openalex,https://openalex.org/W7154780120,10.64898/2026.04.16.718928,,,Comprehensive single cell profiling of ageing glial cells reveals impaired Wnt signalling and Jun transcription factors regulating cortical astrocytes,"Abstract Understanding age-related cellular dysfunction in the brain is essential for developing strategies to promote healthy ageing. Towards this aim, we took advantage of a previously established mild dissociation method to profile cells in the cerebral cortex grey matter of adult and aged mice. This revealed glial cells with largely up-regulated and other glia and neurons with largely down-regulated gene expression upon ageing. Astrocytes were involved in increased interactions with microglia and decreased interaction with neurons, high-lighting potent age-induced changes in their regulatory roles. Single cell RNA-seq and single nuclei multiome analysis of astrocytes uncovered down-regulation of Wnt-signalling with increased expression of its inhibitors and reduced RNA and protein levels of its effectors JunB/D, acting downstream of Wnt signalling in ageing. This was confirmed by RNA-scope and immunostainings, as well as in human data. Notably, injection of JunD-expressing viral vectors in astrocytes increased their proliferation and HMGB1 levels in the aged brain, indicative of a more youthful astrocyte state. Main points Transcriptomic analysis uncovers cell type–specific impact of ageing in the cortical grey matter, including altered intercellular communication networks. Multiomic profiling identifies dysregulated Wnt signalling in ageing cortical astrocytes. Ageing astrocytes exhibit upregulation of the Wnt signalling regulators Maml2 and Daam2, accompanied by downregulation of the AP-1 transcriptional complex component JunD. Overexpression of JunD increases proliferation after mild injury in aged astrocytes.",2026,2026-04-17,preprint,,https://openalex.org/W7154780120,True,1,explicit_multiomics,True,True,True,True
no-doi:09a0e55961c4206ca6912f80,no-doi:09a0e55961c4206ca6912f80,google_scholar,google_scholar,zUF0Wxce3rAJ,,,,The integration of machine learning and multi-omics analysis provides a powerful approach to screen aging-related genes and predict prognosis and immunotherapy …,"… Numerous studies have shown that early detection and intervention … Aging with the significant 
feature of permanent growth arrest … Studies have shown that aging is an effective barrier to …",2023,2023-01-01,,,https://pmc.ncbi.nlm.nih.gov/articles/PMC10415564/,False,0,,True,True,True,True
no-doi:e9214ccfa632ec1fb98e8021,no-doi:e9214ccfa632ec1fb98e8021,openalex,openalex,https://openalex.org/W7128984870,,,,Proactive Healthcare,"The Guardian System v7.0Ultimate Closed-Loop Biological Restoration & Multi-Omics Optimization PlatformFebruary 2026 Authors: Morgan Elliott Smart¹ and Jasper Kiron Smart¹Independent Research CollectiveCorresponding Author: Morgan Elliott Smart AbstractWe present The Guardian System v7.0, a comprehensive theoretical framework, computational architecture, and open-source simulation platform for closed-loop biological age reversal and multi-omics optimization. Aging remains the primary driver of chronic disease, disability, and mortality. Traditional medicine is overwhelmingly reactive, intervening only after clinical symptoms appear. The Guardian System represents a fundamental paradigm shift toward continuous, predictive, and restorative biology. It integrates real-time daily monitoring, yearly high-resolution calibration, environmental optimization, reversible RNA-based reprogramming, and (in future phases) AI-programmed nanotechnology into a single, self-improving closed-loop platform that treats aging as correctable software drift in a complex biological system.The core innovation is a rapid, iterative “Detect → Design → Deliver → Verify” feedback loop that uses temporary RNA AI machine learning editing to provide safe, reversible, and learnable gene expression modulation. This approach directly addresses the longstanding “confidence gap” in biological AI interventions by allowing the system to test, verify, and refine edits in real time without permanent genomic changes. Early simulations project 4–8 years of biological age reversal in targeted tissues over a 5–10 year period when all layers are integrated, with the system becoming progressively more accurate and effective through longitudinal data accumulation.Accompanying this vision paper is a fully runnable Python orchestrator (v7.0) that simulates 730–3650 days of multi-omics dynamics across a spatially-mapped 3D digital twin of 17 body regions. The simulator incorporates daily biological drift, nanobot anomaly detection, scheduled interventions (HBOT, rapamycin, senolytics, plasma dilution), microbiome and endocrine tracking, and restoration factor scaling. It produces publication-quality plots and detailed reports, making the framework immediately testable and extensible by the community.Executive SummaryThe Guardian System is a five-layer, closed-feedback platform designed to detect, localize, and correct biological deviations associated with aging in real time: Daily Monitoring Layer — Guardian Bracelet (multi-wavelength PPG, Raman spectroscopy, bio-impedance) Yearly Calibration Layer — Guardian Smart Suit + multi-site blood sampling for full multi-omics baselines Environmental Optimization Layer — Mild hyperbaric oxygen therapy (1.5–2.0 ATA) paired with AI-tuned frequency stimulation (PEMF, near-infrared, focused ultrasound) Active Reprogramming Layer — RNA AI machine learning editing for precise, reversible gene expression correction Future Active Repair Layer — AI-programmed Nano-Guardian Swarm for localized delivery Central Intelligence Layer — Quantum-hybrid Guardian AI maintaining a living, evolving digital twin The system is explicitly designed as a scalable roadmap: consumer-grade wearables in 2026–2028 → full in-vivo restoration capabilities by 2035–2045. It includes explicit integration pathways for long-duration space missions aboard the SCG-HMH Starship.Detailed System ArchitectureThe platform maintains a high-fidelity, spatially-mapped digital twin calibrated to a previously saved younger baseline (typically 10 years prior). Real-time data from the bracelet is continuously compared against the yearly suit-derived ground truth. When deviations are detected, the AI orchestrates personalized interventions across all layers, with RNA edits delivered during optimized HBOT windows to maximize cellular responsiveness.Key Components in Depth• Guardian Bracelet: Skin-like, <15 g wearable using multi-modal sensing for continuous blood flow, inflammation proxies, oxygenation, and indirect epigenetic markers. Data transmitted every 5–30 seconds.• Guardian Smart Suit: Full-body clinical garment for 45–90 minute yearly sessions providing spatial multi-omics mapping and painless micro-sampling.• Hyperbaric + Frequency Layer: 60–90 minute sessions 2–4× weekly, AI-tuned to the user’s DNA signature for amplified DNA repair and stem cell mobilization.• RNA AI Editing: Transformer-based models trained on the user’s longitudinal multi-omics data design custom RNA editors (CRISPR-Cas13, base editors, ASOs) in real time. Temporary nature enables safe iteration.• Nanobot Swarm (2035+): 200+ AI-programmed units for real-time anomaly scanning and localized repair delivery.• Digital Twin & AI: 17 anatomically mapped regions with epigenetic age, inflammation, and senescence tracking. Neuralink-style interface for brain-specific modulation.The GuardianAI Python Simulator (v7.0)Included as a core deliverable is a complete, runnable Python implementation that models: Daily stochastic biological drift across 10+ biomarkers Nanobot patrol and anomaly detection (epigenetic drift, senescence, mtDNA damage, etc.) Scheduled interventions with realistic effect sizes (rapamycin every 120 days, senolytics every 45 days, HBOT every 5 days, plasma every 365 days, RNA edits every 10 days) Microbiome, endocrine axis, sleep, and fitness trackers Restoration factor accumulation (up to 3.5×) 4-panel publication-quality matplotlib outputs (deviation, epigenetic age, microbiome, hormones) The simulator is deliberately minimal yet extensible, allowing researchers to fork, modify drift/repair parameters, or integrate real clinical datasets.Projected Outcomes and RoadmapsUnder optimistic synergies, the integrated system is projected to achieve 4–8 years of targeted tissue rejuvenation over 5–10 years of use. Conservative scenarios (based on current 2025–2026 trial data) still predict meaningful healthspan extension through reduced inflammaging, improved immune function, and delayed onset of age-related diseases.Implementation Roadmap (2026–2045) 2026–2028: Bracelet + basic AI deviation alerts + existing interventions (HBOT, rapamycin, senolytics) 2029–2032: RNA editing integration and first human safety trials 2033–2037: Full digital twin + Smart Suit commercialization 2038–2045: Nano-Guardian deployment and space-qualified versions Ethical, Regulatory, and Societal ConsiderationsThe document includes detailed sections on data privacy (digital twin as highly sensitive personal information), equity of access, risk assessment of repeated RNA interventions, informed consent for iterative learning systems, and regulatory pathways (starting with wellness-device classification and progressing to combination biologic-device approvals). Societal impact analysis covers potential compression of morbidity, workforce implications, and ethical frameworks for human enhancement.Cost Estimates (rough order of magnitude): Phase 1 (2026–2028 consumer MVP): $8,000–15,000 initial + $2,000/year Full clinical-grade system (2030s): $45,000–120,000 initial + $12,000/year Space Mission Integration: The platform is explicitly designed for integration with the SCG-HMH Starship, providing autonomous health maintenance for multi-year deep-space missions where real-time ground support is impossible.Call for CollaborationThis work is published as an open-source vision paper under Creative Commons Attribution 4.0 International (CC-BY 4.0) to stimulate interdisciplinary collaboration across longevity science, AI, regenerative medicine, bioinformatics, bioengineering, and space medicine. We invite developers to fork the simulator, researchers to validate components, clinicians to propose trial designs, and ethicists to stress-test the governance model.Keywords: biological age reversal, closed-loop health systems, RNA AI editing, digital twin, epigenetic reprogramming, hyperbaric oxygen therapy, nanotechnology, multi-omics, personalized longevity, space medicine License: Creative Commons Attribution 4.0 InternationalAccess: Open Access",2026,2026-01-01,article,,https://openalex.org/W7128984870,False,0,explicit_multiomics;genomics_plus_other,True,True,True,True
