record_id,canonical_id,source,provenance_sources,source_record_id,doi,pmid,pmcid,title,abstract,year,publication_date,document_type,language,url,is_preprint,duplicate_count,query_branches,local_multiomics_match,local_aging_match,local_causal_anchor_match,local_three_block_match
doi:10.1002/cam4.4404,doi:10.1002/cam4.4404,europepmc,europepmc;pubmed;scopus,MED:34825509,10.1002/cam4.4404,34825509,PMC8683552,Construction and validation of a novel aging-related gene signature and prognostic nomogram for predicting the overall survival in ovarian cancer.,"Background Ovarian cancer (OC) is the most lethal gynecological malignancy. The objective of this study was to establish and validate an individual aging-related gene signature and a clinical nomogram that can powerfully predict independently the overall survival rate of patients with ovarian cancer. Methods Data on transcriptomic profile and relevant clinical information were retrieved from The Cancer Genome Atlas (TCGA) database as a training group, and the same data from three public Gene Expression Omnibus (GEO) databases as validation groups. Univariate Cox regression analysis, lasso regression analysis, and multiple multivariate Cox analysis were analyzed sequentially to select the genes to be included in the aging-associated signature. A risk scoring model was established and verified, the predictive value of the model was evaluated, and a clinical nomogram was established. Results We found eight genes that were most relevant to prognosis and constructed an eight-mRNA signature. Based on the model, each OC patient's risk score was able to be calculated and patients were split into groups of low and high risks with a distinct outcome. Survival analysis confirmed that the outcome of patients in the high-risk group was dramatically shorter than that of those in the low-risk group, and the eight-mRNA signature can be considered as a powerful and independent predictor that could predict the outcome of OC patient. Additionally, the risk score and age can be used to construct a clinical nomogram as a simpler tool for predicting prognosis. We also explored the association between the risk score and immunity and drug sensitivity. Conclusion This study suggested that the aging-related gene signature could be used as an intervention point and latent prognostic predictor in OC, which may provide new perceptions for postoperative treatment strategies.",2021,2021-11-25,"Research Support, Non-U.S. Gov't; research-article; Journal Article",eng,https://europepmc.org/article/MED/34825509,False,2,,True,True,True,True
doi:10.1002/mco2.70866,doi:10.1002/mco2.70866,pubmed,pubmed,42488706,10.1002/mco2.70866,42488706,PMC13390616,SIRT Family: Biological Functions and Therapeutic Targets.,"Sirtuins (SIRT1-SIRT7) are nicotinamide adenine dinucleotide (NAD + ) dependent deacylases that serves as metabolic sensors, coupling cellular energy status to chromatin structure, mitochondrial function, and stress responses. Dysregulated SIRT activity has been extensively studied in aging, metabolic syndrome, cardiovascular disease, neurodegeneration, cancer, and immune disorders. However, robust human evidence and SIRT-targeted therapies are lacking. Transgenic mouse models serve as key platforms to study gene function and guide therapeutic development. This review synthesizes evidence from Sirt1-7 transgenic mouse models regarding the core cellular processes governed by SIRTs: metabolism, genome integrity, stress resistance, immunity, and autophagy, and illustrates their operation across different organ systems. By comparing global, tissue-specific, and inducible knockout (KO) and overexpression (OE) models of cardiovascular, respiratory, digestive, nervous, endocrine, urogenital, musculoskeletal, malignant, and immune diseases, we identified central regulatory SIRTs (SIRT1, SIRT3, and SIRT6), context-dependent modifiers (SIRT2, SIRT4, SIRT5, and SIRT7), and their organ- and cell type-specific functions. We also summarize representative small-molecule SIRT activators, inhibitors, and degraders, covering both clinical and preclinical studies, and highlight where contradictions and knowledge gaps remain. Together, these analyses help clarify which aspects of SIRT modulation are most promising and under what isoform, tissue, and disease contexts they should be pursued for the development of SIRT‑targeted therapies in human disease.",2026,2026-07-22,Journal Article; Review,eng,https://pubmed.ncbi.nlm.nih.gov/42488706/,False,0,,True,True,True,True
doi:10.1007/s10522-004-2568-x,doi:10.1007/s10522-004-2568-x,pubmed,pubmed,15547318,10.1007/s10522-004-2568-x,15547318,,The histone acetyltransferase GCN5 modulates the retrograde response and genome stability determining yeast longevity.,"Transcriptional silencing decreases at both subtelomeric and silent mating-type loci and increases at the ribosomal DNA locus during the replicative life span of the yeast Saccharomyces cerevisiae . Evidence exists that epigenetic changes in the regulatory state of chromatin may be a causal factor in determining yeast longevity and that histone deacetylases play a role. The significance of histone acetylation has been examined here in more detail. Deletion of the histone acetyltransferase gene GCN5 suppressed the extension of replicative life span afforded by the induction of the retrograde response, which signals mitochondrial dysfunction and leads to changes in nuclear gene expression. It was difficult to ascribe this effect to changes in transcriptional silencing in any of the three known types of heterochromatin. However, a promoter related effect was uncovered by the participation of GCN5 in the induction of the retrograde response. Gcn5p and the retrograde signal transducer Rtg2p are components of the histone acetyltransferase coactivator complex SLIK. Rtg2p blocks the production of extrachromosomal ribosomal DNA circles when it is not engaged in transmission of the retrograde signal. Deletion of GCN5 , which disrupts the integrity of SLIK, suppressed circle accumulation. The results indicate that Gcn5p and SLIK impact the interplay between the retrograde response signal and Rtg2p with consequences for the induction of the response and circle production. Rtg2p and Gcn5p in the SLIK complex link metabolism to stress responses, chromatin-dependent gene regulation, and genome stability in yeast aging.",2004,2004-01-01,"Journal Article; Research Support, U.S. Gov't, P.H.S.",eng,https://pubmed.ncbi.nlm.nih.gov/15547318/,False,0,,True,True,True,True
doi:10.1007/s12603-022-1808-6,doi:10.1007/s12603-022-1808-6,semantic_scholar,semantic_scholar,6b13e7b09adad1d056e4c1b2182d039abcc1bc12,10.1007/s12603-022-1808-6,35718860,12878613,A Golden Age of Aging Biomarker Discovery,"Frailty is a geriatric syndrome defined as an increase state of vulnerability to adverse outcomes resulting from age-related decline in multiple physiological domains (1). With the aging population increasing worldwide that maximally affects the oldest old, efforts to prevent or delay the onset of frailty has become a critical public health goal. In the era of big data science, there is increasing interest in identifying biomarkers of frailty to understand the mechanisms underlying pathogenesis of frailty as well as discovery of tools to identify those at risk for developing frailty at an early stage. Traditionally, biomarker discovery was done using finite number of candidate biomarkers or large number of single layer of data (ie genetic, metabolomic, proteomic). However, the rapid development of new technology that allows measuring thousands of biomarkers in small specimens with unprecedent sensitivity and specificity has opened a new opportunity to describe the comprehensive molecular landscape of frailty by combining large number of multilayered data. One of the challenges in the field, and still is a source of academic discussion, is a unified definition and operationalization of frailty (2, 3). Frailty is a heterogenous state, where individuals can become frail through different paths and manifest itself in multiple clinical forms. For example, an individual can become frail through one catastrophic event, such as a stroke, and never recover while another may become frail gradually through poor lifestyle choices and accumulation of different metabolic diseases in addition to losing fitness because of inactivity. Regardless of the paths to frailty, the concept of geroscience hypothesis postulates that the biology of aging is at the root of frailty, and that there are core mechanisms that contributes to accelerated aging observed in frailty (3-5). While many different definitions have been developed, there are two most frequently used concepts which are the frailty phenotype and accumulation of deficit model. Frailty phenotype, developed by Fried and colleagues, is based on presence of three or more of the five criteria of weight loss, exhaustion, weakness, slow walking speed, and decreased physical activity (6). On the other hand, frailty index, or accumulation of deficits is based on a sum score of varying number of aging traits such as chronic diseases, functional disability, cognitive function, and depressive symptoms (7, 8). While there are overlaps in these definitions, the prevalence of frailty differs depending on which definition is used. Frailty biomarker discovery studies have implemented different working definition of frailty making replication of initial reports a challenge, however, there have been several biomarkers that have consistently been associated with frailty across different definitions. Perhaps the use of different definition is a strength as validation across different definition would be a support of the geroscience concept of a common aging mechanisms that leads to frail state. In this issue, Angioni and colleagues addressed the heterogeneous nature of frailty and evaluated whether biomarkers could differentiate between frailty subtypes (age-related vs disease-based) observed in the data (9). In a population of 1394 older adults, frailty was assessed using the frailty phenotype model. In 1199 participants who were either robust or prefrail at baseline, they evaluated the associations of nutritional, inflammatory-related, neurodegenerative and neuroimaging markers biomarkers with incident frailty over a 5-year follow up period. Participants who developed diseaserelated frailty had lower plasma DHA, DHA+EPA, and higher plasma GDF-15 and TNFR1 while no differences were observed in participants who developed age-related frailty. In addition, baseline plasma GDF-15 abundance was higher in those who developed disease-related frailty compared to those that developed age-related frailty. On average, participants who developed disease-based frailty were older than those who developed age-related frailty. As GDF-15 is strongly associated with age (10-12), the differences in GDF-15 observed may be driven by this age difference. As concluded by the authors, disease-based frailty could be viewed as a more severe state of frailty compared to age-based frailty. It follows that GDF-15 may serve as a marker to monitor the progression of frailty. GDF-15 is a member of the transforming growth factor-b cytokine superfamily and is a protein that is upregulated in response to oxidative stress and inflammation (13). Circulating levels of GDF-15 has been positive associated with advance age (10-12) and shown to be predictive of many age-related outcomes including cardiovascular disease, mobility disability, and mortality (14-19). The positive association of GDF-15 with frailty have been observed in other proteomic studies of frailty (20). The example of GDF-15 raises an important consideration for future research. A valid biomarkers and risk factor for frailty is not equivalent to a causal factor. It is quite possible that the condition that eventually cause frailty triggers the production of GDF-15 as a resilience response. Regardless of considerations concerning a causal role, the findings of this study confirm that GDF-15 is a promising biomarker for aging © Serdi and Springer-Verlag International SAS, part of Springer Nature",2022,2022-05-28,JournalArticle,,https://www.semanticscholar.org/paper/6b13e7b09adad1d056e4c1b2182d039abcc1bc12,False,0,,True,True,True,True
doi:10.1016/j.arr.2026.103278,doi:10.1016/j.arr.2026.103278,europepmc,europepmc;pubmed;semantic_scholar,MED:42521028,10.1016/j.arr.2026.103278,42521028,,From Primates to People: Mapping Host-Microbiome-Health Relationships in Aging.,"The human microbiome profoundly influences host physiology, metabolism, and immune function. A balanced microbial ecosystem supports immune homeostasis and health, whereas dysbiosis contributes to diverse diseases, including metabolic, autoimmune, neurodegenerative, and infectious disorders. Aging, the greatest risk factor for chronic disease, is characterized by hallmarks such as mitochondrial dysfunction, genomic instability, and ""inflammaging,"" a state of chronic low-grade inflammation. Emerging evidence links age-associated microbial dysbiosis to inflammaging and systemic decline, as microbial shifts promote gut barrier dysfunction, increased permeability, and immune activation through translocated microbial metabolites and endotoxins. While most research has focused on the gut, the microbiomes of other tissues, including pulmonary sites, also undergo age-related changes that may influence systemic and neuroinflammatory pathways. However, causality and mechanisms remain unclear. Human studies are limited by ethical and logistical barriers to longitudinal aging studies, and rodent models are limited by microbiomes and immune profiles dissimilar to humans. Nonhuman primates (NHPs), particularly marmosets and macaques, may provide a translational bridge given their evolutionary, physiological, and microbiome similarities to humans. Comparative studies demonstrate greater overlap of gut microbial taxa and shared age-associated microbial trajectories between humans and NHPs as compared to rodents. Moreover, controlled NHP models allow for precise manipulation of diet, environment, and infection to evaluate microbiome-immune-aging interactions. Despite substantial progress, key knowledge gaps persist, including limited longitudinal data, small cohort sizes, lack of standardized methods, and insufficient integration of multi-omic and host phenotypic data. While some supporting evidence already exists, future NHP research should determine if NHP models better recapitulate human age-associated microbial trajectories, immune and inflammatory phenotypes, microbial metabolites, and prediction of intervention responses compared to rodent models. These efforts will inform microbiome-targeted interventions to promote resilience and extend healthspan in aging populations.",2026,2026-07-28,Review; Journal Article,eng,https://europepmc.org/article/MED/42521028,False,2,,True,True,True,True
doi:10.1016/j.clinme.2026.100598,doi:10.1016/j.clinme.2026.100598,semantic_scholar,semantic_scholar,9aca4da93e469d8e93addc201e311479e99248c1,10.1016/j.clinme.2026.100598,42242571,13314888,"Frailty phenotype, genetic risk and long-term incident systemic lupus erythematosus risk: Insights from the UK Biobank study integrated with multi-omics analysis","Background Frailty, a marker of biological ageing and reduced physiological reserve, is linked to many chronic conditions, yet its role in the development of systemic lupus erythematosus (SLE) remains unclear. Aims To examine the association between frailty and incident SLE and to investigate potential inflammatory and genetic mechanisms underlying this relationship. Methods We conducted a prospective cohort study among 462,762 participants from the UK Biobank to examine the associations of physical frailty and frailty index with incident SLE. Cox proportional hazards models were used to estimate hazard ratios and 95% confidence intervals, with further analyses assessing the interaction and joint effects of frailty and polygenic risk. Gene-level overlap between frailty and SLE was evaluated using MAGMA. In addition, we integrated circulating inflammatory markers and plasma proteomic profiles to identify potential mediating pathways and candidate biomarkers. Results During a median follow-up of 13.2 years, 309 of 462,762 participants (0.07%) developed incident SLE. Compared to non-frail individuals, both pre-frail and frail participants had a higher risk of developing SLE, with stronger associations observed in those with higher polygenic risk scores. Gene analysis identified 39 shared genes that were significantly correlated with both frailty and SLE. Circulating inflammatory markers, including C-reactive protein, were found to partially mediate the frailty-SLE relationship. Proteomic analyses identified ANGPTL3, CST3 and TNFSF8 as the candidate risk-related biomarkers associated with future incident SLE. Conclusion Frailty is associated with an increased long-term risk of incident SLE, particularly in genetically susceptible individuals. Inflammatory cell measures and circulating proteins, including ANGPTL3, CST3 and TNFSF8, may help identify elevated SLE risk in pre-frail and frail populations.",2026,2026-06-01,JournalArticle,,https://www.semanticscholar.org/paper/9aca4da93e469d8e93addc201e311479e99248c1,False,0,,True,True,True,True
doi:10.1016/j.exger.2025.112996,doi:10.1016/j.exger.2025.112996,pubmed,pubmed,41412308,10.1016/j.exger.2025.112996,41412308,,Immune cell-associated DNA methylation responses to exercise in women: A bioinformatics analysis comparing pre- and postmenopausal stages.,"Menopause is associated with immunosenescence and altered immune profiles, potentially reducing immune competence. Physical exercise may counteract these changes by modulating DNA methylation in fitness-related genes. This observational bioinformatics study analyzed genome-wide DNA methylation profiles derived from whole blood using two publicly available datasets from Brazilian cohorts (Illumina MethylationEPIC 850K). The analysis included pre- (PreM, n = 13; 34 ± 4.7 years) and postmenopausal (PostM, n = 49; 59.8 ± 4.7 years) women who completed supervised combined exercise training. Four linear models were applied to examine associations between DNA methylation, cardiorespiratory fitness (VO₂ peak), and exercise intervention (pre- vs. post-training), while adjusting for age, fat percentage, and estimated immune-cell proportions (EpiDISH). Interaction terms were tested to assess whether immune cell composition or menopausal status modulated the relationship between VO₂ peak, exercise response, and DNA methylation. After adjusting for baseline values using analysis of covariance (ANCOVA), no statistically significant between-group differences were observed in the estimated immune cell proportions (FDR > 0.05). In PostM, exercise-induced DNA methylation changes were significantly associated with baseline VO₂ peak and were modulated by B cells, CD4 + T cells, NK cells, and monocytes. Functional enrichment highlighted pathways involved in lipid kinase regulation, nucleobase metabolism, and membrane organization. Postmenopausal women showed distinct epigenetic patterns in response to exercise, although these differences must be interpreted cautiously given the small premenopausal sample size. These results suggest potential immune cell-associated DNA methylation markers to inform personalized exercise strategies supporting healthy aging in women.",2025,2025-12-16,Journal Article; Observational Study; Comparative Study,eng,https://pubmed.ncbi.nlm.nih.gov/41412308/,False,0,,True,True,True,True
doi:10.1016/j.jaci.2026.03.029,doi:10.1016/j.jaci.2026.03.029,europepmc,europepmc;pubmed;scopus,MED:42061466,10.1016/j.jaci.2026.03.029,42061466,PMC13284845,"Maternal and perinatal nutritional programming of lung health and disease in childhood and early adulthood: Research gaps and opportunities-National Heart, Lung, and Blood Institute/National Institutes of Health Workshop Report.","The National Heart, Lung, and Blood Institute-sponsored workshop, ""Maternal and Perinatal Nutritional Programming of Lung Health and Disease in Childhood and Early Adulthood: Research Gaps and Opportunities,"" was convened (October 24-25, 2024) to explore how nutrition before, during, and after pregnancy influences lung development and respiratory health across the lifespan. The workshop focused on identifying critical knowledge gaps, mechanistic pathways, and intervention opportunities. Presentations spanned maternal dietary patterns, specific nutrient supplementation, gestational weight gain, and the role of maternal obesity in offspring wheeze and asthma. The role of early postnatal nutrition, particularly human milk for preterm infants at risk for bronchopulmonary dysplasia, was emphasized. Emerging areas included circadian rhythms and the maternal and infant microbiome, metabolome, and epigenome in mediating nutrition-related respiratory outcomes. Research needs included randomized trials of dietary interventions, mechanistic studies to elucidate biological pathways, and implementation strategies to integrate nutritional interventions into practice. Vulnerable populations were emphasized, including preterm infants and families experiencing food insecurity. Participants emphasized the need for a coordinated research agenda to inform future interventions that could improve outcomes across generations.",2026,2026-04-28,Conference Proceedings; research-article,eng,https://europepmc.org/article/MED/42061466,False,2,,True,True,True,True
doi:10.1016/j.jprot.2025.105554,doi:10.1016/j.jprot.2025.105554,europepmc,europepmc;pubmed;scopus;semantic_scholar,MED:41232761,10.1016/j.jprot.2025.105554,41232761,,Integrated analysis of the transcriptome and proteome reveals that ABI3BP is involved in the pathogenesis of osteoarthritis.,"Objective Osteoarthritis (OA) is the most common degenerative joint disease mainly characterized by cartilage degradation, but the underlying molecular mechanisms remains unclear. This study aims to identify key genes, proteins, and pathways involved in OA progression using integrated transcriptomic and proteomic approaches. Methods Transcriptome and proteome profiles of lesioned (OA) and preserved (control) cartilage tissues were analyzed. Differentially expressed genes (DEGs) and differentially abundant proteins (DAPs) were identified, followed by functional enrichment analysis. Key candidates were validated using qRT-PCR and western blotting. The role of ABI3BP in chondrocyte senescence and catabolism was investigated by siRNA knockdown, SA-β-gal staining, and immunofluorescence for senescence markers (P16, P21). Results Omics analysis revealed 24 significantly altered genes/proteins, including upregulated ABI3BP, TGFBI, ANOS1, S100A4, and TNFAIP6, and downregulated METTL7A. Enriched pathways included extracellular matrix (ECM) organization, ECM-receptor interaction, and phenylalanine metabolism. ABI3BP was notably elevated in OA cartilage. Its knockdown mitigated IL-1β-induced ECM degradation and reduced the level of senescence-associated markers, suggesting a protective effect against OA progression. Conclusions The results provided a comprehensive molecular profile of OA cartilage, highlighting ABI3BP as a regulator of chondrocyte senescence and ECM homeostasis. Targeting ABI3BP may offer a novel therapeutic strategy for OA treatment. Significance of the study This study provides multi-omics insights into the molecular mechanisms of osteoarthritis (OA), particularly focusing on cartilage degeneration. By integrating transcriptomic and proteomic analyses, we identified key dysregulated genes/proteins (ABI3BP, TGFBI, ANOS1, S100A4, TNFAIP6, and METTL7A) and highlighted their roles in extracellular matrix (ECM) disruption, cellular senescence, and inflammatory responses. Notably, ABI3BP was found to be upregulated in OA cartilage and functionally linked to chondrocyte catabolism and senescence. Its knockdown ameliorated IL-1β-induced damage, suggesting its potential as a novel therapeutic target for OA. These findings deepen our understanding of OA pathogenesis and pave the way for future targeted interventions.",2026,2025-11-11,Journal Article,eng,https://europepmc.org/article/MED/41232761,False,3,,True,True,True,True
doi:10.1016/j.pharmthera.2018.11.001,doi:10.1016/j.pharmthera.2018.11.001,europepmc,europepmc;pubmed;scopus,MED:30419258,10.1016/j.pharmthera.2018.11.001,30419258,PMC6397707,The role of DNA methylation in epigenetics of aging.,"Recent research suggests that epigenetics, especially DNA methylation, plays a mechanistic role in aging. Epigenetic clocks, which measure changes in a few hundred specific CpG sites, can accurately predict chronological age in a variety of species, including humans. These clocks are currently the best biomarkers for predicting mortality in humans. Additionally, several studies have characterized the effects of aging across the methylome in a wide variety of tissues from humans and mice. A small fraction (~2%) of the CpG sites show age-related changes, either hypermethylation or hypomethylation with aging. Evaluation of non-CpG site methylation has only been examined in a few studies, with about ~0.5% of these sites showing a change with age. Therefore, while only a small fraction of cytosines in the genome show changes in DNA methylation with age, this represents 2 to 3 million cytosines in the genome. Importantly, the only study to compare the effect of aging on DNA methylation in male and female mice and humans found that >95% of the age-related changes in DNA methylation in the hippocampus were sexually divergent, i.e., the methylation did not differ between males and females at young age but age-related changes occurred in one sex but not the other. The age-related changes in DNA methylation tend to be enriched and under-represented in specific genomic contexts, with some commonalities between tissues and species that require further investigation. The strongest evidence that the age-related changes in DNA methylation play a role in aging comes from studies of anti-aging interventions (e.g., caloric restriction, dwarfism, and rapamycin treatment) in mice. These anti-aging interventions deaccelerate the epigenetic clocks and reverse/prevent 20 to 40% of the age-related changes in DNA methylation. It will be important in the future to demonstrate that at least some of the age-related changes in DNA methylation directly lead to alterations in the transcriptome of cells/tissues that could potentially contribute to aging.",2019,2018-11-09,"Research Support, Non-U.S. Gov't; research-article; Review; Research Support, U.S. Gov't, Non-P.H.S.; Journal Article; Research Support, N.I.H., Extramural",eng,https://europepmc.org/article/MED/30419258,False,2,,True,True,True,True
doi:10.1016/j.tranon.2021.101320,doi:10.1016/j.tranon.2021.101320,europepmc,europepmc;pubmed;scopus,MED:34968869,10.1016/j.tranon.2021.101320,34968869,PMC8718897,Invasive phenotype in triple negative breast cancer is inhibited by blocking SIN3A-PF1 interaction through KLF9 mediated repression of ITGA6 and ITGB1.,"SIN3A, a scaffold protein has regulatory functions in tumor biology. Through its Paired amphipathic helix (PAH2) domain, SIN3A interacts with PHF12 (PF1), a protein with SIN3 interaction domain (SID) that forms a complex with MRG15 and KDM5A/B. These components are often overexpressed in cancer. In the present study, we evaluated the role of SIN3A and its interacting partner PF1 in mediating inhibition of tumor growth and invasion in triple negative breast cancer (TNBC). We found profound inhibition of invasion, migration, and induction of cellular senescence by specific disruption of the PF1/SIN3A PAH2 domain interaction in TNBC cells expressing PF1-SID transcript or peptide treatment. Genome-wide transcriptomic analysis by RNA-seq revealed that PF1-SID downregulates several gene sets and pathways linked to invasion and migration. Integrin α6 (ITGA6) and integrin ß1 (ITGB1) and their downstream target proteins were downregulated in PF1-SID cells. We further determined increased presence of SIN3A and transcriptional repressor, KLF9, on promoters of ITGA6 and ITGB1 in PF1-SID cells. Knockdown of KLF9 leads to re-expression of ITGA6 and ITGB1 and restoration of the invasive phenotype, functionally linking KLF9 to this process. Overall, these data demonstrate that specific disruption of PF1/SIN3A, inhibits tumor growth, migration, and invasion. Also, PF1-SID not only inhibits tumor growth by senescence induction and reduced proliferation, but it also targets cancer stem cell gene expression and blocks mammosphere formation. Overall, these data demonstrate a mechanism whereby invasion and metastasis of TNBC can be suppressed by inhibiting SIN3A-PF1 interaction and enhancing KLF9 mediated suppression of ITGA6 and ITGB1.",2022,2021-12-27,research-article; Journal Article,eng,https://europepmc.org/article/MED/34968869,False,2,,True,True,True,True
doi:10.1021/acs.jproteome.3c00604,doi:10.1021/acs.jproteome.3c00604,semantic_scholar,semantic_scholar,302f32352763ee128b44926f455793d1f62c7964,10.1021/acs.jproteome.3c00604,38236019,11255128,Deciphering ApoE Genotype-Driven Proteomic and Lipidomic Alterations in Alzheimer’s Disease Across Distinct Brain Regions,"Alzheimer’s disease (AD) is a neurodegenerative disease with a complex etiology influenced by confounding factors such as genetic polymorphisms, age, sex, and race. Traditionally, AD research has not prioritized these influences, resulting in dramatically skewed cohorts such as three times the number of Apolipoprotein E (APOE) ε4-allele carriers in AD relative to healthy cohorts. Thus, the resulting molecular changes in AD have previously been complicated by the influence of apolipoprotein E disparities. To explore how apolipoprotein E polymorphism influences AD progression, 62 post-mortem patients consisting of 33 AD and 29 controls (Ctrl) were studied to balance the number of ε4-allele carriers and facilitate a molecular comparison of the apolipoprotein E genotype. Lipid and protein perturbations were assessed across AD diagnosed brains compared to Ctrl brains, ε4 allele carriers (APOE4+ for those carrying 1 or 2 ε4s and APOE4− for non-ε4 carriers), and differences in ε3ε3 and ε3ε4 Ctrl brains across two brain regions (frontal cortex (FCX) and cerebellum (CBM)). The region-specific influences of apolipoprotein E on AD mechanisms showcased mitochondrial dysfunction and cell proteostasis at the core of AD pathophysiology in the post-mortem brains, indicating these two processes may be influenced by genotypic differences and brain morphology.",2024,2024-01-18,JournalArticle,,https://www.semanticscholar.org/paper/302f32352763ee128b44926f455793d1f62c7964,False,0,,True,False,True,False
doi:10.1038/s41420-024-01945-0,doi:10.1038/s41420-024-01945-0,semantic_scholar,semantic_scholar,2d4333edf552738d20c29990bdce9fbc7524df8b,10.1038/s41420-024-01945-0,38622136,11018618,Mcl-1 mediates intrinsic resistance to RAF inhibitors in mutant BRAF papillary thyroid carcinoma,"Papillary thyroid carcinoma (PTC) is the most frequent form of thyroid cancer. PTC commonly presents with mutations of the serine/threonine kinase BRAF (BRAFV600E), which drive ERK1/2 pathway activation to support growth and suppress apoptosis. PTC patients often undergo surgical resection; however, since the average age of PTC patients is under 50, adverse effects associated with prolonged maintenance therapy following total thyroidectomy are a concern. The development of mutant-selective BRAF inhibitors (BRAFi), like vemurafenib, has been efficacious in patients with metastatic melanoma, but the response rate is low for mutant BRAF PTC patients. Here, we assay the therapeutic response of BRAFi in a panel of human PTC cell lines and freshly biopsied patient samples. We observed heterogeneous responses to BRAFi, and multi-omic comparisons between susceptible and resistant mutant BRAF PTC revealed overrepresented stress response pathways and the absence of compensatory RTK activation – features that may underpin innate resistance. Importantly, resistant cell lines and patient samples had increased hallmarks of failed apoptosis; a cellular state defined by sublethal caspase activation and DNA damage. Further analysis suggests that the failed apoptotic phenotypes may have features of “minority mitochondrial outer membrane permeabilization (MOMP)” – a stress-related response characterized by fragmented and porous mitochondria known to contribute to cancer aggressiveness. We found that cells presenting with minority MOMP-like phenotypes are dependent on the apoptotic regulator, Mcl-1, as treatment with the Mcl-1 inhibitor, AZD5991, potently induced cell death in resistant cells. Furthermore, PI3K/AKT inhibitors sensitized resistant cells to BRAFi; an effect that was at least in part associated with reduced Mcl-1 levels. Together, these data implicate minority MOMP as a mechanism associated with intrinsic drug resistance and underscore the benefits of targeting Mcl-1 in mutant BRAF PTC.",2024,2024-04-15,JournalArticle,,https://www.semanticscholar.org/paper/2d4333edf552738d20c29990bdce9fbc7524df8b,False,0,,True,False,True,False
doi:10.1038/s41586-025-09873-4,doi:10.1038/s41586-025-09873-4,semantic_scholar,europepmc;pubmed;scopus;semantic_scholar,08fe1216ac22bf7d8ee9c37e2c77b484952b5a8b,10.1038/s41586-025-09873-4,41407851,12893904,Transient hepatic reconstitution of trophic factors enhances aged immunity,"Ageing erodes human immunity, in part by reshaping the T cell repertoire, leading to increased vulnerability to infection, malignancy and vaccine failure1, 2–3. Attempts to rejuvenate immune function have yielded only modest results and are limited by toxicity or lack of clinical feasibility1,3, 4–5. Here we show that the liver can be transiently repurposed to restore age-diminished immune cues and improve T cell function in aged mice. These immune cues were found by performing multi-omic mapping across central and peripheral niches in young and aged animals, leading to the identification of Notch and Fms-like tyrosine kinase 3 ligand (FLT3L) pathways, together with interleukin-7 (IL-7) signalling, as declining with age. Delivery of mRNAs encoding Delta-like ligand 1 (DLL1), FLT3L and IL-7 to hepatocytes expanded common lymphoid progenitors, boosted de novo thymopoiesis without affecting haematopoietic stem cell (HSC) composition, and replenished T cells while enhancing dendritic cell abundance and function. Treatment with these mRNAs improved peptide vaccine responses and restored antitumour immunity in aged mice by increasing tumour-specific CD8+ infiltration and clonal diversity and synergizing with immune checkpoint blockade. These effects were reversible after dosing ceased and did not breach self-tolerance, in contrast to the inflammatory and autoimmune liabilities of recombinant cytokine treatments6,7. These findings underscore the promise of mRNA-based strategies for systemic immune modulation and highlight the potential of interventions aimed at preserving immune resilience in ageing populations. Using lipid nanoparticle delivery of mRNAs to the liver in aged mice, T cell function and declining immune cues can be restored.",2025,2025-12-17,JournalArticle,,https://www.semanticscholar.org/paper/08fe1216ac22bf7d8ee9c37e2c77b484952b5a8b,False,3,,True,True,True,True
doi:10.1038/s42003-021-02208-9,doi:10.1038/s42003-021-02208-9,europepmc,europepmc;pubmed;scopus,MED:34079050,10.1038/s42003-021-02208-9,34079050,PMC8172568,Systemic GLP-1R agonist treatment reverses mouse glial and neurovascular cell transcriptomic aging signatures in a genome-wide manner.,"Pharmacological reversal of brain aging is a long-sought yet challenging strategy for the prevention and treatment of age-related neurodegeneration, due to the diverse cell types and complex cellular pathways impacted by the aging process. Here, we report the genome-wide reversal of transcriptomic aging signatures in multiple major brain cell types, including glial and mural cells, by systemic glucagon-like peptide-1 receptor (GLP-1R) agonist (GLP-1RA) treatment. The age-related expression changes reversed by GLP-1RA encompass both shared and cell type-specific functional pathways that are implicated in aging and neurodegeneration. Concomitantly, Alzheimer's disease (AD)-associated transcriptomic signature in microglia that arises from aging is reduced. These results show the feasibility of reversing brain aging by pharmacological means, provide mechanistic insights into the neurological benefits of GLP-1RAs, and imply that GLP-1R agonism may be a generally applicable pharmacological intervention for patients at risk of age-related neurodegeneration.",2021,2021-06-02,"Research Support, Non-U.S. Gov't; research-article; Journal Article",eng,https://europepmc.org/article/MED/34079050,False,2,,True,True,True,True
doi:10.1073/pnas.2008672117,doi:10.1073/pnas.2008672117,semantic_scholar,semantic_scholar,0217c58574eba4b25368d56f447689c8bb9f396b,10.1073/pnas.2008672117,32817427,7474592,Enhancer dependence of cell-type–specific gene expression increases with developmental age,"Significance Gene regulatory logic reflects the occupancy of cis elements by transcription factors and the configuration of promoters and enhancers. As the majority of genome-wide analyses have focused on adult cells, scant attention has been paid to embryonic cells, other than embryonic stem cells. Focusing on genome-wide comparative analyses of two stages of erythroblasts, we discovered that regulation of embryonic-specific genes is promoter-centric through Gata1, whereas adult-specific control is combinatorial enhancer-driven and requires Myb, which is confirmed by increased enhancer–promoter interactions of adult specific genes. Extending genome-wide comparative analyses more broadly to available datasets of diverse mouse and human cells and tissues, we conclude that the progressively increased enhancer dependence of cell-type–specific genes with developmental age is conserved during development. How overall principles of cell-type–specific gene regulation (the “logic”) may change during ontogeny is largely unexplored. We compared transcriptomic, epigenomic, and three-dimensional (3D) genomic profiles in embryonic (EryP) and adult (EryD) erythroblasts. Despite reduced chromatin accessibility compared to EryP, distal chromatin of EryD is enriched in H3K27ac, Gata1, and Myb occupancy. EryP-/EryD-shared enhancers are highly correlated with red blood cell identity genes, whereas cell-type–specific regulation employs different cis elements in EryP and EryD cells. In contrast to EryP-specific genes, which exhibit promoter-centric regulation through Gata1, EryD-specific genes rely more on distal enhancers for regulation involving Myb-mediated enhancer activation. Gata1 HiChIP demonstrated an overall increased enhancer–promoter interactions at EryD-specific genes, whereas genome editing in selected loci confirmed distal enhancers are required for gene expression in EryD but not in EryP. Applying a metric for enhancer dependence of transcription, we observed a progressive reliance on cell-specific enhancers with increasing ontogenetic age among diverse tissues of mouse and human origin. Our findings highlight fundamental and conserved differences at distinct developmental stages, characterized by simpler promoter-centric regulation of cell-type–specific genes in embryonic cells and increased combinatorial enhancer-driven control in adult cells.",2020,2020-08-19,JournalArticle,,https://www.semanticscholar.org/paper/0217c58574eba4b25368d56f447689c8bb9f396b,False,0,,True,False,True,False
doi:10.1089/rej.2011.1302,doi:10.1089/rej.2011.1302,europepmc,europepmc;pubmed;scopus,MED:22607625,10.1089/rej.2011.1302,22607625,PMC3419848,Leukocyte CCR2 expression is associated with mini-mental state examination score in older adults.,"Introduction Circulating inflammatory markers may play an important role in cognitive impairment at older ages. Mice deficient for the chemokine (C-C motif) receptor 2 (CCR2) develop an accelerated Alzheimer-like pathology. CCR2 is also important in neurogenesis. To identify human gene transcripts most closely associated with Mini-Mental State Examination (MMSE) scores, we undertook a genome-wide and inflammation specific transcriptome screen in circulating leukocytes from a population-based sample. Methods We measured in vivo transcript levels by microarray analysis in 691 subjects (mean age 72.6 years) in the InCHIANTI study (Invecchiare in Chianti, aging in the Chianti area). We assessed expression associations with MMSE performance at RNA collection and prior 9-year change in MMSE score in linear regression models. Results In genome-wide analysis, raised CCR2 expression was cross-sectionally the most strongly associated transcript with lower MMSE score (beta=-0.16, p=5.1×10(-6), false discovery rate (FDR; q=0.077). Amongst inflammatory transcripts, only CCR2 expression was associated with both MMSE score and accelerated decline in score over the preceding 9 years (beta=-0.16, p=5.1×10(-6), q=0.003; and beta=-0.13, p=5.5×10(-5), q=0.03, respectively). CCR2 expression was also positively associated with apolipoprotein E (ApoE) e4 Alzheimer disease risk haplotype. Conclusions We show for the first time that CCR2 expression is associated with lower MMSE scores in an older human population. Laboratory models of Ccr2-mediated β-amyloid removal and regulation of neurogenesis affecting cognitive function may be applicable in humans. CCR2-mediated pathways may provide a possible focus for intervention to potentiate protective reactions to Alzheimer pathology in older people, including for people with an adverse ApoE haplotype.",2012,2012-05-18,"Research Support, N.I.H., Intramural; research-article; Journal Article",eng,https://europepmc.org/article/MED/22607625,False,2,,True,True,True,True
doi:10.1093/ejhf/xuag034.041,doi:10.1093/ejhf/xuag034.041,semantic_scholar,semantic_scholar,391a2a11b70317fe8d891e86e0e1353ef56026a8,10.1093/ejhf/xuag034.041,,,Role of STAT1 signaling in development of heart failure post chronic kidney injury,"Clinical trials show that individuals with chronic kidney disease (CKD), have a higher risk of heart failure (HF). In our swine model of CKD (renal microembolization), proteomic analysis of left ventricular tissue revealed STAT1 dysregulation in CKD compared to control (WT) swine. STAT1 functions as a central inflammatory mediator activated by type I interferons and various pro-inflammatory cytokines, which are elevated in CKD as a consequence of kidney injury. Once activated, STAT1 drives the expression of genes involved in inflammatory and immune responses[1][2], and may thereby play a central role in HF development in CKD. To investigate the impact of STAT1 signaling CKD induced cardiac dysfunction. CKD was induced by ischemia-reperfusion injury of the left Kidney at the age of 8 to 11 weeks in Transgenic Stat1 Knockout (Stat1-/-) mice and WT Mice. After 1 and 3 months, cardiac ultrasound was performed and left ventricle (LV) and kidney tissue were processed for histology (Picrosirius Red staining), while Bulk RNA transcriptomic analysis was performed in LV myocardium. In addition, the effect of STAT1 inhibition (Fludarbine) on contractile performance was assessed in cultured human myocardial slices. Renal Ischemia reperfusion injury induced chronic kidney disease (CKD) characterized by pronounced renal fibrosis compared to the contralateral kidney, as visualized by Picrosirius Red staining, that was not different between WT and Stat1-/- mice (A, B). Echocardiographic analysis revealed diastolic dysfunction as evidenced by a trend toward increased E’/A‘ ratio (E) and prolonged isovolumetric relaxation time (IVRT) (F) in Stat1-/- mice. RNA sequencing of cardiac tissue identified CKD-induced alterations in multiple signaling pathways, incl the JAK-STAT pathway in WT but not Stat1-/- mice (C). Conversely, Stat1-/- mice, CKD induced a distinct immunological and inflammatory gene expression profile in the heart (D). In human living myocardial slices, STAT1 inhibition with Fludarabine resulted in significant downregulation (around 20%) of contractile performance. Our results emphasize a pivotal role of STAT1 in mediating cardiac responses to chronic kidney disease. Loss of STAT1 profoundly alters the cardiac inflammatory transcriptome and is associated with early diastolic dysfunction and increased macrophage infiltration. These findings position STAT1 axis as a potential therapeutic target in cardiorenal syndrome. Future studies using advanced imaging techniques and functional analysis with the living myocardial slices can further elucidate the underlying mechanisms and support clinical translation.For image description, please refer to the figure legend and surrounding text.",2026,2026-03-01,JournalArticle,,https://www.semanticscholar.org/paper/391a2a11b70317fe8d891e86e0e1353ef56026a8,False,0,,True,False,True,False
doi:10.1093/geroni/igaf122.1532,doi:10.1093/geroni/igaf122.1532,semantic_scholar,semantic_scholar,53fdfd0706c6a565804add0f67fcd58cebcb5d2e,10.1093/geroni/igaf122.1532,,12762580,Tissue- and Sex-Specific Molecular Signatures of Aging and the Impact of Developmental Programming,"Abstract Aging, even in healthy individuals, induces a wide range of molecular changes in cells, tissues and organs, resulting in (and mediating) the age-related decline in health. Many of these changes are influenced by both genetic and lifestyle factors, including early exposures during fetal development. We have used baboons, a non-human primate species highly similar in genetics, physiology and nutrition to humans, to characterize age-correlated molecular changes in organs and tissues using in integrated multi-omics approach. We have demonstrated that different organs show early age-related changes at different timepoints, and in a sex-specific manner, highlighting differences in aging and age-related changes to molecular and cellular functions. Also, early molecular changes are tissue-specific, with different genes, proteins, metabolites and pathways affected. Examining the adult offspring born to mothers that are either under-nourished or over-nourished during pregnancy, we also have evidence that these early exposures substantially alter the aging trajectory, lead to different molecular and pathway changes on the cellular level, and result in unique characteristic age-related changes in organ function. This suggests that developmental programming (the exposure in utero) not simply accelerates aging, but fundamentally alters the molecular mechanisms mediating age-related effects in these animals.",2025,2025-12-01,JournalArticle,,https://www.semanticscholar.org/paper/53fdfd0706c6a565804add0f67fcd58cebcb5d2e,False,0,,True,True,True,True
doi:10.1093/jimmun/vkag141.260,doi:10.1093/jimmun/vkag141.260,semantic_scholar,semantic_scholar,ffbb8720eaad00c3621de7491c645298b1fad5ff,10.1093/jimmun/vkag141.260,,,IL-15—Driven NK-like Activation Is Augmented in Senescent CD57+CD8+ Memory T Cells 2255278,"IL-15 can stimulate CD8+ memory T (Tm) cells to exert NKG2D-mediated NK-like cytotoxicity in a TCR-independent manner, which can contribute to immunopathological host injury during viral infections. However, it has not been fully elucidated if senescent status of CD8+ Tm cells determines the degree of IL-15—induced NK-like activation. Here, we examined IL-15 responsiveness of replicative-senescent CD57+CD8+ Tm cells compared to CD57-CD8+ Tm cells and investigated the underlying molecular mechanism. We obtained PBMCs from healthy donors (20-74 years) and analyzed CD57+CD8+ and CD57-CD8+ Tm cells by flow cytometry and bulk RNA-seq following ex vivo IL-15 stimulation. In addition, we performed single nucleus-multiome analysis (snRNA/ATAC-seq) of CD57+CD8+ and CD57-CD8+ Tm cells. We further analyzed single-cell transcriptomes of bystander CD8+ T cells identified with dCODE MHC-I multimers from PBMCs of patients with acute HAV infection. We demonstrated that senescent CD57+CD8+ Tm cells exhibit augmented IL-15—induced NK-like activation compared to non-senescent CD57-CD8+ Tm cells. The degree of IL-15—induced NK-like cytotoxicity was correlated with age and the proportion of CD57+CD8+ Tm cells. Furthermore, CD57+CD8+ Tm cells exhibited stronger NK-like activation than CD57- counterparts in patients with acute HAV infection, where the NK-like bystander activation of memory CD8+ T cells is well-exemplified. Notably, CD57+CD8+ Tm cells exhibited upregulation of Aiolos, known as a key regulator of AP-1 that is critical for IL-15—induced NK-like activation of CD8+ Tm cells. Our findings reveal a mechanism by which augmented IL-15—induced NK-like activation of senescent CD57+CD8+ Tm cells is associated with enhanced bystander activation of CD8+ T cells in the elderly, providing insights for novel molecular targets for the treatment of aging-associated immunopathology. n/a Immune Response Regulation: Cellular Mechanisms (IRC)",2026,2026-07-28,JournalArticle,,https://www.semanticscholar.org/paper/ffbb8720eaad00c3621de7491c645298b1fad5ff,False,0,,True,True,True,True
doi:10.1093/schbul/sbaa030.422,doi:10.1093/schbul/sbaa030.422,semantic_scholar,semantic_scholar,ea6787153cdf9f98baa30fa24a5486aef8ec3c12,10.1093/schbul/sbaa030.422,,7234490,M110. PREDICTING RISK OF PSYCHOSIS IN A GENERAL POPULATION SAMPLE,"Abstract Background At present clinical high-risk states for psychosis are determined by specialist mental health services using clinical tools such as the CAARMS, which largely rely on the detection of attenuated psychotic symptoms. However, the positive predictive value (PPV) of the CAARMS for transition to psychosis is only 25% in help seeking populations and as low as 5% in general population, non-help seeking samples. There is therefore a clear need to improve the prediction of psychotic disorder using other (non-symptom related) markers of risk. Our aim was to derive a risk prediction tool to determine risk of psychotic disorder using a large, population-based birth-cohort. Methods We used data from the ALSPAC birth cohort, with data on a comprehensive range of predictors ascertained from early childhood through early adulthood, and on psychotic disorder up to age 24 (imputed up to N≈7000 with any data on psychotic experiences). We use a two-stage risk prediction model, where different sets of predictors are used for outcomes of increasing severity. In the first stage, we predicted a clinical need for care in those who had self-reported psychotic-like experiences prior to age 17 years. We assumed that most of this need for care subsample would be help-seeking and that they therefore provide a more accessible risk-enriched sample for the second stage of our prediction model, where more difficult to measure predictors are included for estimating the risk of new onset psychotic disorder. Here we report on the first stage of our prediction model where we predict a clinical need for care (defined as presence of frequent and distressing interviewer-rated psychotic experiences) at age 17–24 years in participants who self-reported any psychotic-like experiences prior to age 17. The prediction set consisted of sixty-one features across 4 domains: socio-demographic (12 features); cognitive (10 features); non-psychotic psychopathology (24 features); behavioural (10 features). We used machine-learning methods for predictor selection and model fitting, employing resampling to assess and validate model calibration and discrimination. Results 13% of participants who self-reported psychotic experiences by age 17 were found to have a clinical need for care between ages 17–24, and 3.5% met criteria for newly ascertained psychotic disorder at 24 years. Use of two different machine learning methods for feature selection (random forests with a 10-fold cross-validation and elastic nets employing shrinkage) yielded similar results, although the elastic nets/ridge regression produced a more parsimonious model. The features selected included: adolescent self-harm, and childhood IQ, attention, processing speed and external locus of control. The AUC reduced very little compared to that of a model with 61 characteristics. This simpler model showed improved calibration and optimism-corrected predictive performance of AUC=0.73, sensitivity=0.75, specificity=0.60, and PPV=0.22. Discussion Our risk calculator is comparable in performance to those produced in studies of prodromal psychosis in high-risk samples. This first-stage model achieved promising predictive performance. We are currently developing a prognostic score for psychotic disorder in those with a clinical need for care and augment the predictor set with genetic, lipidomic and proteomic markers and further cognitive tests. We will then assess the model’s clinical utility and variation in predictive performance using linkage of ALSPAC data to clinical health care records with the aim to externally validate in other cohort studies.",2020,2020-05-01,,,https://www.semanticscholar.org/paper/ea6787153cdf9f98baa30fa24a5486aef8ec3c12,False,0,,True,False,False,False
doi:10.1097/jd9.0000000000000087,doi:10.1097/jd9.0000000000000087,openalex,openalex,https://openalex.org/W3020501147,10.1097/jd9.0000000000000087,,,Beta Human Papillomavirus and Merkel Cell Polyomavirus in Skin Neoplasms,"Introduction In 1911, Peyton Rous from the Rockefeller Institute demonstrated that a transplantable, spontaneous, spindle cell sarcoma derived from a Plymouth Rock chicken could be virally transmitted to healthy chickens. This first known tumor virus was named Rous sarcoma virus. The discovery led to Peyton Rous being awarded the Nobel Prize in Medicine and Physiology in 1966 and to the recognition of a new paradigm in cancer research — virus-associated cancer. Since then, there has been growing interest in the role of viruses in cancer. By 1965, Tony Epstein, Yvonne Barr, and their colleagues had succeeded in establishing cell lines derived from Burkitt lymphomas and in visualizing herpesvirus-like particles, namely Epstein-Barr virus, as the first human virus linked to malignancy. Advanced molecular technology contributed to the identification of other human carcinogenic viruses such as hepatitis B virus, human papillomavirus (HPV), human T-lymphotropic virus-1, hepatitis C virus, Kaposi sarcoma-associated herpesvirus, and the most recently discovered Merkel cell polyomavirus (MCPyV) (Table 1). Most carcinogenic viruses establish persistent infections, typically occurring many years before malignancy. The viral genome is usually present in the tumor cells and is sometimes integrated into chromosomal DNA. These viruses are the etiologic agents for 15%–20% of all human tumors worldwide, and contribute to the carcinogenesis of diverse organs and tissues via central roles of cellular oncogene activation or tumor suppressor gene inactivation.1 The two milestones in skin tumor virology have come from the identification of the DNA viruses HPV and MCPyV, which have been isolated from nonmelanoma skin cancer (NMSC) and Merkel cell carcinoma (MCC), respectively.Table 1: Human tumorigenic viruses.The present review summarizes the current cellular and molecular evidence for the respective roles of beta HPV and MCPyV in the carcinogenesis of nonmelanoma squamous carcinoma and Merkel cell carcinoma, which are skin neoplasms originating from epithelium. HPV Etiology HPVs are small nonenveloped icosahedral viruses with double-stranded circular DNA genomes that infect the keratinocytes of skin and mucosa. Among the five major HPV genera (alpha-, beta-, gamma-, mu-, and nu-papillomavirus), the cutaneous HPV types associated with skin neoplasms are represented mainly by the beta genus, and are widely present in the skin of normal individuals.1 To date, more than 50 types of beta-HPV have been isolated, and the number is continuously growing (https://pave.niaid.nih.gov). Similar to the alpha-HPVs, beta-HPVs are divided into high-risk and low-risk types. Low-risk types such as HPV 1, 2, 3, and 4 are associated with verruca vulgaris, verruca plana, and verruca plantaris, while high-risk types such as HPV 5, 8, and 38 are thought to cause cutaneous malignancies. The present review will focus on these high-risk types. The beta-HPV genome is divided into a long control region and a coding region. The long control region contains the promoter, enhancer, and regulatory elements involved in viral DNA replication and transcription, while the coding region encodes the early (E) and late (L) proteins. The E proteins comprise E1, E2, E4, E6, and E7 (E5 is absent in beta-HPV types in contrast to the alpha genus) (Table 2); these are required for the regulation of viral gene expression and replication, and for the modulation of host cell protein function to create a cellular environment optimal for viral survival. The L proteins L1 and L2 are the major and minor capsid proteins, respectively, which are associated with the assemblage of viral structure (Fig. 1).2Table 2: Genome organization and encoded function of alpha- and beta-human papilloma viruses (HPVs).Figure 1: Genome of human papillomavirus (HPV) 38. HPV 38 is a member of the beta-HPV genus, and is represented by the black circle in the center of the figure. Three functional regions are displayed as different colors: the early region (E1–E7), the late region (L1–L2), and a long control region (LCR).To establish an infection, HPVs need to access the basal cell layer, which is normally protected by differentiated stratified epithelium. It is thought that the invasion is principally facilitated via micro-trauma in the epithelial barrier. However, beta-HPVs also target the hair follicle to maintain a persistent reservoir and initiate viral infection.3 HPV entry is generally deemed to occur via initial binding to heparan sulfate on the surface of basal cells and subsequent reaction with a specific secondary receptor; however, the definitive mechanism has not yet been fully clarified. Clinical implications Cutaneous HPVs are ubiquitous skin infections in the general population, and the tumors they cause are extremely rare in immunocompetent individuals. Beta-HPV genomes are likely etiologic agents of NMSCs that arise in immunosuppressed patients such as organ transplant recipients and human immunodeficiency virus-positive individuals, and are also detected in the tumor cells of patients with epidermodysplasia verruciformis (EV).3 The association between beta-HPVs and skin cancer was actually first reported in patients with EV, who frequently develop pityriasis versicolor-like lesions and large numbers of atypical, flat-topped, coalescing warts and subsequent invasive skin cancer such as cutaneous squamous cell carcinoma (CSCC), particularly in sun-exposed areas after 30–40 years.4 Compared with CSCC cases, the prevalence of beta-HPVs is higher in actinic keratosis, which is considered to be the precursor lesion of CSCC, suggesting that cutaneous HPVs may play a role in the early stage of skin carcinogenesis rather than in the maintenance of the malignant phenotype (the “hit-and-run” mechanism).5 Carcinogenesis A systematic review reported that beta-HPV infection may influence the associations between germline human leukocyte antigen variants and CSCC risk in immunocompromised patients by altering immune surveillance, DNA repair, and cell cycle progression, thus promoting clonal expansion of keratinocytes under ultraviolet radiation (UVR)-induced DNA damage.6 Most studies exploring the carcinogenesis of HPV have focused on high-risk HPVs from the alpha genus. However, more recent research has studied the role that beta-HPVs play in skin neoplasms, and how the beta E proteins may contribute to carcinogenetic pathways in similar or different ways to the alpha E proteins. In fact, unlike the alpha proteins that are integrated into the cellular genome, it seems increasingly likely that beta E6 and E7 are required only in the initial step of cutaneous carcinogenesis, but not in the maintenance of the tumor (the “hit-and-run” mechanism); this hypothesis was supported by a recent molecular study in a K14 HPV38 E6/E7 Tg mouse model.7 Oncogenic properties of beta-HPV E6 proteins Multiple studies have highlighted the potential carcinogenic activities of the E6 proteins of beta-HPVs by inhibiting the UVR-induced DNA damage repair mechanism and allowing keratinocytes with DNA mutations to survive and progress to carcinomas. Beta-HPV 5 and 8 E6s accumulate and disrupt the repairment of UVR-induced double-strand breaks by binding and attenuating p300 (a histone acetyltransferase) and thus diminishing the transcription of BRCA1/2 (two genes critical to the repair of double-strand breaks), ultimately curtailing the repair foci formation.8 It has been extensively shown that high-risk alpha-HPV E6 induces ubiquitination and degradation of the tumor suppressor protein p53 via binding to E6-associated protein (E6AP), a cellular protein with an E3 ubiquitin protein ligase function. However, the expression of E6 from beta-HPV types does not result in degradation of p53 in an E6AP-mediated manner. E6 of cutaneous HPV23 prevents p53 from phosphorylating on serine 46 by interfering with the ability of homeodomain-interacting protein kinase 2 to favor UVR-mediated apoptosis.9 In the presence of E6AP, beta-HPV E6 proteins drive the expression and activation of human telomerase reverse transcriptase (a catalytic subunit of the telomerase complex), which stabilizes the telomere length and improves cellular propagation and longevity in culture.10 In addition, the E6 proteins of beta-HPV types target the mitochondrial protein Bak for degradation, thus maintaining mitochondrial integrity and preventing UVR-induced apoptosis due to the interaction with E6AP.11 HPV5 E6 also recruits the HECT domain E3 ubiquitin ligase HERC1 to activate Bak for proteolysis in response to UVR-induced apoptosis.12 Combined with E6AP, E6 proteins of beta-HPV types stimulate and enhance Wnt signaling in Wnt-activated cells, thus promoting the stabilization, translocation, and accumulation of β-catenin in the nucleus; however, the E6 proteins of beta-HPV types play a smaller role in the potentiation of Wnt/β-catenin signaling than the E6 proteins of alpha-HPV types.13 Similar to the E6 proteins of alpha-HPVs, the E6 proteins of beta-HPVs mediate inactivation of p53 by interacting with the transcriptional co-activator CBP and p300. E6 of HPV5 and HPV8 inhibits phosphorylation of p300 by AKT, a serine/threonine kinase participating in the key role of the PI3K signaling pathway, resulting in its destabilization, which in turn leads to delayed ATR (ATM-Rad3-related protein, a member of PI3 kinase family) activation, and subsequently to reduced stabilization of p53, increased UVB-induced double-strand breaks, and accumulation of chromosomal abnormalities.14 Marthaler et al. identified CCAAT/enhancer-binding protein alpha, a transcription factor regulating cellular differentiation, as a novel target of the HPV8 E6 protein via inducing p300 degradation, leading to the downregulation of miR-203 and upregulation of ΔNP63α protein, and eventually resulting in alteration of the cellular proliferation abilities.15 An additional mechanism of HPV E6-mediated skin carcinogenesis requires E6 binding to the transcriptional co-activator Mastermind-like protein 1 via its LXXLL motif; the downstream effect of this is an inhibition of Notch, which has a key role in keratinocyte differentiation and acts as a tumor suppressor in squamous epithelial cells.16 This mechanism is specific to the beta-HPVs, possibly as a consequence of their skin tropism. Aside from Mastermind-like protein 1, several Notch-associated components, including Notch1 and recombination signal binding protein for immunoglobulin kappa J region, are also found in complexes with the beta-HPV E6 proteins.17 Moreover, Mendoza et al. found that HPV5 E6 binds with Drosophila mothers against decapentaplegic protein 3 (SMAD3), a component in the transforming growth factor β1 signaling pathway, and thus represses SMAD3 transactivation by destabilizing the SMAD3/SMAD4 complex and mediating the degradation of both proteins.18 This biological response has also been observed in other beta-HPV types like HPV8, HPV17a, and HPV38,19-20 suggesting that the beta-HPVs are homogeneous to some extent with regard to their biology and the pathology of which binding partner or signaling pathway they are associated with. Oncogenic properties of beta-HPV E7 proteins HPV38 E7 proteins are involved in the stabilization of p53 by activating the transcription of ΔNp73, a dominant-negative isoform of p53 and p73, which inhibits the p53-regulated pathways to modulate the transcription of genes associated with growth suppression and apoptosis.21 In addition, E7 from HPV38 phosphorylates and accumulates ΔNp73α by inducing the translocation of Inhibitor of nuclear factor kappa-B (IκB) kinase beta in the nucleus.22 Moreover, HPV38 E7 oncoprotein promotes the formation of a multiprotein complex that includes ΔNp73α, IκB kinase beta, and two epigenetic enzymes (DNA methyltransferase 1 and enhancer of zeste homolog 2); this multiprotein complex specifically binds to several promoters of p53-regulated genes encoding proteins involved in DNA repair and apoptosis.23 The E7 oncoproteins from beta-HPV38 mediate the recruitment of the p53 antagonist ΔNp73α, which prevents the UVR-induced accumulation of the transcription factors p53 and c-Jun onto the Toll-like receptor 9 (TLR9) promoter; the resultant impairment of TLR9 gene expression plays a role in innate immunity and cellular stress response.24 Studies have shown that both the alpha and beta genera share common binding partners for E7 proteins to induce oncogenesis, suggesting that the related patterns of cellular pathway are highly conserved among diverse HPV types. The best-characterized function of E7 is the interaction mediated by its LXCXE motif with the pocket proteins retinoblastoma (pRb1) and the related proteins pRBL1 (p107) and pRBL2 (p130), resulting in the degradation of retinoblastoma protein (pRb), a tumor suppressor responsible for maintaining the cell in a quiescent state.25 Binding of E7 proteins from beta-HPV types (HPV38 and 49) to pRb leads to the phosphorylation of the latter, and to the release and activation of E2F1, which in turn induces the transcription of genes that are involved in cell-cycle progression.26 According to a systematic proteomic study, the other binding partners of HPV E7 proteins shared across the alpha and beta genera are Ubiquitin N-recognin Domain-Containing E3 Ligase 4 (p600), Potassium Channel Modulatory Factor 1, and Protein tyrosine phosphatase, Ubiquitin N-recognin Domain-Containing E3 Ligase 4 and Potassium Channel Modulatory Factor 1 are to be functional E3 ubiquitin with regard to the degradation of proteins. Protein tyrosine phosphatase, is thought to be a tyrosine involved in cell However, the of beta-HPV E7 binding to the partners have not yet been the expression of E7 from 8, and the cells into a with and increased Moreover, E7 proteins from induce keratinocyte invasion by the of the and in a mouse which novel evidence for the role of beta-HPV in skin (Fig. 2: of beta-human papilloma virus (HPV) early protein in skin Beta-HPV E7 is by the The molecular of E7 and the between are shown and DNA methyltransferase transcription protein enhancer of zeste homolog factor a dominant-negative isoform of p53 and inhibiting the p53-regulated proteins protein tyrosine phosphatase, receptor ubiquitin N-recognin E3 ligase properties of beta-HPV proteins The gene is conserved among all types of and has key roles in the regulation of viral DNA replication, virus transcription, and in maintenance in An in study that proteins in complex with protein activate the promoters protein binding and may as a viral oncogene by activation of involved in skin studies have many cellular binding proteins for the proteins of alpha- and beta-HPVs that are involved in transcription, cell cycle and The of beta-HPV has not been yet but may the control of cellular gene transcription or binding to a specific cellular protein or Oncogenic mechanism between HPV and The cause of is thought to be and cutaneous HPV of the beta may as a with by inhibiting the UVR-induced DNA damage repair and Beta-HPV is detected in skin areas to the and increased cutaneous HPV replication is observed in the presence of which induce the the of the high-risk beta-HPVs 5, 8, and by a p53 binding A study on HPV8 reported that UVR-induced skin tumor formation is associated with of and and downregulation of their target tumor and on cell protein and mouse study that HPV 38 may the UVR-induced response tumor by the of a factor involved in the UVR-induced DNA damage repair research has the interaction between beta-HPV infection and in to CSCC This interaction be in the role of alpha-HPV types in the of has been the role of beta-HPV in the of cutaneous neoplasms is not yet The major risk factor for is considered to be However, cutaneous HPVs have been isolated from which that beta-HPVs may as with particularly in patients with or immunocompromised Studies have of the molecular pathways and protein in beta-HPV carcinogenesis, which typically occur in the rather than the maintenance of the Similar to their from high-risk HPV E6 and E7 proteins from cutaneous HPVs transforming as they target the cellular via different In contrast to alpha-HPVs, the of beta-HPV DNA in the host genome to be extremely rare in MCPyV Etiology MCPyV is ubiquitous in the general population, and was first isolated from in Similar to MCPyV contains small icosahedral double-stranded circular DNA while its genes are encoded on different of the The viral genome of an early region, a late region, and a regulatory region that contains the of replication The early region of MCPyV encodes the tumor resulting from of the and is of large antigen small antigen the and the The late region includes and which proteins viral the MCPyV In addition, like other the genome of MCPyV encodes a that expression (Fig. the function and of both the antigen and have not yet been current evidence that and play and roles in mediating oncogenesis, as of the in cell lines leads to growth and cell Genome of Merkel cell polyomavirus MCPyV contains small nonenveloped icosahedral double-stranded circular DNA and its genes are encoded on different of the The functional regions are displayed by different colors: the early region antigen small antigen and the large antigen the late region a regulatory region and a to beta-HPV infection, MCPyV entry into the human skin may be facilitated by skin The viral entry of MCPyV into host cells is by binding of the capsid protein to cellular and on the surface of host with typically have higher and higher MCPyV DNA than their healthy Clinical implications is an highly cutaneous with an that has increased in recent was considered to arise from Merkel cells, a cell in the skin with both epithelial and Since the initial discovery of MCPyV, the association between and MCPyV has been and the effect of MCPyV in has been widely with other such as and immunodeficiency to human immunodeficiency immune organ or MCPyV is ubiquitous and in the skin of the general However, in contrast to the “hit-and-run” mechanism of beta-HPV in CSCC, the MCPyV genome is integrated into the host genome before clonal expansion of the and expression of the viral tumor is to maintain Carcinogenesis skin neoplasms, the of the viral genome into the host cells, with persistent expression of the two major oncoproteins and and are only present in patients with while MCPyV infection is MCPyV and human TLR9 expression in epithelial and cell resulting in inhibition of the host innate immune response and potential of The cellular and may as a key host cell factors to cellular Moreover, a recent study reported that epigenetic may also play a role in oncogenesis, as by the of complex 2 (a central epigenetic and a in in virus-positive The role of MCPyV in MCPyV plays roles in viral genome replication and as as in host cell-cycle MCPyV promotes carcinogenesis via the interaction between the highly conserved region and The of a a conserved region 1, and an LXCXE The binding of to pRb a transcription and the expression of E and resulting in the of the in the cell cycle and subsequent host cell The of includes an binding domain that plays a key role in the of and the viral and a domain associated with the of the viral In addition, tumor requires the of the replication of that result in as these are for viral proliferation and DNA damage as a to The in tumors viral replication preventing and cell (Fig. of Merkel cell polyomavirus large antigen in skin MCPyV is by the and the and are The molecular of and the between are shown and kinase cellular transcription of histone proteins complex receptor role of MCPyV in The MCPyV protein has the first as MCPyV and contains conserved region 1 and while there is a protein binding in the Compared with MCPyV to be more integrated into the genome with and to play a more role in inducing oncogenesis, as is not to mediate cell MCPyV cellular proliferation and malignant by maintaining the and inhibition of (a downstream target of the signaling and of Moreover, the E3 ubiquitin ligase to degradation of as as key cellular oncoproteins such as and et al. that MCPyV plays a role in replication by to nuclear foci as an protein of its ability to as are in DNA and MCPyV acts as an of nuclear factor transcription to the innate immune response by the protein and inhibiting Inhibitor of nuclear factor kappa-B kinase IκB phosphorylation that translocation of the to the et al. observed that increased expression was by of the (a pathway gene involved in that MCPyV antigen required for and transforming MCPyV expression induces cell and by the integrity of thus cell the function of the cellular a and and is critical in this antigen promotes cell by the and establishing the with the activation of specific and that are involved in these These also an interaction between antigen and (a cellular catalytic and result in the of MCPyV also gene expression and cellular in cell lines by binding to the homolog and it to the histone and complex that the of with (Fig. of Merkel cell polyomavirus small antigen in skin MCPyV is by the The molecular of and the between are shown and a downstream target of the signaling cellular oncogene protein a cellular catalytic a of a pathway gene involved in receptor is considered to be the of a skin cancer with a and MCPyV infection is highly in the general evidence that MCPyV the viral via diverse and with mutations binds to pRb and the tumor suppressor function. The roles of modulation of oncoprotein and regulation of signaling pathways like and of MCPyV DNA or viral antigen protein expression has been in to its for and may be for and the discovery of MCPyV as a of new into and molecular and functional are and The of for and on the of the tumor and the presence of and other as specific is the in the of patients with CSCC and basal cell and with the of tumor and of is sometimes as after or as or for such as and are not for as these not the of the and are to patients with or that be with or and will be as the of the carcinogenesis of viruses Three different HPV different numbers of HPV types have been to against HPV infection and of subsequent cancer and many types of and cancer and However, all of the HPV target alpha-HPV the and target HPV and the and target HPV and and the HPV and that target beta-HPV and MCPyV are under as these two DNA viruses that cause skin neoplasms originating from epithelial tissues are being The discovery of beta-HPV and MCPyV as cutaneous DNA viruses and their of has to more of related skin such as and and to more and via the of viral proteins and into the molecular pathways and protein of the viruses and host cells of the role of beta-HPV and MCPyV in and carcinogenesis, respectively, which may subsequently contribute to the of more",2020,2020-04-13,article,en,https://openalex.org/W3020501147,False,0,epigenomics_plus_downstream;genomics_plus_other,True,True,True,True
doi:10.1101/2022.01.11.475851,doi:10.1101/2022.01.11.475851,semantic_scholar,semantic_scholar,219910aba998fc46cc71436f6ed921b999c9cac6,10.1101/2022.01.11.475851,,,TEX13B is important for germ cell development and male fertility,"The recent epidemiological studies suggest that nearly one out of every 7 reproductive age couples face problem to conceive a child after trying for at least one year. Impaired fertility of the male partner is causative in approximately 50% of the infertile couples. However, the etiologies of large proportion of male infertility are still unclear. Our unpublished exome sequencing data identified several novel genes including TEX13B, which motivated us to further explore the role of TEX13B in male infertility in large infertile case control cohort. Hence in this study, we have examined the role of TEX13B in male infertility by whole gene sequencing 628 infertile and 427 control men and have demonstrated the functional role of Tex13b in spermatogonia GC1spg (GC1) cells. We identified 2 variants on TEX13B which are tightly associated with male infertility. TEX13B gene exclusively expressed in germ cells, but its molecular functions in germ cells are still unknown. Hence, we demonstrated the functional importance of Tex13b in GC1 cell line by genomic manipulation via CRISPR-Cas9 and mass spectrometry-based whole cell proteomics. The gene knock out in GC1 cell line clearly shows that Tex13b play an important role in germ cell growth and morphology. We demonstrate that Tex13b knockout or conditional overexpression in GC1 cells reprograms the metabolic status from an oxidative phosphorylation to glycolysis state and vice versa. In conclusion, our study clearly showed the importance of Tex13b in germ cells development and Its association with male infertility.",2022,2022-01-12,,,https://www.semanticscholar.org/paper/219910aba998fc46cc71436f6ed921b999c9cac6,False,0,,True,False,True,False
doi:10.1101/2024.05.17.594714,doi:10.1101/2024.05.17.594714,pubmed,europepmc;openalex;pubmed;semantic_scholar,39229162,10.1101/2024.05.17.594714,39229162,PMC11370476,The CALERIE ™ Genomic Data Resource.,"Caloric restriction (CR) slows biological aging and prolongs healthy lifespan in model organisms. Findings from CALERIE-2 ™ - the first ever randomized, controlled trial of long-term CR in healthy, non-obese humans - broadly supports a similar pattern of effects in humans. To expand our understanding of the molecular pathways and biological processes underpinning CR effects in humans, we generated a series of genomic datasets from stored biospecimens collected from n=218 participants during the trial. These data constitute the first publicly-accessible genomic data resource for a randomized controlled trial of an intervention targeting the biology of aging. Datasets include whole-genome SNP genotypes, and three-timepoint-longitudinal DNA methylation, mRNA, and small RNA datasets generated from blood, skeletal muscle, and adipose tissue samples (total sample n=2327). The CALERIE Genomic Data Resource described in this article is available from the Aging Research Biobank. This mult-itissue, multi-omic, longitudinal data resource has great potential to advance translational geroscience.",2024,2024-08-22,Journal Article; Preprint,eng,https://pubmed.ncbi.nlm.nih.gov/39229162/,True,3,,True,True,True,True
doi:10.1101/2025.08.14.25333746,doi:10.1101/2025.08.14.25333746,semantic_scholar,semantic_scholar,af21bfe92a58b457750a5da855398f3780d5228e,10.1101/2025.08.14.25333746,,,"Oxidative Balance Score and Osteoarthritis: A Multi-Omics Study Based on NHANES, RNA-seq, and Mendelian Randomization","This study employs a multi-omics approach to investigate the association between the Oxidative Balance Score (OBS) and Osteoarthritis (OA), aiming to uncover molecular mechanisms and identify therapeutic targets. Analyzing baseline characteristics of 42,883 participants from the NHANES dataset, the study reveals that the OA group has a significantly lower OBS than the non-OA group (16.03{+/-}8.60 vs. 17.57{+/-}9.27, p<0.001), with notable differences in age, gender, race, and socioeconomic status. Multivariate logistic regression indicates an inverse relationship between OBS and OA risk (OR = 0.99, 95% CI: 0.99 - 1.00, p = 0.007), while Restricted Cubic Spline analysis shows a nonlinear association, with a more pronounced decline in OR when OBS exceeds 17.37. RNA-seq technology identifies 2,304 differentially expressed genes (946 upregulated, 1,358 downregulated) between OA patients and controls, and Mendelian Randomization analysis, supported by sensitivity tests, highlights PTGS2 and NR4A2 as protective factors and HFE as a risk factor for OA, findings further validated by expression data. The study concludes that oxidative stress is significantly linked to OA risk, with higher OBS potentially offering protective effects, and identifies PTGS2, NR4A2, and HFE as promising intervention targets, providing new directions for OA's mechanistic research and precision treatment.",2025,2025-08-17,,,https://www.semanticscholar.org/paper/af21bfe92a58b457750a5da855398f3780d5228e,False,0,,True,False,True,False
doi:10.1111/acel.12849,doi:10.1111/acel.12849,europepmc,europepmc;openalex;pubmed;scopus,MED:30810280,10.1111/acel.12849,30810280,PMC6516429,JNK modifies neuronal metabolism to promote proteostasis and longevity.,"Aging is associated with a progressive loss of tissue and metabolic homeostasis. This loss can be delayed by single-gene perturbations, increasing lifespan. How such perturbations affect metabolic and proteostatic networks to extend lifespan remains unclear. Here, we address this question by comprehensively characterizing age-related changes in protein turnover rates in the Drosophila brain, as well as changes in the neuronal metabolome, transcriptome, and carbon flux in long-lived animals with elevated Jun-N-terminal Kinase signaling. We find that these animals exhibit a delayed age-related decline in protein turnover rates, as well as decreased steady-state neuronal glucose-6-phosphate levels and elevated carbon flux into the pentose phosphate pathway due to the induction of glucose-6-phosphate dehydrogenase (G6PD). Over-expressing G6PD in neurons is sufficient to phenocopy these metabolic and proteostatic changes, as well as extend lifespan. Our study identifies a link between metabolic changes and improved proteostasis in neurons that contributes to the lifespan extension in long-lived mutants.",2019,2019-02-27,"Research Support, Non-U.S. Gov't; research-article; Journal Article; Research Support, N.I.H., Extramural",eng,https://europepmc.org/article/MED/30810280,False,3,,True,True,True,True
doi:10.1111/ddg.12403,doi:10.1111/ddg.12403,openalex,openalex,https://openalex.org/W2012892846,10.1111/ddg.12403,,,From skin to other cell types of the body,"Regenerative medicine allows for the customization of tissues and organs which may bring hope to patients with incurable diseases and severe injuries. Therefore, reliable and safe methods for the generation of specific cell types must be established. Recently, different strategies have emerged to convert somatic cells into differentiated cells of interest. One of these strategies is cellular reprogramming, which converts somatic cells into induced pluripotent stem cells (iPSCs). These iPSCs are embryonic stem cell-like cells with almost unlimited developmental potential and can be differentiated into specific lineages. Alternatively, the method of transdifferentiation can be used to directly convert one terminally differentiated cell into another cell type. Both of these methods have proven to have the potential to push the field of cell replacement therapy forward. In this context, the skin is of particular interest because it represents an ideal source of somatic cells for reprogramming to pluripotency as well as transdifferentiation. In this review, we briefly compare both above-mentioned strategies and summarize the latest advances in this highly dynamic field of research. In 2006 Takahashi and Yamanaka heralded the start of a new era in stem cell research upon demonstrating that the ectopic overexpression of only four transcription factors, Oct4, Sox2, Klf4, and cMyc was sufficient to transform murine somatic cells into induced pluripotent stem cells (iPSCs), which closely resemble embryonic stem cells (ESCs) 1. The simplicity of the procedure and the manifold possibilities which follow from this revolutionary discovery have aroused an emergence of a new cellular reprogramming research field. Shortly after several groups also succeeded in reprogramming human somatic cells towards pluripotency 2, 3. In addition to enabling the investigation of fundamental mechanisms of stem cell maintenance and differentiation, iPS cell technology had a substantial impact on medical research, especially regenerative medicine. The goal of regenerative medicine is to treat diseases or severe injuries by replacing damaged tissues or organs with individualized new tissues or organs. With the discovery of iPS cell technology, research is able to take the next steps towards personalized medicine, therapy and treatment (reviewed in [4). The road to cell replacement therapy could start with the generation of patient-specific human induced pluripotent stem cells (hiPSCs) (Figure 1). The skin is an easily accessible source of somatic cells for reprogramming which can be isolated with little effort. A punch biopsy yields enough necessary material for successful generation of iPSCs. Moreover, different skin cell types such as fibroblasts, keratinocytes and melanocytes have proven to be amenable to reprogramming in several cases [5, 6. Additionally, it has been shown that iPSCs can be generated free of any trace of the ectopic reprogramming factors [7. In order to utilize hiPSCs for regenerative medicine, they need to be differentiated into the specific tissue type or organ necessary. Numerous scientists worldwide are intensively working on establishing suitable protocols for this purpose and thus far in vitro differentiation of hiPSCs to hepatocytes 8, cardiomyocytes 9, retinal cells 10, various neuronal cells 11, 12, and several other cell types have been successful. Besides the importance of the aforementioned advances, the ultimate goal is to design whole functional organs from which deprived patients can benefit. Although there is still much work to be done, a recently published article from Takebe and colleagues nicely illustrated that hiPSCs could serve as source material for the production of functional organs 13. Takebe and colleagues described the generation of vascularized and functional human liver from hiPSCs. First, the hiPSCs were differentiated in vitro to hepatic endoderm cells and afterwards co-cultured with human umbilical vein endothelial cells (HUVECs) and human mesenchymal stem cells (MSCs). Under co-culture conditions the hiPSC-derived hepatic cells gave rise to three-dimensional liver buds which resemble those liver buds that occur during embryogenesis in vivo. After transplantation into immunodeficient mice the vasculature in the liver buds connected to the vasculature of the host and the bud itself matured into an organ comparable to an adult liver. Moreover, a drug-induced lethal liver failure mouse model could be rescued by transplantation of such artificially derived liver buds, demonstrating that hiPSCs indeed can give rise to functional organs under appropriate culture conditions. In the field of regenerative dermatology cells derived from iPSCs could be used for keratinocyte or melanocyte transplantations as e. g. in vitiligo patients. Due to the possibility of gene mutation corrections in iPSCs by methods such as homologous recombination skin cell transplants are also of great interest in hereditary skin disorders such as epidermolysis bullosa or xeroderma pigmentosum [4. In addition to their great differentiation potential, hiPSCs allow for the production of autologous transplants which will not be rejected by the host after transplantation since these transplants will be individualized for each patient via iPSC generation. Furthermore, research on hiPSCs is not associated with the ethical concerns that affect research performed on human ESCs. On the other hand, there are still many major hurdles which need to be overcome before hiPSCs can be utilized for patient treatment. One of the first hurdles and most crucial is that iPSCs are immortal and tumorigenic and that their generation involves mechanisms that occur also during tumorigenesis such as the downregulation of tumor suppressor genes such as Trp53 14. Therefore the transplantation of iPSC-derived tissues and organs carries a risk of tumor/teratoma formation if undifferentiated or partly differentiated cells remain in the transplant. Another complication is that it remains unclear to what extent the reprogramming process affects the genomic integrity or the epigenetic status of a cell. Reprogramming of somatic cells towards pluripotency and subsequent directed differentiation of hiPSCs is not the only possibility for tissue generation. An alternative strategy to change cell identity and fate is to directly convert one somatic cell type into another without passing through a pluripotent intermediate stage (Figure 1). From a technical point of view reprogramming towards pluripotency and transdifferentiation are quite comparable. As a general rule, ectopic overexpression of specific transcription factors overrides the current transcriptional status and launches transcriptional activity characteristic of another, unrelated lineage. The first experimental proof of an induced lineage switch dates back to the late 1980s when Davis and colleagues succeeded in converting mouse fibroblasts to myoblasts upon overexpression of the myogenic transcription factor MyoD 15. Takahashi's and Yamanaka's discovery that somatic cells can be reprogrammed to pluripotency led to the Nobel Prize and also intensified research on transdifferentiation which led to a couple of remarkable findings in recent years (reviewed in 16). In many cases successful transdifferentiation into a specific cell lineage was first demonstrated with murine cells and the insights were subsequently transferred to the human system. In 2010, the direct conversion of murine fibroblasts into neurons by ectopic overexpression of the transcription factors Ascl1, Brn2 and Myt1l was reported 17. One year later Pang and colleagues transdifferentiated human fibroblasts into neurons by adding NeuroD1 to the aforementioned factor combination 18. Almost at the same time, Pfisterer and colleagues converted human fibroblasts into dopaminergic neurons by ectopically overexpressing Ascl1, Brn2 and Myt1l 19. The addition of two other transcription factors, Lmx1a and FoxA2, to the basic three-factor combination even facilitated the generation of dopaminergic neurons, a specific neuronal subtype which is affected in Parkinson's disease. The ability to produce defined subtypes of functional neurons would greatly improve the therapeutic options for the treatment of neurological disorders. Despite various examples of successful transdifferentiation of somatic cells, the molecular mechanisms of this process still remain unclear. Recently published studies give first insights into how transdifferentiation proceeds. Wapinski and colleagues investigated the transdifferentiation of murine fibroblasts into neurons showing that Ascl1 acts as a pioneer factor which is able to bind to closed chromatin and which subsequently recruits Brn2 to its target sites. Moreover, this pioneering activity of Ascl1 was associated with a specific histone mark whose abundance showed cell type specific differences. This fact could explain why some cell types are more accessible to transdifferentiation than others 20. It remains to be seen if this model can be applied to other transdifferentiation approaches or not. Further examples of successful transdifferentiation of human somatic cells include among others the conversion of fibroblasts into multilineage blood progenitors 21 and retinal pigment epithelium-like cells 22 (Table 1). Transdifferentiation of somatic cells into cardiomyocytes is another topic which has intensively been worked on recently. Lately, the conversion of human fibroblasts into cardiomyocytes was successful. Remarkably, this was achieved by ectopically overexpressing four cardiac transcription factors, GATA4, Hand2, Tbx5 and myocardin, together with two microRNAs, miR-1 and miR-133 23. As previously mentioned, one important advantage of transdifferentiation over differentiation of iPSCs in terms of clinical applicability is the evasion of a potentially tumorigenic cell state. Hence, transdifferentiation could be used for in vivo tissue replacement in addition to in vitro generation of tissues and organs. Qian and collegues could show in a mouse model that cardiac fibroblasts could be transdifferentiated in vivo into cardiomyocytes via ectopic overexpression of three cardiac transcription factors 24. After induction of a myocardial infarction retrovirus harboring the transdifferentiation factors was locally injected along the boundary between the infarct and border zones. Remarkably, this treatment improved cardiac function and reduced scar size. Moreover, in comparison to in vitro transdifferentiation, the conversion of fibroblasts in vivo yielded cardiomyocytes which more closely resembled endogenous cardiomyocytes, an effect which is most likely due to the influence of the native micromilieu. Transdifferentiation of somatic cells holds great promise for the future of regenerative medicine. Similar to the differentiation of hiPSCs, it allows for the generation of autologous transplants without ethical concerns. In addition, transdifferentiation bypasses the tumorigenic pluripotent intermediate stage which makes it suitable for clinical application. However, somatic cells subjected to transdifferentiation have a limited proliferation capacity and are prone to cellular senescence. This might be a problem when large amounts of a specific cell type are needed for tissue replacement. Furthermore, hiPSCs have the potential to differentiate into any desired cell type of the body and it is not yet known if this wide range of cell types could also be generated via transdifferentiation. Although scientists still face many obstacles and open questions, the progress which has recently been made in the field of regenerative medicine boosts confidence in the field. Tissue and organ regeneration via hiPSC technology or transdifferentiation may become a reality in the near future. None.",2014,2014-08-01,article,de,https://openalex.org/W2012892846,False,0,genomics_plus_other,True,True,True,True
doi:10.1126/sciadv.adr8648,doi:10.1126/sciadv.adr8648,pubmed,openalex;pubmed;scopus;semantic_scholar,40106551,10.1126/sciadv.adr8648,40106551,PMC11922016,PPDPF preserves integrity of proximal tubule by modulating NMNAT activity in chronic kidney diseases.,"Genome-wide association studies (GWAS) have identified loci associated with kidney diseases, but the causal variants, genes, and pathways involved remain elusive. Here, we identified a kidney disease gene called pancreatic progenitor cell differentiation and proliferation factor (PPDPF) through integrating GWAS on kidney function and multiomic analysis. PPDPF was predominantly expressed in healthy proximal tubules of human and mouse kidneys via single-cell analysis. Further investigations revealed that PPDPF functioned as a thiol-disulfide oxidoreductase to maintain cellular NAD + levels. Deficiency in PPDPF disrupted NAD + and mitochondrial homeostasis by impairing the activities of nicotinamide mononucleotide adenylyl transferases (NMNATs), thereby compromising the function of proximal tubules during injuries. Consequently, knockout of PPDPF notably accelerated the progression of chronic kidney disease (CKD) in mouse models induced by aging, chemical exposure, and obstruction. These findings strongly support targeting PPDPF as a potential therapy for kidney fibrosis, offering possibilities for future CKD interventions.",2025,2025-03-19,Journal Article,eng,https://pubmed.ncbi.nlm.nih.gov/40106551/,False,3,,True,True,True,True
doi:10.1152/physiol.2026.41.s1.2301273,doi:10.1152/physiol.2026.41.s1.2301273,semantic_scholar,semantic_scholar,f608971e3750cb51cc313d022e723406f7682bf6,10.1152/physiol.2026.41.s1.2301273,,,Mitochondrial contributions to impaired vascular function in healthy young adults exposed to adverse childhood experiences,"Introduction: Adverse childhood experiences (ACEs) represent severe psychosocial stressors that increase later-life cardiovascular disease (CVD) risk in a dose-dependent manner. We previously reported that young adults with ACE exposure exhibit impaired vascular endothelial function (VEF), characterized by reduced endothelium-dependent dilation. Excess reactive oxygen species (ROS) and mitochondrial dysfunction contribute to VEF, but whether these factors contribute to ACE-related VEF impairments remain unclear. Therefore, we sought to determine whether ROS and mitochondrial dysfunction contribute to impaired VEF in young adults with ACEs. Methods: VEF was assessed using brachial artery flow-mediated dilation in two separate cohorts. Cohort 1 included 23 young adults (age 24±5 y; BMI 26±5 kg/m 2 ) with (≥3, ACE+; n=12) or without (ACE–; n=11) prior ACE exposure. Human aortic endothelial cells (HAECs) were cultured with 10% participant serum and ROS bioactivity (CellROX) and acetylcholine-stimulated nitric oxide (NO) production (DAR-4M-AM) were quantified. To identify circulating factors contributing to serum exposure-driven differences in HAECs, untargeted metabolomics and targeted proteomics were performed in a representative sub-sample (ACE+, n=7; ACE–, n=7). Cohort 2 included 17 (age 23±3 y; BMI 22±4 kg/m 2 ; ACE+, n=9; ACE–, n=8) participants. HAECs cultured with 10% plasma were assayed for mitochondrial ROS (MitoSOX), respiratory activity (MitoTracker Deep Red), and mitochondrial content (MitoTracker Green). Cellular respiration experiments were performed in peripheral blood mononuclear cells (PBMCs). Results: In both cohorts VEF was lower in ACE+ than ACE– (–3.4±1.2%, p=0.009 and –4.2±1.3%, p=0.007). In Cohort 1, HAECs exposed to serum from those with ACEs exhibited lower ROS bioactivity (1285±121 vs. 1416±127 AU, p=0.019) and 40% lower NO production (p=0.11). Interestingly, ROS bioactivity was positively, but not significantly, associated with VEF (ρ=0.51, p=0.07). Differentially expressed metabolites included higher lysophosphatidylcholine 20:5 (LysoPC; +61%, p=0.033) and lower lysophosphatidic acid 18:1 (LysoPA; –34%, p=0.033) in ACE+, which was accompanied by 45% lower circulating autotaxin (p=0.17). LysoPC and LysoPA were differentially associated with ex vivo ROS (LysoPC: ρ=–0.52, p=0.06; LysoPA: ρ=0.60, p=0.025) and in vivo VEF (LysoPC: ρ=–0.56, p=0.038; LysoPA: ρ=0.49, p=0.08). In Cohort 2, HAECs exposed to plasma from ACE+ exhibited 22% lower respiratory activity (p=0.045), but normalized mtROS bioactivity did not differ (–13%, p=0.29). PBMC mitochondrial parameters, including basal respiration, maximal respiration, and spare respiratory capacity, also did not differ (all p≥0.36). However, normalized mtROS (ACE exposure ´ mtROS interaction: B=3.2±0.9, p< 0.001) and PBMC spare respiratory capacity (B=0.97±0.47, p=0.037) moderated the effect of ACE exposure on VEF, driven by positive associations between VEF and mtROS (r=0.69, p=0.019) and spare capacity (r=0.64, p=0.032) among ACE+. Conclusion: Young adults with prior ACE exposure exhibit impaired VEF alongside counterintuitive effects of the circulating milieu on endothelial ROS generation and mitochondrial respiratory activity, likely tied to altered lipid-related metabolic regulation. The observed moderating effects of spare respiratory capacity and mtROS bioactivity suggest that ACEs recalibrate mitochondrial-redox coupling in a manner that compromises VEF. Together, these findings suggest that early-life adversity disrupts coordinated metabolic, redox, and vascular endothelial pathways that embed long-term cardiovascular vulnerability. This abstract was presented at the American Physiology Summit 2026 and is only available in HTML format. There is no downloadable file or PDF version. The Physiology editorial board was not involved in the peer review process.",2026,2026-05-01,JournalArticle; Review,,https://www.semanticscholar.org/paper/f608971e3750cb51cc313d022e723406f7682bf6,False,0,,True,False,True,False
doi:10.1158/1538-7445.pancreatic24-b084,doi:10.1158/1538-7445.pancreatic24-b084,semantic_scholar,semantic_scholar,5af7927e789a70f6bfce953e5a8d4a5c18915bb8,10.1158/1538-7445.pancreatic24-b084,,,Abstract B084: Comparative functional analysis of TP53 alleles in pancreatic ductal adenocarcinoma in vivo,"TP53 is the second most mutated gene in pancreatic ductal adenocarcinoma (PDAC), bearing both truncal loss-of-function and missense point mutations. TP53 encodes a stress-induced transcription factor (p53) capable of activating tumor suppressive pathways mediating cell cycle arrest, apoptosis, senescence, and metabolic reprogramming. Despite high mutational frequency, how TP53 mutants function to suppress pancreatic tumorigenesis in vivo remains unclear. Previous studies indicate that the most frequent point mutations observed in human PDAC (TP53 R175H and R273H; mouse homologues Trp53 R172H and R270H) exhibit both dominant-negative (e.g., response to radiation in leukemia cells) and gain-of-function (e.g., increased liver metastasis in advanced PDAC models) roles compared to p53 null cells in various contexts. To rigorously explore the differential functions of p53 point and deletion mutants in PDAC progression, we performed an isogenic comparative analysis of Trp53 alleles in vivo using Mosaic Analysis with Double Markers (MADM) in mice. MADM uses stochastic mitotic recombination to induce two genotypically distinct daughter cells – created at 1-to-1 ratios – expressing different Trp53 variants dependent on the genotype of the mouse (+/+ vs. -/-, R172H/R172H vs. +/+, R172H/R172H vs. -/-, R270H/R270H vs. +/+, R270H/R270H vs. -/-) and simultaneously label them with unique genetically encoded fluorescent markers (TdTomato vs. GFP). We integrated MADM into a faithful Kras-driven model of pancreatic tumorigenesis (KC: Kras LSL-G12D/+ ; Pdx1-Cre) and used fluorescence microscopy to trace subclonal populations with various Trp53 alleles within the same mouse. By analyzing the ratio of TdTomato+ to GFP+ cells, we studied the functional differences between alleles in driving tumor initiation and expansion at various stages of progression. Strikingly, we found that Trp53 -/- cells exhibited greater expansion in preinvasive pancreatic intraepithelial neoplasias (PanINs) compared to not only Trp53 +/+ cells but also cells harboring either point mutation (Trp53 R172H/R172H or Trp53 R270H/R270H ). While Trp53 R270H/R270H cells predominated over Trp53 +/+ in PanINs, Trp53 R172H/R172H cells were surprisingly indistinguishable from Trp53 +/+ cells, suggesting that p53R172H retains tumor suppressive properties in early PDAC progression. Conversely, both Trp53 R172H/R172H and Trp53 R270H/R270H cells progressed to advanced PDAC with comparable PDAC incidence and survival as Trp53 -/- , arguing that Trp53 R172H is a separation-of-function mutant concordant with a distinct transcriptional profile relative to Trp53 -/- tumor cells. Together, these studies offer the strongest evidence to date for stage-specific functional differences between TP53 mutant variants in cancer progression in vivo and provide a faithful MADM-based PDAC model to define molecular mechanisms (through ongoing transcriptomic, epigenomic, and metabolomic studies) that govern functional differences amongst these diverse alleles. Citation Format: Sherry S. Agabiti, Andy Tang, Timothy Nottoli, Mandar D. Muzumdar. Comparative functional analysis of TP53 alleles in pancreatic ductal adenocarcinoma in vivo [abstract]. In: Proceedings of the AACR Special Conference in Cancer Research: Advances in Pancreatic Cancer Research; 2024 Sep 15-18; Boston, MA. Philadelphia (PA): AACR; Cancer Res 2024;84(17 Suppl_2):Abstract nr B084.",2024,2024-09-15,JournalArticle,,https://www.semanticscholar.org/paper/5af7927e789a70f6bfce953e5a8d4a5c18915bb8,False,0,,True,False,True,False
doi:10.1161/circulationaha.123.062847,doi:10.1161/circulationaha.123.062847,semantic_scholar,semantic_scholar,bed791a27023d9c129dbdb8203251c0682139676,10.1161/circulationaha.123.062847,37603604,10449361,Selection and Interpretation of Molecular Diagnostics in Heart Transplantation,"The number of heart transplants performed annually in the United States and worldwide continues to increase, but there has been little change in graft longevity and patient survival over the past 2 decades. The reference standard for diagnosis of acute cellular and antibody-mediated rejection includes histologic and immunofluorescence evaluation of endomyocardial biopsy samples, despite invasiveness and high interrater variability for grading histologic rejection. Circulating biomarkers and molecular diagnostics have shown substantial predictive value in rejection monitoring, and emerging data support their use in diagnosing other posttransplant complications. The use of genomic (cell-free DNA), transcriptomic (mRNA and microRNA profiling), and proteomic (protein expression quantitation) methodologies in diagnosis of these posttransplant outcomes has been evaluated with varying levels of evidence. In parallel, growing knowledge about the genetically mediated immune response leading to rejection (immunogenetics) has enhanced understanding of antibody-mediated rejection, associated graft dysfunction, and death. Antibodies to donor human leukocyte antigens and the technology available to evaluate these antibodies continues to evolve. This review aims to provide an overview of biomarker and immunologic tests used to diagnose posttransplant complications. This includes a discussion of pediatric heart transplantation and the disparate rates of rejection and death experienced by Black patients receiving a heart transplant. This review describes diagnostic modalities that are available and used after transplant and the landscape of future investigations needed to enhance patient outcomes after heart transplantation.",2023,2023-08-21,Review; JournalArticle,,https://www.semanticscholar.org/paper/bed791a27023d9c129dbdb8203251c0682139676,False,0,,True,True,True,True
doi:10.1182/blood-2018-99-116631,doi:10.1182/blood-2018-99-116631,semantic_scholar,semantic_scholar,61b9b685f210d334cedd803db8b86d20d7a1b80f,10.1182/blood-2018-99-116631,,,Subtractive Interaction Proteomics Reveal a Network of Signaling Pathways Activated By an Oncogenic Transcription Factor in High Risk AML,"Acute myeloid leukemias (AML) are characterized by recurrent genomic alterations, often in transcriptional regulators, which form the basis on which current prognostication and therapeutic intervention is overlaid. Three subtypes of AML carrying specific translocations, namely t(15;17), t(11;17) and t(6;9), are notable for being associated with a smaller number of co-existing driver mutations than e.g. AML with normal karyotype. This strongly suggests that the function of their aberrant gene products, PML/RAR and DEK/CAN, respectively, may subsume the functions of other driver mutations. Thus we hypothesized that these functions, while as yet elusive, not necessarily require sequential acquisition of secondary genomic alterations. We elected to study AML with the t(6;9), defined as a distinct entity by the WHO classification, because of its particular biological and high risk clinical features and unmet clinical needs. Most t(6;9)-AML patients are young, with a median age of 23-40 years, complete remission rates do not exceed 50% and median survival after diagnosis is only about 1 year. We used a novel ""subtractive interaction proteomics"" (SIP) approach to understand the mechanisms by which the t(6;9)-DEK/CAN nuclear oncogene induces this highly resistant leukemic phenotype. Based on Tandem Affinity Precipitation (TAP) for the enrichment of proteins complexes associated with SILAC-technology followed by LC-MS/MS we developed SIP as a comparison between the interactome of an oncogene and those of its functionally inactive mutants in order to obtain eventually only relevant interaction partners (exclusive binders) in the same genetic background. This is achieved by the subtraction of binders that are common to four functionally inactive mutants classifying them as not relevant. Bioinformatic network analysis of the 9 exclusive binders of DEK/CAN revealed by SIP (RAB1A, RAB6A, S100A7, PCBD1, Clusterin, RPS14 and 19, IDH3A, SerpinB3) using BioGrid, IntAct and String together with Ingenuity© Pathway Analysis (IPA), indicated a functional relationship with ABL1-, AKT/mTOR-, MYC- and SRC family kinases-dependent signaling. Interestingly, we found all these signaling pathways strongly activated in an autonomous manner in four DEK/CAN-positive leukemia models, DEK/CAN expressing U937 cells, t(6;9)-positive FKH-1 cells, primary syngeneic murine DEK/CAN-driven leukemias, and t(6;9)-positive patient samples. Bioinformatic analysis of the phopshoproteomic profile of FKH1 cells upon molecular targeting of single pathways (imatinib for ABL1, PP2 for SFKs, dasatinib for ABL1/SFK and Torin1 or NVP-BEZ-235 for mTOR/AKT) revealed that these signaling pathways were organized in clusters creating a network with nodes that are credible candidates for combinatorial therapeutic interventions. On the other hand inhibition of individual outputs had the potential to activate interconnected pathways in a detrimental manner with consequential clinical impact e.g. the activation of STAT5 by the inhibition of mTOR/AKT in these cells. Treatment of mice injected with primary syngeneic DEK/CAN-induced leukemic cells with dasatinib (10mg/kg) and NVP-BEZ-235 (45mg/kg) alone and in combination for 14 days led to a strong reduction of leukemia burden in all cohorts (each cohort n=7). In fact, as compared to untreated controls (146.6 +/- 36mg), mice treated with NVP-BEZ 235 alone and in combination (61.7 +/-4.7mg and 65.3+/- 4.6mg, respectively) showed a statistically significant reduction of spleen size whereas those treated with dasatinib alone (77.5 8 +/- 5.4mg) did not reach statistical significance. Taken together the here presented results reveal specific interdependencies between a nuclear oncogene and kinase driven cancer signaling pathways providing a foundation for the design of therapeutic strategies to better address the complexity of cancer signaling. In addition, it provides evidence for the need of a more in depth analysis of indirect effects of molecular targeting strategies in a preclinical setting not only in AML but in all cancer types. Ottmann: Novartis: Consultancy; Pfizer: Consultancy; Fusion Pharma: Consultancy, Research Funding; Amgen: Consultancy; Celgene: Consultancy, Research Funding; Takeda: Consultancy; Incyte: Consultancy, Research Funding.",2018,2018-11-29,,,https://www.semanticscholar.org/paper/61b9b685f210d334cedd803db8b86d20d7a1b80f,False,0,,True,False,True,False
doi:10.1182/blood-2025-3432,doi:10.1182/blood-2025-3432,semantic_scholar,semantic_scholar,da9bdcb7058127e41ac50abdf61db008031afa6f,10.1182/blood-2025-3432,,,"Phase 1b safety run-in study followed by Phase 2 study of ficlatuzumab, azacitidine and venetoclax in untreated Acute Myeloid Leukemia patients aged ≥ 60 years old","Hepatocyte growth factor (HGF) is an autocrine produced cytokine that has been identified to be released by acute myeloid leukemia (AML) cells, promoting leukemia expansion and survival through multiple signaling pathways. Higher HGF levels in AML and activation of the MET signaling pathway has been associated with shortened overall survival but fortunately this pathway does not appear to be required for normal hematopoiesis, suggesting that it's an ideal target for inhibition. Ficlatuzumab is a first-in-class anti-hepatocyte growth factor (HGF) antibody that has been previously tested in numerous clinical trials. In a primary induction refractory AML population, ficlatuzumab in combination with high dose cytarabine had a complete response of 53% with minimal toxicities (NCT02109627). Notably, there is minimal or no evidence of ficlatuzumab-related myelosuppression making it an ideal candidate for combination with venetoclax (ven) and azacitidine (aza). Ven/aza has been a practice changing regimen for AML patients who are not candidates for intensive induction therapy. However, this treatment is still not curative and long-term outcomes are poor. We designed a phase 1b/2 study evaluating ficlatuzumab in combination with ven/aza in newly diagnosed older AML patients is as part of Blood Cancer United's Beat AML Master Trial. This is a US-based, multicenter, sub-study of the Beat AML Master Trial (NCT03013998) in which newly diagnosed AML patients age ≥ 60 years are assigned to an investigational therapy based on cytogenetic and central genomics. Patients eligible for this sub-study will not be candidates for intensive induction therapy and will have any genetics, ECOG status ≤ 2, and adequate organ function. The study is designed as a phase 1b safety lead-in followed by a phase 2 with two randomized dose levels. The primary objective of phase 1b is to determine the feasibility of giving ficlatuzumab in combination with ven/aza. The primary objective of phase 2 is to determine the complete remission (CR) rate and composite CR rate at the dose identified in phase 1b and a lower dose. Secondary objectives in both phases will evaluate safety, tolerability, survival, duration of remission, pharmacokinetics, and immunogenicity. A comparison of remission rates to a genetically matched control population receiving ven/aza alone will also be performed. The phase 1b portion of the study utilizes a Bayesian optimal interval design with a target toxicity rate of 25% to identify a safe dose of ficlatuzumab. The pre-specified sample size is 12 patients and will include two dose levels of ficlatuzumab (DL1: 20 mg/kg; DL-1: 15 mg/kg) in combination with ven (400 mg/day, dose adjusted based on antifungals) and aza (75 mg/kg). During induction cycles, ficlatuzumab is dosed 2 days per cycle (days 1 & 15), ven for 28 days, and aza for 7 days. Patients who achieve a marrow remission after up to two induction cycles proceed to continuation therapy cycles. Dose-limiting toxicities will be assessed during induction cycle 1. During continuation therapy cycles, ficlatuzumab will be administered 2 days per cycle (days 1 & 15), ven for 14 days, and aza for 7 days. There must be recovery of neutrophils ≥ 500/uL and platelets ≥ 50,000/uL to proceed to any continuation phase cycle. Patients may continue treatment for up to 24 cycles or until relapse. Upon completion of Phase 1b, a phase 2 study will be conducted utilizing a Simon's two-stage design. The null hypothesis that the CR rate is 35%, based on VIALE-A, will be tested against an alternative hypothesis of 55%. The first stage will require 6 of 14 patients achieving CR in order to proceed to the second stage. At the end of the second stage, the primary endpoint would be met if 21 of 44 total patients achieve CR. The phase 2 design will be applied separately to the two arms of the study evaluating the 2 doses of ficlatuzumab: (1) dose identified in phase 1b (15 or 20 mg/kg) and (2) a lower dose of 10 mg/kg. The phase 2 study will be conducted in the same manner as the phase 1b study. Exploratory objectives will assess pharmacodynamic markers of ficlatuzumab (HGF and others) and their correlation with response and toxicities. Potential additional studies will explore biomarkers of response and resistance to ficlatuzumab using multiomic platforms. The study will begin enrollment in fall 2025 at all Beat AML research sites.",2025,2025-11-03,JournalArticle,,https://www.semanticscholar.org/paper/da9bdcb7058127e41ac50abdf61db008031afa6f,False,0,,True,False,False,False
doi:10.1186/s12888-015-0512-z,doi:10.1186/s12888-015-0512-z,semantic_scholar,semantic_scholar,ea1bff7a390e79ee7428e65a5fe8497355532669,10.1186/s12888-015-0512-z,26058452,4460761,Analyzing pathways from childhood maltreatment to internalizing symptoms and disorders in children and adolescents (AMIS): a study protocol,"BackgroundEffective interventions for maltreated children are impeded by gaps in our knowledge of the etiopathogenic mechanisms leading from maltreatment to mental disorders. Although some studies have already identified individual risk factors, there is a lack of large-scale multilevel research on how psychosocial, neurobiological, and genetic factors act in concert to modulate risk of internalizing psychopathology in childhood following maltreatment. To help close this gap, we aim to delineate gender-specific pathways from maltreatment to psychological disorder/resilience. To this end, we examine the interplay of specific maltreatment characteristics and psychological, endocrine, metabolomic, and (epi-)genomic stress response patterns as well as cognitive-emotional/social processes as determinants of developmental outcome. Specifically, we will explore endocrine, metabolomic, and epigenetic mechanisms leading from maltreatment to a higher risk of depression and anxiety disorders.Methods/designFour large samples amounting to a total of N = 920 children aged 4–16 years will be assessed: Two cohorts with prior internalizing psychopathology and controls will be checked for maltreatment and two cohorts with substantiated maltreatment will be checked for internalizing (and externalizing) psychopathology. We will apply a multi-source (interview, questionnaires, official records), multi-informant strategy (parents, children, teachers) to assess maltreatment characteristics (e.g., subtypes, developmental timing, chronicity) and psychopathological symptoms, supplemented with multiple measurements of risk and protective factors and cutting-edge laboratory analyses of endocrine, steroid metabolomic and epigenetic factors. As previous assessments in the two largest samples are already available, longitudinal data will be generated within the three year study period.DiscussionOur results will lay the empirical foundation for (a) detection of early biopsychosocial markers, (b) development of screening measures, and (c) multisystem-oriented interventions in the wake of maltreatment.",2015,2015-06-10,JournalArticle,,https://www.semanticscholar.org/paper/ea1bff7a390e79ee7428e65a5fe8497355532669,False,0,,True,False,True,False
doi:10.1186/s13046-023-02855-2,doi:10.1186/s13046-023-02855-2,pubmed,pubmed,38008711,10.1186/s13046-023-02855-2,38008711,PMC10680220,EZH2-H3K27me3-mediated silencing of mir-139-5p inhibits cellular senescence in hepatocellular carcinoma by activating TOP2A.,"Epigenetic alterations play an important role in hepatocellular carcinoma (HCC) development. Enhancer of zeste homolog 2 (EZH2) is a well-known epigenetic modifier that functions as an oncogene in tumors by promoting the H3K27me3-mediated transcriptional repression of tumor suppressor genes. ""Senescent cells"" has been proposed as a possible core component of the hallmarks of cancer conceptualization. Induction of cell senescence and targeted elimination of these senescent tumor cells are new strategies for tumor therapy. However, the role of EZH2 in regulating cellular senescence remains poorly understood. Bioinformatics analyses suggested that EZH2 and DNA topoisomerase II alpha (TOP2A) are coexpressed in tumors, including HCC. Kyoto Encyclopedia of Genes and Genome (KEGG) pathway enrichment analyses and gene set enrichment analyses (GSEA) suggests a correlation of EZH2 and TOP2A expression with cellular senescence in HCC. MicroRNA (miRNA) inhibitor and mimics, siRNA, PLKO-shRNA, and plenti6.3-miR-139 were used to upregulate or downregulate the expression of target genes. CCK8, EdU, clone formation, and senescence-associated β-galactosidase (SA-β-gal) staining assays were performed to assess cell proliferation and cellular senescence phenotypes. Dual-luciferase reporter and chromatin immunoprecipitation assays were performed to investigate the targeted binding and inhibition of TOP2A 3' untranslated region (UTR) by miR-139-5p and the DNA enrichment of miR139-5p by EZH2 and H3K27me3. BALB/c nude mice were used to establish a xenograft tumor model and verify the phenotypes upon EZH2 and TOP2A silencing and miR-139 overexpression in vivo. In addition, tissue microarrays were used to analyze the expression patterns and correlations among EZH2, TOP2A, and miR-139-5p expression in HCC. Bioinformatics analysis revealed that EZH2 and TOP2A are coexpressed in HCC. In vitro gain- and loss-of-function experiments showed that inhibition of EZH2 and TOP2A induces cellular senescence and inhibits proliferation of HCC cells. In vivo tumorigenesis assays indicated that EZH2 and TOP2A knockdown inhibits tumorigenesis by inducing cellular senescence. Mechanistically, EZH2 promotes TOP2A expression by regulating the H3K27me3-mediated epigenetic silencing of miR-139-5p. TOP2A is a direct target of miR-139-5p, and inhibition of miR-139-5p can reverse the promotion by EZH2 of TOP2A expression. The overexpression of miR-139-5p induces cellular senescence and inhibits proliferation of HCC cells both in vitro and in vivo. Clinically, expression of EZH2 and TOP2A are higher in HCC tissues than in normal tissues, and this high coexpression indicates a worse outcome of patients with HCC. Moreover, expression of EZH2 and TOP2A is significantly correlated with tumor differentiation grade, tumor invasion, and TNM stage in HCC. miR-139-5p expression is lower in HCC tumors than in normal tissues and is correlated with better prognosis of HCC patients. Our study revealed the role of the EZH2/miR-139-5p/TOP2A axis in regulating cellular senescence and cell proliferation in HCC, enriching the molecular mechanisms of EZH2-mediated epigenetic regulation in HCC. Therefore, our results provide insight into the therapeutic potential of targeting EZH2 to induce cellular senescence and then destroy senescent cells for HCC.",2023,2023-11-27,Journal Article,eng,https://pubmed.ncbi.nlm.nih.gov/38008711/,False,0,,True,True,True,True
doi:10.1186/s13578-026-01594-z,doi:10.1186/s13578-026-01594-z,europepmc,europepmc;pubmed;semantic_scholar,MED:42271436,10.1186/s13578-026-01594-z,42271436,,Multi-omic analysis reveals Wharton's jelly mesenchymal stem cells shift the pro-inflammatory phenotype of fibroblast subpopulation to induce skin rejuvenation.,"Background Skin aging is an increasingly serious clinical problem with limited treatment options. Wharton's jelly mesenchymal stem cells (WJMSCs) represent a promising regenerative strategy. However, their mechanisms of action remain to be fully elucidated through integrated multi-omics approaches. Methods We established D-galactose-induced aging models using human dermal fibroblasts (HDFs) and nude mice. The effects of WJMSC transplantation were evaluated through functional assays, histology, bulk RNA-seq, microarray, and single-cell transcriptomics. Key pathways and cellular subpopulations were further investigated via bioinformatic integration and experimental validation. Results In vitro, WJMSC conditioned medium restored cellular functions-enhancing proliferation, migration, and reducing ROS and SA-β-gal activity. Systemic administration of WJMSCs reversed skin thinning, increased collagen deposition, rebalanced collagen I/III ratios, and reduced cell senescence. Additionally, WJMSCs promoted M2 macrophage polarization, angiogenesis, and Lgr6 + stem cells activation. The combined analysis of bulk RNA-seq and cytokine microarrays suggested that the IL-17 signaling pathway might be one of the key pathways mediated by WJMSCs. Single-cell transcriptomics revealed that WJMSCs activated the synthesis of newly synthesized RNA. Fibroblasts have been identified as the central communication hub in the skin microenvironment, mediating extensive crosstalk among various cell types. Further analysis highlighted that pro-inflammatory fibroblasts and secretory reticular fibroblasts are key drivers of skin aging. It was also found that WJMSCs downregulated the circadian rhythm-associated gene Dbp, which is specifically abundant in pro-inflammatory fibroblasts. Conclusions Herein, we have provided comprehensive multi-omics evidence demonstrating that WJMSCs counteract skin aging through functional restoration, immunomodulation, and by altering the gene expression profiles of fibroblast subpopulations. These data have revealed potential therapeutic targets influenced by WJMSCs for remodeling fibroblast subpopulations in skin aging, and have provided new insights for precise cell-based interventions.",2026,2026-06-10,Journal Article,eng,https://europepmc.org/article/MED/42271436,False,2,,True,True,True,True
doi:10.1210/jendso/bvad114.956,doi:10.1210/jendso/bvad114.956,semantic_scholar,semantic_scholar,0f795cef28449317c777f7a1c1e0442b0e08fa90,10.1210/jendso/bvad114.956,,10554747,SAT090 Serum Ketone Levels Are Disproportionate To Beta-Oxidation In Insulin Receptor Mutation Compared Vs Lipodystrophy Patients,"Abstract Disclosure: R. Klein: None. S.T. Chung: None. R.J. Brown: None. Introduction: Ketogenic substrates mainly derive from fatty acid (FA) metabolism via hepatic β-oxidation (βOx). βOx catabolizes FAs to acetyl-CoA, which can make ATP via the TCA cycle or ketones. Ketones are cleared peripherally by monocarboxylate transporters (MCT). Insulin is a major regulator of FA metabolism and ketogenesis. Insulin resistance (IR) is classified as receptor mediated, in which all downstream signaling is blocked (mutations of the insulin receptor, INSR), or post receptor IR where some downstream signaling pathways are decreased and others are increased (i.e. obesity and lipodystrophy, LD). Prior data showed high FA flux in INSR and LD; however, only patients with LD develop hepatosteatosis. We hypothesized that FAs in INSR are selectively directed toward βOx, and not re-esterified to triglyceride, to explain absence of hepatosteatosis. Here we assess pathways leading to βOx and ketogenesis between the two groups. Background: This was a cross-sectional study of subjects with INSR (N=30) and LD (N=30) matched for age, sex, HbA1c and pubertal stage. Untargeted lipidomic and proteomic analysis was completed on serum after an 8-12 hour fast. Analyses were conducted by t-test and Mann-Whitney. P<0.05 was considered significant without adjustment for multiplicity in this hypothesis generating study. Results: Insulin was 400% higher in INSR vs LD; glucose was comparable. 36 acyl-carnitines were measured. In general, acyl-carnitines were comparable with 3% higher in INSR and 28% higher in LD. Ketoacids leucine and lysine were 126% and 114% higher in LD vs INSR. Analysis of glycolytic intermediates showed no difference in pyruvate levels, but an 9% higher hexokinase-1 (a rate limiting glycolytic enzyme) in LD. Of 10 TCA cycle intermediates, 20% were elevated in LD vs INSR, the remaining 80% were similar. Despite evidence of comparable to higher βOx intermediates in LD, the ketones acetoacetate and 3-hydroxybutyrate were 600% and 740% higher in INSR vs LD. Both monocarboxylate transporters measured, sodium-coupled MCT-1 (SCMCT-1) and MCT-4, were higher in LD vs INSR (by 34% and 1%). Conclusions: Formation of acyl-carnitines from FA is the first step in hepatic βOx, and acylcarnitine levels are typically proportional to ketones. We observed higher ketones in INSR vs LD despite evidence of comparable βOx, including acyl-carnitines and glycolytic and TCA intermediates. This suggests that elevated ketones in INSR may be due to lower clearance via monocarboxylate transporters rather than increased formation via βOx. Concentration of MCT-1, the primary transporter of ketones into muscle, was not available. However, MCT-4 and SCMCT-1 which reside in the brain and kidneys, respectively, were lower in INSR, perhaps leading to decreased ketone utilization. We hypothesize that MCTs may be negatively regulated by insulin, via a mechanism not mediated by the insulin receptor. Presentation: Saturday, June 17, 2023",2023,2023-10-01,JournalArticle,,https://www.semanticscholar.org/paper/0f795cef28449317c777f7a1c1e0442b0e08fa90,False,0,,True,False,True,False
doi:10.1371/journal.pone.0325050,doi:10.1371/journal.pone.0325050,semantic_scholar,semantic_scholar,6e2cea37421072691fe7d2ed854ac4b956e31527,10.1371/journal.pone.0325050,40455746,12129192,AD-GCN: A novel graph convolutional network integrating multi-omics data for enhanced Alzheimer’s disease diagnosis,"Alzheimer’s disease (AD) etiology is complex, influenced by demographic risk factors such as age, sex, and educational level, alongside multi-omics factors derived from genomics, transcriptomics, and epigenomics. Advancements in multi-omics technology present both challenges and opportunities for AD diagnosis, enabling a more comprehensive understanding of the complex interactions among contributing factors, with the goal of improving diagnostic accuracy. To address this challenge, we propose a novel feature fusion approach in this study, AD-GCN, which integrates multi-omics data and their interaction networks to achieve more precise diagnosis and analysis of AD. In this study, we applied polygenic risk score and random forest algorithms for feature selection on genetic variation and methylation data. We then developed an AD-GCN for both multi-omics and single-omics classification tasks and compared its performance with that of machine learning ensemble methods. The experimental results demonstrated that multi-omics classification significantly outperformed single-omics classification, with AD-GCN surpassing the machine-learning ensembles. These findings highlight AD-GCN’s strong potential to enhance AD diagnosis and improve accuracy in differentiating disease stages by integrating interactions across omics data, laying a solid foundation for the development of more precise and personalized AD diagnostic models.",2025,2025-06-02,JournalArticle,,https://www.semanticscholar.org/paper/6e2cea37421072691fe7d2ed854ac4b956e31527,False,0,,True,False,False,False
doi:10.18233/apm39no3pp265-2771611,doi:10.18233/apm39no3pp265-2771611,semantic_scholar,scopus;semantic_scholar,f2c9327b7623f05454491e39eb3cc7960f1546ab,10.18233/apm39no3pp265-2771611,,,"La influencia del exposoma en los primeros 1,000 días de vida y la salud gastrointestinal","Actualmente, solo una pequena proporcion de enfermedades cronicas son explicadas por factores geneticos. Aunque el conocimiento acerca de la exposicion ambiental es importante para determinar el origen de algunas enfermedades cronicas, este aun es impreciso. La investigacion en humanos en este tema se ha centrado, principalmente, en los efectos de una determinada exposicion acerca de la salud. El concepto de ""exposoma"" abarca la totalidad de las exposiciones desde la concepcion en adelante, complementando al genoma. La infancia temprana es una etapa de la vida particularmente vulnerable a la exposicion ambiental. El exposoma gastrointestinal representa el conjunto de compuestos xenobioticos que afectan la funcion digestiva del huesped. Por lo tanto, una mejor comprension de la interaccion entre el microbioma y el exposoma gastrointestinal proporcionaria nuevas perspectivas de intervencion clinica, a traves de la regulacion de los sistemas inmunologico, metabolico o neuroendocrino asociados con el intestino. Esta revision de la bibliografia se enfoca en lo que representa el exposoma, su constructo teorico, importancia, caracteristicas y la influencia de este en los primeros mil dias de vida y la salud gastrointestinal. Se revisaron 70 referencias bibliograficas, sobre todo articulos publicados en revistas academicas en relacion con este tema a partir del ano 2000 hasta la actualidad. PALABRAS CLAVE: exposoma, primeros dias de vida, exposoma gastrointestinal, microbiota, inmunidad gastrointestinal e inflamacion, xenobiotico. Abstract It is world widely accepted that a relatively small proportion of chronic disease can be explained by genetic factors alone. Although information about environmental exposure is important to comprehensively evaluate chronic diseases, this information is not sufficiently or accurately assessed by comparison with genomic factors. Human research on this topic has generally focused on single exposure health effect relationships. The “exposome” concept encompasses the totality of exposures from conception onward, complementing the genome. Developmental periods in early life may be particularly vulnerable to impacts of environmental exposures. The gastrointestinal exposome represents the integration of all xenobiotic components affecting the host health, disease progression and ultimately clinical outcomes during the lifespan. Therefore, a better understanding the interaction between microbiome and the gastrointestinal exposome would provide new insights into the clinical intervention, through regulation of the gut-associated immunological, metabolic, or neuroendocrine system. This review of the literature focuses on exposome, its theoretical construct, importance, characteristics and influence in the first 1000 days old and gastrointestinal health. It was revised 70 bibliography references, especially articles published in academic journals, related to this subject from the year 2000 to present. KEYWORDS: Exposome; Early-life; Gastrointestinal exposome; Microbiota; Gastrointestinal immunity and inflammation; Xenobiotic",2018,2018-05-25,Review,,https://www.semanticscholar.org/paper/f2c9327b7623f05454491e39eb3cc7960f1546ab,False,1,,True,True,True,True
doi:10.21203/rs.3.rs-2114482/v1,doi:10.21203/rs.3.rs-2114482/v1,openalex,europepmc;openalex,https://openalex.org/W4302014119,10.21203/rs.3.rs-2114482/v1,,,Mendelian randomization analyses reveal causal relationships between the human microbiome and longevity,"Abstract Although recent studies have revealed the association between the human microbiome especially gut microbiota and longevity, their causality remains unclear. Here, we assess the causal relationships between the human microbiome (oral and gut microbiota) and longevity, by leveraging bidirectional two-sample Mendelian randomization (MR) analyses based on genome-wide association studies (GWAS) summary statistics of the gut and oral microbiome from the 4D-SZ cohort and longevity from the CLHLS cohort. We found that some disease-protected gut microbiota such as Coriobacteriaceae and Oxalobacter as well as the probiotic Lactobacillus amylovorus causally related to increased odds of longevity, whereas the other gut microbiota such as colorectal cancer pathogen Fusobacterium nucleatum, Coprococcus , Streptococcus , Lactobacillus and Neisseria negatively associated with longevity. The reverse MR analysis further revealed genetically longevous individuals tended to have higher abundances of Prevotella and Paraprevotella but lower abundances of Bacteroides and Fusobacterium species. Causalities between the gut microbiota and longevity showed a big heterogeneity among populations. We also identified abundant causalities between the oral microbiome and longevity. The additional analysis suggested that centenarians genetically had a lower gut microbial diversity, but no difference in oral microbiota. Our findings help separate causal roles of the human microbiome in longevity from secondary changes associated with aging and underscore the relocation of commensal microbes among different body sites that would need to be monitored for a long and healthy life.",2022,2022-10-05,preprint,en,https://openalex.org/W4302014119,True,1,genomics_plus_other,True,True,True,True
doi:10.2174/0118715303448084251113101628,doi:10.2174/0118715303448084251113101628,semantic_scholar,semantic_scholar,03275b5095cac10e66070ec008f12cbc7a1a3912,10.2174/0118715303448084251113101628,41327624,,Integrative Multi-Omics Deciphering of Gu Shu Kang Granules: A Comprehensive Systems Biology Approach to Unraveling Molecular Mechanisms in Sarcopenia-Osteoporosis Intervention.,"INTRODUCTION Sarcopenia is a degenerative musculoskeletal disease affecting the elderly, significantly impairing patients' quality of life and challenging modern medicine. This study innovatively combines Traditional Chinese Medicine (TCM) theories with modern medical research to explore the mechanisms by which Gushukang granules address sarcopenia. METHODS The research integrated multi-dimensional research methods, including network pharmacology, metabolomics, and animal experiments, to comprehensively investigate the scientific mechanisms of Gushukang granules' intervention in sarcopenia. RESULTS Network pharmacology analysis identified multiple potential targets related to muscle growth and repair. UPLC-Q-TOF MS technology tracked metabolic pathways, while animal experiments verified that Gushukang granules precisely regulate muscle metabolic balance by modulating key signaling pathways involved in protein synthesis and degradation. DISCUSSION The findings demonstrate the potential of integrating traditional and modern medical approaches in addressing age-related muscle degradation, providing scientific validation for TCM treatment of sarcopenia. CONCLUSION This study establishes a model for modernizing TCM research, offering solid scientific evidence for comprehensive intervention of chronic diseases in the elderly and highlighting the TCM concept of ""preventing disease before its onset"" in modern medical translation.",2025,2025-11-26,JournalArticle,,https://www.semanticscholar.org/paper/03275b5095cac10e66070ec008f12cbc7a1a3912,False,0,,True,False,True,False
doi:10.32604/or.2025.060021,doi:10.32604/or.2025.060021,openalex,europepmc;openalex;pubmed;scopus,https://openalex.org/W4409082394,10.32604/or.2025.060021,,,Correlation of senescence-related gene FEN1 on neuroblastoma progression and cisplatin chemotherapy sensitivity,"Objective: Neuroblastoma (NB) is frequently associated with high-risk pediatric cases that demonstrate limited response to cisplatin, contributing to a poor prognosis. Recent studies have explored the role of tumor cell senescence in increasing sensitivity to this chemotherapy agent. This study aims to identify genes related to cell senescence in children diagnosed with NB, evaluate their influence on cisplatin sensitivity, and investigate potential strategies to enhance the efficacy of chemotherapy. Methods: Gene expression profiles and clinical data were obtained for 498 NB patients from the GEO database (GSE49710). The study focused on identifying genes that were differentially expressed between stage IV and other stages, particularly those linked to cell senescence and cisplatin resistance. To analyze the prognostic significance of these differentially expressed genes, we employed LASSO regression and multivariate Cox proportional hazards models. Transcriptomic and proteomic analyses of 15 NB specimens revealed a significant correlation between Flap endonuclease-1 (FEN1) expression levels and both cellular senescence and sensitivity to cisplatin. We quantified FEN1 expression and cisplatin IC50 values in four different NB cell lines. The influence of FEN1 knockdown and overexpression on NB cell proliferation, invasion, and migration was evaluated using cloning assays, transwell assays, and scratch assays. Furthermore, we utilized Western blotting to analyze senescence-associated proteins p21 and proliferating cell nuclear antigen (PCNA), thereby evaluating the role of FEN1 in cellular senescence. The impact of FEN1 on cisplatin sensitivity was investigated via the CCK-8 cell counting assay. Additionally, we investigated how FEN1 inhibitors might impact NB cell proliferation and enhance the therapeutic efficacy of cisplatin treatment. Results: FEN1 was found to be highly expressed in stage IV NB and showed a strong association with cisplatin sensitivity, establishing it as a critical molecular marker linked to poor patient prognosis. Notably, elevated FEN1 expression correlated with reduced sensitivity to cisplatin, as evidenced by higher IC50 values. In the SH-SY5Y cell line, FEN1 knockdown led to significant reductions in cell proliferation, invasion, and migration, along with an increase in β-galactosidase staining-indicative of senescence. This knockdown also resulted in elevated levels of the p21 protein and decreased expression of PCNA, concurrently lowering cisplatin IC50 values. Conversely, FEN1 overexpression in the SK-N-SH cell line resulted in enhanced cell proliferation, invasion, and migration. This overexpression was associated with reduced β-galactosidase staining, decreased levels of p21, and increased expression of PCNA, ultimately resulting in higher cisplatin IC50 values. Importantly, FEN1 inhibitors alone significantly impeded NB cell proliferation, and their combination with cisplatin further amplified this inhibitory effect compared to cisplatin treatment alone. Conclusions: Bioinformatics and sequencing analyses indicate that the senescence-related gene FEN1 is significantly associated with cisplatin sensitivity and adverse prognosis in pediatric NB. FEN1 plays a pivotal role in regulating NB cell proliferation, invasion, and migration, thereby facilitating cancer progression. Furthermore, it influences cisplatin sensitivity through its effects on cellular senescence. FEN1 inhibitors demonstrate potential both as monotherapies and in conjunction with cisplatin, suggesting that targeting FEN1 may be represent a valuable strategy for improving outcomes in high-risk NB patients.",2025,2025-01-01,article,en,https://openalex.org/W4409082394,False,3,transcriptomics_plus_downstream,True,True,True,True
doi:10.3389/fimmu.2024.1360687,doi:10.3389/fimmu.2024.1360687,europepmc,europepmc;openalex;pubmed;scopus,MED:38464521,10.3389/fimmu.2024.1360687,38464521,PMC10920339,Unraveling the mechanisms of NK cell dysfunction in aging and Alzheimer's disease: insights from GWAS and single-cell transcriptomics.,"Background Aging is an important factor in the development of Alzheimer's disease (AD). The senescent cells can be recognized and removed by NK cells. However, NK cell function is gradually inactivated with age. Therefore, this study used senescence as an entry point to investigate how NK cells affect AD. Methods The study validated the correlation between cognition and aging through a prospective cohort of the National Health and Nutrition Examination Survey database. A cellular trajectory analysis of the aging population was performed using single-cell nuclear transcriptome sequencing data from patients with AD and different ages. The genome-wide association study (GWAS) cohort of AD patients was used as the outcome event, and the expression quantitative trait locus was used as an instrumental variable. Causal associations between genes and AD were analyzed by bidirectional Mendelian randomization (MR) and co-localization. Finally, clinical cohorts were constructed to validate the expression of key genes. Results A correlation between cognition and aging was demonstrated using 2,171 older adults over 60 years of age. Gene regulation analysis revealed that most of the highly active transcription factors were concentrated in the NK cell subpopulation of AD. NK cell trajectories were constructed for different age populations. MR and co-localization analyses revealed that CHD6 may be one of the factors influencing AD. Conclusion We explored different levels of AD and aging from population cohorts, single-cell data, and GWAS cohorts and found that there may be some correlations of NK cells between aging and AD. It also provides some basis for potential causation.",2024,2024-02-23,"Research Support, Non-U.S. Gov't; research-article; Journal Article",eng,https://europepmc.org/article/MED/38464521,False,3,,True,True,True,True
doi:10.3389/fnins.2022.804261,doi:10.3389/fnins.2022.804261,semantic_scholar,semantic_scholar,e1b8df9293f4886ba56089f1092aea3fe8047d76,10.3389/fnins.2022.804261,35431771,9009246,Methylated Cytochrome P450 and the Solute Carrier Family of Genes Correlate With Perturbations in Bile Acid Metabolism in Parkinson’s Disease,"Parkinson’s disease (PD) is second most prevalent neurodegenerative disorder following Alzheimer’s disease. Parkinson’s disease is hypothesized to be caused by a multifaceted interplay between genetic and environmental factors. Herein, and for the first time, we describe the integration of metabolomics and epigenetics (genome-wide DNA methylation; epimetabolomics) to profile the frontal lobe from people who died from PD and compared them with age-, and sex-matched controls. We identified 48 metabolites to be at significantly different concentrations (FDR q < 0.05), 4,313 differentially methylated sites [5’-C-phosphate-G-3’ (CpGs)] (FDR q < 0.05) and increased DNA methylation age in the primary motor cortex of people who died from PD. We identified Primary bile acid biosynthesis as the major biochemical pathway to be perturbed in the frontal lobe of PD sufferers, and the metabolite taurine (p-value = 5.91E-06) as being positively correlated with CpG cg14286187 (SLC25A27; CYP39A1) (FDR q = 0.002), highlighting previously unreported biochemical changes associated with PD pathogenesis. In this novel multi-omics study, we identify regulatory mechanisms which we believe warrant future translational investigation and central biomarkers of PD which require further validation in more accessible biomatrices.",2022,2022-03-31,JournalArticle,,https://www.semanticscholar.org/paper/e1b8df9293f4886ba56089f1092aea3fe8047d76,False,0,,True,False,True,False
doi:10.3390/ani16142116,doi:10.3390/ani16142116,europepmc,europepmc;pubmed;scopus;semantic_scholar,MED:42510995,10.3390/ani16142116,42510995,,Multi-Omics Characterization of Peripheral Blood Molecular Profiles in Hypertensive Aging <i>Ailuropoda melanoleuca</i> with Levamlodipine Intervention: Exploratory Analysis of <i>ACE2</i> and Time-Resolved Transcriptomic Patterns.,"Hypertension threatens the health of aging captive giant pandas, yet its molecular signatures remain poorly characterized. Here, multi-omics sequencing was applied to explore the molecular regulatory process of hypertension and the pharmacodynamic effect of levamlodipine on this endangered species. Six aged giant pandas were divided into hypertensive and normotensive groups (three hypertensive and three normotensive pandas) based on clinical phenotypes and blood pressure measurements. A multi-omics approach was employed, including blood RNA-seq, Assay for Transposase-Accessible Chromatin with high-throughput sequencing (ATAC-seq), single-cell RNA-seq (scRNA-seq) of peripheral blood mononuclear cells, and time-series RNA-seq following levamlodipine administration. Our transcriptomic analysis revealed a statistically significant decline in ACE2 transcript abundance (Padj < 0.05), which suggests a possible shift in renin-angiotensin system signaling linked to hypertensive status in giant pandas. Single-cell analysis of 88,693 cells revealed that hypertension-associated genes were predominantly enriched in monocytes and T cells, implicating immune cell activation. Time-dependent transcriptional changes after levamlodipine administration. Temporal gene dynamics showed early activation of metabolic pathways followed by delayed inhibition of ion channels and calcium signaling. This study provides a transcriptional molecular perspective into the pathogenesis of hypertension in giant pandas, which is conducive to developing more effective antihypertensive treatment strategies, thereby protecting the health of this endangered species.",2026,2026-07-08,Journal Article,eng,https://europepmc.org/article/MED/42510995,False,4,,True,True,True,True
doi:10.3390/foods12203874,doi:10.3390/foods12203874,pubmed,europepmc;pubmed;scopus;semantic_scholar,37893767,10.3390/foods12203874,37893767,PMC10606210,Influence of Heat Treatment on Tea Polyphenols and Their Impact on Improving Heat Tolerance in Drosophila melanogaster .,"This study investigated the potential mechanism of action of tea polyphenols (TPs), one of the major active ingredients in tea, to enhance heat resistance in Drosophila and the attenuating effect of heat treatment of TPs on their efficacy. The results showed that TPs were able to prolong the average survival time of Drosophila under high-temperature stress ( p < 0.05), but the effect of TPs in prolonging the survival time of Drosophila melanogaster was significantly reduced ( p < 0.05) with increasing TP heat-treatment time until it disappeared. The composition of TPs changed after heat treatment. It was also shown that the weakening of the effect of TPs in improving the heat tolerance of Drosophila was related to the decrease in the content of catechins and phenolic acids in their fractions as well as with the increase in the content of laccase. Transcriptomic analysis showed that the effect of TPs on heat tolerance in Drosophila melanogaster was closely related to the longevity regulation pathway, the neuroactive ligand-receptor interaction signaling pathway, and the drug metabolism-cytochrome P450 pathway. Metabolomics analysis showed that the effect of TP intervention in improving the body's heat tolerance was mainly related to amino acid metabolism and energy metabolism. However, thermal processing weakened the relevance of these transcriptomes and metabolomes. The present study reveals the mechanism of action by which heat-treated TPs affect the body's heat tolerance, which is important for the development and utilization of the heat-protection function of tea.",2023,2023-10-23,Journal Article,eng,https://pubmed.ncbi.nlm.nih.gov/37893767/,False,3,,True,True,True,True
doi:10.3390/jmp7010004,doi:10.3390/jmp7010004,openalex,openalex;scopus;semantic_scholar,https://openalex.org/W7126267589,10.3390/jmp7010004,,,Can Molecular Pathology Drive Progress in Microbiome Understanding? Lessons from Spousal and Household Studies,"The human microbiome is often presented as “the next genetics,” with the expectation that microbial profiles will explain complex diseases and yield new therapies. Yet for most conditions, it remains unclear whether microbiome changes act as causal drivers or primarily mirror underlying host biology and pathology. In this narrative review, we argue that microbiome causality is frequently overstated relative to the roles of host genetics and the environment, and we explore the implications for molecular pathology. We outline a simple framework in which the microbiome can act as (i) a primary driver, (ii) a conditional mediator or effect modifier or (iii) an association biomarker that mainly reflects upstream processes. We then use marital and household studies as natural experiments to test whether chronic diseases track more strongly with a shared microbiome or with a shared lifestyle and host susceptibility. Across metabolic, inflammatory, neurodegenerative and ageing-related outcomes, spouses show only low to modest disease concordance, which is difficult to reconcile with a universally strong, transmissible microbiome causality. Adult microbiomes instead appear mostly host-constrained and context-dependent, acting more as destabilisers of homeostasis and amplifiers of allostatic load than as independent disease-causing factors. For molecular pathology, this suggests that microbiome features are often most informative as biomarkers integrated alongside host genomics, immune context and histopathology, rather than as standalone targets. Study designs and diagnostic workflows should therefore jointly model the host genome, environment, behaviour and microbiome within broader systems medicine frameworks.",2026,2026-01-30,article,en,https://openalex.org/W7126267589,False,2,genomics_plus_other,True,True,True,True
doi:10.34734/fzj-2025-04520,doi:10.34734/fzj-2025-04520,openalex,openalex,https://openalex.org/W7105878158,10.34734/fzj-2025-04520,,,Sulfite oxidase deficiency causes persulfidation loss and hydrogen sulfide release,"Sulfite oxidase (SOX) deficiency is a rare inborn error of cysteine metabolism resulting in severe neurological damage. In patients, sulfite accumulates to toxic levels, causing a rise in the downstream products S-sulfocysteine, which mediates excitotoxicity, and thiosulfate, a catabolic intermediate/product of hydrogen sulfide (H2S) metabolism. Here, we report a full-body knockout mouse model for SOX deficiency (SOXD) with a severely impaired phenotype. Among the urinary biomarkers, thiosulfate showed a 45-fold accumulation in SOXD mice, representing the major excreted S-metabolite. Consistently, we found increased plasma H2S, which was derived from sulfite-induced release from persulfides, as demonstrated in vitro and in vivo. Mass spectrometry analysis of total protein persulfidome identified a major loss of S-persulfidation in 20% of the proteome, affecting enzymes in amino acids, fatty acid metabolism, and cytosolic iron-sulfur cluster biogenesis. Urinary amino acid profiles indicated metabolic rewiring and mitochondrial dysfunction, thus identifying an altered H2S metabolism and persulfidation in SOXD. Finally, oxidized glutathione and glutathione trisulfide were able to scavenge sulfite in vitro and in vivo, extending the lifespan of SOXD mice and providing a mechanistic concept of sulfite scavenging for the treatment of this severe metabolic disorder of cysteine catabolism.",2025,2025-01-01,article,en,https://openalex.org/W7105878158,False,1,proteomics_plus_downstream,True,True,True,True
doi:10.4330/wjc.v18.i1.113579,doi:10.4330/wjc.v18.i1.113579,semantic_scholar,semantic_scholar,2b313370d3f69d82bd51e387ca0f75c0290bd410,10.4330/wjc.v18.i1.113579,41607615,12836003,Genetic insights into coronary heart disease in the Teochew population: Bridging gaps in precision medicine,"This editorial highlights the study by Xu et al on genetic polymorphisms linked to coronary heart disease (CHD) in the Teochew population. This study adjusted odds ratios for confounding factors including age, sex, hypertension, and diabetes. It identifies the apolipoprotein E ε2 allele and higher lipoprotein (a) kringle IV-2 (KIV-2) copy number as protective factors against CHD. The ε2 allele was found at a lower frequency in CHD patients (8.02%) compared to controls (13.29%), and each additional KIV-2 copy reduced CHD risk by approximately 5% (odds ratio = 0.949). Conversely, solute carrier organic anion transporter family member 1B1 polymorphisms showed no significant link to CHD. These findings underscore the importance of population-specific research, particularly for the Teochew population, where CHD is prevalent. They provide a foundation for precision risk stratification and targeted interventions, including lipoprotein (a)-lowering therapies for those with lower KIV-2 copy numbers. Despite limitations, the study emphasizes the need for further research incorporating multi-omics data and lifestyle factors to enhance personalized CHD prevention, moving away from ""one-size-fits-all"" approaches. This research is essential for leveraging genetic insights into global CHD prevention.",2026,2026-01-26,Editorial; JournalArticle,,https://www.semanticscholar.org/paper/2b313370d3f69d82bd51e387ca0f75c0290bd410,False,0,,True,False,True,False
doi:10.64898/2026.01.28.702390,doi:10.64898/2026.01.28.702390,openalex,openalex;pubmed,https://openalex.org/W7126029794,10.64898/2026.01.28.702390,,,YY1-Mediated Polycomb Group Function Safeguards Hematopoietic Stem Cells from Premature Aging,"Abstract Hematopoietic stem cells (HSCs) undergo functional decline with age, characterized by myeloid-biased differentiation, loss of quiescence, and altered metabolic homeostasis. The molecular mechanisms driving these changes remain incompletely understood. Yin Yang 1 (YY1) is a multifunctional transcription factor and mammalian Polycomb group (PcG) protein that recruits PcG complexes to specific genomic loci via its 26–amino acid REPO (Recruitment of Polycomb) domain. To define the role of YY1 PcG function in adult HSCs, we generated a conditional YY1 REPO domain knockout mouse model ( Yy1 −/ΔREPO ). Deletion of the REPO domain led to premature HSC aging, with expansion of immunophenotypic HSCs but loss of long-term self-renewal capacity. Yy1 −/ΔREPO HSCs exhibited myeloid-biased output, expansion of myeloid-primed multipotent progenitors, increased myeloid colony formation, and an elevated myeloid-to-lymphoid ratio in peripheral blood. These cells displayed reduced quiescence, elevated reactive oxygen species, increased mitochondrial oxidative capacity, and enhanced β-galactosidase activity—hallmarks of cellular aging. RNA-seq demonstrated dysregulation of gene networks governing HSC metabolism. Together, these findings establish YY1 PcG activity as a key epigenetic mechanism that preserves metabolic quiescence, sustains long-term self-renewal, and delays HSC aging. Our studies reveal a fundamental PcG-dependent epigenetic mechanism that dictate cell fate decisions and function decline during HSC aging.",2026,2026-01-29,preprint,en,https://openalex.org/W7126029794,True,1,genomics_plus_other,True,True,True,True
doi:10.7554/elife.37462,doi:10.7554/elife.37462,pubmed,pubmed;scopus,30142075,10.7554/elife.37462,30142075,PMC6156076,Epigenetic age-predictor for mice based on three CpG sites.,"Epigenetic clocks for mice were generated based on deep-sequencing analysis of the methylome. Here, we demonstrate that site-specific analysis of DNA methylation levels by pyrosequencing at only three CG dinucleotides (CpGs) in the genes Prima1 , Hsf4 , and Kcns1 facilitates precise estimation of chronological age in murine blood samples, too. DBA/2 mice revealed accelerated epigenetic aging as compared to C57BL6 mice, which is in line with their shorter life-expectancy. The three-CpG-predictor provides a simple and cost-effective biomarker to determine biological age in large intervention studies with mice.",2018,2018-08-24,"Journal Article; Research Support, N.I.H., Extramural; Research Support, Non-U.S. Gov't",eng,https://pubmed.ncbi.nlm.nih.gov/30142075/,False,1,,False,True,True,False
no-doi:ab40039dcedd02de79bee225,no-doi:ab40039dcedd02de79bee225,google_scholar,google_scholar,OM5JMCqAI0cJ,,,,Metabolic influences on ageing in Caenorhabditis elegans: A time series multi-omics and metabolic modelling study,"… Taken together, these results provide strong evidence for metabolic changes not being 
mere by-products of the ageing process, but closely associated with the causal processes …",2019,2019-01-01,,,https://www.repository.cam.ac.uk/items/a588a195-2747-4495-b4a5-cb3cda589388,False,0,,True,True,True,True
