source,source_record_id,title,abstract,year,publication_date,doi,pmid,pmcid,authors,venue,document_type,language,url,is_preprint,raw_page,local_multiomics_match,local_aging_match,local_causal_anchor_match,local_three_block_match
google_scholar,wu5fjdNTvnEJ,Multi-omic underpinnings of epigenetic aging and human longevity,"… , we use multi-omic methods to comparatively analyze EAA and a multivariate, longevity-… 
Next, we perform cis-instrument Mendelian randomization (MR) of the druggable genome 19 …",2023,2023-01-01,10.1038/s41467-023-37729-w,,,"LA Mavromatis, DB Rosoff, AS Bell, J Jung… - Nature …, 2023","LA Mavromatis, DB Rosoff, AS Bell, J Jung… - Nature …, 2023 - nature.com",,,https://www.nature.com/articles/s41467-023-37729-w,False,google_scholar/page_0001.json.gz,True,True,True,True
google_scholar,3eXGTuUVZ6sJ,"Refining the generation, interpretation and application of multi-organ, multi-omics biological aging clocks","… Phenome-wide BAGs (PhenoBAGs) and ProtBAGs represent two essential aspects of human 
aging and disease causal pathways, connecting genetics→transcriptomics→proteomics (…",2025,2025-01-01,10.1038/s43587-025-00928-9,,,"J Wen - Nature Aging, 2025","J Wen - Nature Aging, 2025 - nature.com",,,https://www.nature.com/articles/s43587-025-00928-9,False,google_scholar/page_0001.json.gz,True,True,True,True
google_scholar,gtfaGJWedm0J,Causal relationship between gut microbiota and ageing: A multi-omics Mendelian randomization study,"… This study aimed to use bidirectional two-sample Mendelian randomization (TSMR) … seven 
aging phenotypes revealed 44 causal relationships between the gut microbiota and aging. …",2025,2025-01-01,,,,"G Zhang, Y Lu, Z Wang, R Ma, H Jin, J Zhang… - Archives of Gerontology …, 2025","G Zhang, Y Lu, Z Wang, R Ma, H Jin, J Zhang… - Archives of Gerontology …, 2025 - Elsevier",,,https://www.sciencedirect.com/science/article/pii/S0167494325000238,False,google_scholar/page_0001.json.gz,True,True,True,True
google_scholar,bZPr4_OYMncJ,Multi-omics interpretation of anti-aging mechanisms for ω-3 fatty acids,"… underlying anti-aging mechanisms of ω-3 … multi-omics data, we performed methylation 
analysis, transcriptome analysis and Mendelian randomization analysis to interpret the anti-aging …",2021,2021-01-01,,,,"SH Xie, H Li, JJ Jiang, Y Quan, HY Zhang - Genes, 2021","SH Xie, H Li, JJ Jiang, Y Quan, HY Zhang - Genes, 2021 - mdpi.com",,,https://www.mdpi.com/2073-4425/12/11/1691,False,google_scholar/page_0001.json.gz,True,True,True,True
google_scholar,hkvf-zBK9JcJ,Multi-omic underpinnings of heterogeneous aging across multiple organ systems,"… Using the SMR and HEIDI analytical framework, we systematically revealed causal interaction 
networks among DNAm sites, gene expression, and protein levels, all of which showed …",2025,2025-01-01,,,,"J Xiong, X Zhu, Y Guo, H Tang, C Dong, B Wang, M Liu… - Cell Genomics, 2025","J Xiong, X Zhu, Y Guo, H Tang, C Dong, B Wang, M Liu… - Cell Genomics, 2025 - cell.com",,,https://www.cell.com/cell-genomics/fulltext/S2666-979X(25)00288-5,False,google_scholar/page_0001.json.gz,True,True,True,True
google_scholar,kUN7ZPz-9DwJ,The emerging role of multiomics in aging research,"… , clarifying how developmental epigenetic insults manifest as age-related disease decades 
later – and how early intervention can delay or even reset biological aging trajectories. …",2025,2025-01-01,10.1080/17501911.2025.2533111,,,"DM Ruden - Epigenomics, 2025","DM Ruden - Epigenomics, 2025 - Taylor & Francis",,,https://www.tandfonline.com/doi/abs/10.1080/17501911.2025.2533111,False,google_scholar/page_0001.json.gz,True,True,True,True
google_scholar,WU8jcyLa8jIJ,"Genetic and epigenetic underpinnings of biological aging: a multi-omics study integrating Mendelian randomization, spatial transcriptomics, and drug target …","… This study provides multi-omics convergent causal evidence for inflammation-driven epigenetic 
aging … To prioritize putative causal genes underlying the genetic associations with aging …",2026,2026-01-01,10.1186/s13148-026-02184-z_reference.pdf,,,"C Zhang, J Zhang - Clinical Epigenetics, 2026","C Zhang, J Zhang - Clinical Epigenetics, 2026 - Springer",,,https://link.springer.com/content/pdf/10.1186/s13148-026-02184-z_reference.pdf,False,google_scholar/page_0001.json.gz,True,True,True,True
google_scholar,OWFZMHgyI9AJ,Multiomics of aging and aging-related diseases,"… Aging, ie, the progressive and irreversible decline in the function of multiple cells and 
tissues… of several diseases through the lens of multiomics: from genome instability and somatic …",2024,2024-01-01,,,,"OI Kiseleva, VA Arzumanian, YA Ikhalaynen… - International Journal of …, 2024","OI Kiseleva, VA Arzumanian, YA Ikhalaynen… - International Journal of …, 2024 - mdpi.com",,,https://www.mdpi.com/1422-0067/25/24/13671,False,google_scholar/page_0001.json.gz,True,True,False,False
google_scholar,skOOvxC7jW0J,Urate-Related Genetic Risk Modulates the Anti-Aging Effects of Exogenous Nucleotides: Multi-Omics Evidence From Older Adults.,"… in aging surveillance and intervention research, providing quantitative measures for assessing 
the anti- aging … DNAmAge and LTL holds great potential for delaying biological aging. …",2026,2026-01-01,,,,"R Fu, S Wang, Y Wu, X Qin, T Huang, Y Li, M Xu - Aging Cell, 2026","R Fu, S Wang, Y Wu, X Qin, T Huang, Y Li, M Xu - Aging Cell, 2026 - europepmc.org",,,https://europepmc.org/article/med/42265534,False,google_scholar/page_0001.json.gz,True,True,True,True
google_scholar,z_a1eSWwq9gJ,Multi-omic deep learning identifies exercise-responsive ageing pathways in humans,"… connect genetic associations to causal, system-level pathways. We introduce the first deep 
learning, multi-omic framework for exercise genomics, unifying causal inference, molecular …",2026,2026-01-01,10.64898/2025.12.26.25343061.abstract,,,"CG Juan, L Ntasis - medRxiv, 2026","CG Juan, L Ntasis - medRxiv, 2026 - medrxiv.org",,,https://www.medrxiv.org/content/10.64898/2025.12.26.25343061.abstract,False,google_scholar/page_0001.json.gz,True,True,True,True
google_scholar,egLMR1S699gJ,Artificial intelligence and multiomics for longevity across species,"… Through targeted genetic manipulation (eg, CRISPR-Cas9 engineering) in short-lived 
mammals, we can definitively assess the causal geroprotective efficacy of these pathways. The wet…",2026,2026-01-01,,,,"C Nie, Z Shi, Z Song, F Wang, J Min - Element, 2026","C Nie, Z Shi, Z Song, F Wang, J Min - Element, 2026 - oaepublish.com",,,https://www.oaepublish.com/articles/element.2026.01,False,google_scholar/page_0002.json.gz,True,True,True,True
google_scholar,-MeR4_zKtGQJ,"A generative AI framework unifies human multi-omics to model aging, metabolic health, and intervention response","… However, most multi-omic datasets measure only a subset of … aging clocks and disease risk 
predictors. It also supports personalized in silico perturbation analyses to predict intervention …",2026,2026-01-01,,,,"J Chen, Y Ren, Y Zhou, Z Wang, K Mao, Z Yu, J Li… - Cell metabolism, 2026","J Chen, Y Ren, Y Zhou, Z Wang, K Mao, Z Yu, J Li… - Cell metabolism, 2026 - cell.com",,,https://www.cell.com/cell-metabolism/abstract/S1550-4131(26)00108-7,False,google_scholar/page_0002.json.gz,True,True,True,True
google_scholar,gZkKSdvxSmgJ,Multi-omics Mendelian randomization revealing SEMA7A as potential drug target for facial skin aging,"… Background The study of facial skin aging has attracted … for facial skin aging through 
multiomics genetic methods. … explore the causal relationship between facial skin aging and …",2026,2026-01-01,10.1186/s40537-025-01355-8,,,"X Cai, W Li, W Shi, Y Cai, J Zhou - Journal of Big Data, 2026","X Cai, W Li, W Shi, Y Cai, J Zhou - Journal of Big Data, 2026 - Springer",,,https://link.springer.com/article/10.1186/s40537-025-01355-8,False,google_scholar/page_0002.json.gz,True,True,True,True
google_scholar,C47SF07EBcIJ,Biological Aging Rate as a Mediator of Lifestyle and Disease: A Multi-Omics Analysis from the UK Biobank. Ensemble Learning Reveals Biological Aging Rate as a …,"… To further elucidate how lifestyle factors influence disease development through modulation 
of biological aging, we conducted mediation analyses using aging rate as the mediator. In …",,,,,,"Y Jiang, Y Fei, X Li, X Zheng, Y Qin - … Learning Reveals Biological Aging …","Y Jiang, Y Fei, X Li, X Zheng, Y Qin - … Learning Reveals Biological Aging … - papers.ssrn.com",,,https://papers.ssrn.com/sol3/papers.cfm?abstract_id=5395609,False,google_scholar/page_0002.json.gz,True,True,True,True
google_scholar,AUZp0ZNrmv8J,Association between biological ageing and periodontitis: Evidence from a cross‐sectional survey and multi‐omics Mendelian randomization analysis,"… and causal effect of biological ageing on periodontitis risk. … Among the biological ageing 
indicators, higher frailty and … biological ageing and periodontitis risk in terms of causal …",2024,2024-01-01,10.1111/jcpe.14040,,,"Z Huang, S Peng, T Cen, X Wang… - Journal of Clinical …, 2024","Z Huang, S Peng, T Cen, X Wang… - Journal of Clinical …, 2024 - Wiley Online Library",,,https://onlinelibrary.wiley.com/doi/abs/10.1111/jcpe.14040,False,google_scholar/page_0002.json.gz,True,True,True,True
google_scholar,L26-GRtI-VsJ,Multi‐omic analysis of biological aging biomarkers in long‐term calorie restriction and endurance exercise practitioners: A cross‐sectional study,"… Additionally, a subset of participants (12 CR, 11 EX, and 12 WD) underwent multi-omic … 
Multi-omic pathway enrichment analyses suggested both shared and intervention-specific …",2025,2025-01-01,10.1111/acel.14442,,,"G Fiorito, V Tosti, S Polidoro, B Bertozzi… - Aging …, 2025","G Fiorito, V Tosti, S Polidoro, B Bertozzi… - Aging …, 2025 - Wiley Online Library",,,https://onlinelibrary.wiley.com/doi/abs/10.1111/acel.14442,False,google_scholar/page_0002.json.gz,True,True,True,True
google_scholar,3VfxMcqqSyAJ,Integrated multi-omics for novel aging biomarkers and antiaging targets.,"… , we suggest an integrative approach based on multi-omics technologies for aging 
biomarkers and novel antiaging targets. This multi-omics method is based on the multi-layered …",2022,2022-01-01,,,,"L Wu, X Xie, T Liang, J Ma, L Yang… - Biomolecules …, 2022","L Wu, X Xie, T Liang, J Ma, L Yang… - Biomolecules …, 2022 - search.ebscohost.com",,,https://search.ebscohost.com/login.aspx?direct=true&profile=ehost&scope=site&authtype=crawler&jrnl=2218273X&AN=154803507&h=5T2rW7Yq1ieTXQFJQ8Df2kyoPR1NrpiO5PPYiIpzssPmuNR6mwJII%2BUolWWZZm1p2u%2F4dI6C2J9SExi7ht%2FsHw%3D%3D&crl=c,False,google_scholar/page_0002.json.gz,True,True,False,False
google_scholar,hZaO_2HvBg0J,Longitudinal multi-omic datasets to inform the role of alternative splicing dysregulation in ageing and age-related diseases,"… for improving our understanding of ageing mechanisms and developing anti-ageing strategies. 
… Understanding the mechanisms of ageing can facilitate the identification of intervention …",,,,,,D Wang,D Wang - kclpure.kcl.ac.uk,,,https://kclpure.kcl.ac.uk/portal/files/327070631/2025_Wang_Dongmeng_20064562_ethesis.pdf,False,google_scholar/page_0002.json.gz,True,True,True,True
google_scholar,j4PvgtHjefgJ,Associations of Multiomics Biological Aging With Diabetic Retinopathy and Life Expectancy,"… exhibited a longer life expectancy than those with DR and advanced metabolomic aging. 
These findings suggest future directions for DR risk assessment, although the causal roles of …",2026,2026-01-01,,,,"J Yu, YL Gao, Y Zhang, JM Xu, H Chen… - … & Visual Science, 2026","J Yu, YL Gao, Y Zhang, JM Xu, H Chen… - … & Visual Science, 2026 - iovs.arvojournals.org",,,https://iovs.arvojournals.org/article.aspx?articleid=2811981,False,google_scholar/page_0002.json.gz,True,True,True,True
google_scholar,dh9dvAHT_nIJ,"Multi-omics studies of the molecular architecture of age, ageing and age-related disorders","… in uncovering sex-specific and multi-omics profiles of biological ageing and smoking 
exposure, … to ageing and stratify chronic disease risk beyond traditional self-report measures. …",2025,2025-01-01,,,,S Xiao,S Xiao - 2025 - ora.ox.ac.uk,,,https://ora.ox.ac.uk/objects/uuid:71c373db-aa9f-4b5e-a233-8dc33f9d8f46,False,google_scholar/page_0002.json.gz,True,True,False,False
google_scholar,cKFVQmOFnXYJ,Aging biomarkers: from functional tests to multi‐omics approaches,"… scenarios, the modeling of personalized trajectories of aging, or aging profiles, by the integral 
… outcomes and facilitate early stage cellular-based intervention aiming to slow down aging. …",2020,2020-01-01,10.1002/pmic.201900408,,,"KS Kudryashova, K Burka, AY Kulaga… - …, 2020","KS Kudryashova, K Burka, AY Kulaga… - …, 2020 - Wiley Online Library",,,https://analyticalsciencejournals.onlinelibrary.wiley.com/doi/abs/10.1002/pmic.201900408,False,google_scholar/page_0003.json.gz,True,True,True,True
google_scholar,pjZMTQ73KrEJ,Advances in the application of multi-omics analysis in skin aging,"… and pathogenesis of skin aging while aiding in the … aging research using multi-omics 
technologies, aiming to foster innovation in research methodologies related to skin aging…",2025,2025-01-01,10.3389/fragi.2025.1596050/full,,,"B Long, W Pan, S Wu, Q Nong, W Li, S Chen… - … in Aging, 2025","B Long, W Pan, S Wu, Q Nong, W Li, S Chen… - … in Aging, 2025 - frontiersin.org",,,https://www.frontiersin.org/journals/aging/articles/10.3389/fragi.2025.1596050/full,False,google_scholar/page_0003.json.gz,True,True,False,False
google_scholar,hvtho9BCR90J,Comprehensive Integration of Multi-Omics Data Identifies Novel Immunological Biomarkers and Repurposable Drug Targets for Human Aging and Frailty,"… We conducted a detailed multi-omics analysis combining data from Gerontome (2,347 
aging… This research provides a comprehensive catalog of biomarkers for frailty and aging, …",2026,2026-01-01,,,,"F Rahim, S Saeidimehr - The Journal of Precision Medicine: Health and …, 2026","F Rahim, S Saeidimehr - The Journal of Precision Medicine: Health and …, 2026 - Elsevier",,,https://www.sciencedirect.com/science/article/pii/S3050632826000016,False,google_scholar/page_0003.json.gz,True,True,False,False
google_scholar,ZwcQ3rAWQdAJ,Multi-organ and Multi-omics Aging Clocks Digitize Human Biological Age,"… Phenome-wide BAGs (PhenoBAG) and ProtBAG represent two essential aspects of human 
aging and disease causal pathways, connecting genetics→transcriptomics→proteomics (…",2025,2025-01-01,10.1101/2025.02.06.25321803.abstract,,,"J Wen - medRxiv, 2025","J Wen - medRxiv, 2025 - medrxiv.org",,,https://www.medrxiv.org/content/10.1101/2025.02.06.25321803.abstract,False,google_scholar/page_0003.json.gz,True,True,True,True
google_scholar,S3L4pdjs5ykJ,Advances in multi-omics and aging clock research for female reproductive health and aging,"… AgeAccel is also associated with earlier menopause, suggesting a causal link between 
epigenetic aging and the timing of reproductive senescence. Lifestyle interventions and certain …",2026,2026-01-01,10.1007/s11684-026-1207-1,,,"R Wang, Y Li, L Zhu - MedScience, 2026","R Wang, Y Li, L Zhu - MedScience, 2026 - journal.hep.com.cn",,,https://journal.hep.com.cn/fmd/EN/10.1007/s11684-026-1207-1,False,google_scholar/page_0003.json.gz,True,True,True,True
google_scholar,LHZ15IMmE80J,Identification of novel biomarkers and drug targets for frailty-related skeletal muscle aging: a multi-omics study,"… Further insights into the role of the biomarkers in the pathogenesis and therapeutic intervention 
of frailty-related muscle aging were explored using SMR, colocalization analysis, single-…",2025,2025-01-01,10.1093/qjmed/hcaf108/8127924,,,"Q Wang, X Zhao, W Wang, X Chen… - QJM: An International …, 2025","Q Wang, X Zhao, W Wang, X Chen… - QJM: An International …, 2025 - academic.oup.com",,,https://academic.oup.com/qjmed/article/doi/10.1093/qjmed/hcaf108/8127924,False,google_scholar/page_0003.json.gz,True,True,True,True
google_scholar,ghuToUji_-0J,Aging Acceleration and Multi-omics Signatures of Passive Smoking on All-cause Mortality in Never-smokers,"… as exploratory decompositions of the total association rather than formal causal mediation. … 
mediation analysis results for biological aging, proteomic, and metabolic signatures showing …",2026,2026-01-01,,,,"Z Wan, J Mi, J Tang, N Zhao - Biomedical and Environmental …, 2026","Z Wan, J Mi, J Tang, N Zhao - Biomedical and Environmental …, 2026 - besjournal.com",,,https://www.besjournal.com/fileSWYXYHJKX/journal/article/swyxyhjkx/newcreate/26141.pdf;,False,google_scholar/page_0003.json.gz,True,True,True,True
google_scholar,y7iK8QJuAkgJ,"Refining Biological Aging Clocks: Harnessing Multi-Organ, Multi-Omics Data with Machine Learning","… dip in Delta Age after intervention and a strong bond between faster aging and lower therapy 
… The pre- and post-intervention shifts and adherence shaping age, while Table 1 unpacks a …",2025,2025-01-01,,,,"BS Goshu - Budapest International Research and Critics in …, 2025","BS Goshu - Budapest International Research and Critics in …, 2025 - researchgate.net",,,https://www.researchgate.net/profile/Belay-Goshu/publication/399670128_Refining_Biological_Aging_Clocks_Harnessing_Multi-Organ_Multi-Omics_Data_with_Machine_Learning/links/6964a641c906f117f2a3c09c/Refining-Biological-Aging-Clocks-Harnessing-Multi-Organ-Multi-Omics-Data-with-Machine-Learning.pdf,False,google_scholar/page_0003.json.gz,True,True,True,True
google_scholar,L-TwmQI0SeAJ,Towards precision aging biology: Single-Cell multi-omics and advanced AI-Driven strategies,"… Individual aging is a complex biological process involving multiple levels, with molecular … 
cell multi-omics approaches in analyzing senescence mechanisms and potential intervention …",2025,2025-01-01,,,,"S Xie, X Luo, F Hong, Y Wei, Y Hao, X Xie… - Aging and …, 2025","S Xie, X Luo, F Hong, Y Wei, Y Hao, X Xie… - Aging and …, 2025 - pmc.ncbi.nlm.nih.gov",,,https://pmc.ncbi.nlm.nih.gov/articles/PMC12834424/,False,google_scholar/page_0003.json.gz,True,True,True,True
google_scholar,BixIghchw5UJ,Multi-omics analysis reveals the genetic aging landscape of Parkinson's disease,"… We assessed the causal effect of ADEGs on PD risk (Fig. 4A). The IVW method indicated … 
associations may be driven by different causal SNPs. Colocalization analysis helps determine …",2024,2024-01-01,10.1038/s41598-024-82470-z,,,"Z Wang, Z Zhang, P Li, Q Cao, P Fan, H Xia, X Yang - Scientific Reports, 2024","Z Wang, Z Zhang, P Li, Q Cao, P Fan, H Xia, X Yang - Scientific Reports, 2024 - nature.com",,,https://www.nature.com/articles/s41598-024-82470-z,False,google_scholar/page_0003.json.gz,True,True,True,True
google_scholar,UTIEBErPPBwJ,Biological Aging Acceleration in Major Depressive Disorder: A Multi‐Omics Analysis,"… the causal effects between MDD and biological aging acceleration using Mendelian 
randomization … To evaluate the causal effect of proteomic aging on MDD, we selected genetic …",2026,2026-01-01,10.1111/acel.70310,,,"BS Diniz, S Zhao, G Drouard, E Vuoksimaa… - Aging …, 2026","BS Diniz, S Zhao, G Drouard, E Vuoksimaa… - Aging …, 2026 - Wiley Online Library",,,https://onlinelibrary.wiley.com/doi/abs/10.1111/acel.70310,False,google_scholar/page_0004.json.gz,True,True,True,True
google_scholar,Uql8yysYmfgJ,Longitudinal multi-omic evaluation of biomarkers of health and ageing over smoking cessation intervention,"… cessation intervention in humans. Here, we report on the first systemic multi-omic intervention 
… for analysis of both within omes and multi-omic integration. We observe a gradual but …",2025,2025-01-01,10.1101/2025.08.29.673135.abstract,,,"CMS Herzog, CD Vavourakis, B Theeuwes, E Redl… - bioRxiv, 2025","CMS Herzog, CD Vavourakis, B Theeuwes, E Redl… - bioRxiv, 2025 - biorxiv.org",,,https://www.biorxiv.org/content/10.1101/2025.08.29.673135.abstract,False,google_scholar/page_0004.json.gz,True,True,True,True
google_scholar,IaXkBEXicwsJ,Exploring multi-omics and clinical characteristics linked to accelerated biological aging in Asian women of reproductive age: insights from the S-PRESTO study,"… Integrative network analysis of aging-related factors underscored the intricate links among 
clinical, … Furthermore, potential mediation effects of blood biomarkers related to inflammation, …",2024,2024-01-01,10.1186/s13073-024-01403-7,,,"L Chen, KML Tan, J Xu, P Mishra, SA Mir, M Gong… - Genome medicine, 2024","L Chen, KML Tan, J Xu, P Mishra, SA Mir, M Gong… - Genome medicine, 2024 - Springer",,,https://link.springer.com/article/10.1186/s13073-024-01403-7,False,google_scholar/page_0004.json.gz,True,True,True,True
google_scholar,ATz7Shu-StgJ,"Integrated multi-omics identifies MCRS1 as a causal hub linking aging, metabolic syndrome, and breast cancer progression","… a causal driver at this intersection. Methods: We integrated transcriptomic datasets from BC, 
MetS, and aging … We used Mendelian randomization to infer causality and characterized the …",,,,,,"Y Tao, X Ding, W Xuan, H Zhu, X Liu, Y Chen… - International Journal of …","Y Tao, X Ding, W Xuan, H Zhu, X Liu, Y Chen… - International Journal of … - journals.lww.com",,,https://journals.lww.com/international-journal-of-surgery/fulltext/9900/integrated_multi_omics_identifies_mcrs1_as_a.4448.aspx,False,google_scholar/page_0004.json.gz,True,True,True,True
google_scholar,7ASES-ent4EJ,The Longevity Consortium: multi-omics integrative approach to discovering healthy aging and longevity determinants,"… (3) A biological age estimation algorithm utilizing multi-omics assays significantly … (4) 
Mediation analyses were used to test causal relationships between many candidate aging-…",2019,2019-01-01,,,,"TT Perls, DS Evans, E Hadley - Innovation in Aging, 2019","TT Perls, DS Evans, E Hadley - Innovation in Aging, 2019 - academic.oup.com",,,https://academic.oup.com/innovateage/article-abstract/3/Supplement_1/S208/5615408,False,google_scholar/page_0004.json.gz,True,True,True,True
google_scholar,N5Zxe4cJI0wJ,Phenome-wide multi-omics integration uncovers distinct archetypes of human aging,"… developed and rigorously validated a multi-omics aging clock that robustly predicts … multi-omics 
uncovered distinct biological subtypes of aging, revealing striking heterogeneity in aging …",2025,2025-01-01,,,,"H Li, F Tang, H Xue, Y Li, X Zhuang, B Zhang… - arXiv preprint arXiv …, 2025","H Li, F Tang, H Xue, Y Li, X Zhuang, B Zhang… - arXiv preprint arXiv …, 2025 - arxiv.org",,,https://arxiv.org/abs/2510.12384,False,google_scholar/page_0004.json.gz,True,True,False,False
google_scholar,w7TwvD6XUR8J,Longevity extension in rats via improved redox homeostasis with high carbohydrate diet intervention from weaning to adulthood: a comprehensive multi-omics study,"… that both are equally important in retarding aging and extending the lifespan. The conclusions 
… factor causing physiological health decline and longevity. Healthy aging is not a result of a …",2024,2024-01-01,,,,"Y Dong, Q Zhu, Y Li, R Wang, W Xu, X Tang, X Li… - Food & Function, 2024","Y Dong, Q Zhu, Y Li, R Wang, W Xu, X Tang, X Li… - Food & Function, 2024 - pubs.rsc.org",,,https://pubs.rsc.org/fo/article-abstract/15/15/7920/850913,False,google_scholar/page_0004.json.gz,True,True,True,True
google_scholar,yGmS7cbNhSwJ,The Evolving Landscape of Clinical Aging Clocks: From Epigenetic to Multi‐Omics Integration,"… clinically useful aging assessment tools and improving personalized health intervention 
strategies, thereby helping to bridge the gap between aging research and clinical practice. …",2026,2026-01-01,10.1111/acel.70579,,,"L Liu, Y Lai, C Tian, Y Huang, J Hao, Y Zhao… - Aging …, 2026","L Liu, Y Lai, C Tian, Y Huang, J Hao, Y Zhao… - Aging …, 2026 - Wiley Online Library",,,https://onlinelibrary.wiley.com/doi/abs/10.1111/acel.70579,False,google_scholar/page_0004.json.gz,True,True,True,True
google_scholar,YhWI6EhlkPkJ,Multi-omics network analysis reveals distinct stages in the human aging progression in epidermal tissue,"… Naturally further studies will be required to evaluate if any causal relationship between aging 
… In summary, using multi-omics analysis we identified four aging phases in ex vivo human …",2020,2020-01-01,,,,"N Holzscheck, J Söhle, B Kristof… - Aging (Albany …, 2020","N Holzscheck, J Söhle, B Kristof… - Aging (Albany …, 2020 - pmc.ncbi.nlm.nih.gov",,,https://pmc.ncbi.nlm.nih.gov/articles/PMC7343460/,False,google_scholar/page_0004.json.gz,True,True,True,True
google_scholar,mo-Rh3KGczQJ,A multi-omics longitudinal aging dataset in primary human fibroblasts with mitochondrial perturbations,"… , further suggesting a primary causal role of mitochondria as a “timekeeper” and driver of 
the biological aging process. To examine longitudinal aging trajectories and quantify the …",2022,2022-01-01,10.1038/s41597-022-01852-y,,,"G Sturm, AS Monzel, KR Karan, J Michelson, SA Ware… - Scientific Data, 2022","G Sturm, AS Monzel, KR Karan, J Michelson, SA Ware… - Scientific Data, 2022 - nature.com",,,https://www.nature.com/articles/s41597-022-01852-y,False,google_scholar/page_0004.json.gz,True,True,True,True
google_scholar,vy8-itQQeJoJ,Integrated Multiomics Analysis and Mendelian Randomization Identify SIRT1 as a Pivotal Aging‐Associated Gene in Meningioma,"… aging … into the aging-MGM association—particularly SIRT1's potential role—it underscores 
the imperative for further experimental validation and longitudinal research to establish causal …",2025,2025-01-01,10.1002/iub.70072,,,"G Du, D Xu, J Sun, S Che, J Ma, X Lan, J Wang… - IUBMB …, 2025","G Du, D Xu, J Sun, S Che, J Ma, X Lan, J Wang… - IUBMB …, 2025 - Wiley Online Library",,,https://iubmb.onlinelibrary.wiley.com/doi/abs/10.1002/iub.70072,False,google_scholar/page_0005.json.gz,True,True,True,True
google_scholar,9CHwZ1j_ieYJ,Comprehensive Multi-omics and Mendelian Randomization Reveal the Key Role of Monocytes in Aging and Osteoarthritis,"… aging patients, identifying key marker genes with a causal relationship to OA through an 
integrated multi-omics … targets for the diagnosis and treatment of OA from an aging perspective. …",2026,2026-01-01,10.1007/s12033-025-01416-6,,,"X Shi, L Tang, M Li, M Wei, Y Wu, Y Xu - Molecular Biotechnology, 2026","X Shi, L Tang, M Li, M Wei, Y Wu, Y Xu - Molecular Biotechnology, 2026 - Springer",,,https://link.springer.com/article/10.1007/s12033-025-01416-6,False,google_scholar/page_0005.json.gz,True,True,True,True
google_scholar,vUbh_SsC4HwJ,Multi-omics analysis of canine aging markers and evaluation of stem cell intervention,"… the molecular features of aging across species by integrating multi-omics data on canine … 
the mechanisms of aging in dogs, moreover, biomarker-based stem cell intervention strategies …",2025,2025-01-01,10.1038/s42003-025-08333-z,,,"B Li, Y Ding, M Han, Z Zhang, Z Ling, W Zhu… - Communications …, 2025","B Li, Y Ding, M Han, Z Zhang, Z Ling, W Zhu… - Communications …, 2025 - nature.com",,,https://www.nature.com/articles/s42003-025-08333-z,False,google_scholar/page_0005.json.gz,True,True,True,True
google_scholar,qQHgK4hlNTsJ,Integrative multi-omics and computational modeling reveal RPL22-driven skin aging mechanisms under PM2. 5 exposure and identify high-stability natural inhibitors,"… a new paradigm of multi-omics integration, combining epidemiological causal inference with 
… anti-aging intervention strategies. RPL22 is anticipated to be a novel intervention target as it …",2026,2026-01-01,10.1007/s00210-025-04680-0,,,"L Yang, YM Wang, W Chen, SY Long - Naunyn-Schmiedeberg's Archives …, 2026","L Yang, YM Wang, W Chen, SY Long - Naunyn-Schmiedeberg's Archives …, 2026 - Springer",,,https://link.springer.com/article/10.1007/s00210-025-04680-0,False,google_scholar/page_0005.json.gz,True,True,True,True
google_scholar,oTcecKmok7MJ,"Epigenetic Clocks, Resilience, and Multi-Omics Ageing: A Review and the EpiAge-R Conceptual Framework.","… They emphasize that for a biomarker to be actionable, it must satisfy “biological validation” 
criteria: it should elucidate the causal mechanisms driving the aging process rather than …",2026,2026-01-01,,,,"H Yamada - International journal of molecular sciences, 2026","H Yamada - International journal of molecular sciences, 2026 - openurl.ebsco.com",,,https://openurl.ebsco.com/contentitem/gcd:191971485?sid=ebsco:plink:crawler-gcd&id=ebsco:gcd:191971485&crl=c&jrnl=16616596,False,google_scholar/page_0005.json.gz,True,True,True,True
google_scholar,sbzSg3a0hNkJ,Multi-omics pleiotropic association analyses reveal functionally relevant genes and druggable pathways for ovarian aging,"… We perform an integrative analysis using multi-omics summary data and genome-wide … 
aging to identify molecular traits linked to ovarian aging. By applying Mendelian randomization …",2026,2026-01-01,10.1186/s13059-026-04118-7,,,"X Lian, S Song, C Lou, M Zhu, Y Li, W Li, X Jiang… - Genome Biology, 2026","X Lian, S Song, C Lou, M Zhu, Y Li, W Li, X Jiang… - Genome Biology, 2026 - Springer",,,https://link.springer.com/article/10.1186/s13059-026-04118-7,False,google_scholar/page_0005.json.gz,True,True,True,True
google_scholar,qNFsUvRxmncJ,Vascular aging and multi-omic regulation in ischemic stroke: toward precision neurorepair,"… Defining the causal roles of circRNAs in ischemic resilience and aging will require … Emerging 
tools such as CRISPR/Cas13-based circRNA editing, combined with single-cell multi-omics…",2025,2025-01-01,,,,"DF Pirscoveanu, DM Hermann, M Abuzan… - Aging Dis, 2025","DF Pirscoveanu, DM Hermann, M Abuzan… - Aging Dis, 2025 - researchgate.net",,,https://www.researchgate.net/profile/Liviu-Martin/publication/398766789_Vascular_Aging_and_Multi-Omic_Regulation_in_Ischemic_Stroke_Toward_Precision_Neurorepair/links/6a022e182e263f2f077416c9/Vascular-Aging-and-Multi-Omic-Regulation-in-Ischemic-Stroke-Toward-Precision-Neurorepair.pdf,False,google_scholar/page_0005.json.gz,True,True,True,True
google_scholar,vPiUuV8sY4wJ,Multi-omics identification of aging-related diagnostic genes and therapeutic targets in renal fibrosis,"… relationships between candidate proteins and renal fibrosis, we performed Mendelian 
randomization (MR) analysis. From the previously curated set of 84 differentially expressed aging-…",2026,2026-01-01,,,,"S Yin, J Gong, D Huang, D Wen, Z Quan, C Shu - Clinica Chimica Acta, 2026","S Yin, J Gong, D Huang, D Wen, Z Quan, C Shu - Clinica Chimica Acta, 2026 - Elsevier",,,https://www.sciencedirect.com/science/article/pii/S0009898126002408,False,google_scholar/page_0005.json.gz,True,True,True,True
google_scholar,9Mp--Ov1BmoJ,Multi‐Omics Signatures of Organ Clocks in Biological Aging and Disease: A Conceptual Framework for Organ‐Specific Aging Clocks,"… of multi- omics clocks remains … multi- omics integration. By addressing conceptual and 
methodological gaps, we propose a framework for the development of robust multi- omics aging …",2026,2026-01-01,,,,"M Vasileiou, G Liposits, B Barakat, NP Nguyen - Aging Cell, 2026","M Vasileiou, G Liposits, B Barakat, NP Nguyen - Aging Cell, 2026 - researchgate.net",,,https://www.researchgate.net/profile/Gabor-Liposits/publication/404066143_Multi-Omics_Signatures_of_Organ_Clocks_in_Biological_Aging_and_Disease_A_Conceptual_Framework_for_Organ-Specific_Aging_Clocks/links/69e9aa32f075bc337d57a1a6/Multi-Omics-Signatures-of-Organ-Clocks-in-Biological-Aging-and-Disease-A-Conceptual-Framework-for-Organ-Specific-Aging-Clocks.pdf,False,google_scholar/page_0005.json.gz,True,True,False,False
google_scholar,1giLR5GhonsJ,Multiomics and cellular senescence profiling of aging human skeletal muscle uncovers Maraviroc as a senotherapeutic approach for sarcopenia,"Cellular senescence is a hallmark of organismal aging but how it drives aging in human 
tissues is not fully understood. Here we leverage single nucleus multiomics to profile …",2025,2025-01-01,10.1038/s41467-025-61403-y,,,"Y Li, C Li, Q Zhou, X Liu, Y Qiao, T Xie, H Sun… - Nature …, 2025","Y Li, C Li, Q Zhou, X Liu, Y Qiao, T Xie, H Sun… - Nature …, 2025 - nature.com",,,https://www.nature.com/articles/s41467-025-61403-y,False,google_scholar/page_0005.json.gz,True,True,False,False
google_scholar,bhphxQIbKdQJ,The tissue-specific effects of glucose-lowering drug targets on aging mediated through DNA methylation: a multi-omics genetic study,"… two-sample Mendelian randomization (MR) study to investigate the putative causal relationships 
… Additionally, we performed enrichment analyses focused on tissue specificity and aging …",2026,2026-01-01,10.1186/s12916-026-04869-x,,,"Y Sun, H Zheng, L Huang, M Ma, R Gu, M Wang… - BMC medicine, 2026","Y Sun, H Zheng, L Huang, M Ma, R Gu, M Wang… - BMC medicine, 2026 - Springer",,,https://link.springer.com/article/10.1186/s12916-026-04869-x,False,google_scholar/page_0006.json.gz,True,True,True,True
google_scholar,d4x44QVZ2ysJ,Heartbeats and Hidden Codes: Decoding Cardiac Aging with Multi‑Omics and AI,"… of cardiac aging, especially in the context of aging within non-… of single-cell multi-omics 
datasets present significant challenges for … of cardiac aging will be essential for validating causal …",,,,,,"L Qian, SL Liu - Available at SSRN 6337676","L Qian, SL Liu - Available at SSRN 6337676 - papers.ssrn.com",,,https://papers.ssrn.com/sol3/papers.cfm?abstract_id=6337676,False,google_scholar/page_0006.json.gz,True,True,True,True
google_scholar,Hysdn4HoLLUJ,Multi-omics Mendelian randomization study on the causality between non-ionizing radiation and facial aging,"… to screen candidate genes of facial aging, which were then … causal role of MED1 gene with 
facial aging from multi-omics aspect. The genetic association of MED1 gene with facial aging …",2025,2025-01-01,,,,"Z He, Y Shang, X Xu, C Jia… - Chinese Journal of Burns …, 2025","Z He, Y Shang, X Xu, C Jia… - Chinese Journal of Burns …, 2025 - pmc.ncbi.nlm.nih.gov",,,https://pmc.ncbi.nlm.nih.gov/articles/PMC12242939/,False,google_scholar/page_0006.json.gz,True,True,True,True
google_scholar,JqM1pZ8yukcJ,Multi-Omics Studies of Aging and Neurodegenerative Disease in Human Cohorts,"… The core motivation of this work is the study of brain aging. … What is it about the aging 
process that drives this decline, and … aging has been largely overlooked in the search for causal …",2023,2023-01-01,,,,J Rutledge,J Rutledge - 2023 - search.proquest.com,,,https://search.proquest.com/openview/02dcfa07fefc6ab1819008afb2eb8087/1?pq-origsite=gscholar&cbl=18750&diss=y,False,google_scholar/page_0006.json.gz,True,True,True,True
google_scholar,NRsjPTQm228J,An integrated multi-omics approach to improve our understanding of ageing and neurodegeneration,"… -specific signatures associated with ageing and Parkinson’s disease. … to be uniquely 
associated with ageing and PD represented by … to ageing and PD associated decline in cognition. …",2025,2025-01-01,,,,R Arora,R Arora - 2025 - repository.cam.ac.uk,,,https://www.repository.cam.ac.uk/items/e3c9c480-e086-469d-8de6-3ef371a29fec,False,google_scholar/page_0006.json.gz,True,True,False,False
google_scholar,sVq4tfSgy7EJ,Identifying Novel Molecular Mechanisms of Healthspan Using Multi-Omics,"… complementary “multi-omics” strategies to characterize novel cellular mechanisms of 
aging, … RNA-seq data from an exercise intervention study and show that this healthspan-extending …",2023,2023-01-01,,,,ME Smith,ME Smith - 2023 - search.proquest.com,,,https://search.proquest.com/openview/8b4b8afa63d425f02c078c036eb78417/1?pq-origsite=gscholar&cbl=18750&diss=y,False,google_scholar/page_0006.json.gz,True,True,True,True
google_scholar,VGEXcGgGkiIJ,Multi-omics evaluation of clinical-grade human umbilical cord-derived mesenchymal stem cells in synergistic improvement of aging related disorders in a senescence …,"… This study investigates the effects of HUCMSCs on aging-related conditions in a 
senescence-accelerated mouse model (SAMP8), with a focus on DNA damage, gut microbiota …",2024,2024-01-01,10.1186/s13287-024-03986-9,,,"J Lian, L Xia, G Wang, W Wu, P Yi, M Li, X Su… - Stem cell research & …, 2024","J Lian, L Xia, G Wang, W Wu, P Yi, M Li, X Su… - Stem cell research & …, 2024 - Springer",,,https://link.springer.com/article/10.1186/s13287-024-03986-9,False,google_scholar/page_0006.json.gz,True,True,False,False
google_scholar,sc2b-39x7YQJ,Single-cell multi-omics for precision cardiovascular and longevity medicine: from methods to clinical translation,"… with aging and longevity. Early clinical trials integrating SCMO demonstrate feasibility in 
oncology and cardiology, and prototype clinical assays (eg, single-cell “liquid biopsies”) are …",2025,2025-01-01,10.3389/fragi.2025.1656727/full,,,"TG Osório, E Pavesi, KA El-Ardat, N Qureshi… - … in Aging, 2025","TG Osório, E Pavesi, KA El-Ardat, N Qureshi… - … in Aging, 2025 - frontiersin.org",,,https://www.frontiersin.org/journals/aging/articles/10.3389/fragi.2025.1656727/full,False,google_scholar/page_0006.json.gz,True,True,False,False
google_scholar,0ZkXGg9Vk-sJ,"Biological aging acceleration in major depressive disorder: a multi-omics, multi-modal analyses","… We also hypothesized a bidirectional causal effect between MDD and biological aging 
acceleration. Further, we explored if the use of antidepressant medication is associated with an …",2025,2025-01-01,,,,"B Diniz, S Zhao, G Drouard, E Vuoksimaa… - Research …, 2025","B Diniz, S Zhao, G Drouard, E Vuoksimaa… - Research …, 2025 - pmc.ncbi.nlm.nih.gov",,,https://pmc.ncbi.nlm.nih.gov/articles/PMC12154141/,False,google_scholar/page_0006.json.gz,True,True,True,True
google_scholar,bIzmqB2tNYoJ,PROSPECTIVE MULTI-OMIC ANALYSIS OF HUMAN LONGEVITY COHORTS IDENTIFIES ANALYTE NETWORKS ASSOCIATED WITH LONGEVITY,"… to construct multi-omic signatures predictive of longevity and healthy aging. We identify 
networks enriched for biomarkers previously shown to be associated with longevity such as …",2023,2023-01-01,,,,"L Pflieger, K Watanabe, M Robinson… - … in Aging, 2023","L Pflieger, K Watanabe, M Robinson… - … in Aging, 2023 - pmc.ncbi.nlm.nih.gov",,,https://pmc.ncbi.nlm.nih.gov/articles/PMC10738334/,False,google_scholar/page_0006.json.gz,True,True,False,False
google_scholar,s34bA0_SVBAJ,"Multi-omics perspectives on testicular aging: unraveling germline dysregulation, niche dysfunction, and epigenetic remodeling","… While that was a pharmacological intervention, it suggests the possibility that an aging 
metabolic environment affects small RNA pathways. It is reasonable to hypothesize that older …",2025,2025-01-01,,,,"A Kaltsas - Cells, 2025","A Kaltsas - Cells, 2025 - mdpi.com",,,https://www.mdpi.com/2073-4409/14/12/899,False,google_scholar/page_0007.json.gz,True,True,True,True
google_scholar,DJhX5i8XjCQJ,Heartbeats and hidden codes: Decoding cardiac aging with multi-omics and computational approaches,"… -type-specific aging signatures, it is important to recognize that multi-omics and computational 
… Animal models of cardiac aging remain indispensable for dissecting causal pathways and …",2026,2026-01-01,,,,"SL Liu, L Qian - Journal of Molecular and Cellular Cardiology, 2026","SL Liu, L Qian - Journal of Molecular and Cellular Cardiology, 2026 - Elsevier",,,https://www.sciencedirect.com/science/article/pii/S0022282826000647,False,google_scholar/page_0007.json.gz,True,True,True,True
google_scholar,4E17z4IzlPYJ,Multi-Omics Profiling Redefines Age-Related Hearing Loss as a Systemic Aging Sentinel: A Molecular Taxonomy and Precision Intervention Framework Anchored in …,"… epigenetic aging. Mechanistically, multi-omics reveals that epigenetic aging drives AKT-MEK 
33 … We performed multi-level multi-omics analyses focusing on the seven protein358 …",,,,,,"T Wang, J Wang, T Wang, J Li - Available at SSRN 6075267","T Wang, J Wang, T Wang, J Li - Available at SSRN 6075267 - papers.ssrn.com",,,https://papers.ssrn.com/sol3/papers.cfm?abstract_id=6075267,False,google_scholar/page_0007.json.gz,True,True,True,True
google_scholar,9sdiNAR0L8oJ,Multi-omics approach to understand the role of plasma proteins in cognitive ageing and dementia,"… Using these data, I apply causal inference approaches to … Epigenetic measures of ageing 
correlate strongly with … In Chapters 1-3, I provide an overview of cognitive ageing and dementia…",2021,2021-01-01,,,,RF Hillary,RF Hillary - 2021 - era.ed.ac.uk,,,https://era.ed.ac.uk/items/6621519d-9559-4b39-abc8-839b2eeaa757,False,google_scholar/page_0007.json.gz,True,True,True,True
google_scholar,m8Pu-tCa3S8J,Between Silence and Senescence: Decoding the Accelerated Aging Phenotype and Im-munological Paradox in Primary Ovarian Insufficiency Through a Multi-Omics …,"… multi-omics studies published between October 2023 and February 2026 to address two 
overarching research questions: first, does POI generate a biologically aging … intervention in …",2026,2026-01-01,,,,"A Akram, N Ashfaq - Journal of Rehabilitation Research …, 2026","A Akram, N Ashfaq - Journal of Rehabilitation Research …, 2026 - primeopenaccess.com",,,https://www.primeopenaccess.com/peer-review/between-silence-and-senescence-decoding-the-accelerated-aging-phenotype-and-immunological-paradox-in-primary-ovarian-ins-773.html,False,google_scholar/page_0007.json.gz,True,True,True,True
google_scholar,agUPwGlnA9QJ,Promising biomarkers of human aging: in search of a multi-omics panel to understand the aging process from a multidimensional perspective,"… aging are a valuable tool to understand the aging process. • Intrinsic capacity may be 
characterized by the multi-omics … Aging process is not linked to the chronological age. • …",2021,2021-01-01,,,,"NAR SEGURA, OYB CHAVOLLA, OSB VAZQUEZ…","NAR SEGURA, OYB CHAVOLLA, OSB VAZQUEZ… - 2021 - repositorio.inger.gob.mx",,,http://repositorio.inger.gob.mx/jspui/handle/20.500.12100/17216,False,google_scholar/page_0007.json.gz,True,True,False,False
google_scholar,RZIix9sUw9EJ,Immunosenescence Inventory—a multi-omics database for immune aging research<? mode longmeta?>,"… Intervention strategy of immune aging … While the Inventory has integrated extensive multi-omics 
data, we recognize the importance of incorporating broader demographic representation …",2025,2025-01-01,,,,"H Li, W Zhao, F Yang, Q Qiao, S Ma… - Nucleic Acids …, 2025","H Li, W Zhao, F Yang, Q Qiao, S Ma… - Nucleic Acids …, 2025 - academic.oup.com",,,https://academic.oup.com/nar/article-abstract/53/D1/D1047/7914204,False,google_scholar/page_0007.json.gz,True,True,True,True
google_scholar,1jiWls1IlrMJ,Structural decomposition enables multi-omics dissection of common and organ-specific aging,"… 87 proteins as potentially causal for aging (Figure S13E). Among the 11 candidate proteins 
causal for CBAG and body BAG in females, 73% (8/11) had prior aging evidence in human …",2026,2026-01-01,10.1007/s11427-025-3242-5,,,"H Huang, Y Li, Q Song, L Yuan, Y Yang, M Zhu… - Science China Life …, 2026","H Huang, Y Li, Q Song, L Yuan, Y Yang, M Zhu… - Science China Life …, 2026 - Springer",,,https://link.springer.com/article/10.1007/s11427-025-3242-5,False,google_scholar/page_0007.json.gz,True,True,True,True
google_scholar,El8trySrKd0J,Molecular and genetic insights into human ovarian aging from single-nuclei multi-omics analyses,"… This generic approach identified 1,260 candidate causal regulatory variants, with 513 top … 
and prioritizing causal variants and regulatory mechanisms underlying ANM genetic risk. …",2025,2025-01-01,10.1038/s43587-024-00762-5,,,"C Jin, X Wang, J Yang, S Kim, AD Hudgins, A Gamliel… - Nature aging, 2025","C Jin, X Wang, J Yang, S Kim, AD Hudgins, A Gamliel… - Nature aging, 2025 - nature.com",,,https://www.nature.com/articles/s43587-024-00762-5,False,google_scholar/page_0007.json.gz,True,True,True,True
google_scholar,jiI37xJvEbYJ,Accelerated biological aging underlies the link between heavy metal mixture exposure and depression: A multi-omics study,"… mediation analysis was used to assess reciprocal pathways linking heavy metals, biological 
aging… metal exposure to depression and biological aging were identified by mining the …",2025,2025-01-01,,,,"H Kan, Z Jiang, M Chen, T Yin, M Pan, M Zheng… - Environmental …, 2025","H Kan, Z Jiang, M Chen, T Yin, M Pan, M Zheng… - Environmental …, 2025 - Elsevier",,,https://www.sciencedirect.com/science/article/pii/S0269749125019852,False,google_scholar/page_0007.json.gz,True,True,True,True
google_scholar,RKiX0s_EIV4J,"Integrating AI, CRISPR, and Multi-Omics for Predictive Longevity Research","… validate potential longevity targets. Genes identified through AI-driven multi-omic analyses 
… , enabling researchers to test their causal role in aging phenotypes. For example, CRISPR…",2025,2025-01-01,,,,LWK Lim,LWK Lim - 2025 - preprints.org,,,https://www.preprints.org/manuscript/202512.0125,False,google_scholar/page_0008.json.gz,True,True,True,True
google_scholar,gB7Z8e8IbwoJ,Structural Decomposition Enables Multi-Omics Dissection of Common and Organ-Specific Aging,"… 87 proteins as potentially causal for aging (Figure S13E). 271 Among the 11 candidate 
proteins causal for CBAG and body BAG in females, 73% 272 (8/11) had prior aging evidence in …",,,,,,"H He, L Yi, S Qinglin, Y Liyun, Y Yuqi, Z Minwei… - SCIENCE CHINA Life …","H He, L Yi, S Qinglin, Y Liyun, Y Yuqi, Z Minwei… - SCIENCE CHINA Life … - sciengine.com",,,https://www.sciengine.com/doi/pdf/52338A1495784419B3660A2415135D42,False,google_scholar/page_0008.json.gz,True,True,True,True
google_scholar,9pp97jISIZQJ,"Multi-Omics Integration Reveals Autophagy-Aging Pathway Biomarkers PGK1, LDHA and GFAP with Causal Associations to Alzheimer's Disease","… Additionally, Mendelian randomization (MR) has leveraged … the causal roles of genes 
involved in autophagy and aging 75 … This integrative multi-omics approach provides a theoretical …",,,,,,"Y Gao, K Guo, T Chen, C Wang, H Xu, L Tang… - … and GFAP with Causal …","Y Gao, K Guo, T Chen, C Wang, H Xu, L Tang… - … and GFAP with Causal … - papers.ssrn.com",,,https://papers.ssrn.com/sol3/papers.cfm?abstract_id=5598250,False,google_scholar/page_0008.json.gz,True,True,True,True
google_scholar,zsyFy6PwlEMJ,Exploring the anti-ovarian aging mechanism of He's Yangchao formula: Insights from multi-omics analysis in naturally aged mice,"… The rapid acceleration of female reproductive aging has become a major public health concern. 
He's Yangchao … Thus, an in-depth study of its anti-ovarian aging mechanism is required. …",2024,2024-01-01,,,,"L Yang, X Lai, S Jin, H Wang, F Lin, X Jin, Y Chen… - Phytomedicine, 2024","L Yang, X Lai, S Jin, H Wang, F Lin, X Jin, Y Chen… - Phytomedicine, 2024 - Elsevier",,,https://www.sciencedirect.com/science/article/pii/S0944711324006196,False,google_scholar/page_0008.json.gz,True,True,False,False
google_scholar,Ez7ZEgWhTvQJ,Balanced deep learning on multi-omics networks identifies molecular subgroups of pathological brain aging,"… accurate diagnosis, prognosis and therapeutic intervention 2, 3. Notably, … to pathological 
brain aging. Traditional diagnostic … Multi-omics approaches integrating transcriptomic, proteomic…",2026,2026-01-01,10.64898/2026.02.18.26346567.abstract,,,"YAN Nsangou, MA Ulmer, NT Seyfried, J Dönitz… - medRxiv, 2026","YAN Nsangou, MA Ulmer, NT Seyfried, J Dönitz… - medRxiv, 2026 - medrxiv.org",,,https://www.medrxiv.org/content/10.64898/2026.02.18.26346567.abstract,False,google_scholar/page_0008.json.gz,True,True,True,True
google_scholar,qEGHWU-uvPUJ,Identification of novel biomarkers and drug targets for frailty-related skeletal muscle aging: a multi-omics study correspondence,"… aging: a multi-omics study”.The integration of transcriptomics, single-cell RNA sequencing, 
and summary databased Mendelian randomization … age would strengthen causal inference.…",2026,2026-01-01,10.1093/qjmed/hcag083/8532532,,,"YA Tsai, CY Wang, HJ Chen, XL Liu… - QJM: An International …, 2026","YA Tsai, CY Wang, HJ Chen, XL Liu… - QJM: An International …, 2026 - academic.oup.com",,,https://academic.oup.com/qjmed/advance-article-abstract/doi/10.1093/qjmed/hcag083/8532532,False,google_scholar/page_0008.json.gz,True,True,True,True
google_scholar,xKFj1WcfAtMJ,The POI-Accelerated Aging Paradox: A Multi-Omics Approach to Characterizing Systemic Sequelae in Premature Ovarian Insufficiency,"… therapeutic targets for intervention [7]. … aging or represents a qualitatively distinct process. 
We hypothesized that POI would demonstrate a multi-omics signature of accelerated aging …",2026,2026-01-01,,,,"A Akram - Clinical Medicine and Integrative Therapies, 2026","A Akram - Clinical Medicine and Integrative Therapies, 2026 - cmit.gospub.com",,,http://cmit.gospub.com/cmit/article/view/18,False,google_scholar/page_0008.json.gz,True,True,True,True
google_scholar,L0BeMEocQ-YJ,MULTI-OMICS ANALYSIS IDENTIFIES GENE NETWORKS ASSOCIATED WITH COGNITIVE AGING AND ALZHEIMER'S DISEASE,"… Using genetic approaches in Drosophila models of tauopathy, we find evidence for a causal 
relationship between tau-induced heterochromatin decondensation and piRNA depletion, …",2019,2019-01-01,,,,"C Kaczorowski, S Heuer, C Gaiteri - Innovation in Aging, 2019","C Kaczorowski, S Heuer, C Gaiteri - Innovation in Aging, 2019 - pmc.ncbi.nlm.nih.gov",,,https://pmc.ncbi.nlm.nih.gov/articles/PMC6841216/,False,google_scholar/page_0008.json.gz,True,True,True,True
google_scholar,y0qazoJIdhMJ,… -wide gene-age interaction study and multi-omics comprehensive analysis reveals heterogeneous regulation of NLRC4 during aging on HNSCC prognosis …,"… Moreover, there was an antagonistic interaction between NLRC4 low expression and aging. 
Comprehensive analysis using multi-omics data suggested that immune-related indicators …",2025,2025-01-01,,,,"Z Xu, M Xue, Y Yang, X Xu, X Wang, M Wang… - International Journal of …, 2025","Z Xu, M Xue, Y Yang, X Xu, X Wang, M Wang… - International Journal of …, 2025 - Elsevier",,,https://www.sciencedirect.com/science/article/pii/S0141813025057022,False,google_scholar/page_0008.json.gz,True,True,False,False
google_scholar,jLt9hzDCGZsJ,Multi-omics reveals aging-related pathway in natural aging mouse liver,"… These metabolic balances, which certainly involve the participation of numerous proteins 
and metabolites, can help identify potential causal mechanisms during aging. Several studies …",2023,2023-01-01,,,,"C Tang, Z Zhang, Y Sun, W Ding, X Yang, Y Song… - Heliyon, 2023","C Tang, Z Zhang, Y Sun, W Ding, X Yang, Y Song… - Heliyon, 2023 - cell.com",,,https://www.cell.com/heliyon/fulltext/S2405-8440(23)08219-1?uuid=uuid%3Ad5e86016-c968-4831-95db-35ed8a19cd08,False,google_scholar/page_0008.json.gz,True,True,True,True
google_scholar,e5bFt5fdCL4J,Decoding the genetic architecture of women reproductive aging: multi-omic integration identifies novel loci and mechanistic pathways for precision intervention,"… To identify the most likely causal variants associated with reproductive ageing, we utilized 
… A probability threshold of 0.95 was established to define the credible set of potential causal …",2025,2025-01-01,10.1186/s12864-025-12016-8,,,"Y Kang, J Liu - BMC genomics, 2025","Y Kang, J Liu - BMC genomics, 2025 - Springer",,,https://link.springer.com/article/10.1186/s12864-025-12016-8,False,google_scholar/page_0009.json.gz,True,True,True,True
google_scholar,hrmEyRXb7CIJ,Integrating polygenic signals and single-cell multiomics identifies cell-type-specific regulomes critical for immune-and aging-related diseases,"… MultiOmics Regulon Enrichment), a network-based polygenic enrichment method that 
integrates single-cell multiomics … actionable targets for PD intervention. Given that sex-dependent …",2026,2026-01-01,10.1038/s43587-025-01027-5,,,"Y Ma, Y Yao, Y Zhou, W Dai, J Li, Y Gui, H Sun, Z Zhu… - Nature Aging, 2026","Y Ma, Y Yao, Y Zhou, W Dai, J Li, Y Gui, H Sun, Z Zhu… - Nature Aging, 2026 - nature.com",,,https://www.nature.com/articles/s43587-025-01027-5,False,google_scholar/page_0009.json.gz,True,True,True,True
google_scholar,ZWYMzdZyEnYJ,Integrated multi‐omic analyses uncover the effects of aging on cell‐type regulation in glucose‐responsive tissues,"… Future work will require further validations, such as immunofluorescence and transgenic 
experiments, to establish the causal relationship and delve deeper into the dynamic aging-…",2024,2024-01-01,10.1111/acel.14199,,,"P Xu, Y Kong, ND Palmer, MCY Ng, B Zhang… - Aging …, 2024","P Xu, Y Kong, ND Palmer, MCY Ng, B Zhang… - Aging …, 2024 - Wiley Online Library",,,https://onlinelibrary.wiley.com/doi/abs/10.1111/acel.14199,False,google_scholar/page_0009.json.gz,True,True,True,True
google_scholar,OKlGD9SCF7kJ,A multi-omic dissection of molecular hallmarks of accelerated aging in schizophrenia,"… The intricate interplay of schizophrenia with the aging … that contribute to the unique aging 
trajectory within this specific … and clarifies the unique aspects of aging in the context of this …",2025,2025-01-01,10.1038/s41598-025-98181-y,,,"DD Qi, P Liu, YM Wang, XG Tai, SF Ma, Y Wang - Scientific Reports, 2025","DD Qi, P Liu, YM Wang, XG Tai, SF Ma, Y Wang - Scientific Reports, 2025 - nature.com",,,https://www.nature.com/articles/s41598-025-98181-y,False,google_scholar/page_0009.json.gz,True,True,False,False
google_scholar,NqBakwBJsOEJ,A multi-omics molecular landscape of 30 tissues in aging female rhesus macaques,"… conserved feature of aging and likely a central contributor to tissue-aging heterogeneity, 
which may serve as a potential target for future anti-aging intervention or treatment. …",2025,2025-01-01,10.1038/s41592-025-02912-y,,,"GH Li, XQ Zhu, FH Xiao, X Zhao, L Lv, FQ Yin… - Nature …, 2025","GH Li, XQ Zhu, FH Xiao, X Zhao, L Lv, FQ Yin… - Nature …, 2025 - nature.com",,,https://www.nature.com/articles/s41592-025-02912-y,False,google_scholar/page_0009.json.gz,True,True,True,True
google_scholar,7db_iwGopskJ,Single-Cell Multi-Omics Uncovers the Role of Microbiota-Derived Metabolites in Shaping the Epigenetic Landscape of Neural Stem Cells during Aging,"… interaction and aging biology. Our findings advance the paradigm that the aging brain 
retains a degree of epigenetic plasticity that is amenable to metabolic intervention. Furthermore, …",2026,2026-01-01,,,,"M Abdulsalam, OI Musa, MU Livinus, AS Olayinka… - Biological …, 2026","M Abdulsalam, OI Musa, MU Livinus, AS Olayinka… - Biological …, 2026 - irrespub.com",,,https://irrespub.com/biolsciences/index.php/1/article/view/332,False,google_scholar/page_0009.json.gz,True,True,True,True
google_scholar,NMJsjaOmtl4J,Multi-Omics Analysis of Diabetic Heart Disease in the db/db Model Reveals Potential Targets for Treatment by a Longevity-Associated Gene,"… Mice were terminated 4 weeks post-intervention and hearts were collected and processed 
for molecular and metabolomic analyses. The expression of BPIFB4 within the heart was …",2020,2020-01-01,,,,"A Faulkner, Z Dang, E Avolio, AC Thomas, T Batstone… - Cells, 2020","A Faulkner, Z Dang, E Avolio, AC Thomas, T Batstone… - Cells, 2020 - mdpi.com",,,https://www.mdpi.com/2073-4409/9/5/1283,False,google_scholar/page_0009.json.gz,True,True,True,True
google_scholar,nJu0ixhLns8J,Association between indoor PM2. 5 components and accelerated biological aging in schizophrenia patients: Evidence from multi-omics mechanisms,"… aging process. This intricate connection was closely linked to the gut microbiota, particularly 
to species such as Dorea and Blautia. Mediation … immune biological aging in schizophrenia …",2024,2024-01-01,,,,"R Pan, X Yi, Y Xu, J Song, W Yi, J Liu, R Song… - Journal of Hazardous …, 2024","R Pan, X Yi, Y Xu, J Song, W Yi, J Liu, R Song… - Journal of Hazardous …, 2024 - Elsevier",,,https://www.sciencedirect.com/science/article/pii/S0304389424027419,False,google_scholar/page_0009.json.gz,True,True,True,True
google_scholar,Ss8FNiD49s8J,Integrated single-cell multi-omics profiling reveals a senescence-associated hematopoietic landscape and regulatory network in aging bone marrow,"… To unlock the mechanism of bone marrow aging and achieve the intervention of the aging 
process of the immune and circulatory systems, a great deal of work still needs to be done. …",2026,2026-01-01,10.1007/s10522-025-10352-6,,,"G Zhang, W Lin, L Guo, Z Li, Y Xiang, L Wang, X Yan - Biogerontology, 2026","G Zhang, W Lin, L Guo, Z Li, Y Xiang, L Wang, X Yan - Biogerontology, 2026 - Springer",,,https://link.springer.com/article/10.1007/s10522-025-10352-6,False,google_scholar/page_0009.json.gz,True,True,True,True
google_scholar,QKeLkEV1iroJ,Body-wide multi-omic counteraction of aging with GLP-1R agonism,"… body-wide multi-omic age-counteracting … aging modulation. Comparison with mammalian 
target of rapamycin (mTOR) inhibition, a proven anti-aging strategy, revealed strong multi-omic …",2025,2025-01-01,,,,"J Huang, AJ Kwok, JCY Li, CLH Chiu, BY Ip, LY Tung… - Cell Metabolism, 2025","J Huang, AJ Kwok, JCY Li, CLH Chiu, BY Ip, LY Tung… - Cell Metabolism, 2025 - cell.com",,,https://www.cell.com/cell-metabolism/fulltext/S1550-4131(25)00474-7,False,google_scholar/page_0009.json.gz,True,True,False,False
google_scholar,cYSgBxQ9-cEJ,"Systemic neurodegeneration and brain aging: multi-omics disintegration, proteostatic collapse, and network failure across the CNS","… We hope to also broadly map reversibility potential and current intervention strategies, which 
may serve as a conceptual scaffold for addressing signaling breakdowns with the potential …",2025,2025-01-01,,,,"V Voicu, T Corneliu, Ș Matei, CB Răzvan-Adrian… - …, 2025","V Voicu, T Corneliu, Ș Matei, CB Răzvan-Adrian… - …, 2025 - search.proquest.com",,,https://search.proquest.com/openview/66cada032abe888d7a0d17e53374ff7d/1?pq-origsite=gscholar&cbl=2032426,False,google_scholar/page_0010.json.gz,True,True,True,True
google_scholar,fuBGoRdizhkJ,Multi-omics analysis of the ageing liver,"… understanding of liver ageing and new intervention targets. … providing improved methods for 
multi-omics data integration. … liver ageing research presents an expansive view of the ageing …",2023,2023-01-01,,,,NP Kleinenkuhnen,NP Kleinenkuhnen - 2023 - kups.ub.uni-koeln.de,,,https://kups.ub.uni-koeln.de/71570/1/PhDThesis_Niklas_Kleinenkuhnen_Publication.pdf,False,google_scholar/page_0010.json.gz,True,True,True,True
google_scholar,0gzgknE6KxYJ,Precious3GPT: multimodal multi-species multi-omics multi-tissue transformer for aging research and drug discovery,"… Similarly, we have demonstrated P3GPT’s applicability in aging research by constructing 
a set of DNAm aging clocks that may be used in multi-species and multi-tissue settings. In the …",2024,2024-01-01,10.1101/2024.07.25.605062.abstract,,,"F Galkin, V Naumov, S Pushkov, D Sidorenko, A Urban… - bioRxiv, 2024","F Galkin, V Naumov, S Pushkov, D Sidorenko, A Urban… - bioRxiv, 2024 - biorxiv.org",,,https://www.biorxiv.org/content/10.1101/2024.07.25.605062.abstract,False,google_scholar/page_0010.json.gz,True,True,False,False
google_scholar,Zc-xrS9afEQJ,Regulation of lens epithelial cell senescence by cyclic mechanical stretch: Multi-omics insights into the mechanisms of lens aging,"… These findings introduce a mechanotransduction-centered framework for understanding 
lens aging and open new avenues for therapeutic intervention targeting the biomechanical and …",2026,2026-01-01,,,,"X Wang, L Song, Y Liu, Y Wen, A Miao, Z Chen… - Experimental Eye …, 2026","X Wang, L Song, Y Liu, Y Wen, A Miao, Z Chen… - Experimental Eye …, 2026 - Elsevier",,,https://www.sciencedirect.com/science/article/pii/S0014483526002459,False,google_scholar/page_0010.json.gz,True,True,True,True
google_scholar,t-_bYfHmZTYJ,Multiomics mapping and characterization of cellular senescence in aging human skeletal muscle uncovers a novel senotherapeutic for sarcopenia,"… Here in this study, we leverage single-nucleus multiomics to … state and SASP induction in 
aging muscle and elucidate the … identify a novel pharmacological intervention for sarcopenia. …",2024,2024-01-01,10.1101/2024.06.20.599817.abstract,,,"Y Li, C Li, Q Zhou, X Liu, Y Qiao, T Xie, H Sun… - bioRxiv, 2024","Y Li, C Li, Q Zhou, X Liu, Y Qiao, T Xie, H Sun… - bioRxiv, 2024 - biorxiv.org",,,https://www.biorxiv.org/content/10.1101/2024.06.20.599817.abstract,False,google_scholar/page_0010.json.gz,True,True,True,True
google_scholar,OP7_YK3hWcEJ,Functional and multi-omic aging rejuvenation with GLP-1R agonism,"… molecular phenotyping in the aging mouse to demonstrate … , a well-established anti-aging 
intervention, observing a strong … of GLP-1RAs, the design of intervention trials for age-related …",2024,2024-01-01,10.1101/2024.05.06.592653.abstract,,,"J Huang, AJ Kwok, JCY Li, CLH Chiu, BY Ip, LY Tung… - bioRxiv, 2024","J Huang, AJ Kwok, JCY Li, CLH Chiu, BY Ip, LY Tung… - bioRxiv, 2024 - biorxiv.org",,,https://www.biorxiv.org/content/10.1101/2024.05.06.592653.abstract,False,google_scholar/page_0010.json.gz,True,True,True,True
google_scholar,3-iC9YqSqXoJ,Multi-omics studies on aging and age-related diseases,"… the intimate connection between the aging process and cancer … topic focused on, other aging 
processes and age-related … the development and application of multi-omic techniques [14][…",2024,2024-01-01,10.3389/fcell.2024.1374424/full,,,"HP Wang, N Basisty, JH Qu, X Wang - Frontiers in Cell and …, 2024","HP Wang, N Basisty, JH Qu, X Wang - Frontiers in Cell and …, 2024 - frontiersin.org",,,https://www.frontiersin.org/journals/cell-and-developmental-biology/articles/10.3389/fcell.2024.1374424/full,False,google_scholar/page_0010.json.gz,True,True,False,False
google_scholar,PFNIXhHaDioJ,Multi-omics of human plasma reveals molecular features of dysregulated inflammation and accelerated aging in schizophrenia,"… Aging of schizophrenia patients is associated with reduced longevity, but the potential 
biological factors associated with aging in this population have not yet been investigated in a …",2022,2022-01-01,10.1038/s41380-021-01339-z,,,"A Campeau, RH Mills, T Stevens, LA Rossitto… - Molecular …, 2022","A Campeau, RH Mills, T Stevens, LA Rossitto… - Molecular …, 2022 - nature.com",,,https://www.nature.com/articles/s41380-021-01339-z,False,google_scholar/page_0010.json.gz,True,True,False,False
google_scholar,NwMBsDhRIZEJ,Multi‐omics analysis reveals translational landscapes and regulations in mouse and human oocyte aging,"… aging from two species, which may help to provide specific intervention strategies of oocyte 
aging … the landscapes of mouse oocyte aging by conducting multi-omics analysis on oocytes, …",2023,2023-01-01,10.1002/advs.202301538,,,"J Huang, P Chen, L Jia, T Li, X Yang, Q Liang… - Advanced …, 2023","J Huang, P Chen, L Jia, T Li, X Yang, Q Liang… - Advanced …, 2023 - Wiley Online Library",,,https://advanced.onlinelibrary.wiley.com/doi/abs/10.1002/advs.202301538,False,google_scholar/page_0010.json.gz,True,True,True,True
google_scholar,_YcgHnJcNY8J,A multi-omics approach to understand mesenchymal stem cell ageing,"… and epigenetic changes associated with MSC ageing and to identify candidates for … ageing 
MSCs. More importantly, this study demonstrates the validity of the concept that a multi-omics …",2019,2019-01-01,,,,C Jiang,C Jiang - 2019 - ora.ox.ac.uk,,,https://ora.ox.ac.uk/objects/uuid:c76c4df8-51db-4c3c-953c-db4d898f698e,False,google_scholar/page_0010.json.gz,True,True,False,False
google_scholar,1vnBg6PktTQJ,Sex-Dimorphic Aging of Cardiovascular Disease Genes: A Network-Based Multi-Omics Analysis,"… aging interacts with biological sex remain insufficiently understood. To address this gap, we 
integrated basal gene expression profiles from multiomics … sex dimorphic aging patterns in …",2026,2026-01-01,10.64898/2026.07.08.737220.abstract,,,"A Defilippo, F Boccuto, PH Guzzi, P Veltri - bioRxiv, 2026","A Defilippo, F Boccuto, PH Guzzi, P Veltri - bioRxiv, 2026 - biorxiv.org",,,https://www.biorxiv.org/content/10.64898/2026.07.08.737220.abstract,False,google_scholar/page_0011.json.gz,True,True,False,False
google_scholar,xJwYHcu5HLAJ,Multi-omics uncovers the critical role of ceramide-mediated Acinetobacter growth suppression in pressure injury healing under aging and malnutrition,"… The conjoint analysis indicated that 11 (78.5%) of the differential metabolic pathways of 
natural aging were covered by the dual intervention of aging and MN (Fig. S9). The dual …",2026,2026-01-01,,,,"Z Wang, Y Zhang, J Hou, B Lv, X Li, L Gao, X Qin… - Journal of …, 2026","Z Wang, Y Zhang, J Hou, B Lv, X Li, L Gao, X Qin… - Journal of …, 2026 - Elsevier",,,https://www.sciencedirect.com/science/article/pii/S2095177926000420,False,google_scholar/page_0011.json.gz,True,True,True,True
google_scholar,OM5JMCqAI0cJ,Metabolic influences on ageing in Caenorhabditis elegans: A time series multi-omics and metabolic modelling study,"… Taken together, these results provide strong evidence for metabolic changes not being 
mere by-products of the ageing process, but closely associated with the causal processes …",2019,2019-01-01,,,,J Hastings,J Hastings - 2019 - repository.cam.ac.uk,,,https://www.repository.cam.ac.uk/items/a588a195-2747-4495-b4a5-cb3cda589388,False,google_scholar/page_0011.json.gz,True,True,True,True
google_scholar,1XjNITQPp7IJ,Multi-omic profiling reveals age-specific blood biomarkers and aging-driven B cell remodeling in osteoarthritis,"… causal role for B cell metabolic dysregulation in osteoarthritic damage [ 5 ] . In parallel, other 
multi-omics … or “immunosenescence” therapies: since aging B cells may contribute to chronic …",2026,2026-01-01,,,,"Y Wang, Y Hu - International Journal of Surgery, 2026","Y Wang, Y Hu - International Journal of Surgery, 2026 - journals.lww.com",,,https://journals.lww.com/international-journal-of-surgery/fulltext/2026/01000/letter_to_the_editor__multi_omic_profiling_reveals.168.aspx,False,google_scholar/page_0011.json.gz,True,True,True,True
google_scholar,GQsZQpAJ6IAJ,Multi-omics reveals Dengzhan Shengmai formulation ameliorates cognitive impairments in D-galactose-induced aging mouse model by regulating CXCL12/CXCR4 …,"… aging-associated CIs by further exploring how DZSM ameliorates CI in a D-galactose-induced 
aging … to provide a scientific basis for transcriptomic microbiome-based intervention in CI. …",2023,2023-01-01,10.3389/fphar.2023.1175970/full,,,"JY Hou, H Xu, GZ Cao, LL Tian, LH Wang… - Frontiers in …, 2023","JY Hou, H Xu, GZ Cao, LL Tian, LH Wang… - Frontiers in …, 2023 - frontiersin.org",,,https://www.frontiersin.org/journals/pharmacology/articles/10.3389/fphar.2023.1175970/full,False,google_scholar/page_0011.json.gz,True,True,True,True
google_scholar,4roGxjCveSEJ,Multi-omics analysis reveals the attenuation effect of C-phycocyanin on aging-induced subfertility in female mice,"… Notably, PC intervention mitigates age-related changes in gut microbiota composition, 
serum metabolite profiles, and ovarian gene expression patterns. Mechanistically, PC exerts its …",2025,2025-01-01,,,,"Z Han, X Wen, L Ge, CJ Zhou, D Sun, Q Yang… - Food & Function, 2025","Z Han, X Wen, L Ge, CJ Zhou, D Sun, Q Yang… - Food & Function, 2025 - pubs.rsc.org",,,https://pubs.rsc.org/fo/article-abstract/16/11/4367/892965,False,google_scholar/page_0011.json.gz,True,True,True,True
google_scholar,o74Vk5yJ7iUJ,Multi-omics reveals molecular and genetic mechanisms underlying egg albumen quality decline in aging laying hens,"… causal relationships between gene expression and the HU phenotype, we performed 
Mendelian randomization … the pleiotropic or causal effects of gene expression on the HU trait. …",2025,2025-01-01,,,,"G Mingyue, Z Junnan, N Yang… - International journal of …, 2025","G Mingyue, Z Junnan, N Yang… - International journal of …, 2025 - search.proquest.com",,,https://search.proquest.com/openview/8a80b8739d4f6f69742f2f3735da3434/1?pq-origsite=gscholar&cbl=2032341,False,google_scholar/page_0011.json.gz,True,True,True,True
google_scholar,laaptSlhlUcJ,Multiomics reveals glutathione metabolism as a driver of bimodality during stem cell aging,"… ), causal changes (that … causal changes in understanding aging, and in designing therapeutic 
strategies, it is clearly important to discriminate between the two. By utilizing a multiomics …",2023,2023-01-01,,,,"DI Benjamin, JO Brett, P Both, JS Benjamin, HL Ishak… - Cell metabolism, 2023","DI Benjamin, JO Brett, P Both, JS Benjamin, HL Ishak… - Cell metabolism, 2023 - cell.com",,,https://www.cell.com/cell-metabolism/fulltext/S1550-4131(23)00037-2?dgcid=raven_jbs_etoc_email,False,google_scholar/page_0011.json.gz,True,True,True,True
google_scholar,GycdfB7xrkMJ,Multi-omics insights implicate the remodeling of the intestinal structure and microbiome in aging,"… multi-omics. These findings lay a solid foundation for future research aimed at identifying 
novel biomarkers for the clinical diagnosis of aging-… First, we did not establish a causal link …",2024,2024-01-01,10.3389/fgene.2024.1450064/full,,,"S Chen, C Wang, X Zou, H Li, G Yang, X Su… - Frontiers in genetics, 2024","S Chen, C Wang, X Zou, H Li, G Yang, X Su… - Frontiers in genetics, 2024 - frontiersin.org",,,https://www.frontiersin.org/journals/genetics/articles/10.3389/fgene.2024.1450064/full,False,google_scholar/page_0011.json.gz,True,True,True,True
google_scholar,iA7KrxIWyEEJ,Metabolomics of Aging and Alzheimer's Disease: From Single-Omics to Multi-Omics,"… between natural aging and AD. Finally, we review recent multiomics studies related to aging 
and … , whether the metabolites are causal to the pathogenesis of AD often remains unknown. …",2022,2022-01-01,,,,"Y Li, Y Luo - arXiv preprint arXiv:2212.09870, 2022","Y Li, Y Luo - arXiv preprint arXiv:2212.09870, 2022 - arxiv.org",,,https://arxiv.org/abs/2212.09870,False,google_scholar/page_0011.json.gz,True,True,True,True
google_scholar,vdyO409GPP0J,Integrative Multi-Omics and Dynamical Systems for Modeling Aging,,,,,,,"B Eshru, Z Chen","B Eshru, Z Chen",,,,False,google_scholar/page_0012.json.gz,True,True,False,False
google_scholar,QT8ALnoMGqkJ,Novel multi-omic biomarkers to combat oocyte and ovarian aging,"… during aging have been recorded. In conjunction with traditional biomarkers, multiomics data 
… for elucidating the metabolomic basis of ovarian aging. Our findings offer novel insights into …",2026,2026-01-01,10.1007/s11357-026-02119-9,,,"P Kordowitzki, S Joshi, X Gong, AK Ying, J Wyroba… - GeroScience, 2026","P Kordowitzki, S Joshi, X Gong, AK Ying, J Wyroba… - GeroScience, 2026 - Springer",,,https://link.springer.com/article/10.1007/s11357-026-02119-9,False,google_scholar/page_0012.json.gz,True,True,False,False
google_scholar,BpXxQP9fJ_sJ,Multi-omics reveals the role of osteopontin/secreted phosphoprotein 1 in regulating ovarian aging,"… SPP1 and ovarian aging remain largely … aging and its associations with SPP1 using 
multi-omics data analysis. Our findings indicate that SPP1 is a potential gene related to ovarian aging…",2024,2024-01-01,,,,"LC Hsu, CJ Li, LT Lin, LF Pan, ZH Wen… - Journal of Personalized …, 2024","LC Hsu, CJ Li, LT Lin, LF Pan, ZH Wen… - Journal of Personalized …, 2024 - mdpi.com",,,https://www.mdpi.com/2075-4426/14/1/78,False,google_scholar/page_0012.json.gz,True,True,False,False
google_scholar,qHGbcCU3svIJ,A Multi-PTM omics atlas uncovers novel aging regulators in colorectal cancer,"… , we presented a multiomics research framework to comprehensively dissect the aging-associ… 
sites, the causal relationships between these modifications and aging phenotypes in CRC …",2026,2026-01-01,10.1186/s12885-025-15274-7,,,"Y Zhang, W Zhang, T Li, E Hao, J Du, M Feng, F Zhu… - BMC cancer, 2026","Y Zhang, W Zhang, T Li, E Hao, J Du, M Feng, F Zhu… - BMC cancer, 2026 - Springer",,,https://link.springer.com/article/10.1186/s12885-025-15274-7,False,google_scholar/page_0012.json.gz,True,True,True,True
google_scholar,_E_vklFXrccJ,"Integrative multi-omics for diagnosis, treatments, and drug discovery of aging-related neuronal diseases","… multi-omics are applied to better understand and treat aging-related neuronal disease. For 
fully utilizing data from various omics sources to gain insights into disease, multi-omics … causal …",2022,2022-01-01,,,,"M Tang, T Huang, J Yang, C Guo","M Tang, T Huang, J Yang, C Guo - 2022 - books.google.com",,,https://books.google.com/books?hl=en&lr=&id=W4adEAAAQBAJ&oi=fnd&pg=PP1&dq=(%22multi-omics%22+OR+multiomics+OR+%22multi-omic%22+OR+multiome)+(aging+OR+ageing+OR+longevity+OR+healthspan)+(causal+OR+%22Mendelian+randomization%22+OR+mediation+OR+intervention)&ots=8zdWl--oaP&sig=xjbIg66C7N7s-0WrT9F4Oy8DMqs,False,google_scholar/page_0012.json.gz,True,True,True,True
google_scholar,v1Qz5-9jJosJ,The integration of multi-omics analysis and machine learning for the identification of prognostic assessment and immunotherapy efficacy through aging-associated …,"… Therapeutic modalities for lung cancer encompass surgical intervention, radiotherapy, 
chemotherapy, targeted therapy, and immunotherapy, among others [3]. The realm of lung cancer …",2024,2024-01-01,,,,"W Lu, Y Zhou, R Zhao, Q Liu, W Yang… - Aging (Albany NY …, 2024","W Lu, Y Zhou, R Zhao, Q Liu, W Yang… - Aging (Albany NY …, 2024 - pmc.ncbi.nlm.nih.gov",,,https://pmc.ncbi.nlm.nih.gov/articles/PMC10866420/,False,google_scholar/page_0012.json.gz,True,True,True,True
google_scholar,ZTPQcg1_UncJ,Integrative multi-omics QTL colocalization maps regulatory architecture in aging human brain,"… with “one-causal-variant-per-trait” assumption fails to detect causal signals under (i) … 
and (ii) where another non-causal variant with shared LD with causal variants has strongest …",2025,2025-01-01,,,,"X Cao, H Sun, R Feng, R Mazumder, CFBA Najar… - medRxiv, 2025","X Cao, H Sun, R Feng, R Mazumder, CFBA Najar… - medRxiv, 2025 - pmc.ncbi.nlm.nih.gov",,,https://pmc.ncbi.nlm.nih.gov/articles/PMC12083576/,False,google_scholar/page_0012.json.gz,True,True,True,True
google_scholar,289mf_Z8QEoJ,Multi-omic analysis of canine aging uncovers conserved aging pathways,"… of canine aging, we conducted a comprehensive multi-omic analysis of aging in laboratory 
… Finally, our cross-sectional design does not allow us to make definitive causal inferences …",2025,2025-01-01,10.1007/s11357-025-02029-2,,,"Z Koch, JL Graves, S Annan, PA Frankino, M Nelson… - GeroScience, 2025","Z Koch, JL Graves, S Annan, PA Frankino, M Nelson… - GeroScience, 2025 - Springer",,,https://link.springer.com/article/10.1007/s11357-025-02029-2,False,google_scholar/page_0012.json.gz,True,True,True,True
google_scholar,qs0vjlzp9PMJ,Multi-Omics Characterization of Peripheral Blood Molecular Profiles in Hypertensive Aging Ailuropoda melanoleuca with Levamlodipine Intervention: Exploratory …,"… exploratory multi-omics … multi-omics studies recruiting perfectly age-balanced elderly 
hypertensive and normotensive giant pandas will be required to fully decouple progressive aging …",2026,2026-01-01,,,,"Y Zhu, Q Tao, C Li, S Ling, M Wei, M Yang, D Chen… - Animals, 2026","Y Zhu, Q Tao, C Li, S Ling, M Wei, M Yang, D Chen… - Animals, 2026 - mdpi.com",,,https://www.mdpi.com/2076-2615/16/14/2116,False,google_scholar/page_0012.json.gz,True,True,True,True
google_scholar,PqNenNEs1uYJ,O-264 Multi-omics pleiotropic association analyses reveal prioritized genes and druggable pathways for ovarian aging,"… summary-level multi-omics data and genome-… aging. Participants/materials, setting, methods: 
Using the largest GWAS on ovarian aging, summary data-based Mendelian randomization (…",2025,2025-01-01,10.1093/humrep/deaf097.264/63540088/deaf097.264.pdf,,,"L Mu, X Lian, S Shuang, Y Zhao - Human Reproduction, 2025","L Mu, X Lian, S Shuang, Y Zhao - Human Reproduction, 2025 - academic.oup.com",,,https://academic.oup.com/humrep/article-pdf/doi/10.1093/humrep/deaf097.264/63540088/deaf097.264.pdf,False,google_scholar/page_0012.json.gz,True,True,True,True
google_scholar,cYHC2jGdLPgJ,Integrative multiomics analysis reveals host-microbe-metabolite interplays associated with the aging process in Singaporeans,"… integrative analysis based on multiomics datasets revealed potential host-microbe-metabolite 
interactions, which provide novel insights into the effect of microbiota on aging. This study …",2022,2022-01-01,10.1080/19490976.2022.2070392,,,"L Chen, T Zheng, Y Yang, PP Chaudhary, JPY Teh… - Gut …, 2022","L Chen, T Zheng, Y Yang, PP Chaudhary, JPY Teh… - Gut …, 2022 - Taylor & Francis",,,https://www.tandfonline.com/doi/abs/10.1080/19490976.2022.2070392,False,google_scholar/page_0013.json.gz,True,True,False,False
google_scholar,v00iVhXj0HAJ,MULTIOMICS MAPPING AND CHARACTERIZATION OF CELLULAR SENESCENCE IN AGEING HUMAN SKELETAL MUSCLE UNCOVERS A NOVEL …,"… Here in this study, we leverage single-nucleus multiomics to … state and SASP induction in 
aging muscle and elucidate the … identify a novel pharmacological intervention for sarcopenia. …",2025,2025-01-01,10.1302/1358-992x.2025.6.070,,,"H Wang - Orthopaedic Proceedings, 2025","H Wang - Orthopaedic Proceedings, 2025 - boneandjoint.org.uk",,,https://boneandjoint.org.uk/article/10.1302/1358-992X.2025.6.070,False,google_scholar/page_0013.json.gz,True,True,True,True
google_scholar,QYeZTpUJiOMJ,Multi-omic profiling reveals age-specific blood biomarkers and aging-driven B cell remodeling in osteoarthritis,"… Our findings establish a novel blood-based diagnostic framework for OA and uncover 
aging-driven B cell remodeling as a key contributor to elderly OA pathogenesis. These findings …",2025,2025-01-01,,,,"B Tu, R Fang, P Lu, M Liu, S Yang, D Hu… - … Journal of Surgery, 2025","B Tu, R Fang, P Lu, M Liu, S Yang, D Hu… - … Journal of Surgery, 2025 - journals.lww.com",,,https://journals.lww.com/international-journal-of-surgery/fulltext/2025/11000/multi_omic_profiling_reveals_age_specific_blood.27.aspx,False,google_scholar/page_0013.json.gz,True,True,False,False
google_scholar,rMnGrUPuO8sJ,Multi-omics analysis of aging liver reveals changes in endoplasmic stress and degradation pathways in female nonhuman primates,"… was to generate multi-omics data and use the WGCNA method to analyze multi-omics data 
together … pathways associated with healthy aging in the female baboon liver. It is known that …",2023,2023-01-01,10.1101/2023.08.21.554149.abstract,,,"S Puppala, J Chan, KD Zimmerman, Z Hamid… - bioRxiv, 2023","S Puppala, J Chan, KD Zimmerman, Z Hamid… - bioRxiv, 2023 - biorxiv.org",,,https://www.biorxiv.org/content/10.1101/2023.08.21.554149.abstract,False,google_scholar/page_0013.json.gz,True,True,False,False
google_scholar,41YN--Q7t8oJ,Multi-omics analysis reveals metabolic disruptions in cardiac tissues of aging nonhuman primates with spontaneous type 2 diabetes,"… Additionally, the cross-sectional nature of our study precludes establishing causal … clinical 
implications of our multi-omic findings. In conclusion, our multi-omics approach has revealed …",2025,2025-01-01,,,,"Y Liu, J Yu, H Hu, S Pu, H Wu, Y Ma, W Yang… - Aging (Albany …, 2025","Y Liu, J Yu, H Hu, S Pu, H Wu, Y Ma, W Yang… - Aging (Albany …, 2025 - pmc.ncbi.nlm.nih.gov",,,https://pmc.ncbi.nlm.nih.gov/articles/PMC12245199/,False,google_scholar/page_0013.json.gz,True,True,True,True
google_scholar,zE6pG1LlT2cJ,Inclusion of Kinetic Proteomics in Multi-Omics Methods to Analyze Calorie Restriction Effects on Aging,"… Yet our understanding of the processes of aging and how to attenuate the effects of aging 
remains … holds promise for illuminating biochemical processes involved in the aging process. …",2019,2019-01-01,,,,RH Carson,RH Carson - 2019 - search.proquest.com,,,https://search.proquest.com/openview/7382b56533167e76d57f7f6365960074/1?pq-origsite=gscholar&cbl=18750&diss=y,False,google_scholar/page_0013.json.gz,True,True,False,False
google_scholar,ZfL07GTNVOUJ,Multi-omic analysis of the aging mouse brain,"… The landscape of epigenetic modifications changes in aged tissues and histone deacetylases 
might provide a window of possible agingintervention, as targeted inhibition or KO of …",2021,2021-01-01,,,,V Klüver,V Klüver - 2021 - ediss.uni-goettingen.de,,,https://ediss.uni-goettingen.de/bitstream/handle/21.11130/00-1735-0000-0008-59D2-7/Dissertation_Kluever_forSUB.pdf?sequence=1,False,google_scholar/page_0013.json.gz,True,True,False,False
google_scholar,ql4IIG5wv8AJ,375 Decoding cardiovascular biological ageing using an AI-derived ECG age clock with multi-omic integration,"… Contemporaneous echocardiographic, metabolom‑ ic, lipoprotein and proteomic correlates 
were evaluated in the multi‑omic subset. Genetic validation used Mendelian randomi‑ sation (…",2026,2026-01-01,,,,"J Barker, S Fathieh, M Mazidi, Y Chen, R Pinto…","J Barker, S Fathieh, M Mazidi, Y Chen, R Pinto… - 2026 - heart.bmj.com",,,https://heart.bmj.com/content/112/Suppl_1/A296.2.abstract,False,google_scholar/page_0013.json.gz,True,True,False,False
google_scholar,lx6YpUefRj8J,"Multi-Omics Analysis Reveals a Shared Leaky Gut Signature Across Aging, Osteoporosis, and Spaceflight","… stress, this work provides a multi-omics foundation for the development of microbiome- … 
age groups, this study addresses a critical gap in aging research. We provide one of the …",2025,2025-01-01,,,,O Akinsuyi,O Akinsuyi - 2025 - search.proquest.com,,,https://search.proquest.com/openview/0413f474e7a7057644624843d52d6024/1?pq-origsite=gscholar&cbl=18750&diss=y,False,google_scholar/page_0013.json.gz,True,True,False,False
google_scholar,k9o_QVZfrqMJ,Joint multi-omics profiling of brain and body health in aging,"… are not causal—longitudinal studies, and interventional studies—eg, brain imaging before 
and after obesity-reduction trials—can help understand the nature of associations (causal or …",2025,2025-01-01,10.1101/2025.10.09.681483.abstract,,,"A Farahani, ZQ Liu, F Morys, R Moqadam, Y Zeighami… - bioRxiv, 2025","A Farahani, ZQ Liu, F Morys, R Moqadam, Y Zeighami… - bioRxiv, 2025 - biorxiv.org",,,https://www.biorxiv.org/content/10.1101/2025.10.09.681483.abstract,False,google_scholar/page_0013.json.gz,True,True,True,True
google_scholar,I5FOWWDaDzsJ,A multi-omic analysis of the human lung reveals distinct cell specific aging and senescence molecular programs,"… changes in the human lung with aging has been published. In this work, we used an integrated 
multi-omic approach to determine cell type aging and senescence molecular programs in …",2023,2023-01-01,,,,"R De Man, JE McDonough, TS Adams, EP Manning… - …, 2023","R De Man, JE McDonough, TS Adams, EP Manning… - …, 2023 - pmc.ncbi.nlm.nih.gov",,,https://pmc.ncbi.nlm.nih.gov/articles/PMC10153177/,False,google_scholar/page_0014.json.gz,True,True,False,False
google_scholar,hLRNKwrOOm8J,Multiomics analysis of a micronutrient-rich dietary pattern and the aging genotype 9p21 on the plasma proteome of young adults,"… , may provide an opportunity for the early intervention and prevention of CD, especially in 
high… novel proteomic biomarkers for early detection and intervention in managing CD risks. The …",2025,2025-01-01,,,,"S Mahdavi, K Rosychuk, DJA Jenkins, AJ Percy… - Nutrients, 2025","S Mahdavi, K Rosychuk, DJA Jenkins, AJ Percy… - Nutrients, 2025 - mdpi.com",,,https://www.mdpi.com/2072-6643/17/8/1398,False,google_scholar/page_0014.json.gz,True,True,True,True
google_scholar,vRkJTZpApGsJ,Unveiling the Aging-Immune Axis in Irritable Bowel Syndrome: A Multi-Omics and Machine Learning Approach to Biomarker Discovery and Validation,"… Integrative multi-omics analysis initially identified 34 high-confidence candidate genes. … 
The SMR analysis demonstrated consistent causal directions between genetically predicted …",,,10.3389/fimmu.2026.1893702/full,,,"Y Yao, J Li, B Zhang, T Li, E Linghu, X Li, M Zhao - Frontiers in Immunology","Y Yao, J Li, B Zhang, T Li, E Linghu, X Li, M Zhao - Frontiers in Immunology - frontiersin.org",,,https://www.frontiersin.org/journals/immunology/articles/10.3389/fimmu.2026.1893702/full,False,google_scholar/page_0014.json.gz,True,True,True,True
google_scholar,0c2AEWsG1L4J,Multiomics approach to novel therapeutic targets for cancer and aging-related diseases: role of Sld7 in yeast aging network,"… implicated as one of the salient causal factors in aging and age-related diseases such as 
cancer. However, the molecular mechanisms associated with aging or cancer-related genome …",2017,2017-01-01,10.1089/omi.2016.0157,,,"IE Dayan, KY Arga, KO Ulgen - OMICS: A Journal of …, 2017","IE Dayan, KY Arga, KO Ulgen - OMICS: A Journal of …, 2017 - journals.sagepub.com",,,https://journals.sagepub.com/doi/abs/10.1089/omi.2016.0157,False,google_scholar/page_0014.json.gz,True,True,True,True
google_scholar,f-FghxPykCsJ,Long-read genome sequencing and multi-omics in aging and neurodegeneration,"… -read sequencing) that we interpreted using matched multi-omics data. Functional rare SVs 
were … GWAS reveals functional SVs that are likely causal at neurodegeneration risk loci. b, …",2025,2025-01-01,10.1101/2025.10.10.25337775.abstract,,,"TD Jensen, Y Le Guen, L Talozzi, S Yang, J Gorzynski… - medRxiv, 2025","TD Jensen, Y Le Guen, L Talozzi, S Yang, J Gorzynski… - medRxiv, 2025 - medrxiv.org",,,https://www.medrxiv.org/content/10.1101/2025.10.10.25337775.abstract,False,google_scholar/page_0014.json.gz,True,True,True,True
google_scholar,IoyR8QJFdkgJ,Microbiome Remodeling During Aging: Integrative Multi-Omics and Spatiotemporal Perspectives on Immune and Metabolic Regulation,"… The feasibility of personalized microbiota-based intervention … multi-omics approaches 
with metagenomic sequencing, including emerging spatial and spatiotemporal multi-omics …",2026,2026-01-01,,,,"X Ren, J Ma, Y Zhao, M Yang, Y Li, W Song… - Ageing Research …, 2026","X Ren, J Ma, Y Zhao, M Yang, Y Li, W Song… - Ageing Research …, 2026 - Elsevier",,,https://www.sciencedirect.com/science/article/pii/S1568163726002618,False,google_scholar/page_0014.json.gz,True,True,True,True
google_scholar,B-uCxTLBfkAJ,Multi‐Omics Reveals Dysregulated Neurotransmitter Systems in Aging and CNS Disorders,"… Recognizing these age- related NTS changes could further illuminate the link between aging 
and neuropsychiatric disorders, offering a critical window for early intervention. For example…",2026,2026-01-01,10.1111/acel.70544,,,"RZ Niu, MY Zhang, YP Li, XQ Zhou, XL Liu, J Wu… - Aging …, 2026","RZ Niu, MY Zhang, YP Li, XQ Zhou, XL Liu, J Wu… - Aging …, 2026 - Wiley Online Library",,,https://onlinelibrary.wiley.com/doi/abs/10.1111/acel.70544,False,google_scholar/page_0014.json.gz,True,True,True,True
google_scholar,4I1XKXJ0j00J,"N6,N6‐Dimethyl‐l‐Lysine: An Anti‐Obesity Metabolite of Lactiplantibacillus plantarum R2‐5 From Longevity Area Revealed by Multi‐Omics Analysis","… consumed by centenarians in longevity regions. In terms of … 5 group, but their causal 
relationship with lipid reduction and … Using multi-omics technologies, key metabolic pathways and …",2025,2025-01-01,10.1002/fft2.515,,,"M Su, L Zhao, C Li, N Zhang, Y Liu, Y Li… - Food …, 2025","M Su, L Zhao, C Li, N Zhang, Y Liu, Y Li… - Food …, 2025 - Wiley Online Library",,,https://iadns.onlinelibrary.wiley.com/doi/abs/10.1002/fft2.515,False,google_scholar/page_0014.json.gz,True,True,True,True
google_scholar,t5fRCvw4QUYJ,Multi-Omics and Genome-Scale Modeling Reveal a Metabolic Shift During C. elegans Aging,"… and contamination of aging populations with progeny … aging process are either under-sampled 
or have been subjected to a chemical intervention, clouding our view of the normal aging …",2019,2019-01-01,10.3389/fmolb.2019.00002/full,,,"J Hastings, A Mains, B Virk, N Rodriguez… - Frontiers in molecular …, 2019","J Hastings, A Mains, B Virk, N Rodriguez… - Frontiers in molecular …, 2019 - frontiersin.org",,,https://www.frontiersin.org/journals/molecular-biosciences/articles/10.3389/fmolb.2019.00002/full,False,google_scholar/page_0014.json.gz,True,True,True,True
google_scholar,N9xq4j1nq3cJ,Diet-and sex-related responses in the aging retina identified by multi-omics approach,"… Multi-omic integration can help characterize retinal GRNs responding to combined effects of 
aging and diet, and suggest lifestyle intervention strategies to slow down the impact of aging …",2023,2023-01-01,,,,"AK Mondal, DC Brock, J Gumerson… - … & Visual Science, 2023","AK Mondal, DC Brock, J Gumerson… - … & Visual Science, 2023 - iovs.arvojournals.org",,,https://iovs.arvojournals.org/article.aspx?articleid=2786797,False,google_scholar/page_0014.json.gz,True,True,True,True
google_scholar,EP9RQtSWh5MJ,"Molecular and Multiomics (Genomics, Proteomics, Transcriptomics) Approaches for Enhancing Anti-aging Properties of Plant Secondary Metabolites","… and multi-omics approaches to enhance the anti-aging … aging research. Although thousands 
of medicinal plants have yet to be studied, many of them are recognized for their anti-aging …",2026,2026-01-01,10.1007/978-981-95-8064-4_14,,,"IL Mouafon, EG Roland, BBM Aurore… - … Plants with Anti-Ageing …, 2026","IL Mouafon, EG Roland, BBM Aurore… - … Plants with Anti-Ageing …, 2026 - Springer",,,https://link.springer.com/chapter/10.1007/978-981-95-8064-4_14,False,google_scholar/page_0015.json.gz,True,True,False,False
google_scholar,vbZjWpdXskoJ,GenX-associated molecular signatures overlap with testicular aging and male infertility: a multi-omics integration analysis,"… genes were intersected with aging-associated genes to construct a GenX-Aging gene set. … 
testicular aging (GSE254315) were analyzed to evaluate cell-type-specific aging sensitivity …",2026,2026-01-01,10.1080/10934529.2026.2640332,,,"Z Gong, Q Feng, S Tang, W Chen… - Journal of Environmental …, 2026","Z Gong, Q Feng, S Tang, W Chen… - Journal of Environmental …, 2026 - Taylor & Francis",,,https://www.tandfonline.com/doi/abs/10.1080/10934529.2026.2640332,False,google_scholar/page_0015.json.gz,True,True,False,False
google_scholar,v1vlhLrud2IJ,Metabolic Exhaustion Underlies Sarcopenic Obesity Susceptibility in Aging Mice As Revealed by Multi-Omics Factor Analysis,"… during aging. This knowledge gap precludes risk stratification and targeted intervention for 
… to sarcopenic obesity through unsupervised multi-omics integration. We developed a two-hit …",2026,2026-01-01,,,,"R De Lorenzo, C Sciorati, A Avola, A Versiglia…","R De Lorenzo, C Sciorati, A Avola, A Versiglia… - 2026 - papers.ssrn.com",,,https://papers.ssrn.com/sol3/papers.cfm?abstract_id=6541658,False,google_scholar/page_0015.json.gz,True,True,True,True
google_scholar,t3WrxhVjNOcJ,Multi-omic characterization of brain changes in the vascular endothelial growth factor family during aging and Alzheimer's disease,"… This study provides a comprehensive molecular picture of the VEGF signaling family in 
cognitive aging and AD and critical insight towards the biomarker and therapeutic potential of …",2023,2023-01-01,,,,"M Seto, L Dumitrescu, ER Mahoney, AM Sclafani… - … of aging, 2023","M Seto, L Dumitrescu, ER Mahoney, AM Sclafani… - … of aging, 2023 - Elsevier",,,https://www.sciencedirect.com/science/article/pii/S0197458023000192,False,google_scholar/page_0015.json.gz,True,True,False,False
google_scholar,Q_FAKf1znh8J,MULTI-OMICS ANALYSIS REVEALS TRANSLATIONAL LANDSCAPES AND REGULATIONS IN MOUSE AND HUMAN OOCYTE AGING,"… to provide specific intervention strategy of oocyte aging to two species. … multi-omics 
landscapes of mouse and human oocyte aging. The role and mechanisms underlying oocyte aging …",2024,2024-01-01,,,,"J Huang - Fertility and Sterility, 2024","J Huang - Fertility and Sterility, 2024 - fertstert.org",,,https://www.fertstert.org/article/S0015-0282(24)00882-3/abstract,False,google_scholar/page_0015.json.gz,True,True,True,True
google_scholar,WfvjadnNvfMJ,INTEGRATIVE MULTI-OMICS ANALYSIS REVEALS THE CRITICAL ROLE OF PBXIP1 GENE IN AGING-RELATED ALZHEIMER'S DISEASE,"… to explore the potential causal associations between amyloid… this study are from the Honolulu 
Asia Aging Study (HAAS) of … of NFT lesion pathology in aging and AD. The disruption of …",2022,2022-01-01,,,,"Z Liu, J Zhang, X Sun - Innovation in Aging, 2022","Z Liu, J Zhang, X Sun - Innovation in Aging, 2022 - pmc.ncbi.nlm.nih.gov",,,https://pmc.ncbi.nlm.nih.gov/articles/PMC9767018/,False,google_scholar/page_0015.json.gz,True,True,True,True
google_scholar,Q2t9iQaUsTsJ,mfSuSiE enables multi-cell-type fine-mapping and multi-omic integration of chromatin accessibility QTLs in aging brain,"… (C) mfSuSiE joint modeling across six cell types, enabling simultaneous fine-mapping to 
identify shared and cell-type-specific causal variants. (D) Multi-omic integration enabled by …",2025,2025-01-01,10.1101/2025.11.25.690439.abstract,,,"A Liu, H Sun, PL De Jager, D Bennett… - bioRxiv, 2025","A Liu, H Sun, PL De Jager, D Bennett… - bioRxiv, 2025 - biorxiv.org",,,https://www.biorxiv.org/content/10.1101/2025.11.25.690439.abstract,False,google_scholar/page_0015.json.gz,True,True,True,True
google_scholar,bWHgfZOmZZEJ,Multi-omics integration reveals Vha68-3 as a testicular aging-specific factor that coordinates spermatid elongation through mitochondrial metabolic homeostasis,"… This intervention aimed to mitigate spermatid elongation defects and restore mitochondrial 
function during testicular aging. The three-dimensional structures of Vha68-3 were analyzed …",2025,2025-01-01,10.1186/s11658-025-00737-3,,,"J Yu, Q Huang, Y Fu, L He, C Shen, X Chen… - Cellular & molecular …, 2025","J Yu, Q Huang, Y Fu, L He, C Shen, X Chen… - Cellular & molecular …, 2025 - Springer",,,https://link.springer.com/article/10.1186/s11658-025-00737-3,False,google_scholar/page_0015.json.gz,True,True,True,True
google_scholar,NH9agppBIZsJ,Multi-omics analyses related to mitochondria and ageing in triple-negative breast cancer implicate PYCR1 potentiates tumor progression,"… relationship between mitochondrial dysfunction and ageing in TNBC but also provides a 
novel instrument for risk stratification and potential therapeutic intervention. In this study, we …",2026,2026-01-01,10.1186/s12935-026-04235-0,,,"J Huang, J Hu, C Shi, C Chu, H Hu - Cancer Cell International, 2026","J Huang, J Hu, C Shi, C Chu, H Hu - Cancer Cell International, 2026 - Springer",,,https://link.springer.com/article/10.1186/s12935-026-04235-0,False,google_scholar/page_0015.json.gz,True,True,True,True
google_scholar,Cv0v6UAqUNMJ,Multi-omic analysis reveals the anti-aging impact of sulforaphane on the microbiome and metabolome,"… in observational and intervention studies [6, 7]. … causal relationship between the gut microbiome 
and aging is unclear, the gut microbiome may serve as a target for anti-aging intervention…",2020,2020-01-01,,,,"J Se-Ran, A Cheema, C Bose, M Boerma…","J Se-Ran, A Cheema, C Bose, M Boerma… - 2020 - assets-eu.researchsquare.com",,,https://assets-eu.researchsquare.com/files/rs-43818/v1_covered.pdf,False,google_scholar/page_0015.json.gz,True,True,True,True
google_scholar,bBSb_tUpN00J,Linking Imaging-Based Classification of Abdominal Composition to Brain Aging: A Multi-Omics Investigation of Proteomic and Genetic Links,"… validated through Mendelian randomization, colocalization … was supported by Mendelian 
randomization and colocalization … composition patterns and brain aging, providing insights into …",,,,,,"K Ye, Z Jin, C Xu, X Ye, T Zhou, W Jiang, Z Liu… - Available at SSRN …","K Ye, Z Jin, C Xu, X Ye, T Zhou, W Jiang, Z Liu… - Available at SSRN … - papers.ssrn.com",,,https://papers.ssrn.com/sol3/papers.cfm?abstract_id=5730594,False,google_scholar/page_0016.json.gz,True,True,True,True
google_scholar,emXqs0PckpwJ,Multi-omics liquid biopsy identifies mitochondrial dysfunction in geographic atrophy and supports the longevity-associated metabolite α-ketoglutarate as a …,"… First, the discovery cohort was relatively small and the supplementation interval shorter 
than typical systemic aging-intervention regimens. However, the paired-eye design enhanced …",2026,2026-01-01,,,,"TC Yeh, G Velez, A Prasad, SH Lee… - medRxiv, 2026","TC Yeh, G Velez, A Prasad, SH Lee… - medRxiv, 2026 - pmc.ncbi.nlm.nih.gov",,,https://pmc.ncbi.nlm.nih.gov/articles/PMC13015626/,False,google_scholar/page_0016.json.gz,True,True,True,True
google_scholar,sj-IjRooU1oJ,Bulk and single-nuclei multiomics study of aging in Nothobranchius furzeri,"… Applying my models to other datasets revealed that epigenetic aging is accelerated in … 
causal events in aging and neurodegeneration. Additionally, I investigated the impact of aging on …",2024,2024-01-01,,,,C Giannuzzi,C Giannuzzi - 2024 - ricerca.sns.it,,,https://ricerca.sns.it/handle/11384/157737,False,google_scholar/page_0016.json.gz,True,True,True,True
google_scholar,DTytzKcNUAwJ,Multi‐Omics Reveal the Metabolic Changes in Cumulus Cells During Aging,"… Therefore, the metabolic intervention of metabolites from the arginine catabolic pathway 
to aged oocytes, such as phosphocreatine, deserves further exploration. However, there are …",2025,2025-01-01,10.1111/cpr.70014,,,"L Shi, H Wang, S Zhu, M Chen, X Guo… - Cell …, 2025","L Shi, H Wang, S Zhu, M Chen, X Guo… - Cell …, 2025 - Wiley Online Library",,,https://onlinelibrary.wiley.com/doi/abs/10.1111/cpr.70014,False,google_scholar/page_0016.json.gz,True,True,True,True
google_scholar,zUF0Wxce3rAJ,The integration of machine learning and multi-omics analysis provides a powerful approach to screen aging-related genes and predict prognosis and immunotherapy …,"… Numerous studies have shown that early detection and intervention … Aging with the significant 
feature of permanent growth arrest … Studies have shown that aging is an effective barrier to …",2023,2023-01-01,,,,"J Shen, H Gao, B Li, Y Huang, Y Shi - Aging (Albany NY), 2023","J Shen, H Gao, B Li, Y Huang, Y Shi - Aging (Albany NY), 2023 - pmc.ncbi.nlm.nih.gov",,,https://pmc.ncbi.nlm.nih.gov/articles/PMC10415564/,False,google_scholar/page_0016.json.gz,True,True,True,True
google_scholar,pjnZ4LXvRiUJ,Integrative Multi-Omics and Artificial Intelligence Framework for Precision Oncology: Bridging Aging-Associated Tumor Biology with Ultra-Early Detection in …,"… that integrative multi-omics and AI frameworks can bridge the gap between aging-associated … 
global cancer deaths through earlier intervention and personalized therapeutic strategies. …",2026,2026-01-01,,,,"D Aphkhazava, M Nozadze, A Sarishvili… - … and Trends in Modern …, 2026","D Aphkhazava, M Nozadze, A Sarishvili… - … and Trends in Modern …, 2026 - ojs.scipub.de",,,https://ojs.scipub.de/index.php/FTML/article/view/9010,False,google_scholar/page_0016.json.gz,True,True,True,True
google_scholar,elkrCeRdm4wJ,Multi-omics reveals the role of MCM2 and hnRNP K phosphorylation in mouse renal aging through genomic instability,"… The process of aging is characterized by structural degeneration and functional decline, as 
… The aging kidney exhibits a variety of structural and functional impairments. In aging mice, …",2024,2024-01-01,,,,"R Yan, Y Song, D Liu, W Yu, Y Sun, C Tang… - Experimental Cell …, 2024","R Yan, Y Song, D Liu, W Yu, Y Sun, C Tang… - Experimental Cell …, 2024 - Elsevier",,,https://www.sciencedirect.com/science/article/pii/S0014482724002064,False,google_scholar/page_0016.json.gz,True,True,False,False
google_scholar,aHz6MSKcyPoJ,Multi-omic analysis reveals the anti-aging impact of sulforaphane on the microbiome and metabolome,"… in observational and intervention studies [6, 7]. … causal relationship between the gut microbiome 
and aging is unclear, the gut microbiome may serve as a target for anti-aging intervention…",,,,,,"SR Jun, A Cheema, C Bose, M Boerma, PT Palade…","SR Jun, A Cheema, C Bose, M Boerma, PT Palade… - assets-eu.researchsquare.com",,,https://assets-eu.researchsquare.com/files/rs-43818/v1_stamped.pdf,False,google_scholar/page_0016.json.gz,True,True,True,True
google_scholar,EmnWnbUyZPwJ,Effects of an exogenous ketone ester using multi-omics in skeletal muscle of aging C57BL/6J male mice,"Exogenous ketone ester supplementation provides a means to increase circulating ketone 
concentrations without the dietary challenges imposed by ketogenic diets. Our group has …",2022,2022-01-01,10.3389/fnut.2022.1041026/full,,,"BM Roberts, SE Deemer, DL Smith Jr, JA Mobley… - Frontiers in …, 2022","BM Roberts, SE Deemer, DL Smith Jr, JA Mobley… - Frontiers in …, 2022 - frontiersin.org",,,https://www.frontiersin.org/journals/nutrition/articles/10.3389/fnut.2022.1041026/full,False,google_scholar/page_0016.json.gz,True,True,False,False
google_scholar,-_EAPPhrxNgJ,Single-nucleus multiome analysis in the human prefrontal cortex identifies gene expression and cis-regulatory elements associated with aging,"… We then performed single-nucleus multiome ATAC plus gene expression sequencing (multiome) 
in these samples to generate a multi-ancestry human brain atlas that combines gene …",2026,2026-01-01,,,,"A Catching, CA Weller, F Hu, S Bromberek, S Abbas… - Cell reports, 2026","A Catching, CA Weller, F Hu, S Bromberek, S Abbas… - Cell reports, 2026 - cell.com",,,https://www.cell.com/cell-reports/fulltext/S2211-1247(26)00188-9?uuid=uuid%3Aa6ae4d17-6018-4fcb-9da5-4d4838a80e79,False,google_scholar/page_0016.json.gz,True,True,False,False
google_scholar,cYVT7txIWCIJ,JSOG Presenter: Multi-omics Analysis of Stem Cells Established From Aged Individuals to Seek Aging Regulatory Factors [ID 3398],"… performed to identify aging regulatory factors. … aging, suggesting increased genomic 
instability. Furthermore, when ZGA genes are knocked down through small hairpin RNA mediation, …",2026,2026-01-01,10.1097/aog.0000000000006265.01,,,"R Ooka, M Yamada, M Sakuma… - Obstetrics & …, 2026","R Ooka, M Yamada, M Sakuma… - Obstetrics & …, 2026 - journals.lww.com",,,https://journals.lww.com/greenjournal/abstract/10.1097/aog.0000000000006265.01~jsog-presenter-multi-omics-analysis-of-stem-cells,False,google_scholar/page_0017.json.gz,True,True,True,True
google_scholar,4LBBhME36WkJ,A multi-omic atlas in the African turquoise killifish reveals increased glucocorticoid signaling as a hallmark of brain aging,"… aging on an accelerated timescale and test the impact of potential interventions. Here, we 
present a multi-omic atlas of brain aging … Interestingly, our atlas indicates that aging leads to a …",2026,2026-01-01,,,,"RG Williams, BB Teefy, AJJ Lemus, EH Lee, R Bhala… - …, 2026","RG Williams, BB Teefy, AJJ Lemus, EH Lee, R Bhala… - …, 2026 - pmc.ncbi.nlm.nih.gov",,,https://pmc.ncbi.nlm.nih.gov/articles/PMC13081995/,False,google_scholar/page_0017.json.gz,True,True,True,True
google_scholar,3E54IV4ezPgJ,Plasma proteomic biomarkers and DNA methylation-based measures of biological aging and lifespan: a multi-omics approach to kidney function and related traits,"This thesis presents an initial epidemiological appraise on the association between kidney 
function, proteomic biomarkers and epigenetic age acceleration in two large-scale multi-…",2021,2021-01-01,,,,"M García, P Raquel","M García, P Raquel - 2021 - mediatum.ub.tum.de",,,https://mediatum.ub.tum.de/1615130,False,google_scholar/page_0017.json.gz,True,True,False,False
google_scholar,LK9glHsKNVMJ,"Integrative multi-omics for diagnosis, treatments, and drug discovery of aging-related neuronal diseases","… aging-… multi-omics are applied to better understand and treat aging-related neuronal disease. 
For fully utilizing data from various omics sources to gain insights into disease, multi-omics …",2022,2022-01-01,10.3389/fnagi.2022.1047076/full,,,"C Shan, X Liu, Y Liu, H Zhang, J Liu, Y Guo… - Frontiers in Aging …, 2022","C Shan, X Liu, Y Liu, H Zhang, J Liu, Y Guo… - Frontiers in Aging …, 2022 - frontiersin.org",,,https://www.frontiersin.org/journals/aging-neuroscience/articles/10.3389/fnagi.2022.1047076/full,False,google_scholar/page_0017.json.gz,True,True,False,False
google_scholar,dEhG6N4oyW0J,"… multi-omics analysis reveals an interplay of hormonal regulation, antioxidant defense, and lipid signaling during artificial seed aging in Momordica charantia","… This study aimed to elucidate the molecular mechanisms of artificial seed aging using an 
integrated proteomics, metabolomics, and hormone analysis approach. Germination rate …",2025,2025-01-01,,,,"Y Yingchutrakul, J Kumsab, N Simanon… - Plant Physiology and …, 2025","Y Yingchutrakul, J Kumsab, N Simanon… - Plant Physiology and …, 2025 - Elsevier",,,https://www.sciencedirect.com/science/article/pii/S0981942825012823,False,google_scholar/page_0017.json.gz,True,True,False,False
google_scholar,IxJjvj6H5xQJ,Multi-omics and tumor immune microenvironment characterization of a prognostic model based on aging-related genes in melanoma,"… Early diagnosis, accurate assessment, and timely intervention are crucial for reducing the … 
Age, or aging, is considered the biggest risk factor for cancer development. Aging provides …",2024,2024-01-01,,,,"Z He, M Chen, Q Li, Z Luo, X Li - American Journal of Cancer …, 2024","Z He, M Chen, Q Li, Z Luo, X Li - American Journal of Cancer …, 2024 - pmc.ncbi.nlm.nih.gov",,,https://pmc.ncbi.nlm.nih.gov/articles/PMC10998739/,False,google_scholar/page_0017.json.gz,True,True,True,True
google_scholar,lZs3ighjTm0J,Dynamic multi-omics analysis reveals the correlation between aroma compounds and symbiotic microbial community during tobacco leaf aging process,"… natural conditions or with artificial intervention [2]. This … aging, but there is still limited 
understanding of their dynamic changes and correlation with various metabolites during aging [3]. …",2025,2025-01-01,10.1186/s12870-025-07765-3,,,"L Jin, Q Xu, C Miao, J Zhan, Y Zhang, M Li, J Cheng… - BMC Plant …, 2025","L Jin, Q Xu, C Miao, J Zhan, Y Zhang, M Li, J Cheng… - BMC Plant …, 2025 - Springer",,,https://link.springer.com/article/10.1186/s12870-025-07765-3,False,google_scholar/page_0017.json.gz,True,True,True,True
google_scholar,WqYPf7qC5oEJ,"MULTI-OMIC DISSECTION OF ALZHEIMER'S DISEASE: DISENTANGLING AGING TRAJECTORIES, NEURODEGENERATION AND PATHOPHYSIOLOGICAL …","… separation of natural aging and disease trajectories. Our data show that multi-omic integration 
is not only descriptive — it is necessary to deconvolve the causal layers that structure AD …",2025,2025-01-01,,,,"A Ruiz Laza, S Seshadri - Innovation in Aging, 2025","A Ruiz Laza, S Seshadri - Innovation in Aging, 2025 - academic.oup.com",,,https://academic.oup.com/innovateage/article-abstract/9/Supplement_2/igaf122.1247/8409724,False,google_scholar/page_0017.json.gz,True,True,True,True
google_scholar,wAt1yiyItpsJ,O4‐10‐05: MULTI‐OMIC ANALYSIS IDENTIFIES TRANSCRIPTIONAL NETWORKS AND DRIVERS ASSOCIATED WITH COGNITIVE AGING AND …,"… across aging and AD. In addition, we identified a gene within an mQTL in a module conserved 
in humans that may be targeted to promote resilience to memory decline during aging. …",2019,2019-01-01,10.1016/j.jalz.2019.06.4798,,,"SE Heuer, SM Neuner, C Gaiteri… - Alzheimer's & …, 2019","SE Heuer, SM Neuner, C Gaiteri… - Alzheimer's & …, 2019 - Wiley Online Library",,,https://alz-journals.onlinelibrary.wiley.com/doi/abs/10.1016/j.jalz.2019.06.4798,False,google_scholar/page_0017.json.gz,True,True,False,False
google_scholar,UhiA8q0KJTEJ,"A Multi-Omic Mendelian Randomization Study of Epigenetic Aging and Human Longevity Identifies Novel Genes, Biological Pathways, and Potential Drug …",,2023,2023-01-01,,,,"D Rosoff, L Mavromatis… - …, 2023","D Rosoff, L Mavromatis… - …, 2023 - … , 4 CRINAN ST, LONDON, N1 9XW …",,,,False,google_scholar/page_0017.json.gz,True,True,True,True
google_scholar,DS24hhdjYpAJ,Bulk and single-nuclei multiomics study of aging in Nothobranchius furzeri,"Aging is the gradual and progressive decline of fitness with advancing age and constitutes … 
Within aging populations, considerable inter-individual variability exists in disease …",,,,,,A Cellerino,A Cellerino - ricerca.sns.it,,,https://ricerca.sns.it/retrieve/74f776c0-885f-4df9-ba2d-3fff0c9a4dc5/Tesi.pdf,False,google_scholar/page_0018.json.gz,True,True,False,False
google_scholar,jjvrBX6gIw0J,MULTI-OMICS DISSECTION OF TRANSCRIPTIONAL AND EPIGENETIC REMODELING DURING CARDIAC AGING,"… By leveraging multi-omic profiles across the lifespan, we … aging process but also highlight 
potential regulatory elements and pathways that may be targeted for therapeutic intervention…",,,,,,"D Bonisolo, S Serio, C Pagiatakis, R Gornati…","D Bonisolo, S Serio, C Pagiatakis, R Gornati… - ejh.it",,,https://www.ejh.it/ejh/article/view/4631,False,google_scholar/page_0018.json.gz,True,True,True,True
google_scholar,u9aFjiy-wG0J,# 326: Multi-Omics Analysis Reveals Translational Landscapes and Regulations in Mouse and Human Oocyte Aging,"… the multi-omics landscapes of mouse and human oocyte aging. The role and mechanisms 
underlying oocyte aging were … YTHDF3 intervention perturbed the translatome of oocytes and …",2023,2023-01-01,10.1142/s2661318223743564,,,"J Huang, H Zeng, X Liang, C Zhou - Fertility & Reproduction, 2023","J Huang, H Zeng, X Liang, C Zhou - Fertility & Reproduction, 2023 - World Scientific",,,https://www.worldscientific.com/doi/abs/10.1142/S2661318223743564,False,google_scholar/page_0018.json.gz,True,True,True,True
google_scholar,FOWr-VlJLeAJ,"Multi-Omics AI Integration of Frailty, Immune-Aging, and Nutritional Response Signatures for Predicting Postoperative Complications in Geriatric Surgery","… , vascular immune-aging, and anabolic … -aging reference), and GSE136395 (skeletal muscle 
mRNA profiles from 82 older adults before and after a randomized nutritional intervention). …",2025,2025-01-01,,,,"R Fajar, P Prihantini, R Winarti, SV Putri… - 대한외과학회 학술대회 …, 2025","R Fajar, P Prihantini, R Winarti, SV Putri… - 대한외과학회 학술대회 …, 2025 - dbpia.co.kr",,,https://www.dbpia.co.kr/Journal/articleDetail?nodeId=NODE12563365,False,google_scholar/page_0018.json.gz,True,True,True,True
google_scholar,7c6r0z72Wk8J,The Epigenomic Landscape of Mouse Brain Aging: Single-Cell Multi-Omics Reveals Heterochromatin Loss and Transcription Factor Dysregulation,"… revealed a decay of heterochromatin domains during aging in excitatory neurons, which 
we validated using single-cell multi-omics assays and immunostaining experiments. Previous …",2025,2025-01-01,,,,ML Amaral,ML Amaral - 2025 - search.proquest.com,,,https://search.proquest.com/openview/de64e77a75ca2dce2ee63a535a32278c/1?pq-origsite=gscholar&cbl=18750&diss=y,False,google_scholar/page_0018.json.gz,True,True,False,False
google_scholar,Xo3cnh0Nn3cJ,Multi-omics characterization of the skin microbiota reveals the anti-aging roles of Stenotrophomonas maltophilia,"… In summary, our integrative multi-omics analysis provides critical insights into the intricate 
crosstalk between the skin microbiome and metabolites during the aging process, revealing …",2025,2025-01-01,10.1101/2025.07.09.663908.abstract,,,"D Guo, Y Chen, Y Wu, J Cheng, W Lai, W Ma, H Yang… - bioRxiv, 2025","D Guo, Y Chen, Y Wu, J Cheng, W Lai, W Ma, H Yang… - bioRxiv, 2025 - biorxiv.org",,,https://www.biorxiv.org/content/10.1101/2025.07.09.663908.abstract,False,google_scholar/page_0018.json.gz,True,True,False,False
google_scholar,pwRoBR7cBEMJ,New Insights into Aging and Obesity-Associated Aging Characteristics of Female Subcutaneous Adipose Tissue Revealed by Integrative Analysis of Multi-Omics Data,"… profiled the SAT aging landscape using multi-omics analysis, and identified specific aging-related … 
networks and associated core molecules that may be considered factors in SAT aging. …",,,,,,"Z Li, S Wang, S Liu, Z Xu, X Yi, Y Wang, J Liu, L Luo…","Z Li, S Wang, S Liu, Z Xu, X Yi, Y Wang, J Liu, L Luo… - papers.ssrn.com",,,https://papers.ssrn.com/sol3/papers.cfm?abstract_id=3666869,False,google_scholar/page_0018.json.gz,True,True,False,False
google_scholar,3U1SswOVxdgJ,Multi-Omics Integration in Mice with Parkinson's Disease and the Intervention Effect of Cyanidin-3-Glucoside. Front. Aging Neurosci,,2022,2022-01-01,,,,"W Wang, GX Zhu, YW Wang, W Li, SL Yi, K Wang…","W Wang, GX Zhu, YW Wang, W Li, SL Yi, K Wang… - 2022",,,,False,google_scholar/page_0018.json.gz,True,True,True,True
google_scholar,AT2hf9Ux9r8J,Gut Microbiome Regulation of Brain Metabolism Across Aging in Drosophila melanogaster: A Multi-Omics and Functional Study,"… In this dissertation, Drosophila melanogaster as a model is used to uncover how microbiome 
absence alters brain metabolism across aging, integrating multi-omics approaches with …",2025,2025-01-01,,,,D Zhao,D Zhao - 2025 - search.proquest.com,,,https://search.proquest.com/openview/67f54616912cebe0c85b876cfdd2de3f/1?pq-origsite=gscholar&cbl=18750&diss=y,False,google_scholar/page_0018.json.gz,True,True,False,False
google_scholar,Rg9gJFLKI2oJ,Human brain aging heterogeneity observed from multi-region omics data reveals a subtype closely related to Alzheimer's disease,"… aging and Alzheimer’s disease (AD) remain to be elucidated. METHODS: We investigated 
multi-omics … regions (PFC and HIPP) in the multi-omics data. Intriguingly, the ADL subtype in …",2024,2024-01-01,10.1101/2024.03.01.582970.abstract,,,"S Peng, E Wang, M Wang, X Wang, K Yu, Y Fu… - bioRxiv, 2024","S Peng, E Wang, M Wang, X Wang, K Yu, Y Fu… - bioRxiv, 2024 - biorxiv.org",,,https://www.biorxiv.org/content/10.1101/2024.03.01.582970.abstract,False,google_scholar/page_0018.json.gz,True,True,False,False
