record_id,canonical_id,source,provenance_sources,source_record_id,doi,pmid,pmcid,title,abstract,year,publication_date,document_type,language,url,is_preprint,duplicate_count,query_branches,local_multiomics_match,local_aging_match,local_causal_anchor_match,local_three_block_match
doi:10.1001/jamacardio.2024.4115,doi:10.1001/jamacardio.2024.4115,semantic_scholar,semantic_scholar,7999dfa7d387bea7802b95a4aafff2fdd2912c2f,10.1001/jamacardio.2024.4115,39661372,,"Pitavastatin, Procollagen Pathways, and Plaque Stabilization in Patients With HIV: A Secondary Analysis of the REPRIEVE Randomized Clinical Trial.","Importance In a mechanistic substudy of the Randomized Trial to Prevent Vascular Events in HIV (REPRIEVE) randomized clinical trial, pitavastatin reduced noncalcified plaque (NCP) volume, but specific protein and gene pathways contributing to changes in coronary plaque remain unknown. Objective To use targeted discovery proteomics and transcriptomics approaches to interrogate biological pathways beyond low-density lipoprotein cholesterol (LDL-C), relating statin outcomes to reduce NCP volume and promote plaque stabilization among people with HIV (PWH). Design, Setting, and Participants This was a post hoc analysis of the double-blind, placebo-controlled, REPRIEVE randomized clinical trial. Participants underwent coronary computed tomography angiography (CTA), plasma protein analysis, and transcriptomic analysis at baseline and 2-year follow-up. The trial enrolled PWH from April 2015 to February 2018 at 31 US research sites. PWH without known cardiovascular diseases taking antiretroviral therapy and with low to moderate 10-year cardiovascular risk were eligible. Data analyses were conducted from October 2023 to February 2024. Intervention Oral pitavastatin calcium, 4 mg per day. Main Outcomes and Measures Relative change in plasma proteomics, transcriptomics, and noncalcified plaque volume among those receiving treatment vs placebo. Results Among 558 individuals (mean [SD] age, 51 [6] years; 455 male [82%]) included in the proteomics assessment, 272 (48.7%) received pitavastatin and 286 (51.3%) received placebo. After adjusting for false discovery rates, pitavastatin increased abundance of procollagen C-endopeptidase enhancer 1 (PCOLCE), neuropilin 1 (NRP-1), major histocompatibility complex class I polypeptide-related sequence A (MIC-A) and B (MIC-B), and decreased abundance of tissue factor pathway inhibitor (TFPI), tumor necrosis factor ligand superfamily member 10 (TRAIL), angiopoietin-related protein 3 (ANGPTL3), and mannose-binding protein C (MBL2). Among these proteins, the association of pitavastatin with PCOLCE (a rate-limiting enzyme of collagen deposition) was greatest, with an effect size of 24.3% (95% CI, 18.0%-30.8%; P < .001). In a transcriptomic analysis, individual collagen genes and collagen gene sets showed increased expression. Among the 195 individuals with plaque at baseline (88 [45.1%] taking pitavastatin, 107 [54.9%] taking placebo), changes in NCP volume were most strongly associated with changes in PCOLCE (%change NCP volume/log2-fold change = -31.9%; 95% CI, -42.9% to -18.7%; P < .001), independent of changes in LDL-C level. Increases in PCOLCE related most strongly to change in the fibro-fatty (<130 Hounsfield units) component of NCP (%change fibro-fatty volume/log2-fold change = -38.5%; 95% CI, -58.1% to -9.7%; P = .01) with a directionally opposite, although nonsignificant, increase in calcified plaque (%change calcified volume/log2-fold change = 34.4%; 95% CI, -7.9% to 96.2%; P = .12). Conclusions and Relevance Results of this secondary analysis of the REPRIEVE randomized clinical trial suggest that PCOLCE may be associated with the atherosclerotic plaque stabilization effects of statins by promoting collagen deposition in the extracellular matrix transforming vulnerable plaque phenotypes to more stable coronary lesions. Trial Registration ClinicalTrials.gov Identifier: NCT02344290.",2024,2024-12-11,JournalArticle,,https://www.semanticscholar.org/paper/7999dfa7d387bea7802b95a4aafff2fdd2912c2f,False,0,,True,False,True,False
doi:10.1002/advs.202411015,doi:10.1002/advs.202411015,pubmed,openalex;pubmed,39569747,10.1002/advs.202411015,39569747,PMC11727132,Ucp1 Ablation Improves Skeletal Muscle Glycolytic Function in Aging Mice.,"Muscular atrophy is among the systematic decline in organ functions in aging, while defective thermogenic fat functionality precedes these anomalies. The potential crosstalk between adipose tissue and muscle during aging is poorly understood. In this study, it is showed that UCP1 knockout (KO) mice characterized deteriorated brown adipose tissue (BAT) function in aging, yet their glucose homeostasis is sustained and energy expenditure is increased, possibly compensated by improved inguinal adipose tissue (iWAT) and muscle functionality compared to age-matched WT mice. To understand the potential crosstalk, RNA-seq and metabolomic analysis were performed on adipose tissue and muscle in aging mice and revealed that creatine levels are increased both in iWAT and muscle of UCP1 KO mice. Interestingly, molecular analysis and metabolite tracing revealed that creatine biosynthesis is increased in iWAT while creatine uptake is increased in muscle in UCP1 KO mice, suggesting creatine transportation from iWAT to muscle. Importantly, creatine analog β-GPA abolished the differences in muscle functions between aging WT and UCP1 KO mice, while UCP1 inhibitor α-CD improved muscle glycolytic function and glucose metabolism in aging mice. Overall, these results suggested that iWAT and skeletal muscle compensate for declined BAT function during aging via creatine metabolism to sustain metabolic homeostasis.",2024,2024-11-21,"Journal Article; Research Support, Non-U.S. Gov't",eng,https://pubmed.ncbi.nlm.nih.gov/39569747/,False,1,,True,True,True,True
doi:10.1002/alz.073727,doi:10.1002/alz.073727,semantic_scholar,semantic_scholar,c41037e2588cefe49527342b471bae0aa048da4a,10.1002/alz.073727,,,Integrative multi‐omics for normal brain aging and Alzheimer’s Disease in Drosophila,"Normal brain aging and Alzheimer’s Disease (AD) are both characterized by neurodegeneration and share many similarities. However, the mechanisms underlying both their similarities and differences remain largely unknown. Cell‐cell interactions mediate nearly all aspects of an organism’s physiology via cell‐surface proteins; as such, ∼70% of pharmaceutical drugs target cell‐surface proteins. Glial cells play many important roles in cell‐cell communication, plasticity, and immune function; thus, glial cell‐surface proteins present ideal novel biomarkers and drug targets. However, it remains difficult to profile glial cell‐surface proteins from intact brains, or to fully characterize gene expression changes during the progression of age‐related neurodegeneration.",2023,2023-12-01,JournalArticle,,https://www.semanticscholar.org/paper/c41037e2588cefe49527342b471bae0aa048da4a,False,0,,True,True,True,True
doi:10.1002/aps3.11471,doi:10.1002/aps3.11471,openalex,openalex,https://openalex.org/W4223595273,10.1002/aps3.11471,,,Methodologies in gametophyte biology,"All land plants reproduce following a pattern known as the alternation of generations, whereby fertilization occurs in the sexual gametophyte stage, which results in an asexual sporophyte stage. In the ~470-million-year history of terrestrial plants, there has been a slow but remarkable shift in the way different lineages alternate between these generations. Bryophytes closely align with their algal ancestors in growing primarily as gametophytes; the short-lived sporophytes they produce are most often nutritionally dependent on their haploid counterparts and senesce shortly after dispersing their spores. Seed plants evolved the opposite tactic, with large, dominant sporophytes and microscopic, nutritionally dependent gametophytes. Ferns and lycophytes reside at the center of this life-history spectrum, with free-living sporophytes and gametophytes that are not nutritionally or structurally dependent on one another. Each generation is arguably equal in its importance to the long-term survival of species, yet most of the scientific inquiry in vascular plants has focused primarily on sporophytes. In noting this imbalance for ferns, Richard Holttum (1938) wrote, “We are accustomed to see and marvel at the great varied form and adaptation of the sporophytes…but indeed, there must be nearly as much variety of adaptation among the gametophytes.” The study of gametophytes has since become less and less relegated to the sidelines of plant biology. Indeed, several recent studies have used gametophytes and gametophyte-dominant lineages as a unique system for plant biology using biotechnological approaches. However, because of their relatively small size and cryptic morphology, there is still much to learn about the ecology, physiological resilience, and astounding evolutionary innovations of gametophytes. The 15 papers in this special issue, “Methods in Gametophyte Biology,” illustrate the breadth and importance of gametophyte biology while highlighting the novel tools and techniques researchers are leveraging to answer fundamental questions regarding the haploid generation. Given its haploid nature, the gametophyte generation likely experiences selective pressures differently than its sporophytic counterpart. Yet, these pressures undoubtedly affect the sporophyte generation due to pleiotropic effects between the two life cycle stages. To address this gap in understanding, Sorojsrisom et al. (2022) developed a Python wrapper, shadie (Simulating Haploid–Diploid Evolution), which allows users to run SLiM 3 (Haller and Messer, 2019) simulations to examine evolutionary patterns in plant life cycles. This offers researchers a platform for better understanding how selection in gametophytes has affected all lineages of land plants. By providing a flexible and global simulator for constructing evolutionary models, Sorojsrisom et al. open the field to an understudied key aspect of the biphasic life cycles of land plants. A second article in this special issue broadly focusing on all embryophytes examines gametophyte ultrastructure and mechanisms of spore and pollen dispersal. Mitchell et al. (2022) review the use of high-speed videography and microscopy techniques to further our understanding of the biomechanical mechanisms of spore and pollen release in plants. They show that studies of dispersal biomechanics are often only focused on specific taxa, in part due to a lack of suitable and broadly available methodologies. The authors suggest that methods combining high frame-rate videos, which can be slowed for detailed study, are particularly powerful when combined with advanced microscopy. This methodology has the potential to allow for the examination of processes occurring at scales as fine as the subcellular level. This perspective, therefore, encourages a broader application of these approaches in studying processes associated with plant dispersal and reproductive biology, making this review a timely contribution to gametophyte research. The emergence of Anthoceros agrestis Paton as a hornwort model species fills a critical scientific gap and allows for genomic and physiological comparisons that promise answers to longstanding evolutionary questions. However, their slow growth rates have hampered the development of necessary genetic tools to examine such questions. Gunadi et al. (2022) present a detailed protocol for in vitro growth and show how various media supplements benefit rapid hornwort biomass production. In doing so, the study reports an innovative and substantial technological achievement. As a guideline specifically targeted to hornwort biology, these in vitro protocols have the potential to advance developmental genetic studies of hornwort traits. Growing hornworts axenically, faster, and in more significant quantities will speed future studies into the biology of these enigmatic bryophytes. While rapidly growing hornwort gametophytes in vitro is an essential step in examining evolutionary patterns among land plants, the same can be said for developing a protocol that allows for genetic transformation. Researchers may rapidly alter a plant's genome by working with protoplasts, as there is no cell wall to block DNA transformation. Because the establishment of the model hornwort A. agrestis has arisen relatively recently (Szövényi et al., 2015), protocols for working with hornwort protoplasts have not yet been established. Building on their previous work, Neubauer et al. (2022) fill this gap in scientific knowledge by providing the first step-by-step protocol for the transformation of protoplasts in A. agrestis. This study paves the way for the investigation of protein function, localization, and interactions in vivo and facilitates CRISPR/Cas9 genome editing in hornworts. Two additional articles in this special issue focus on reproduction and genotypic patterns in bryophytes, specifically mosses. For dioicous mosses, sex is determined by either a U chromosome (female) or a V chromosome (male). Determination of sex in many mosses has previously been based on gamete production, making it difficult to accurately assess sex ratios in the field, as sterile mosses cannot be categorized. Focusing on the species Syntrichia caninervis Mitt. as a study system, Ekwealor et al. (2022) provide a method for the sex classification of sterile shoots. Using a restriction fragment length polymorphism (RFLP) approach, the authors identified a locus on the sex chromosomes which they then used to develop targeted PCR primers to screen non-expressing shoots. The authors are optimistic that these primers will work broadly across the genus Syntrichia Brid., allowing for a broader understanding of sex distribution in dioicous mosses. Although all mosses require a thin layer of water for sperm to swim to eggs, recent findings have shown that microarthropods facilitate outcrossing in some species (Cronberg et al., 2006). It was subsequently discovered that these microarthropods were being attracted to biogenic volatile organic compounds (BVOCs) (Rosenstiel et al., 2012), a variety of which have now been characterized and are thought to play a role in reproductive isolation leading to high rates of diversification. Here, Brennan et al. (2022) review four methodologies available to rapidly collect and quantify moss BVOCs—with the ability to sample multiple mosses simultaneously, enabling the creation of a BVOC “fingerprint”—and describe a new gas-chromatography technique to identify volatiles collected in the field or a laboratory setting. The remaining articles in this issue focus on the gametophytic generation of ferns and lycophytes. Both lineages are unique among extant land plants in that both the gametophytic and sporophytic generations grow independently of one another. For lycophytes and a subset of fern lineages, the gametophytes are achlorophyllous and subterranean, making them extremely difficult to locate and study. Rimgaile-Voicik and Naujalis (2022) review methods previously employed to locate and isolate achlorophyllous gametophytes. They provide a succinct guide for the detection of subterranean gametophytes and best practices for gametophyte extraction, which vary according to the goals of each project. The paper culminates in a discussion of the scientific questions revolving around subterranean gametophyte population development, which may be addressed when employing the recommended methods. Farrar and Johnson (2022) also focus on approaches associated with studying subterranean gametophytes, providing a refined technique for the recovery of gametophytes through soil centrifugation. This approach also allows investigators to obtain small, juvenile sporophytes and intact gemmae. Gemmae are delicate, asexual reproductive structures that grow from the margin of fern gametophytes belonging to certain genera; they detach easily and are therefore especially difficult to study among species that have subterranean life stages. The authors ultimately hope that this approach allows for further study relating to population dynamics, responses to stress, and species conservation. Subterranean gametophytes are entirely dependent on fungal associations for the acquisition of nutrients, yet to date, few studies have been conducted that characterize these fungal communities. It is currently unknown whether dark septate endophytes (DSE), which are common in environments where plants are subject to high amounts of physiological stress, are present in the achlorophyllous, subterranean gametophytes of ferns. Chen et al. (2022) provide a workflow for sequencing the mycobiome of a single gametophyte sample using a metabarcoding technique, demonstrating for the first time that DSEs are present in subterranean gametophytes and are likely integral components of their microbiome. Fern and lycophyte gametophytes are relatively diminutive in size and often nondescript, lacking the morphological characters necessary for taxonomic identification. Nitta and Chambers (2022) review the use of DNA barcoding methodologies to identify cryptic fern gametophytes. By comparing short stretches of gametophyte DNA to a reference sporophyte database, DNA barcoding allows for taxonomic assignment among field-collected fern gametophytes. In their review, Nitta and Chambers discuss a broad assembly of literature on molecular identification of fern gametophytes, which are applicable to lycophytes as well. They cover specific applications of DNA barcoding technology and provide a glimpse at future possibilities for field studies of ferns. An expansion of the applicability of DNA barcoding is reviewed by Wu et al. (2022), focusing on tissue-direct PCR (TD-PCR). This method forgoes the typical DNA extraction protocol and directly amplifies fern gametophyte tissue using either species-specific or universal PCR primers. The TD-PCR protocol was designed with the aim of saving researchers time and money, and successfully amplifies DNA from tissue amounts too small for traditional DNA extraction protocols. Wu et al. then focus on two case studies to document the utility of TD-PCR in addressing broad ecological questions associated with fern gametophytes. The inability to confidently identify most fern gametophytes has led to a lack of information regarding field-based ecological and physiological patterns. However, with advances in DNA barcoding, as reviewed by Nitta and Chambers (2022), many of these studies may now be possible. Krieg and Chambers (2022) provide an overview of the historical research and previously employed methods used to study fern gametophyte ecology and physiology over the past century. They specifically focus on the advantages and limitations of laboratory and greenhouse studies, highlighting the potential field studies that become possible as fern gametophytes are unambiguously identified through DNA barcoding techniques. Quinlan et al. (2022) provide an excellent example of how DNA barcoding and TD-PCR may be applied to address some of the broad ecological questions highlighted by Krieg and Chambers (2022). Focusing on a tree fern common in Taiwan, Alsophila podophylla Hook., Quinlan et al. successfully examined phenological patterns. They developed a protocol whereby investigators can examine the relationship between spore maturation and release, gametophyte establishment, and the development of a juvenile sporophyte. Using a plot-based design, the authors systematically examined subplots every two months. While the authors did sequence all gametophytes collected within the sampled subplot from their first visit, they subsequently developed species-specific markers so that only gametophytes of A. podophylla amplified, allowing researchers to avoid the expense associated with sequencing during subsequent surveys. A major question regarding gametophytes is how well they respond to stressful conditions like desiccation or freezing compared to sporophytes. As reviewed in Krieg and Chambers (2022), much of the previous work on fern gametophyte ecology has occurred in laboratory or greenhouse settings. Schneller and Farrar (2022) also highlight this in their study but provide a way to examine stress responses over time in natural, undisturbed habitats. Focusing on seasonal changes in a temperate habitat, Schneller and Farrar developed a method where investigators may use fixed-distance photography to monitor the longevity and growth rates of fern gametophytes in response to stressful environmental conditions. The approach has the benefit of being non-invasive and may be programmed to allow for rapid computer analysis, providing both qualitative and quantitative evaluations. While field-based studies are particularly lacking in the fern gametophyte literature, laboratory studies are still powerful ways to conduct manipulative experiments. There are a limited number of studies examining competitive interactions among fern gametophytes, even though this is likely a common occurrence. One reason there are so few studies in this area is because of the current difficulty in quantifying the factors that would be impacted in a competitive environment, such as plant size. Hornych et al. (2022) outline an approach that utilizes the free software program Easy Leaf Area (Easlon and Bloom, 2014) to rapidly quantify gametophyte area. The authors employed this approach to examine the competitive interactions among three species, two of which are apomictic. The results were comparable to more time-consuming image analysis approaches. This methodology is thus applicable for rapidly examining the area of large numbers of gametophytes and is a useful approach for examining several poorly understood ecological processes associated with fern gametophytes. The articles published in this special issue point to the scientific community's increased understanding of the importance of the gametophytic generation. After all, without gametophytes, there would be no sporophytes. Each study in and of itself is a micro-review, providing investigators with pertinent background information and historical accounts of previously employed methodologies. The novel methods and approaches proposed within each paper will undoubtedly advance our understanding of the gametophytic life stage, thereby providing a holistic understanding of land plant evolution, ecology, and physiology. S.M.C. prepared the first draft of the manuscript. J.B.P and S.W. provided select article summaries and provided reviewing and editing assistance. All authors approved the final version of the manuscript. We thank the authors for submitting their work to this special issue and the numerous reviewers for their expertise and time. Many thanks to the previous editor-in-chief of Applications in Plant Sciences, Dr. Theresa Culley, and its current editor-in-chief, Dr. Briana L. Gross. Additional thanks to Applications in Plant Sciences managing editor, Beth Parada, for her help throughout the editorial process.",2022,2022-03-01,article,en,https://openalex.org/W4223595273,False,0,genomics_plus_other,True,True,False,False
doi:10.1002/ctm2.1006,doi:10.1002/ctm2.1006,openalex,openalex,https://openalex.org/W4307919007,10.1002/ctm2.1006,,,"Metabolic dysregulation in patients with premature ovarian insufficiency revealed by integrated transcriptomic, methylomic and metabolomic analyses","Premature ovarian insufficiency (POI) is a disorder of ovarian function, which occurs in approximately 3.7% of women younger than 40 years of age.1 The aetiologies of most cases were unknown and usually manifest as isolated organ senescence at early stage of diagnosis, only with long-term consequences of increased risk of metabolic syndrome or disease.2 We tried to explore the essence of POI from multiple dimensions. First, we found that upregulated genes in POI patients’ ovarian granulosa cells were mainly enriched in metabolic pathways. Then, we profiled metabolites in the patients’ sera and identified some metabolites with changed levels, including fumarate, arachidonate and acetoacetate, and the combination of hyodeoxycholic acid (HDCA) and acetoacetate may be used as one of potential biomarkers for POI. In addition, we found genes with upregulated transcription levels and differential methylated levels were enriched in oxidative stress pathways, which can be also elucidated from abnormal metabolism.The transcriptomes of patient and control granulosa cells were profiled, and 3966 differentially expressed genes (DEGs) (fold change > 2, Padj < .05) were identified (Table S1). Gene ontology analyses found that downregulated DEGs were mainly related to extracellular matrix/structure organization and different types of junctions. The upregulated DEGs were enriched in various catabolic/metabolic/biosynthetic/processes (Figure 1A). KEGG (Kyoto Encyclopaedia of Genes and Genomes) analysis showed that cytokine–cytokine receptor interaction, PI3K-Akt-signalling pathway and MAPK-signalling pathway were enriched in the downregulated genes, whereas the metabolic pathway was the most enriched in the upregulated genes. Moreover, other pathways, such as amino acid degradation, synthesis, peroxisome and oxidative phosphorylation, were also enriched in upregulated DEGs (Figure 1B). Several previous studies present valuable information about metabolic features of POI, which mainly focus on total cholesterol, lipoprotein cholesterol and glucose metabolism.3-6 Elevated levels of free fatty acids in follicular fluid were also reported as a potential driver of human POI.7 However, many of these results were inconsistent and not so comprehensive, although they have been noteworthy. Therefore, we carried out metabolomic analyses on serum samples from POI patients and controls. The outlined demographic characteristics of all recruited patients and controls were shown (Table 1). Two cohorts were enrolled in the metabolomic analyses in this study (Figure 2A). In the discovery cohort, a total of 6 categories of 181 features were reliably detected. POI patients could be clearly distinguished from controls by conducting multivariate statistical analysis (Figure 2B). Sixty-two features with VIP (variable importance in projection) values greater than 1 were identified and considered as differential metabolites (DMets). Subsequently, 26 of the 63 DMets were found to be significantly different between POI patients and controls using univariate t test analysis (p < .05) (Figure 2C; Table S2). Next, 32 out of the 62 features were validated using the validation cohort (Table S3). The numbers of metabolites in the union and intersections of the DMets identified from the discovery and validation cohorts were 39 and 13, respectively. Pearson's correlation coefficient figure and heat map analysis of the 39 DMets are shown (Figure S1). Enrichment and pathway analysis of the 39 DMets are shown respectively (Figure 2D,E). Out of the 13 validated DMets, 5 (acetoacetate, glutamate, C22:1, arachidonate and succinate) and 4 (HDCA, C22:0, homocitrulline [Hcit] and fumarate) were increased and decreased in the sera of POI patients, respectively. In addition, ROS and LDH (lactic dehydrogenase) were increased, and NADH and ATP were decreased in patients (Figure 2F). Receiver-operating characteristic (ROC) analysis was performed and 8 metabolites had area under curve (AUCs) greater than .7. In addition, the top two combinations with the highest AUCs were NADH plus acetoacetate (.868) and HDCA plus acetoacetate (.955) (Figure 2G,H). Furthermore, we reanalysed the human granulosa cell whole-genome DNA methylation profiling data that we previously generated.7 A number of 536 genes were hypermethylated in their differentially methylated regions (DMRs), whereas 1583 genes with hypomethylated DMRs were identified (Table S4; Figure S2). Integrating our transcriptomic and methylomic data, we found that 240 differentially expressed and methylated genes (DEMGs) were mainly enriched in response to oxidative stress, response to chemical stress, reactive oxygen species and hydrogen peroxide (Table S5; Figure S3A,B). DNMT3, DNMT1, methylenetetrahydrofolate reductase) and 5-methyltetrahydrofolate–homocysteine methyltransferase reductase, involved in methionine cycle, were differently expressed in POI patients’ granulosa cells (Figure S3C). We next conducted network analysis on these DEMGs and the metabolites we detected (Table S6; Figure S4). The top five DMets were ATP, arachidonate, serotonin, glutamate and citrate. Glutamine synthetase (GLUL) and FOS were revealed as the top two hub genes in terms of connectivity with metabolites. GLUL, which catalyses the ATP-dependent conversion of glutamate and ammonia to glutamine, is related to 9 metabolites and was significantly upregulated and hypomethylated in exonic regions and the 3′UTRs. In-line with this, metabolic profiling showed decreased ATP and increased glutamate in POI patients. FOS was related to 8 metabolites and significantly upregulated and hypomethylated in exonic and 3′UTR regions (Figure 3A). It was also recently reported as a hub gene in the gene regulatory network of antioxidant in aged monkeys and human ovaries.8 In addition, we searched the human metabolome database for the associated enzymes/proteins of the 39 DMets. Changes in the expression and methylation status of these genes were displayed using Cytoscape software (Table S7; Figure S4). Joint-pathway analysis of DEMGs and DMets showed pathways those were impacted (Figure 3B). All the previous analyses were summarized as a metabolic network composed of DMets and enzymes of DEMGs that may contribute to the aetiology of POI (Figure 3C). Genes for NMNAT, PAR3 and NAMPT, enzymes involved in the synthesis or consumption of nicotinamide adenine dinucleotide (NAD+), which were reported associated with POI or ovarian ageing,9, 10 were upregulated or downregulated DEGs. In summary, the integrated analyses of transcriptomic and methylomic data from granulosa cells of the human ovary and the metabolomic data from human sera have identified increased levels of acetoacetate and arachidonate and disturbances in the TCA (tricarboxylic acid) cycle, fatty acids, ketone bodies and antioxidative processes, all of which contribute to decreased levels of NADH and ATP, increased oxidative stress and eventually ovarian premature senescence. Our data not only yielded valuable fundamental insights into its pathological mechanism but also would aid in the development of new therapeutic targets for POI. The causal effect relationship between gene expression and metabolic changes warrants further investigation in the future. This work was supported by the National Natural Science Foundation of China (81971349 and 81300456 to Cuiling Lu) and National Key Research and Development Program of China (2018YFE0201100 to Chunsheng Han and 2016YFC1000302 to Xiumei Zhen). The authors declare that there is no conflict of interest. Please note: The publisher is not responsible for the content or functionality of any supporting information supplied by the authors. Any queries (other than missing content) should be directed to the corresponding author for the article.",2022,2022-10-01,article,en,https://openalex.org/W4307919007,False,0,epigenomics_plus_downstream;transcriptomics_plus_downstream,True,True,True,True
doi:10.1002/fsn3.71910,doi:10.1002/fsn3.71910,semantic_scholar,semantic_scholar,5d6d3b2287db1bea8e20465fb9b7b46c0b408260,10.1002/fsn3.71910,42254439,13240296,"Nutraceutical Interventions in Stunting: Advances, Challenges, and Prospects","ABSTRACT Childhood stunting remains a major global health challenge, reflecting the cumulative effects of inadequate nutrition, recurrent infection, and chronic intestinal dysfunction during early life. Beyond conventional micronutrient supplementation, nutraceutical interventions have emerged as complementary strategies to address the complex biological pathways underlying impaired linear growth. This review synthesizes current evidence on nutraceutical approaches to stunting, including improvements in macronutrient quality, bioactive food components, and microbiome‐targeted strategies such as probiotics, prebiotics, synbiotics, postbiotics, and microbiota‐directed foods. Evidence from clinical and preclinical studies indicates that nutraceutical effects on growth are generally modest and heterogeneous, with more consistent effects on weight gain than on height‐for‐age (HAZ). Variability in efficacy is strongly influenced by baseline nutritional status, environmental enteric dysfunction (EED), infection burden, dietary quality, and water, sanitation, and hygiene (WASH) conditions. Mechanistically, nutraceuticals may act through modulation of gut barrier integrity, inflammatory tone, microbial metabolism, and endocrine signaling pathways, particularly those involving the growth hormone–insulin‐like growth factor‐1 (GH–IGF‐1) axis. Recent microbiota‐directed food trials provide proof‐of‐concept that targeted correction of microbiome immaturity and gut dysfunction can support linear growth. Looking forward, advances in nutrigenomics, microbiome science, and epigenetics support a shift toward precision nutrition strategies that tailor interventions to biological responsiveness and context. Systems biology approaches integrating multi‐omics data, network pharmacology, and interpretable artificial intelligence are expected to refine mechanistic understanding and guide intervention design. Effective translation will require rigorous trial designs, regulatory clarity, and integration of nutraceuticals within broader stunting reduction frameworks in low‐ and middle‐income countries.",2026,2026-05-01,Review; JournalArticle,,https://www.semanticscholar.org/paper/5d6d3b2287db1bea8e20465fb9b7b46c0b408260,False,0,,True,False,True,False
doi:10.1002/iroh.201301707,doi:10.1002/iroh.201301707,europepmc,europepmc;openalex;pubmed;scopus,MED:24791148,10.1002/iroh.201301707,24791148,PMC4004354,Rotifers as models for the biology of aging.,"It has been two decades since 1993 when research on the biology of rotifer aging was last reviewed by Enesco. Much has transpired during this time as rotifer biologists have adapted to the ""omics"" revolution and incorporated these techniques into the experimental analysis of rotifers. Rotifers are amenable to many of these approaches and getting adequate quantities of DNA, RNA, and protein from rotifers is not difficult. Analysis of rotifer genomes, transcriptomes, and proteomes is rapidly yielding candidate genes that likely regulate a variety of features of rotifer biology. Parallel developments in aging biology have recognized the limitations of standard animal models like worms and flies and that comparative aging research has essentially ignored a large fraction of animal phylogeny in the lophotrochozoans. As experimentally tractable members of this group, rotifers have attracted interest as models of aging. In this paper, I review advances over the past 20 years in the biology of aging in rotifers, with emphasis on the unique contributions of rotifer models for understanding aging. The majority of experimental work has manipulated rotifer diet and followed changes in survival and reproductive dynamics like mean lifespan, maximum lifespan, reproductive lifespan, and mortality rate doubling time. The main dietary manipulation has been some form of caloric restriction, withholding food for some period or feeding continuously at low levels. There have been comparative studies of several rotifer species, with some species responding to caloric restriction with life extension, but others not, at least under the tested food regimens. Other aspects of diet are less explored, like nutritional properties of different algae species and their capacity to extend rotifer lifespan. Several descriptive studies have reported many genes involved in rotifer aging by comparing gene expression in young and old individuals. Classes of genes up or down-regulated during aging have become prime targets for rotifer aging investigations. Alterations of gene expression by exposure to specific inhibitors or RNAi knockdown will probably yield valuable insights into the cellular mechanisms of rotifer life extension. I highlight major experimental contributions in each of these areas and indicate opportunities where I believe additional investigation is likely to be profitable.",2014,2014-03-01,research-article; Journal Article,eng,https://europepmc.org/article/MED/24791148,False,3,,True,True,True,True
doi:10.1002/jev2.12295,doi:10.1002/jev2.12295,semantic_scholar,semantic_scholar,49a8cfb7fd0d5a12b8167ed548a0ad1a830781c2,10.1002/jev2.12295,36544284,9772497,Retinal pigment epithelium extracellular vesicles are potent inducers of age‐related macular degeneration disease phenotype in the outer retina,"Abstract Age‐related macular degeneration (AMD) is a leading cause of blindness. Vision loss is caused by the retinal pigment epithelium (RPE) and photoreceptors atrophy and/or retinal and choroidal angiogenesis. Here we use AMD patient‐specific RPE cells with the Complement Factor H Y402H high‐risk polymorphism to perform a comprehensive analysis of extracellular vesicles (EVs), their cargo and role in disease pathology. We show that AMD RPE is characterised by enhanced polarised EV secretion. Multi‐omics analyses demonstrate that AMD RPE EVs carry RNA, proteins and lipids, which mediate key AMD features including oxidative stress, cytoskeletal dysfunction, angiogenesis and drusen accumulation. Moreover, AMD RPE EVs induce amyloid fibril formation, revealing their role in drusen formation. We demonstrate that exposure of control RPE to AMD RPE apical EVs leads to the acquisition of AMD features such as stress vacuoles, cytoskeletal destabilization and abnormalities in the morphology of the nucleus. Retinal organoid treatment with apical AMD RPE EVs leads to disrupted neuroepithelium and the appearance of cytoprotective alpha B crystallin immunopositive cells, with some co‐expressing retinal progenitor cell markers Pax6/Vsx2, suggesting injury‐induced regenerative pathways activation. These findings indicate that AMD RPE EVs are potent inducers of AMD phenotype in the neighbouring RPE and retinal cells.",2022,2022-12-01,JournalArticle,,https://www.semanticscholar.org/paper/49a8cfb7fd0d5a12b8167ed548a0ad1a830781c2,False,0,,True,False,True,False
doi:10.1002/path.5425,doi:10.1002/path.5425,pubmed,pubmed,32346919,10.1002/path.5425,32346919,,Recent Advances in Pathology: the 2020 Annual Review Issue of The Journal of Pathology.,"This year's Annual Review Issue of The Journal of Pathology contains 18 invited reviews on current research areas in pathology. The subject areas reflect the broad range of topics covered by the journal and this year encompass the development and application of software in digital histopathology, implementation of biomarkers in pathology practice; genetics and epigenetics, and stromal influences in disease. The reviews are authored by experts in their field and provide comprehensive updates in the chosen areas, in which there has been considerable recent progress in our understanding of disease. © 2020 Pathological Society of Great Britain and Ireland. Published by John Wiley & Sons, Ltd.",2020,2020-04-01,Journal Article; Review,eng,https://pubmed.ncbi.nlm.nih.gov/32346919/,False,0,,False,False,False,False
doi:10.1002/ygh2.330,doi:10.1002/ygh2.330,semantic_scholar,semantic_scholar,60ee2ccaee3354aeb69c7bda86218a5f6390e842,10.1002/ygh2.330,,,Letter: development of biliary/renal stone and sludge after Ceftriaxone intake is associated with aberrant UDP‐Glucuronosyltransferase activity (ie Gilbert’s syndrome),"EDITORS, Ethnicity, age, gender, dietary patterns (vegetarian/eggetarian/non‐ vegetarian) and lifestyle(s) (tobacco usage/active or passive cigarette smoking/tobacco consumption; alcohol/substance abuse) are emerging as significant predictors of gastrointestinal/hepatic malignancies, mor‐ bidities and mortalities in ethnically disparate susceptible populations worldwide with substantial financial burden in patients of differential socioeconomic strata.1,2 The recently published article by Heydari et al in GastroHep provides critical research insights in cost‐effective man‐ agement of Gilbert's syndrome in ‘at‐risk’ genetically susceptible pop‐ ulation.1 This well‐designed cohort‐based study had stringent inclusion and exclusion criteria with 176 unrelated infant and children ≤12 years old receiving Ceftriaxone for ≥7 days; adherence to ethical clinical re‐ search with written informed consent of eligible participants added to overall study quality with appreciable sample size/statistical power (≥80%). Moreover, accurate biochemical, genetic analyses with sophis‐ ticated bidirectional Sanger‐based sequencing of promoter and exon1 regions of UGT1A1 gene and robust, bias‐free statistical data analyses with relevant adjustments of confounders led to meaningful, technically sound, error‐free results with definitive conclusions. The findings revealed that 80 participants (45.5%) were female and the remaining (n = 96; 54.5%) were male, with 16.5% partici‐ pants presenting with abnormal gall bladder conditions after receiv‐ ing Ceftriaxone; precise biotransformation enzymatic sequelae in gender‐based subgroup stratification should be further explored by investigating genetic variants in UDP‐Glucuronosyltransferse/iso‐ forms with subsequent immunodiagnostic imaging‐based magnetic resonance/computed tomography modalities in subsets with signif‐ icant Ceftriaxone‐related adverse effects/toxicity. In patients with TA7/7, and Gly71Arg (G/A) genotype (ie Gilbert's syndrome) preva‐ lence of biliary sludge and stone was significantly higher than controls (P = 0.008 and 0.05 respectively); however, TA7/7 genotype played significant role in increasing relative risk (3.3 time's normal population), suggesting that aberrant UDP‐Glucuronosyltransferase (ie Gilbert's syndrome) had a pivotal role in drug adverse effects. Allosteric en‐ zyme subunit(s)‐based co‐operativity pharmacokinetic/pharmcody‐ namic‐modelling coupled with biomarker‐based pharmacogenetic/ genomic research would certainly strengthen our current understand‐ ing of the pharmacological basis of Ceftriaxone in genetically heterog‐ enous patient population subsets with adverse drug‐related toxicities. Future multicentric, pharmacogenetic studies with metabolomics and cell‐based assays would provide further clinical insights in cost‐effec‐ tive management of Gilbert's syndrome globally for eventual design of clinically validated predictive biomarkers and safe, patient‐friendly Ceftriaxone drug‐dose treatment protocols/regimens with significant reduction in drug‐related adverse effects (biliary and renal stones or sludge). Moreover, genetic variants in interrelated metabolic/bio‐ chemical signalling cascades/molecular regulatory networks including Toll‐like receptors/Wnt‐Frizzled/Autophagy‐Microtubule Associated Light Chain Protein (I/II)/Ceramide/Sphingolipids/Necrosis/High Mobility Group Box‐1/ Apoptosis/Transforming Growth Factor/Smad, etc may be investigated in pooled multiethnic study cohorts in robust, multicentric epidemiological genetic association studies for precisely dissecting the intermediary lipid mediators in Gilbert's syndrome.",2019,2019-03-01,,,https://www.semanticscholar.org/paper/60ee2ccaee3354aeb69c7bda86218a5f6390e842,False,0,,True,False,False,False
doi:10.1007/s00038-016-0828-6,doi:10.1007/s00038-016-0828-6,semantic_scholar,semantic_scholar,1eba86dcad46128b60bed621f8a2e1b225454a45,10.1007/s00038-016-0828-6,27177507,4909794,Public Health Genomics: the essential part for good governance in public health,"In view of the importance of the report of the German Academy of Sciences (Leopoldina 2015), discussion on the health impact of Omics was invited (Kunzli 2015). We would like to expand the view previously published in this journal (Razum et al. 2015). Modern accounts of what now constitutes public health have broadened the meaning of the latter, which has come to mean any form of collective action that aims to improve the health of populations (Porter 1998). In that sense, categories, such as medicine, epidemiology and new technologies (to name a few), are species concepts, subjected to a wider genus proximum, public health. In this context, the fascinating field of Omics (genomics, transcriptomics, proteomics, metabolomics, microbiomics, etc.) and Big Data, with its various applications, has already started to revolutionize the landscape of public health, since the beginning of the 21st century (Brand et al. 2008). However, individual scholars and academic institutes have failed to catch sight of the current successes of Omics and Big Data, recognize their entire societal potential and envisage the future (Bayer and Galea 2015; Leopoldina 2015). Moreover, misconceptions of the health impact of Omics have misled scholars and part of the public to doubt their effectiveness and adopt opinions that hinder the implementation of Omics in health systems. We, on the other hand, argue that Omics are now an organic part of good governance in public health. The idea of modern public health without Omics is simply inconceivable! The reasons for this rely on arguments based on both scientific and societal values. Going beyond phenotypes, Omics allow for the detection of Mendelian diseases almost to 100 %. And not only that! Identification of resilient individuals opens new highways towards elucidation of genetic disorders and new treatment approaches (Chen et al. 2016). Newborn screening programs are a reality, a current success of Omics, which allows for timely diagnosis even before clinical presentation and enables improved life- and healthspan for affected children. Women with BRCA1 mutations, identified through genetic testing and offered intensive preventive options, are also a reality. Yes, it has not been easy for multifactorial or complex diseases, but with the continued thrust, it will be achievable in the foreseeable future. There are already about 1000 genetic tests for multifactorial disorders and hundreds more are currently being tested, with new approaches, such as the diseasome, facilitating the conceptualization of the genome-disease interactions. For the patients with potentially life threatening multifactorial disorders, such as cardiac channelopathies and cardiomyopathies, timely diagnosis and treatment options, are already becoming a reality. Apart from diagnosis, Omics have also been changing the way we approach treatment. An ever growing list of genetic polymorphisms is now used as a basis for predicting response to more than 100 drugs. Pharmacogenomics allow for the identification of patients most likely to respond to a certain treatment, enable tailoring of drug dosage and minimize adverse drug reactions. The importance of pharmacogenomics becomes even more evident if we take into account that 38–75 % of patients are estimated to be unresponsive to drugs (Lehrach 2015). A third pillar of Omics applications is related to their ability to fully exploit the potential of traditional public health interventions. Although a relatively new approach, genetic profiling enables population stratification as to their genetic predisposition and guides prevention programs accordingly, thus rendering them more effective in terms of cost and benefit. In an uncertain global economic landscape, cost effectiveness of any public health intervention is of major importance and Omics can help us both optimize the outcome and reduce the costs of our interventions. Effective screening and prevention programs, early diagnosis, proper treatment and minimization of costs enabled by Omics are obvious benefits for both patients and health care systems. Is that not, after all, the essence of successful public health programs? The contribution of Omics to public health transcends conventional academic and industrial barriers and transforms public health in ways that traditional approaches simply cannot. Apart from public health interventions, we also need effective drugs in our armamentarium. In an era when the rate of new drug approvals stagnates, drug development has moved from the classical clinical development approach of the many, sequential, distinct phases, to a more integrative approach with adaptive clinical trial designs. This is a pure effect of the implementation of Omics approaches and has already started delivering its first results (Schulthess et al. 2015). Furthermore, and perhaps even more excitingly, knowledge in the form of integrated and socially meaningful Omic data has increasingly been conceptualized as public good. Sharing of Omic data from clinical trials enhances public confidence in clinical trials results and fosters the innovation capability of the biopharmaceutical industry, thus leading to the production of targeted drugs that allow for the realization of personalized medicine. However, the social and economic externalities of Omics do not stop here. Health Data Cooperatives enabled by Omics, such as MIDATA.coop, empower citizens to the benefit of individuals, healthcare systems and the society (Hafen et al. 2014). From the above, it is obvious that we are in the middle of a major paradigm shift that leads us towards a ‘systems thinking’ as to disease etiology, prevention and treatment (Brand 2011). However, we are confronted with challenges that need to be addressed. It is clear that we will have to go through a period of ‘normal science’ (in the Kuhnian sense) (Kuhn 1962) which will shed light on the constant interactions between the genome and the phenome (Houle et al. 2010). Moreover, the impact of Omics on public health cannot be fully realized, unless their implementation and integration in health care systems are fully deployed. A critical mass has to be reached… Effective implementation of Omics-based technologies requires coordinated actions and appropriate modifications of public health and health governance systems at all levels (Brand et al. 2012). Starting in Germany and followed by other European Member States, significant work towards this direction has been done by the Public Health Genomics European Network (PHGEN) (http://www.phgen.eu) and guidelines have been developed to ensure the maximum impact on health and economic growth in the health sector. It is incontrovertible that the traditional approaches based on epidemiology, such as tobacco control, have conferred significant advantages in the health of populations. However, they seem to have reached their capacity as to the added value they can confer, at least to parts of the population which have already benefited from such interventions (e.g., people who have quitted smoking). On the other hand, Omics have been providing sound evidence of their potential, as an essential part of good governance, to radically transform the landscape in public health. Unless the skepticism of traditional public health programs towards Omics can present us a sustainable alternative to Omics, there is no other way, beneficial to the population, for them, but to welcome new partners and new approaches to common scopes. The high relevance of the field of Omics for public health and health policy has recently also been expressed by European policymakers. In the Council conclusions on personalized medicine for patients, which has been developed under the Luxembourg Presidency in 2015 (Council 2015), the step-by-step implementation of Public Health Genomics, both at European Union and national level, is encouraged. Public Health Genomics offers a debate platform, where a productive ‘innovation diplomacy’ can find place—we welcome constructive contributions!",2016,2016-05-13,JournalArticle,,https://www.semanticscholar.org/paper/1eba86dcad46128b60bed621f8a2e1b225454a45,False,0,,True,True,True,True
doi:10.1007/s00412-013-0427-8,doi:10.1007/s00412-013-0427-8,pubmed,pubmed,23864360,10.1007/s00412-013-0427-8,23864360,,Non-telomeric epigenetic and genetic changes are associated with the inheritance of shorter telomeres in mice.,"Studies using human and mouse cells have revealed some changes to non-telomeric chromatin and gene expression in response to abnormally short telomeres. To investigate this further, we studied the effect of inheriting shorter telomeres on transcription and genetic stability at non-telomeric sites in the mouse. Using multiple generations of Terc knockout mice, we show that inheriting shorter telomeres from one parent increases the likelihood of transcriptional silencing at a non-telomeric green fluorescent protein (GFP) transgene inherited from the other parent. In these cases, silencing must occur at or after zygote formation. In grand-offspring from a G3 Terc (-/-) parent, transgene expression was further reduced and associated with increased DNA methylation and, surprisingly, reduced copy number at the transgene array. In these cases, the transgene had been passed through the germline of a Terc-compromised parent, providing an opportunity for meiotic events. Furthermore, genome-wide microarray analysis of copy number variations revealed greater genetic instability in G3 Terc (-/-) mice than detected in wild-type mice of the same genetic background. Our results have implications for the molecular mechanisms underlying premature-ageing syndromes, such as dyskeratosis congenita. In autosomal-dominant dyskeratosis congenita, progressive telomere shortening is seen as it passes down the generations, and this is associated with anticipation, i.e. the disease becomes more severe earlier. The underlying mechanism is not known, but has been considered to be simply associated with decreases in telomere length. Epigenetic and/or genetic changes at non-telomeric regions could, in theory, be involved.",2013,2013-07-18,"Journal Article; Research Support, Non-U.S. Gov't",eng,https://pubmed.ncbi.nlm.nih.gov/23864360/,False,0,,True,True,True,True
doi:10.1007/s10522-025-10357-1,doi:10.1007/s10522-025-10357-1,pubmed,pubmed;scopus;semantic_scholar,41361137,10.1007/s10522-025-10357-1,41361137,9641964,Multi-omics profiling reveals mitochondrial dysfunction and epigenetic dysregulation in postoperative cognitive dysfunction: identification of novel biomarkers in an aged mouse model.,"Postoperative cognitive dysfunction (POCD) is a prevalent neurocognitive disorder in elderly patients following surgery and anesthesia. However, the underlying mechanisms remain poorly understood, and treatment options are limited. This study applied a multi-omics strategy, combining cognitive-behavioral assessments with proteomic and metabolomic profiling, to uncover the molecular basis of POCD in an aged mouse model. Behavioral assessments, including the Morris Water Maze (MWM), Open Field Test (OFT), and Novel Object Recognition (NOR), revealed significant cognitive deficits in POCD mice. Proteomic analysis identified 103 differentially expressed proteins (DEPs), with 34 upregulated and 69 downregulated, alongside significant correlations among 16 proteins. Enrichment analysis indicated disturbances in mitochondrial energy metabolism and epigenetic regulation, linked to neurodegenerative pathways. Metabolomic profiling detected 99 metabolites, with 66 upregulated and 33 downregulated, confirming their differential expression between groups. Correlation analysis between DEPs and metabolites led to the identification of nine key proteins (PSB9, COA7, PFD2, CUTA, LEG1, LEG9, BET1L, CHIL3, KV5AG) as potential biomarkers and therapeutic targets for POCD. These findings emphasize the complex relationship between cognitive dysfunction, molecular alterations, and metabolic disruptions in POCD, suggesting a multifactorial pathogenesis that warrants further investigation to develop targeted interventions.",2025,2025-12-09,"Journal Article; Research Support, Non-U.S. Gov't",eng,https://pubmed.ncbi.nlm.nih.gov/41361137/,False,2,,True,False,True,False
doi:10.1007/s11033-023-08357-w,doi:10.1007/s11033-023-08357-w,europepmc,europepmc;pubmed;scopus;semantic_scholar,MED:36897523,10.1007/s11033-023-08357-w,36897523,,"Roles of TSP1-CD47 signaling pathway in senescence of endothelial cells: cell cycle, inflammation and metabolism.","Endothelial cells (ECs) serve as a barrier with forming a monolayer lining in the surface of vascular system. Many mature cell types are post-mitotic like neurons, but ECs have the ability to grow during angiogenesis. Vascular endothelial growth factor (VEGF) stimulates growth of vascular ECs derived from arteries, veins, and lymphatics and induces angiogenesis. Senescence of ECs is regarded as a key contributor in aging-induced vascular dysfunction via evoking increase of ECs permeability, impairment of angiogenesis and vascular repair. Several genomics and proteomics studies on ECs senescence reported changes in gene and protein expression that directly correlate with vascular systemic disorder. CD47 functions as a signaling receptor for secreted matricellular protein thrombospondin-1 (TSP1) and plays an important role in several fundamental cellular functions, including proliferation, apoptosis, inflammation, and atherosclerotic response. TSP1-CD47 signaling is upregulated with age in ECs, concurrent with suppression of key self-renewal genes. Recent studies indicate that CD47 is involved in regulation of senescence, self-renewal and inflammation. In this review, we highlight the functions of CD47 in senescent ECs, including modulation of cell cycle, mediation of inflammation and metabolism by the experimental studies, which may provide CD47 as a potential therapeutic target for aging-associated vascular dysfunction.",2023,2023-03-10,Review; Journal Article,eng,https://europepmc.org/article/MED/36897523,False,3,,True,True,True,True
doi:10.1007/s11357-024-01113-3,doi:10.1007/s11357-024-01113-3,europepmc,europepmc;pubmed;scopus,MED:38488948,10.1007/s11357-024-01113-3,38488948,PMC11336144,Somatic mutations in aging and disease.,"Time always leaves its mark, and our genome is no exception. Mutations in the genome of somatic cells were first hypothesized to be the cause of aging in the 1950s, shortly after the molecular structure of DNA had been described. Somatic mutation theories of aging are based on the fact that mutations in DNA as the ultimate template for all cellular functions are irreversible. However, it took until the 1990s to develop the methods to test if DNA mutations accumulate with age in different organs and tissues and estimate the severity of the problem. By now, numerous studies have documented the accumulation of somatic mutations with age in normal cells and tissues of mice, humans, and other animals, showing clock-like mutational signatures that provide information on the underlying causes of the mutations. In this review, we will first briefly discuss the recent advances in next-generation sequencing that now allow quantitative analysis of somatic mutations. Second, we will provide evidence that the mutation rate differs between cell types, with a focus on differences between germline and somatic mutation rate. Third, we will discuss somatic mutational signatures as measures of aging, environmental exposure, and activities of DNA repair processes. Fourth, we will explain the concept of clonally amplified somatic mutations, with a focus on clonal hematopoiesis. Fifth, we will briefly discuss somatic mutations in the transcriptome and in our other genome, i.e., the genome of mitochondria. We will end with a brief discussion of a possible causal contribution of somatic mutations to the aging process.",2024,2024-03-15,review-article; Review; Journal Article,eng,https://europepmc.org/article/MED/38488948,False,2,,True,True,True,True
doi:10.1007/s11912-025-01731-w,doi:10.1007/s11912-025-01731-w,pubmed,pubmed;scopus;semantic_scholar,41400734,10.1007/s11912-025-01731-w,41400734,8684236,Pharmacological Treatment for Adamantinomatous Craniopharyngioma.,"Adamantinomatous craniopharyngioma (ACP) is a histologically benign but clinically aggressive tumor arising from Rathke's pouch remnants, which is molecularly distinct from the other subtype, papillary craniopharyngioma (PCP). Despite advancements in surgery and radiotherapy, treatment outcomes remain unsatisfactory due to the tumor's invasiveness and resistance to conventional therapies. This review systematically examines the molecular pathogenesis of ACP and evaluates current and emerging therapeutic strategies to improve clinical management. ACP is driven by CTNNB1 mutations and dysregulated Wnt/β-catenin signaling, alongside inflammatory and senescence-associated pathways. Current pharmacological approaches, including interferon-α, IL-6 inhibitors (e.g., tocilizumab), and intracystic agents (e.g., bleomycin), exhibit limited efficacy. Promising emerging therapies target the angiogenesis (e.g., bevacizumab) and MAPK/ERK pathway, which is activated by somatic BRAF V600E mutations in PCP, has been successfully targeted with BRAF/MEK inhibitors, demonstrating significant efficacy in the majority of treated PCP patients. whereas immune checkpoint inhibitors and SHH pathway modulators face significant challenges. Additionally, ACP-related endocrine dysfunction and hypothalamic obesity require tailored interventions, such as GLP-1 receptor agonists and MC4R-targeted therapies. Precision medicine, informed by molecular subtyping and multi-omics data, holds transformative potential for ACP treatment. Future strategies should focus on combinatorial therapies to address tumor heterogeneity, microenvironment modulation, and senolytic approaches. Collaborative multidisciplinary efforts are crucial to translating these insights into clinical practice, ultimately enhancing patient outcomes and quality of life.",2025,2025-12-16,Journal Article; Review,eng,https://pubmed.ncbi.nlm.nih.gov/41400734/,False,2,,True,True,True,True
doi:10.1007/s12672-026-04795-7,doi:10.1007/s12672-026-04795-7,europepmc,europepmc;pubmed;scopus,MED:41831193,10.1007/s12672-026-04795-7,41831193,PMC13100177,"An aging-related gene signature, featuring Cdkn2a, predicts prognosis and immunotherapy response in uterine corpus endometrial carcinoma.","BACKGROUND: Uterine corpus endometrial carcinoma (UCEC) is one of the three major malignant tumors of the female reproductive system, severely impacting the health and lives of young women. Cellular senescence is a hallmark of cancer and plays a role in tumor progression. This study aims to investigate the predictive and diagnostic value of aging-related genes (ARGs) in UCEC. METHODS: Transcriptomic and clinical data from The Cancer Genome Atlas (TCGA) UCEC cohort were analyzed. Consensus clustering based on 432 ARGs stratified patients into subgroups. Differentially expressed genes (DEGs) were identified, and a prognostic risk model was constructed using LASSO-Cox regression. Immune infiltration, immunotherapy response, and drug sensitivity were evaluated. Functional validation of a key gene, CDKN2A (encoding P16), was performed using in vitro assays in Ishikawa cells. RESULTS: Patients were classified into three senescence clusters, with Cluster 3 showing the worst prognosis and an immunosuppressed phenotype. A novel 10-ARG risk signature was established and validated, effectively stratifying patients into high- and low-risk groups with distinct survival outcomes. The high-risk group exhibited an immunosuppressive microenvironment, altered immune checkpoint expression, and differential sensitivity to chemotherapy agents. CDKN2A was upregulated in UCEC tissues, and its knockdown significantly inhibited cell proliferation, migration, and promoted apoptosis in vitro. CONCLUSION: The novel ARGs signature is a promising biomarker for predicting the outcome of UCEC and has the potential to guide immunotherapy. As one of ARGs, Cdkn2a may be a potential diagnostic and therapeutic target for UCEC.",2026,2026-03-14,research-article; Journal Article,eng,https://europepmc.org/article/MED/41831193,False,2,,True,True,True,True
doi:10.1007/s44462-025-00023-7,doi:10.1007/s44462-025-00023-7,openalex,openalex;semantic_scholar,https://openalex.org/W4412680452,10.1007/s44462-025-00023-7,,,"A comprehensive review of probiotic yogurt: nutritional modulation, flavor improvement, health benefits, and advances in processing techniques","Yogurt has been consumed for centuries due to its nutritional and health benefits, including improved digestion, enhanced immune function, and increased longevity. Emerging evidence demonstrates that probiotic supplementation significantly enhances both the sensory quality and functional properties of yogurt. This review examines how probiotics influence the nutritional profile, flavor development, and health benefits of yogurt while exploring the underlying mechanistic pathways. Additionally, we discuss recent advances in probiotic yogurt processing technologies designed to improves probiotic viability, product stability, and sensory quality. Despite technological advances in yogurt processing, several challenges persist, including limited understanding of strain interactions and insufficient clinical validation. Innovative technologies such as multi-omics analysis, artificial intelligence (AI)-driven modeling, clustered regularly interspaced short palindromic repeats (CRISPR) and CRISPR-associated protein 9 ( Cas9 ) gene editing, and 3D printing offer promising opportunities to uncover strain-specific functions, optimize production processes, and enhance both health and sensory attributes. This review provides valuable insights and evidence-based strategies for the future development of probiotic yogurt, with potential applications in personalized nutrition, functional food design, and targeted health interventions for specific population groups.",2025,2025-07-28,article,en,https://openalex.org/W4412680452,False,1,explicit_multiomics,True,True,True,True
doi:10.1016/j.aninu.2024.11.028,doi:10.1016/j.aninu.2024.11.028,semantic_scholar,semantic_scholar,dc4f7534f5ab66f6d24c4c93ac7fc9c21784833b,10.1016/j.aninu.2024.11.028,40487100,12145694,Integrative analysis of metabolomics and transcriptomics reveals alterations in egg quality and hepatic lipid metabolism in hens supplemented with curcumin,"Curcumin has been shown to affect lipid metabolism in various ways, but its molecular mechanisms in hens remain poorly understood. In this study, 378 Hy-Line Brown hens, aged 58 weeks, were randomly assigned into three groups, each consisting of 6 replicates with 21 hens per replicate. The control group was fed a basal diet, while the experimental groups received diets supplemented with either 50 or 100 mg/kg of curcumin for 42 days. The results indicated that 50 mg/kg curcumin supplementation significantly increased average egg weight (quadratically, P = 0.001) and decreased the feed conversion ratio (FCR) (quadratically, P = 0.018). Both 50 and 100 mg/kg curcumin supplementation increased the yolk weight (linearly, P = 0.010), yolk color score (linearly, P = 0.001), and thick albumin weight (quadratically, P = 0.003), thereby improving egg quality. Additionally, curcumin supplementation at both doses reduced hepatic triglyceride (TG) content (linearly, P = 0.007) and hepatic free cholesterol (FC) content (linearly, P = 0.003), while increasing serum catalase (CAT) activity (linearly, P = 0.008) and hepatic superoxide dismutase (SOD) activity (linearly, P = 0.013), alleviating hepatic steatosis and oxidative stress in laying hens. Transcriptomic analysis revealed that curcumin primarily upregulated key genes involved in hepatic cholesterol synthesis (Fdft1, Sqle, Cyp51A1, Msmo1, and Dhcr24) and downregulated key genes involved in hepatic TG synthesis (Acaca, Acacb, and Fasn). Metabolomic analysis identified upregulated serum lysoPS 18:1 as the most significant explanatory variable in curcumin-fed hens. Integrated metabolomics and transcriptomics further revealed that lysoPS 18:1 positively correlated with hepatic cholesterol synthesis genes (Fdft1, Sqle, Cyp51A1, and Msmo1) and negatively correlated with hepatic TG synthesis gene (Fasn), suggesting its role in reducing hepatic TG and FC metabolism. In conclusion, these findings indicate that curcumin enhances production performance and egg quality of laying hens, improves hepatic lipid metabolism, and that 50 mg/kg is the optimal supplementation dose.",2025,2025-03-01,JournalArticle,,https://www.semanticscholar.org/paper/dc4f7534f5ab66f6d24c4c93ac7fc9c21784833b,False,0,,True,False,False,False
doi:10.1016/j.arr.2025.102889,doi:10.1016/j.arr.2025.102889,europepmc,europepmc;pubmed;scopus;semantic_scholar,MED:40902671,10.1016/j.arr.2025.102889,40902671,,Deep aging clocks: AI-powered strategies for biological age estimation.,"Several strategies have emerged lately in response to the rapid increase in the aging population to enhance health and life span and manage aging challenges. Developing such strategies is imperative and requires an assessment of biological aging. Several aging clocks have recently been developed to measure biological aging and to assess the efficacy of longevity interventions. Biological age better reflects a person's actual age and is closely associated with health outcomes and time to mortality. Traditionally, most aging clocks assume that biological changes occur linearly over time. However, age-related changes do not necessarily follow a linear trajectory. Thus, ""Deep Aging Clocks"" have been developed to overcome previous clocks' limitations and better capture subtle changes that occur during aging. Here, we summarize the current deep aging clocks, including epigenetics, transcriptomics, metabolomics, microbiome, and imaging based clocks for age prediction. Recent advances in artificial intelligence (AI), utilizing deep learning techniques, have significantly enhanced the prediction of biological aging, and this would help improve aging clocks and accelerate efforts to reach longer and healthier lives.",2025,2025-09-02,Review; Journal Article,eng,https://europepmc.org/article/MED/40902671,False,3,,True,True,True,True
doi:10.1016/j.bbcan.2020.188455,doi:10.1016/j.bbcan.2020.188455,europepmc,europepmc;pubmed;scopus,MED:33148499,10.1016/j.bbcan.2020.188455,33148499,,Translational control in the naked mole-rat as a model highly resistant to cancer.,"Dysregulation of mRNA translation is involved in the onset and progression of different types of cancer. To gain insight into novel genetic strategies to avoid this malady, we reviewed the available genomic, transcriptomic, and proteomic data about the translational machinery from the naked-mole rat (NMR) Heterocephalus glaber, a new model of study that exhibits high resistance to cancer. The principal features that might confer cancer resistance are 28S rRNA fragmentation, RPL26 and eIF4G overexpression, global downregulation of mTOR pathway, specific amino acid residues in RAPTOR (P908) and RICTOR (V1695), and the absence of 4E-BP3. These features are not only associated with cancer but also might couple longevity and adaptation to hypoxia. We propose that the regulation of translation is among the strategies endowing NMR cancer resistance.",2021,2020-10-22,"Research Support, Non-U.S. Gov't; Review; Journal Article",eng,https://europepmc.org/article/MED/33148499,False,2,,True,True,True,True
doi:10.1016/j.biopsych.2013.01.004,doi:10.1016/j.biopsych.2013.01.004,semantic_scholar,semantic_scholar,924c0cd723e283632605cfbc791affbcb95ef89b,10.1016/j.biopsych.2013.01.004,23399468,3661406,Connectomics Sheds New Light on Alzheimer's Disease,"Rapid advances in brain imaging have stimulated studies worldwide on the network architecture of the living brain, revealing general organizational principles in functional systems and the fiber connections that support them. Connectomics, a relatively new field stimulated by revolutionary developments in neuroimaging, has opened up a new landscape of discovery in neuroscience and has led to major international initiatives, such as the Human Connectome Project (1) (http://www.humanconnectomeproject.org). Maps of brain connectivity are shedding light on some of the most tantalizing questions in neuroscience: how the brain is organized, how it develops, and how it changes in disease. Statistical data on connection patterns are also being assembled into large databases, making it feasible to search for factors that affect connectivity, from neurogenetic disorders to bipolar disorder and schizophrenia, from therapeutic interventions to single letter differences in the human genome. As new methods emerge to assess brain connectivity, some research groups have begun to collect resting-state functional magnetic resonance imaging (rs-fMRI), diffusion-weighted imaging, and electroencephalography/magnetoencephalography to study the global breakdown of network integration in degenerative disease. Neuropsychologic deficits are often attributed to a disconnection between brain regions, sometimes producing a disconnection syndrome. The field of brain mapping has also evolved from reductionistic studies attempting to localize a brain dysfunction to a particular locus or structure in the brain to studies that examine the much more complex effects of disease, or experimental manipulations, on the connections or synchronization of activity throughout the brain. Wang et al. (2) reported a highly innovative study revealing how brain networks break down in Alzheimer's disease (AD). They use rs-fMRI and graph theory, a branch of mathematics used to study networks, to understand how functional connectivity degrades in people with amnestic mild cognitive impairment (MCI). MCI is a syndrome that carries a vastly increased risk of AD; approximately 15% of people with amnestic MCI per year develop symptoms sufficient for a diagnosis of AD. In their report, Wang et al. (2) used functional MRI to measure spontaneous, or so-called resting state, functional connectivity in the brain. To define a set of network nodes, they divide the cortical surface into 1024 regions and determine whether the time courses of activity are correlated between all pairs of such regions. In this kind of resting-state analysis, the activity of diverse brain regions is mapped, to infer functional connections between systems. The overall pattern of correlations may be broken down into statistical modes, including the default mode network (3), and other interacting systems whose properties can be manipulated experimentally. Wang et al. (2) took this approach further and studied correlations in functional signals within different frequency bands, using a wavelet transform method, to identify early signs of network failure in amnestic MCI. The brain can be described as a graph, or network, in which predefined cortical regions are connected by links, or edges, that describe the strength of correlations in their functional activity. In the study by Wang et al. (2), the amnestic MCI group showed decreased functional connectivity overall; a variety of network descriptors were correlated with the severity of cognitive impairment, suggesting that the deterioration of functional coherence contributes to impairment in recall ability. These same network metrics also distinguished MCI subjects from normal controls with high specificity and sensitivity, suggesting that they may be advantageous for diagnosis and tracking of AD, even in a prodromal phase when symptoms are subtle. As the authors noted, network measures could be used, in the future, to supplement other biomarkers from imaging, cerebrospinal fluid, genomics, and proteomics to better understand how AD pathology evolves and perhaps even to assist with differential diagnosis. The neural networks implicated by Wang et al. (2) are highly consistent with information gleaned from other imaging methods regarding the neuropathology of AD. The classical evolution of amyloid plaques and neurofibrillary tangles, hallmarks of AD that are documented in the highly cited work of (4), follows a relentless, spreading trajectory in the brain that is mirrored by a loss of neurons and their connections (Figure 1). The speed and trajectory of the spread differs in different patients, but the medial temporal circuitry of the hippocampus and entorhinal cortex are typically among the first to be involved, followed by parietal and limbic areas, and eventually frontal regions of the brain. Notably, the primary sensorimotor cortices are comparatively resistant to the effects of AD pathology, perhaps because of their high myelination levels, which may be protective. This progressive unraveling of brain integrity has been documented as a progressive wave of cortical thinning (5) and the dynamic spread of cerebral amyloid using positron emission tomography (PET) (6). One study showed that small-world measures of anatomical networks, computed from DTI, predicted future decline in people with mild cognitive impairment (7). Recent studies of familial AD also suggest an emerging wave of amyloid engulfing the brain decades before symptom onset. What makes these prodromal changes highly valuable is the fact that many of them occur well before overt cognitive symptoms become apparent. Figure 1 A comparison of several imaging modalities, illustrating typical differences among normal, MCI, and Alzheimer's disease subjects. This is a summary figure only, based on data from different studies and adapted to illustrate regional similarities. Tau ... Functional connectivity studies such as that of Wang et al. (2) lend insight and power to prior methods that have attempted to chart the spread of pathology. The current report also uses advanced mathematics to define new features for tracking and classification of brain disease. Wavelet methods and graph theory were once within the sole purview of pure mathematicians, but they now offer a remarkable way to sift through large and complex networks and home in on features that predict cognitive performance or clinical decline. Inevitably, the accumulation of pathology induces innumerable downstream changes in other brain systems not yet engulfed by pathology but reliant on functional connections with the impaired regions. If functional connectivity analyses can detect these system-wide changes, they will offer a powerful biomarker for earlier detection of AD and perhaps also for monitoring therapeutic effects. Evidence supporting a gradual disconnection process in AD has emerged from various techniques, including standard anatomical magnetic resonance imaging, electroencephalography, and PET. On diffusion-weighted magnetic resonance imaging, AD patients show a lower density of white matter association fibers in the cingulum, the splenium of the corpus callosum, and the superior longitudinal fasciculus. At the same time, interhemispheric functional synchronization also breaks down. Coherence studies by Wada et al. (8) found disturbed interhemispheric functional connectivity in AD, which has been linked to the disconnection syndrome observed clinically. PET studies also show reduced metabolism in a network of regions, with greater amyloid deposition in the posterior cingulate, retrosplenial, and lateral parietal cortex (9). Functional magnetic resonance imaging also shows deactivated regions that overlap with medial parietal/posterior cingulate regions that show reduced resting metabolic activity in AD subjects, compared with normal elderly and young adults (10). The use of connectomics to study brain disease is still in its infancy. Even the normal ranges of values for many network metrics, such as efficiency, clustering, and small-world properties, are not yet known. Work in large cohorts of developing and aging populations in our laboratories is attempting to define how such network measures change, and which markers are most reliable for defining changes, in terms robustness and ease of implementation across sites. As the field evolves from this stage of exuberant discovery to become a routine and integral component of clinical neuroimaging studies, we are likely to see efforts to harmonize analysis and acquisition methods across the world. This harmonization is currently being performed by large consortium efforts in neuroimaging genetics (e.g., the ENIGMA project, http://enigma.loni.ucla.edu; and ADNI, http://adni.loni.ucla.edu/). Such efforts will help us detect subtle factors, such as individual genetic polymorphisms, that affect brain connectivity. In the paper by Wang et al. (2), the appendix contains ample evidence to show that the effects are robust and do not depend on arbitrary choices in the analysis stream, such as the cortical regions used to define the network's nodes. This is in line with other technical efforts worldwide to determine how affected connectivity networks are by the protocols used to assess them. Data resolution, analysis methods, and scanner field strength all affect which kinds of connections are resolved. Recent studies show high-field imaging, at 7-Tesla, can pick up connectivity patterns generally consistent with lower-field scanners, but they also resolve additional connections and networks (11). As the field of connectomics evolves, we are likely to see a new landscape of collaboration among scientists aiming to understand networks of diverse kinds, from brain networks to genetic networks, to dissect and infer patterns and principles guiding information processing in the human brain.",2013,2013-03-01,LettersAndComments; JournalArticle,,https://www.semanticscholar.org/paper/924c0cd723e283632605cfbc791affbcb95ef89b,False,0,,True,True,True,True
doi:10.1016/j.cell.2016.10.018,doi:10.1016/j.cell.2016.10.018,semantic_scholar,semantic_scholar,bb66742f17c6b36c4c6dc8aec4707561bb28a7b9,10.1016/j.cell.2016.10.018,27814508,5787854,Host and environmental factors influencing individual human cytokine responses,"Summary Differences in susceptibility to immune-mediated diseases are determined by variability in immune responses. In three studies within the Human Functional Genomics Project we assessed the effect of environmental and non-genetic host factors, of the genetic make-up of the host, and of the intestinal microbiome, on the cytokine responses in humans. We analyzed the association of these factors with circulating mediators and with six cytokines after stimulation with 19 bacterial, fungal, viral and non-microbial metabolic stimuli in 534 healthy subjects. In this first study we show a strong impact of non-genetic host factors (e.g. age and gender) on cytokine production and circulating mediators. Additionally, annual seasonality is found to be an important environmental factor influencing cytokine production. Alpha-1-antitrypsin concentrations partially mediate the seasonality of cytokine responses, whereas the effect of vitamin D levels is limited. The complete dataset has been made publicly available as a comprehensive resource for future studies.",2016,2016-11-03,JournalArticle,,https://www.semanticscholar.org/paper/bb66742f17c6b36c4c6dc8aec4707561bb28a7b9,False,0,,True,False,True,False
doi:10.1016/j.celrep.2024.115099,doi:10.1016/j.celrep.2024.115099,europepmc,europepmc;openalex;pubmed;scopus,MED:39723892,10.1016/j.celrep.2024.115099,39723892,,The glial UDP-glycosyltransferase Ugt35b regulates longevity by maintaining lipid homeostasis in Drosophila.,"Lipid droplets (LDs) are dynamic organelles essential for lipid storage and organismal survival. Studies have highlighted the importance of glial function in brain LD formation during aging; however, the genes and mechanisms involved remain elusive. Here, we found that Ugt35b, a member of the uridine diphosphate (UDP)-glycosyltransferases that catalyze the transfer of glycosyl groups to acceptors, is highly expressed in glia and crucial for Drosophila lifespan. By integrating multiomics data, we demonstrated that glial Ugt35b plays key roles in regulating glycerolipid and glycerophospholipid metabolism in the brain. Notably, we found that Ugt35b and Lsd-2 are co-expressed in glia and confirmed their protein interaction in vivo. Knockdown of Ugt35b significantly reduced LD formation by downregulating Lsd-2 expression, while overexpression of Lsd-2 partially rescued the shortened lifespan in glial Ugt35b RNAi flies. Our findings reveal the crucial role of glial Ugt35b in regulating LD formation to maintain brain lipid homeostasis and support Drosophila lifespan.",2025,2024-12-24,"Research Support, Non-U.S. Gov't; Journal Article",eng,https://europepmc.org/article/MED/39723892,False,3,,True,True,True,True
doi:10.1016/j.cmet.2023.02.001,doi:10.1016/j.cmet.2023.02.001,semantic_scholar,europepmc;google_scholar;pubmed;scopus;semantic_scholar,e01a8b7f94b186c1871917fdf41387a0eff570c9,10.1016/j.cmet.2023.02.001,36854304,10015599,Multiomics reveals glutathione metabolism as a driver of bimodality during stem cell aging,"Summary With age, skeletal muscle stem cells (MuSCs) activate out of quiescence more slowly and with increased death, leading to defective muscle repair. To explore the molecular underpinnings of these defects, we combined multiomics, single-cell measurements, and functional testing of MuSCs from young and old mice. The multiomics approach allowed us to assess which changes are causal, which are compensatory, and which are simply correlative. We identified glutathione (GSH) metabolism as perturbed in old MuSCs, with both causal and compensatory components. Contrary to young MuSCs, old MuSCs exhibit a population dichotomy composed of GSHhigh cells (comparable to young MuSCs) and GSHlow cells with impaired functionality. Mechanistically, we show that antagonism between NRF2 and NF-κB maintains this bimodality. Experimental manipulation of GSH levels altered the functional dichotomy of aged MuSCs. These findings identify a novel mechanism of stem cell aging and highlight glutathione metabolism as an accessible target for reversing MuSC aging.",2023,2023-02-01,JournalArticle,,https://www.semanticscholar.org/paper/e01a8b7f94b186c1871917fdf41387a0eff570c9,False,4,,True,True,True,True
doi:10.1016/j.dib.2015.12.049,doi:10.1016/j.dib.2015.12.049,europepmc,europepmc;pubmed;scopus,MED:26909367,10.1016/j.dib.2015.12.049,26909367,PMC4731422,Quantitative analysis by next generation sequencing of hematopoietic stem and progenitor cells (LSK) and of splenic B cells transcriptomes from wild-type and Usp3-knockout mice.,"The data described here provide genome-wide expression profiles of murine primitive hematopoietic stem and progenitor cells (LSK) and of B cell populations, obtained by high throughput sequencing. Cells are derived from wild-type mice and from mice deficient for the ubiquitin-specific protease 3 (USP3; Usp3Δ/Δ). Modification of histone proteins by ubiquitin plays a crucial role in the cellular response to DNA damage (DDR) (Jackson and Durocher, 2013) [1]. USP3 is a histone H2A deubiquitinating enzyme (DUB) that regulates ubiquitin-dependent DDR in response to DNA double-strand breaks (Nicassio et al., 2007; Doil et al., 2008) [2], [3]. Deletion of USP3 in mice increases the incidence of spontaneous tumors and affects hematopoiesis [4]. In particular, Usp3-knockout mice show progressive loss of B and T cells and decreased functional potential of hematopoietic stem cells (HSCs) during aging. USP3-deficient cells, including HSCs, display enhanced histone ubiquitination, accumulate spontaneous DNA damage and are hypersensitive to ionizing radiation (Lancini et al., 2014) [4]. To address whether USP3 loss leads to deregulation of specific molecular pathways relevant to HSC homeostasis and/or B cell development, we have employed the RNA-sequencing technology and investigated transcriptional differences between wild-type and Usp3Δ/Δ LSK, naïve B cells or in vitro activated B cells. The data relate to the research article ""Tight regulation of ubiquitin-mediated DNA damage response by USP3 preserves the functional integrity of hematopoietic stem cells"" (Lancini et al., 2014) [4]. The RNA-sequencing and analysis data sets have been deposited in NCBI׳s Gene Expression Omnibus (Edgar et al., 2002) [5] and are accessible through GEO Series accession number GSE58495 (http://www.ncbi.nlm.nih.gov/geo/query/acc.cgi?acc=GSE58495). With this article, we present validation of the RNA-seq data set through quantitative real-time PCR and comparative analysis.",2016,2016-01-08,other; Journal Article,eng,https://europepmc.org/article/MED/26909367,False,2,,True,True,True,True
doi:10.1016/j.ecoenv.2025.119548,doi:10.1016/j.ecoenv.2025.119548,pubmed,pubmed,41401555,10.1016/j.ecoenv.2025.119548,41401555,,Chlorinated solvents in groundwater and human DNA methylation: The Italian case of Bussi sul Tirino.,"Environmental toxicants, including chlorinated solvents present in contaminated water sources, can modify human DNA methylation (DNAm), an epigenetic mechanism that underlies biological plasticity in response to environmental perturbations. Given the relevance of these epigenetic mechanisms, this study examines the DNAm profiles of communities near Bussi sul Tirino (Abruzzo, Italy), an area declared a Site of National Interest (SNI) in 2008 due to extensive environmental contamination, including chlorinated solvents. The aim was to determine whether long-standing groundwater contamination is associated with changes in DNAm variability. Specifically, buccal swabs were collected from 61 volunteers classified into high (HLE) and low (LLE) exposure groups based on proximity to contaminated water sources. Subsequently, bisulfite sequencing (MiSeq, Illumina) was used to assess DNAm in repetitive elements, while genome-wide DNAm and genotyping were performed on a subset of 32 individuals using Illumina MethylationEPIC and HumanOmniExpress 720k BeadChips, respectively. Genome-wide analysis identified differentially methylated positions enriched in genes related to embryonic/cellular development, nervous system development, and immune function. In particular, the strongest association was observed at cg04879348 (GCC2 gene; p = 6.52 ×10 -5 ), previously linked to organochlorine exposure in a group of workers diagnosed with Parkinson's disease. Importantly, the HLE group displayed reduced DNAm variability, potentially reflecting environmental pressure on epigenetic regulation, and a trend toward LINE-1 hypomethylation, suggesting genomic instability. However, no differences were found in epimutation load and epigenetic aging in the oral tissue of this group. In conclusion, this study provides novel evidence that past long-term environmental contamination exposure can shape DNAm profiles in exposed populations, highlighting the relevance of epigenetic markers in environmental health research.",2025,2025-12-15,Journal Article,eng,https://pubmed.ncbi.nlm.nih.gov/41401555/,False,0,,True,True,True,True
doi:10.1016/j.euo.2024.05.014,doi:10.1016/j.euo.2024.05.014,semantic_scholar,semantic_scholar,8441af9bf0a4958514e7493bcf9e0cdfc0c8bfc2,10.1016/j.euo.2024.05.014,38851995,,"Prediction of Clinically Significant Prostate Cancer by a Specific Collagen-related Transcriptome, Proteome, and Urinome Signature.","BACKGROUND AND OBJECTIVE While collagen density has been associated with poor outcomes in various cancers, its role in prostate cancer (PCa) remains elusive. Our aim was to analyze collagen-related transcriptomic, proteomic, and urinome alterations in the context of detection of clinically significant PCa (csPCa, International Society of Urological Pathology [ISUP] grade group ≥2). METHODS Comprehensive analyses for PCa transcriptome (n = 1393), proteome (n = 104), and urinome (n = 923) data sets focused on 55 collagen-related genes. Investigation of the cellular source of collagen-related transcripts via single-cell RNA sequencing was conducted. Statistical evaluations, clustering, and machine learning models were used for data analysis to identify csPCa signatures. KEY FINDINGS AND LIMITATIONS Differential expression of 30 of 55 collagen-related genes and 34 proteins was confirmed in csPCa in comparison to benign prostate tissue or ISUP 1 cancer. A collagen-high cancer cluster exhibited distinct cellular and molecular characteristics, including fibroblast and endothelial cell infiltration, intense extracellular matrix turnover, and enhanced growth factor and inflammatory signaling. Robust collagen-based machine learning models were established to identify csPCa. The models outcompeted prostate-specific antigen (PSA) and age, showing comparable performance to multiparametric magnetic resonance imaging (mpMRI) in predicting csPCa. Of note, the urinome-based collagen model identified four of five csPCa cases among patients with Prostate Imaging-Reporting and Data System (PI-IRADS) 3 lesions, for which the presence of csPCa is considered equivocal. The retrospective character of the study is a limitation. CONCLUSIONS AND CLINICAL IMPLICATIONS Collagen-related transcriptome, proteome, and urinome signatures exhibited superior accuracy in detecting csPCa in comparison to PSA and age. The collagen signatures, especially in cases of ambiguous lesions on mpMRI, successfully identified csPCa and could potentially reduce unnecessary biopsies. The urinome-based collagen signature represents a promising liquid biopsy tool that requires prospective evaluation to improve the potential of this collagen-based approach to enhance diagnostic precision in PCa for risk stratification and guiding personalized interventions. PATIENT SUMMARY In our study, collagen-related alterations in tissue, and urine were able to predict the presence of clinically significant prostate cancer at primary diagnosis.",2024,2024-06-01,JournalArticle,,https://www.semanticscholar.org/paper/8441af9bf0a4958514e7493bcf9e0cdfc0c8bfc2,False,0,,True,False,True,False
doi:10.1016/j.febslet.2014.02.037,doi:10.1016/j.febslet.2014.02.037,pubmed,pubmed;scopus,24583074,10.1016/j.febslet.2014.02.037,24583074,,The dynamic microbiome.,"While our genomes are essentially static, our microbiomes are inherently dynamic. The microbial communities we harbor in our bodies change throughout our lives due to many factors, including maturation during childhood, alterations in our diets, travel, illnesses, and medical treatments. Moreover, there is mounting evidence that our microbiomes change us, by promoting health through their beneficial actions or by increasing our susceptibility to diseases through a process termed dysbiosis. Recent technological advances are enabling unprecedentedly detailed studies of the dynamics of the microbiota in animal models and human populations. This review will highlight key areas of investigation in the field, including establishment of the microbiota during early childhood, temporal variability of the microbiome in healthy adults, responses of the microbiota to intentional perturbations such as antibiotics and dietary changes, and prospective analyses linking changes in the microbiota to host disease status. Given the importance of computational methods in the field, this review will also discuss issues and pitfalls in the analysis of microbiome time-series data, and explore several promising new directions for mathematical model and algorithm development.",2014,2014-02-28,Journal Article; Review,eng,https://pubmed.ncbi.nlm.nih.gov/24583074/,False,1,,True,False,True,False
doi:10.1016/j.freeradbiomed.2026.01.050,doi:10.1016/j.freeradbiomed.2026.01.050,openalex,europepmc;openalex;pubmed;scopus;semantic_scholar,https://openalex.org/W7125818036,10.1016/j.freeradbiomed.2026.01.050,,,Glycine ameliorates aging-related dysfunctions associated with Nmdmc-mediated mitochondrial one-carbon metabolism,"INTRODUCTION: Aging is characterized by the progressive decline of physiological integrity, and its driving factors include mitochondrial dysfunction, epigenetic changes and metabolic imbalance. Although some studies have shown that glycine (Gly) has anti-aging protection, its mechanism has not been clarified. OBJECTIVES: The purpose of this study is to explore the mechanism of Gly in anti-aging and improving aging-related phenotype, and to clarify the molecular pathway of Gly promoting healthy aging. METHODS: Fruit fly and aged rat models were used to evaluate the effect of Gly supplementation. Life span, stress resistance and functional phenotype were evaluated in fruit flies, and biochemical, histological and physiological indexes related to aging were detected in aged rats. Transcriptomic and metabolomic profiling, along with gene knockdown approaches, were used to identify key pathways and targets involved in Gly-mediated effects. RESULTS: In fruit flies, Gly extended lifespan and ameliorating aging-related phenotypes, with Gly dose-dependently upregulated the expression of Nmdmc, whose knockdown abolished these beneficial effects, indicating the essential role of Nmdmc in Gly-mediated activation of one-carbon metabolism (OCM). Metabolomic identified glyceric acid as a key metabolite linked to improved mitochondrial energy metabolism. In aged rats, Gly also upregulated Mthfd2 (the mammalian ortholog of Nmdmc) and reduced neuronal damage in the hippocampus, restored hepatic cell architecture, and increased muscle fiber density, accompanied by enhanced mitochondrial biogenesis and methylation markers. CONCLUSION: Gly supplementation alleviated aging-related dysfunction by up-regulating Nmdmc and remodeling mitochondrial OCM, which could help to improve DNA repair, mitochondrial function and oxidative stress resistance.",2026,2026-01-28,article,en,https://openalex.org/W7125818036,False,4,transcriptomics_plus_downstream,True,True,True,True
doi:10.1016/j.ijbiomac.2024.134300,doi:10.1016/j.ijbiomac.2024.134300,pubmed,openalex;pubmed,39097069,10.1016/j.ijbiomac.2024.134300,39097069,,"Overexpression of protection of telomeres 1 (POT1), a single-stranded DNA-binding proteins in alfalfa (Medicago sativa), enhances seed vigor.","Extensive bodies of research are dedicated to the study of seed aging with a particular focus on the roles of reactive oxygen species (ROS), and the ensuing oxidative damage during storage, as a primary cause of seed vigor decreasing. ROS diffuse to the nucleus and damage the telomeres, resulting in a loss of genetic integrity. Protection of telomeres 1 (POT1) is a telomeric protein that binds to the telomere region, and plays an essential role in maintaining genomic stability in plants. In this study, there were totally four MsPOT1 genes obtained from alfalfa genome. Expression analysis of four MsPOT1 genes in germinated seed presented the different expressions. Four MsPOT1 genes displayed high expression levels at the early stage of seed germination, Among the four POT1 genes, it was found that MS. gene040108 was significantly up-regulated in the early germination stage of CK seeds, but down-regulated in aged seeds. RT-qPCR assays and RNA-seq data revealed that MsPOT1-X gene was significantly induced by seed aging treatment. Transgenic seeds overexpressing MsPOT1-X gene in Arabidopsis thaliana and Medicago trunctula exhibited enhanced seed vigor, telomere length, telomerase activity associated with reduced H 2 O 2 content. These results would provide a new way to understand aging stress-responsive MsPOT1 genes for genetic improvement of seed vigor. Although a key gene regulating seed vigor was identified in this study, the specific mechanism of MsPOT1-X gene regulating seed vigor needs to be further explored.",2024,2024-08-03,Journal Article,eng,https://pubmed.ncbi.nlm.nih.gov/39097069/,False,1,,True,True,True,True
doi:10.1016/j.isci.2022.105442,doi:10.1016/j.isci.2022.105442,pubmed,pubmed;scopus,36388956,10.1016/j.isci.2022.105442,36388956,PMC9650037,I KACh is constitutively active via PKC epsilon in aging mediated atrial fibrillation.,"Atrial fibrillation (AF), the most common abnormal heart rhythm, is a major cause for stroke. Aging is a significant risk factor for AF; however, specific ionic pathways that can elucidate how aging leads to AF remain elusive. We used young and old wild-type and PKC epsilon- (PKCϵ) knockout mice, whole animal, and cellular electrophysiology, as well as whole heart, and cellular imaging to investigate how aging leads to the aberrant functioning of a potassium current, and consequently to AF facilitation. Our experiments showed that knocking out PKCϵ abrogates the effects of aging on AF by preventing the development of a constitutively active acetylcholine sensitive inward rectifier potassium current (I KACh ). Moreover, blocking this abnormal current in the old heart reduces AF inducibility. Our studies demonstrate that in the aging heart, I KACh is constitutively active in a PKCϵ-dependent manner, contributing to the perpetuation of AF.",2022,2022-10-25,Journal Article,eng,https://pubmed.ncbi.nlm.nih.gov/36388956/,False,1,,False,True,True,False
doi:10.1016/j.jalz.2018.06.2913,doi:10.1016/j.jalz.2018.06.2913,openalex,openalex,https://openalex.org/W2897346466,10.1016/j.jalz.2018.06.2913,,,O4‐01‐05: FUNCTIONAL GENETIC DISSECTION OF AN ALZHEIMER'S DISEASE SUSCEPTIBILITY NETWORK,"Effective Alzheimer's disease (AD) therapies will arise from improved understanding of pathogenic mechanisms, including the polygenic interactions underlying disease risk. Genome wide association studies have implicated more than ∼20 AD susceptibility loci, highlighting many candidate genes with roles in adhesion, including PTK2B, CD2AP, and CASS4. We are testing the hypothesis that these and other AD risk genes comprise a susceptibility network, functioning coordinately to maintain brain health in aging. Using the fruit fly model, we have studied conserved homologs of PTK2B, CD2AP, and CASS4 (Fak56, cindr, and p130CAS, respectively), examining for genetic interactions with Tau toxicity, and independently, for neurodegenerative phenotypes in both single mutants and combinations of mutant genes. In order to identify other network components, we have partnered with the Acceleration Medicine Partnership (AMP)-AD consortium, which has implicated novel targets based on transcriptomic and proteomic profiles of human postmortem brains. 43 conserved candidate genes (out of 80 nominated “key network drivers”) were screened for interaction with Tau-induced retinal toxicity. Knockdown of Fak56, cindr and p130CAS using RNA-interference similarly enhance human Tau neurotoxicity. In the absence of Tau, using standard conditions, loss-of-function analysis of each gene in isolation reveals little or no evidence of age-dependent neurodegenerative changes, based on either retinal neurophysiology or survival. Interestingly, under constant light conditions, simulating activity-induced neuronal stress, Fak56 mutants show impaired electroretinogram responses with aging. A similar phenotype is seen in Fak56/cindr/p130CAS triple heterozygotes, and consistent genetic interactions are observed in survival assays, supporting our susceptibility network model. In our screening of AMP-AD nominated targets, we have identified several new genetic modifiers of Tau-induced toxicity, including shot and moe (homologous to PLEC and MSN, respectively), which are similarly implicated in cell adhesion. Our results reveal evidence of an AD susceptibility gene network with potential roles in neuronal and synaptic adhesion. We are currently validating protein-protein interactions among the implicated members, and we will also test whether oligogenic variation might confer risk in AD.",2018,2018-07-01,article,en,https://openalex.org/W2897346466,False,0,genomics_plus_other;transcriptomics_plus_downstream,True,True,True,True
doi:10.1016/j.jbior.2025.101127,doi:10.1016/j.jbior.2025.101127,europepmc,europepmc;pubmed;scopus;semantic_scholar,MED:41266183,10.1016/j.jbior.2025.101127,41266183,,From stress to homeostasis: Mass spectrometry-based insights into the unfolded protein response (UPR) and proteostasis.,"The unfolded protein response (UPR) is a central regulator of proteostasis, coordinating cellular adaptation to endoplasmic reticulum (ER) stress. It is comprised of three signaling branches: ATF6 (activating transcription factor 6), IRE1 (inositol-requiring enzyme 1), and PERK (protein kinase RNA-like ER kinase), which mediate transcriptional and translational reprogramming of the proteostasis network. These pathways display both functional redundancy and branch-specific activities. Dysregulated UPR signaling contributes to diverse pathologies: in cancer, UPR activation supports uncontrolled proliferation and treatment resistance, whereas in aging, proteostasis decline and diminished UPR responsiveness are hallmarks. Traditional approaches, including transcriptomics and western blotting, have been widely used to monitor UPR activity, but they offer limited insight into its regulation at the protein level. In contrast, liquid chromatography-tandem mass spectrometry (LC-MS/MS) based proteomics allows comprehensive, branch-specific profiling of UPR signaling. Recent advances, including data-independent acquisition (DIA) MS and automated sample preparation, have further improved sensitivity, reproducibility, and detection of low-abundance UPR target proteins. Proteomics thus provides a systematic and scalable framework to interrogate UPR regulation across cell types and disease models. When integrated with complementary datasets, protein-level measurements can uncover context-dependent molecular signatures of UPR activity, offering insights into disease mechanisms and guiding the rational design of targeted pharmacological interventions. Future work integrating high-resolution LC-MS/MS proteomics with tissue and single-cell analyses will further clarify the role of the UPR in health and disease.",2026,2025-10-30,"Review; Journal Article; Research Support, N.I.H., Extramural",eng,https://europepmc.org/article/MED/41266183,False,3,,True,True,True,True
doi:10.1016/j.jhazmat.2026.141802,doi:10.1016/j.jhazmat.2026.141802,semantic_scholar,semantic_scholar,2a290b280a4ec2f02b928e94bc63e9dd893fb51f,10.1016/j.jhazmat.2026.141802,41855983,,Transboundary ecological risks and toxicological mechanisms of a fluorinated liquid crystal monomer and aged microplastics.,"Fluorinated liquid crystal monomers (FLCMs) have recently emerged as persistent organic pollutants, while microplastics serve as important environmental carriers of persistent organic pollutants. However, their interactions with aged microplastics and the consequent ecological risks remain a critical blind spot. This study examined the adsorption-desorption dynamics of a representative FLCM (4-ethoxy-2,3-difluoro-4'-(trans-4-propylcyclohexyl) biphenyl, EDPB) on aged polyethylene, polypropylene, polystyrene, and polyvinyl chloride under both abiotic (i.e., environmental) and biotic (i.e., simulated gastrointestinal) conditions. Surface oxidation and increased roughness of aged polymers markedly enhanced EDPB adsorption, through combined hydrophobic attraction and fluorine‑mediated dipole interactions. Desorption was strongly medium dependent. In simulated gastric fluid, pepsin facilitated partial release (12.6-24.8%) by disrupting π-π interactions and promoting surface hydration. In contrast, intestinal components induced substantial remobilization (up to 52.8%) via the formation of hydrophobic cavities and micelle-like structures, increasing dissolved EDPB concentrations by approximately 20 μg L-1. This biphasic desorption profile highlights the critical role of intestinal processes in remobilizing adsorbed FLCMs and elevating their bioaccessible fractions. Subsequent cytotoxicity assays in Caco‑2 cells showed dose‑ and time‑dependent inhibition of cell viability, with transcriptomic analysis delineating a mitochondrial dysfunction-driven cascade. EDPB acts as a metabolic disruptor that impairs mitochondrial energetics and redox homeostasis, triggering downstream genomic instability and cell cycle arrest, which ultimately implicating oxidative stress-mediated apoptosis. This work synthesizes critical insight into the coupled environmental and biological behaviors of FLCMs, revealing their potential as transboundary persistent toxic substances and advancing the understanding of their risks in microplastic‑dominated systems.",2026,2026-03-17,JournalArticle,,https://www.semanticscholar.org/paper/2a290b280a4ec2f02b928e94bc63e9dd893fb51f,False,0,,True,False,True,False
doi:10.1016/j.jnutbio.2026.110416,doi:10.1016/j.jnutbio.2026.110416,semantic_scholar,semantic_scholar,fb8538bc20a95883465ca9dc9ae8197073b9d4ac,10.1016/j.jnutbio.2026.110416,42142546,,Zinc modulates metallothionein remodeling and lipid metabolism in human epithelial cells under inflammatory stress.,"Zinc deficiency and chronic low‑grade inflammation are prevalent conditions that compromise epithelial integrity and metabolic homeostasis, particularly in ageing populations. Here, we investigated the concentration-dependent effects of Zn treatment on a well-differentiated human epithelial cell model exposed to cytokine-induced inflammatory stress, combining metallomics, transcriptomics, and metabolomics. Exposure to isotopically enriched Zn (125-, 200-, and 250-µM; 68ZnSO4) increased intracellular Zn availability and promoted MT metal-loading, revealing a functional Zn window with 200 µM achieving optimal Zn-MT stoichiometry (Zn7.4Cu0.4MT). Zinc pre‑exposure also attenuated cytokine‑responsive inflammatory gene networks while maintaining epithelial differentiation markers, indicating a protective transcriptional program that counteracts inflammation‑induced dedifferentiation. Metabolomic profiling showed that Zn partially restored lipid species suppressed by inflammatory stress, including anti‑inflammatory fatty acid derivatives and selected sphingolipids (docosenamide and sphinganine), while modulating broader lipid classes in a dose‑dependent manner. Together, these multilayered responses demonstrate that Zn modulates epithelial integrity through coordinated remodeling of metal homeostasis, inflammatory signaling, and lipid metabolism. These findings support the concept that Zn status influences epithelial resistance to inflammatory stress through MT‑mediated buffering and lipid pathway regulation, providing mechanistic insight relevant for nutritional strategies in populations at risk of Zn deficiency.",2026,2026-05-01,JournalArticle,,https://www.semanticscholar.org/paper/fb8538bc20a95883465ca9dc9ae8197073b9d4ac,False,0,,True,True,True,True
doi:10.1016/j.kint.2024.04.017,doi:10.1016/j.kint.2024.04.017,pubmed,pubmed,38782200,10.1016/j.kint.2024.04.017,38782200,PMC11270650,DNA methyltransferase 1 (DNMT1) promotes cyst growth and epigenetic age acceleration in autosomal dominant polycystic kidney disease.,"Alteration of DNA methylation leads to diverse diseases, and the dynamic changes of DNA methylation (DNAm) on sets of CpG dinucleotides in mammalian genomes are termed ""DNAm age"" and ""epigenetic clocks"" that can predict chronological age. However, whether and how dysregulation of DNA methylation promotes cyst progression and epigenetic age acceleration in autosomal dominant polycystic kidney disease (ADPKD) remains elusive. Here, we show that DNA methyltransferase 1 (DNMT1) is upregulated in cystic kidney epithelial cells and tissues and that knockout of Dnmt1 and targeting DNMT1 with hydralazine, a safe demethylating agent, delays cyst growth in Pkd1 mutant kidneys and extends life span of Pkd1 conditional knockout mice. With methyl-CpG binding domain (MBD) protein-enriched genome sequencing (MBD-seq), DNMT1 chromatin immunoprecipitation (ChIP)-sequencing and RNA-sequencing analysis, we identified two novel DNMT1 targets, PTPRM and PTPN22 (members of the protein tyrosine phosphatase family). PTPRM and PTPN22 function as mediators of DNMT1 and the phosphorylation and activation of PKD-associated signaling pathways, including ERK, mTOR and STAT3. With whole-genome bisulfide sequencing in kidneys of patients with ADPKD versus normal individuals, we found that the methylation of epigenetic clock-associated genes was dysregulated, supporting that epigenetic age is accelerated in the kidneys of patients with ADPKD. Furthermore, five epigenetic clock-associated genes, including Hsd17b14, Itpkb, Mbnl1, Rassf5 and Plk2, were identified. Thus, the diverse biological roles of these five genes suggest that their methylation status may not only predict epigenetic age acceleration but also contribute to disease progression in ADPKD.",2024,2024-05-21,"Journal Article; Research Support, N.I.H., Extramural",eng,https://pubmed.ncbi.nlm.nih.gov/38782200/,False,0,,True,True,True,True
doi:10.1016/j.metabol.2021.154864,doi:10.1016/j.metabol.2021.154864,europepmc,europepmc;pubmed;scopus,MED:34400216,10.1016/j.metabol.2021.154864,34400216,PMC8453098,AMP deamination is sufficient to replicate an atrophy-like metabolic phenotype in skeletal muscle.,"Background Skeletal muscle atrophy, whether caused by chronic disease, acute critical illness, disuse or aging, is characterized by tissue-specific decrease in oxidative capacity and broad alterations in metabolism that contribute to functional decline. However, the underlying mechanisms responsible for these metabolic changes are largely unknown. One of the most highly upregulated genes in atrophic muscle is AMP deaminase 3 (AMPD3: AMP → IMP + NH 3 ), which controls the content of intracellular adenine nucleotides (AdN; ATP + ADP + AMP). Given the central role of AdN in signaling mitochondrial gene expression and directly regulating metabolism, we hypothesized that overexpressing AMPD3 in muscle cells would be sufficient to alter their metabolic phenotype similar to that of atrophic muscle. Methods AMPD3 and GFP (control) were overexpressed in mouse tibialis anterior (TA) muscles via plasmid electroporation and in C2C12 myotubes using adenovirus vectors. TA muscles were excised one week later, and AdN were quantified by UPLC. In myotubes, targeted measures of AdN, AMPK/PGC-1α/mitochondrial protein synthesis rates, unbiased metabolomics, and transcriptomics by RNA sequencing were measured after 24 h of AMPD3 overexpression. Media metabolites were measured as an indicator of net metabolic flux. At 48 h, the AMPK/PGC-1α/mitochondrial protein synthesis rates, and myotube respiratory function/capacity were measured. Results TA muscles overexpressing AMPD3 had significantly less ATP than contralateral controls (-25%). In myotubes, increasing AMPD3 expression for 24 h was sufficient to significantly decrease ATP concentrations (-16%), increase IMP, and increase efflux of IMP catabolites into the culture media, without decreasing the ATP/ADP or ATP/AMP ratios. When myotubes were treated with dinitrophenol (mitochondrial uncoupler), AMPD3 overexpression blunted decreases in ATP/ADP and ATP/AMP ratios but exacerbated AdN degradation. As such, pAMPK/AMPK, pACC/ACC, and phosphorylation of AMPK substrates, were unchanged by AMPD3 at this timepoint. AMPD3 significantly altered 191 out of 639 detected intracellular metabolites, but only 30 transcripts, none of which encoded metabolic enzymes. The most altered metabolites were those within purine nucleotide, BCAA, glycolysis, and ceramide metabolic pathways. After 48 h, AMPD3 overexpression significantly reduced pAMPK/AMPK (-24%), phosphorylation of AMPK substrates (-14%), and PGC-1α protein (-22%). Moreover, AMPD3 significantly reduced myotube mitochondrial protein synthesis rates (-55%), basal ATP synthase-dependent (-13%), and maximal uncoupled oxygen consumption (-15%). Conclusions Increased expression of AMPD3 significantly decreased mitochondrial protein synthesis rates and broadly altered cellular metabolites in a manner similar to that of atrophic muscle. Importantly, the changes in metabolites occurred prior to reductions in AMPK signaling, gene expression, and mitochondrial protein synthesis, suggesting metabolism is not dependent on reductions in oxidative capacity, but may be consequence of increased AMP deamination. Therefore, AMP deamination in skeletal muscle may be a mechanism that alters the metabolic phenotype of skeletal muscle during atrophy and could be a target to improve muscle function during muscle wasting.",2021,2021-08-13,"Research Support, Non-U.S. Gov't; research-article; Journal Article; Research Support, N.I.H., Extramural",eng,https://europepmc.org/article/MED/34400216,False,2,,True,True,True,True
doi:10.1016/j.molmet.2025.102168,doi:10.1016/j.molmet.2025.102168,openalex,europepmc;openalex;pubmed;scopus;semantic_scholar,https://openalex.org/W4410301220,10.1016/j.molmet.2025.102168,,,Tetraspanin7 in adipose tissue remodeling and its impact on metabolic health,"OBJECTIVE: We previously identified tetraspanin 7 (Tspan7) as a candidate gene influencing body weight in an obesity-related gene screening study. However, the mechanisms underlying its involvement in body weight regulation remained unclear. This study aims to investigate the role of TSPAN7 from a metabolic perspective. METHODS: We utilized genetically modified mice, including adipose tissue-specific Tspan7-knockout and Tspan7-overexpressing models, as well as human adipose-derived stem cells with TSPAN7 knockdown and overexpression. Morphological, molecular, and omics analyses, including proteomics and transcriptomics, were performed to investigate TSPAN7 function. Physiological effects were assessed by measuring blood markers associated with lipid regulation under metabolic challenges, such as high-fat feeding and aging. RESULTS: We show that TSPAN7 is involved in regulating lipid droplet formation and stabilization. Tspan7-knockout mice exhibited an increased proportion of small-sized adipocytes and a reduced visceral-to-subcutaneous fat ratio. This shift in fat distribution was associated with improved insulin sensitivity and altered branched-chain amino acid metabolism, as evidenced by increased expression of the branched-chain α-keto acid dehydrogenase complex subunit B in Tspan7-modified mice. Mechanistically, TSPAN7 deficiency promoted subcutaneous fat expansion, alleviating metabolic stress on visceral fat, a major contributor to insulin resistance. CONCLUSIONS: TSPAN7 influences lipid metabolism by modulating adipose tissue remodeling, particularly under metabolic challenges, such as high-fat diet exposure and aging. Its modulation enhances subcutaneous fat storage capacity while mitigating visceral fat accumulation, leading to improved insulin sensitivity. These findings position TSPAN7 as a potential target for therapeutic interventions aimed at improving metabolic health and preventing obesity-related diseases.",2025,2025-05-12,article,en,https://openalex.org/W4410301220,False,4,transcriptomics_plus_downstream,True,True,True,True
doi:10.1016/j.neuroscience.2021.12.018,doi:10.1016/j.neuroscience.2021.12.018,pubmed,pubmed,34929337,10.1016/j.neuroscience.2021.12.018,34929337,,RNA-seq Analysis Reveals Potential Molecular Mechanisms of ZNF580/ZFP580 Promoting Neuronal Survival and Inhibiting Apoptosis after Hypoxic-ischemic Brain damage.,"Neonatal hypoxic-ischemic brain damage (HIBD) is one of the main causes of neonatal acute death and chronic nervous system impairment, but still lacks effective treatments. ZNF580/ZFP580, reported in our previous studies, may be a newly identified member of the Krüppel-like factor (KLF) family, and has anti-apoptotic effects during ischemic myocardial injury. In the present study, we showed that the expression levels of both ZFP580/ZNF580 mRNA and protein increased significantly in neonatal HIBD rats and oxygen-glucose deprivation (OGD) SH-SY5Y cell models. ZNF580 overexpression promoted neuron survival and suppressed neuron apoptosis after OGD in neuron-like SH-SY5Y cells, while interference with ZNF580 resulted in the opposite results. RNA-seq analysis identified 248 differentially-expressed genes (DEGs) between ZNF580 overexpression SH-SY5Y cells and interference-expressed SH-SY5Y cells. Gene Ontology functional enrichment analysis showed that these DEGs played significant roles in the growth, development, and regeneration of axons, DNA biosynthetic processes, DNA replication, and apoptosis. Kyoto Encyclopedia of Genes and Genomes enrichment analysis indicated that these DEGs were found in some pathways, including ferroptosis, glutamatergic synapses, protein processing in the endoplasmic reticulum, estrogen signaling pathways, the TGF-beta signaling pathway, and the longevity regulating pathway. The qRT-PCR validation results were consistent with RNA-seq results, which showed that HSPA5, IGFBP3, NTN4, and KLF9 increased in ZNF580-overexpressed SH-SY5Y cells and decreased in interference-expressed SH-SY5Y cells, when compared with normal cells. Together, the results suggested that ZNF580 targeted these genes to inhibit neuronal apoptosis.",2021,2021-12-17,"Journal Article; Research Support, Non-U.S. Gov't",eng,https://pubmed.ncbi.nlm.nih.gov/34929337/,False,0,,True,True,True,True
doi:10.1016/j.phymed.2025.157432,doi:10.1016/j.phymed.2025.157432,openalex,openalex;scopus,https://openalex.org/W4415354672,10.1016/j.phymed.2025.157432,,,Huangjing Yangji Decoction ameliorates skeletal muscle aging and mitochondrial dysfunction via SIRT1/ATF5-mediated mitochondrial unfolded protein response,"• HJYJD ameliorates muscle atrophy and functional decline in aged mice. • HJYJD restores mitochondrial function and reduces oxidative stress. • HJYJD activates UPR mt via the SIRT1/ATF5 pathway. • UPR mt inhibition or SIRT1/ATF5 silencing abolishes HJYJD protective effects. Sarcopenia is a progressive age-associated disorder characterized by the loss of skeletal muscle mass, strength, and function. Mitochondrial dysfunction and impaired proteostasis are central to its pathogenesis, however, effective pharmacological interventions are currently lacking. Huangjing Yangji Decoction (HJYJD), a traditional Chinese medicinal formula, has demonstrated promising clinical benefits in managing age-related muscle atrophy, but its mechanisms remain unclear. This study aimed to investigate the therapeutic effects and underlying mechanisms of HJYJD in alleviating age-related sarcopenia. The chemical constituents of HJYJD were identified using UPLC-Q-TOF/MS. Aged SAMP8 mice and D-galactose-induced C2C12 myoblasts were used to evaluate the therapeutic effects of HJYJD. Behavioral assays, histological analysis, transmission electron microscopy, immunofluorescence, biochemical assays, western blotting, qRT-PCR, and mitochondrial function probes were employed to assess muscle function, myotube differentiation, cellular senescence, oxidative stress, and mitochondrial function. Untargeted metabolomics and transcriptomic sequencing were performed to explore regulatory pathways. Key molecular markers were validated by qRT-PCR, western blotting, and immunofluorescence. Furthermore, the role of the SIRT1/ATF5-mitochondrial unfolded protein response (UPR mt ) signaling axis was explored using siRNA-mediated knockdown and pharmacological inhibition. HJYJD significantly improved muscle mass, strength, coordination, and endurance in sarcopenic mice, and attenuated cellular senescence and muscle atrophy in myotubes. Treatment with HJYJD ameliorated oxidative stress, improved mitochondrial morphology, membrane potential, and ATP production. Multi-omics data revealed that HJYJD modulated key metabolic and protein folding pathways related to mitochondrial function. Mechanistically, HJYJD activated UPR mt , as evidenced by upregulation of ClpP, LONP1, HSP60, and HSP10. These effects were abolished upon UPR mt inhibition. Furthermore, HJYJD promoted the expression of SIRT1 and ATF5, and silencing of SIRT1/ATF5 suppressed UPR mt activation and mitochondrial restoration, indicating that SIRT1/ATF5 mediates HJYJD-induced UPR mt activation. HJYJD alleviates skeletal muscle aging and mitochondrial dysfunction by activating the SIRT1/ATF5-mediated UPR mt pathway. These findings offer novel mechanistic understanding of the therapeutic potential of HJYJD and support its further development as a promising intervention for sarcopenia.",2025,2025-10-20,article,en,https://openalex.org/W4415354672,False,1,explicit_multiomics;transcriptomics_plus_downstream,True,True,True,True
doi:10.1016/j.psj.2024.103787,doi:10.1016/j.psj.2024.103787,semantic_scholar,semantic_scholar,888f69208c7aa26594cfe9e79205f03f14832801,10.1016/j.psj.2024.103787,38743967,11108995,Using multiomics to explore the weight differences between genders in Muscovy ducks,"Sexual dimorphism in poultry, especially in Muscovy ducks, is a proven phenomenon characterized by significant differences in body weight, growth patterns, and gene expression between male and female individuals. However, there is a dearth of research on the candidate genes and mechanisms underlying these weight differences. We selected 301 Muscovy ducks and recorded their weekly body weights from birth. We utilized 3 non-linear growth models (Logistic, Bertalanffy, and Gompertz) to fit the growth curve of Muscovy ducks, it was found that the logistic model was the most suitable model for describing the growth curve of Muscovy ducks. The results from the logistic model showed that the inflection point of male Muscovy ducks occurred at a later age, and they had a heavier mature body weight than female Muscovy ducks. At 10 wk of age, we collected Muscovy duck breast muscle tissues for transcriptome sequencing (RNA-seq). To exclude the impact of weight difference, 185 differentially expressed genes (DEGs), such as PPAR, FABP3, PLIN1, and FOXO1, were screened. These DEGs were predominantly enriched in terms related to mitochondria, lipids, and nucleic acids. In addition, the gut microbiota has the ability to influence host physiology through the regulation of multiple processes, including playing a crucial role in host muscle growth and development. We randomly selected male and female Muscovy ducks for 16S rRNA sequencing analysis of their cecal microbiota. The results showed that there were significant differences in the composition of cecal microbiota between male and female Muscovy ducks. At the genus level, the relative abundance of Enterenecus and CAG_269 were lower in males compared to females, while Lawsonibacter, Parabacteroides_B, Streptococcus, UBA2658, Caccousia, and Butyricimonas were higher in males than in females. In summary, this study provides a scientific theoretical basis for revealing the different growth patterns of male and female Muscovy ducks, and offers explanations from both the molecular level and microbiological perspectives.",2024,2024-04-01,JournalArticle,,https://www.semanticscholar.org/paper/888f69208c7aa26594cfe9e79205f03f14832801,False,0,,True,False,False,False
doi:10.1016/j.redox.2026.104017,doi:10.1016/j.redox.2026.104017,semantic_scholar,semantic_scholar,6b00fc3236ffcbaa904d241a4182fe397e09cd9a,10.1016/j.redox.2026.104017,41616571,12874273,Redox-sensitive N6-methyladenosine RNA epitranscriptomic mechanisms in environmental stress and hazard,"Oxidative stress is a central driver of environmental stress responses and disease pathogenesis. Increasing evidence indicates that RNA epigenetic regulation, particularly N6-methyladenosine (m6A) modification, represents a critical interface linking redox imbalance to cellular dysfunction. Arsenic, a prototypical redox-active toxicant, provides a robust model for understanding how environmental oxidative stress disrupts m6A-mediated post-transcriptional control. Recent studies demonstrate that arsenic-induced redox perturbation reshapes the expression and activity of m6A writers (METTL3/METTL14), erasers (FTO/ALKBH5), and readers (YTHDF/YTHDC families), leading to widespread alterations in mRNA stability, translation, and metabolic reprogramming. Mechanistic findings from cellular and animal models implicate m6A-dependent pathways in modulating oxidative stress responses, mitochondrial function, inflammation, and senescence—biological processes fundamental to redox biology. These insights reveal that m6A is not merely a downstream marker of stress, but an active mediator of adaptive and maladaptive responses to redox disruption. Despite significant progress, population-level evidence and high-resolution mapping of RNA modifications under oxidative conditions remain limited. Future work integrating advanced epitranscriptomic profiling, multi-omics approaches, and exploration of additional RNA modifications (m7G, m1A, m5C) will be essential for defining how redox-sensitive RNA regulation shapes disease risk. Collectively, this review highlights m6A modification as a dynamic regulatory node connecting environmental redox stress to gene expression control, providing new mechanistic insight and potential targets for intervention in redox-related diseases.",2026,2026-01-01,Review; JournalArticle,,https://www.semanticscholar.org/paper/6b00fc3236ffcbaa904d241a4182fe397e09cd9a,False,0,,True,False,True,False
doi:10.1016/j.survophthal.2026.02.001,doi:10.1016/j.survophthal.2026.02.001,semantic_scholar,semantic_scholar,86d99aba5bf8254d9f47065977e8b589901d1838,10.1016/j.survophthal.2026.02.001,41643859,,A systematic review on age-related macular degeneration: New insights from multi-omics studies.,"Age-related macular degeneration (AMD) is a leading cause of blindness in developed countries and a growing global health concern. The multifactorial nature of AMD calls for integrative multi-omics approaches. We summarize studies employing multi-omics in AMD. A comprehensive search in PubMed and Scopus databases identified 561 records with multi-omics criteria, of which duplicates, unrelated and unavailable articles were excluded, resulting in 33 reports. Quality was assessed following the Office of Health Assessment and Translation (OHAT) method, and data was synthesized through standardized evidence tables. Across the reviewed reports, multi-omics approaches were applied to non-clinical and clinical samples, including ocular and systemic fluids. Methodological trends included the widespread use of causal inference approaches (e.g., Mendelian randomization and Bayesian colocalization) and increasing adoption of spatial and single-cell resolution techniques. Converging molecular patterns consistently suggested inflammation, complement activation, angiogenesis, lipid dysregulation, and mitochondrial dysfunction as key processes underlying AMD. Integration of genetic risk with proteomic and metabolomic alterations, enabled the identification of candidate diagnostic and prognostic biomarkers such as carboxyethylpyrrole and PRMT3. Additionally, this review revealed opportunities for personalized medicine in AMD patient stratification, improvement of prediction models, and therapeutic personalization; however, heterogeneity was noted across studies, particularly regarding sample source (systemic vs. ocular), analytical platforms, integration strategies, and ancestry representation. Despite this variability, this review illustrates how integrating multiple omics layers provides a comprehensive and multidimensional understanding of AMD pathology, advancing research towards better diagnosis, prognosis, and therapeutics for these patients.",2026,2026-02-01,Review; JournalArticle,,https://www.semanticscholar.org/paper/86d99aba5bf8254d9f47065977e8b589901d1838,False,0,,True,False,True,False
doi:10.1016/j.xcrm.2024.101650,doi:10.1016/j.xcrm.2024.101650,openalex,openalex,https://openalex.org/W4400684761,10.1016/j.xcrm.2024.101650,,,Patient-derived tumor organoids to model drug response in gastric cancer,"Gastric cancer poses diverse treatment challenges due to its high tumor heterogeneity. Through the use of patient-derived tumor organoid (PDO) models, new research1Zhao Y. Li S. Zhu L. Huang M. Xie Y. Song X. Chen Z. Lau H.C.-H. Sung J.J.-Y. Xu L. Personalized drug screening using patient-derived organoid and its clinical relevance in gastric cancer.Cell Rep. Med. 2024; 5: 101627https://doi.org/10.1016/j.xcrm.2024.101627Abstract Full Text Full Text PDF Google Scholar has identified genes and molecular signatures that are predictive of chemotherapeutic response, providing valuable insights for clinical management and translational advancements. Gastric cancer poses diverse treatment challenges due to its high tumor heterogeneity. Through the use of patient-derived tumor organoid (PDO) models, new research1Zhao Y. Li S. Zhu L. Huang M. Xie Y. Song X. Chen Z. Lau H.C.-H. Sung J.J.-Y. Xu L. Personalized drug screening using patient-derived organoid and its clinical relevance in gastric cancer.Cell Rep. Med. 2024; 5: 101627https://doi.org/10.1016/j.xcrm.2024.101627Abstract Full Text Full Text PDF Google Scholar has identified genes and molecular signatures that are predictive of chemotherapeutic response, providing valuable insights for clinical management and translational advancements. Gastric cancer (GC) presents a significant global health challenge, with over a million new cases diagnosed annually and approximately 800,000 deaths each year.2Bray F. Laversanne M. Sung H. Ferlay J. Siegel R.L. Soerjomataram I. Jemal A. Global cancer statistics 2022: GLOBOCAN estimates of incidence and mortality worldwide for 36 cancers in 185 countries.CA. Cancer J. Clin. 2024; 74: 229-263https://doi.org/10.3322/caac.21834Crossref PubMed Scopus (192) Google Scholar The majority of GC patients are diagnosed with locally advanced disease, for which surgical resection combined with perioperative chemotherapy (e.g., 5-fluorouracil [5-FU], cisplatin, and oxaliplatin) remains the primary curative option.3Cunningham D. Allum W.H. Stenning S.P. Thompson J.N. Van de Velde C.J.H. Nicolson M. Scarffe J.H. Lofts F.J. Falk S.J. Iveson T.J. et al.Perioperative chemotherapy versus surgery alone for resectable gastroesophageal cancer.N. Engl. J. Med. 2006; 355: 11-20https://doi.org/10.1056/NEJMoa055531Crossref PubMed Scopus (5292) Google Scholar Despite the establishment of histological classification4Laurén P. The Two Histological Main Types of Gastric Carcinoma: Diffuse and So-Called Intestinal-Type Carcinoma. An Attempt at a Histo-Clinical Classification.Acta Pathol. Microbiol. Scand. 1965; 64: 31-49https://doi.org/10.1111/apm.1965.64.1.31Crossref PubMed Scopus (5379) Google Scholar and molecular subtypes,5The Cancer Genome Atlas Research NetworkComprehensive molecular characterization of gastric adenocarcinoma.Nature. 2014; 513: 202-209https://doi.org/10.1038/nature13480Crossref PubMed Scopus (4718) Google Scholar the high variability in chemotherapy responses among GC patients remains poorly understood. Patient-derived tumor organoids (PDOs) preserve key genomic and epigenomic abnormalities of the parental tumors, maintaining histopathological characteristics of the modeled specimens.6Lo Y.-H. Karlsson K. Kuo C.J. Applications of Organoids for Cancer Biology and Precision Medicine.Nat. Cancer. 2020; 1: 761-773https://doi.org/10.1038/s43018-020-0102-yCrossref PubMed Scopus (83) Google Scholar These features make organoid modeling a valid tool for investigating treatment response in patient tumors.6Lo Y.-H. Karlsson K. Kuo C.J. Applications of Organoids for Cancer Biology and Precision Medicine.Nat. Cancer. 2020; 1: 761-773https://doi.org/10.1038/s43018-020-0102-yCrossref PubMed Scopus (83) Google Scholar Indeed, several studies have utilized organoid modeling to interrogate drug responsiveness among GC patients,7Yan H.H.N. Siu H.C. Law S. Ho S.L. Yue S.S.K. Tsui W.Y. Chan D. Chan A.S. Ma S. Lam K.O. et al.A Comprehensive Human Gastric Cancer Organoid Biobank Captures Tumor Subtype Heterogeneity and Enables Therapeutic Screening.Cell Stem Cell. 2018; 23: 882-897.e11https://doi.org/10.1016/j.stem.2018.09.016Abstract Full Text Full Text PDF PubMed Scopus (450) Google Scholar,8Seidlitz T. Merker S.R. Rothe A. Zakrzewski F. von Neubeck C. Grützmann K. Sommer U. Schweitzer C. Schölch S. Uhlemann H. et al.Human gastric cancer modelling using organoids.Gut. 2019; 68: 207-217https://doi.org/10.1136/gutjnl-2017-314549Crossref PubMed Scopus (219) Google Scholar,9Steele N.G. Chakrabarti J. Wang J. Biesiada J. Holokai L. Chang J. Nowacki L.M. Hawkins J. Mahe M. Sundaram N. et al.An Organoid-Based Preclinical Model of Human Gastric Cancer.Cell. Mol. Gastroenterol. Hepatol. 2019; 7: 161-184https://doi.org/10.1016/j.jcmgh.2018.09.008Abstract Full Text Full Text PDF PubMed Scopus (100) Google Scholar significantly advancing our understanding of GC biology and therapeutic resistance. Nevertheless, key questions remain to be addressed. (1) What are the genomic/transcriptomic determinants of drug sensitivity of GC? (2) Can gene signatures serve as predictive biomarkers for treatment response in GC patients? (3) Is ex vivo PDO drug response data reproducible in vivo, a key property for its translational application? New research published in Cell Reports Medicine1Zhao Y. Li S. Zhu L. Huang M. Xie Y. Song X. Chen Z. Lau H.C.-H. Sung J.J.-Y. Xu L. Personalized drug screening using patient-derived organoid and its clinical relevance in gastric cancer.Cell Rep. Med. 2024; 5: 101627https://doi.org/10.1016/j.xcrm.2024.101627Abstract Full Text Full Text PDF Google Scholar has specifically taken on these questions by performing histopathological, genomic, transcriptomic, and therapeutic analyses of a significant number of GC PDOs. The authors established 57 organoids from 73 GC patient specimens, covering multiple stomach sites and different TNM stages. A detailed histopathologic analysis confirmed that PDOs recapitulated the histologies of their original tumors in a subtype-specific manner. For example, PDOs derived from intestinal-type GC were characterized by single-layered or cribriform glandular morphologies, featuring cells arranged to form multiple luminal structures of variable dimensions. In comparison, those derived from diffuse-type GC presented with loosely-cohesive to solid cell clusters or cystic configurations. Despite some inconsistencies, these data underscore that organoid cultures maintain the histopathologic features of their parental GC tumors. The team then investigated the responsiveness of GC PDOs to 6 common chemotherapeutics for GC patients. The authors rigorously assayed drug sensitivity by independent measurements (AUC values and IC50 values) across 2 different passages of each organoid line and along 2 sets of drug concentrations. After ensuring the robustness of the assay, they analyzed RNA sequencing data to correlate gene expression changes with drug responsiveness variability in matched PDOs. Pathway enrichment analysis revealed upregulation of the p53 signaling pathway and cellular senescence in 5-FU-sensitive PDOs. By contrast, 5-FU-resistant PDOs showed strong enrichment of tumor-invasion- and stemness-related pathways, such as NOTCH signaling and WNT signaling. Similarly, signaling pathways enriched for PDOs with differential responses to oxaliplatin were also identified. From significantly enriched pathway genes, several were selected for functional experimentation to test for their contribution to drug responsiveness. Notably, knockout of MSMB or S1PR4 (5-FU-sensitive genes) by CRISPR-Cas9 editing significantly decreased the sensitivity of PDOs to 5-FU treatment. Conversely, knockout of FKBP10 (a 5-FU-resistant gene) conferred sensitivity to 5-FU treatment on PDOs. Likewise, genes involved in oxaliplatin response (MYO1A and NDUFA4L2) were also validated. These results are significant since they demonstrate the biological regulation of these genes on chemotherapeutic sensitivity in GC PDOs. Employing the recursive feature elimination method, the researchers explored gene-expression-based biomarkers that discriminated sensitive PDO lines from lines that were resistant to 5-FU treatment. A panel of 9 genes was identified and verified to have high discriminative AUC values. Similarly, a panel of 6 genes was established to predict responsiveness to oxaliplatin treatment. These predictive gene signatures were further validated using The Cancer Genome Atlas cohort, wherein patients treated with 5-FU or oxaliplatin were stratified into sensitive- and resistant-like groups based on gene signature scores. Notably, in the 5-FU-treated cohort, sensitive-like patients showed significantly better progression-free survival. This 5-FU gene signature also showed the highest AUC values for predicting drug sensitivity when compared against published gene signatures. To validate the drug response data obtained ex vivo, the authors established matched PDO xenograft (PDOX) in immunodeficient mice for chemotherapeutic treatment. Importantly, in each of the 5 PDO-PDOX paired models, drug responsiveness was highly consistent between in vitro and in vivo assays. The PDO drug testing results were further subjected to the last, perhaps most important, validation using real-life clinical outcome data from original GC patients. Specifically, 12 PDO-matched patients received peri- or postoperative adjuvant chemotherapy with oxaliplatin and 5-FU and were followed for up to 49 months. Strikingly, 11 out of 12 patients exhibited drug response results consistent with their corresponding PDO lines. These data highlight that PDOs are robust and valid tools for cancer drug screening and drug response prediction. Lastly, the authors explored the impact of the tumor microenvironment on drug responsiveness by co-culturing cancer-associated fibroblasts (CAFs) with autologous PDOs. Indeed, the presence of CAFs substantially increased the drug resistance of PDOs to 5-FU and oxaliplatin treatment. Interestingly, this pro-resistance effect was also seen when PDOs were co-cultured with heterologous CAF lines. These findings align with the recognized role of CAFs in enhancing drug resistance within the tumor microenvironment.10Saw P.E. Chen J. Song E. Targeting CAFs to overcome anticancer therapeutic resistance.Trends Cancer. 2022; 8: 527-555https://doi.org/10.1016/j.trecan.2022.03.001Abstract Full Text Full Text PDF PubMed Scopus (79) Google Scholar In summary, upon establishing a sizable PDO biobank for GC patients, this study identified and verified genes and molecular signatures that are predictive of chemotherapeutic response. Co-culturing with CAFs highlighted the role of the tumor microenvironment in mediating drug resistance. These results confirm the robustness of PDO models for cancer drug screening and response prediction. Moving forward, single-cell multi-omic analyses of PDOs will identify mechanisms underlying drug responsiveness in an unprecedented resolution. Moreover, single-cell CRISPR screening on PDO models will causally pinpoint genes responsible for drug resistance in an unbiased manner. These exciting new molecular technologies, together with sophisticated organoid modeling of the tumor microenvironment, will greatly improve precision medicine for cancer patients. D.-C.L. was supported by the Ming Hsieh Institute Research Award and the NIH under awards R37CA237022, R01DK135562, and R01DE033648. The authors declare no competing interests. Personalized drug screening using patient-derived organoid and its clinical relevance in gastric cancerZhao et al.Cell Reports MedicineJuly 3, 2024In BriefYi et al. present the establishment of a biobank of gastric cancer organoids derived from patients. These organoids mirror the complex dynamics of chemotherapy response. It may offer a valuable tool for the refinement of personalized treatments and the prediction of individual patient responses to chemotherapy. Full-Text PDF Open Access",2024,2024-07-01,article,en,https://openalex.org/W4400684761,False,0,epigenomics_plus_downstream;explicit_multiomics;genomics_plus_other,True,True,True,True
doi:10.1016/j.ymben.2024.12.001,doi:10.1016/j.ymben.2024.12.001,openalex,openalex;pubmed;scopus,https://openalex.org/W4405009905,10.1016/j.ymben.2024.12.001,,,Deciphering molecular drivers of lactate metabolic shift in mammalian cell cultures,"Lactate metabolism plays a critical role in mammalian cell bioprocessing, influencing cellular performance and productivity. The transition from lactate production to consumption, known as lactate metabolic shift, is highly beneficial and has been shown to extend culture lifespan and enhance productivity, yet its molecular drivers remain poorly understood. Here, we have explored the mechanisms that underpin this metabolic shift through two case studies, illustrating environmental- and genetic-driven factors. We characterised these study cases at process, metabolic and transcriptomic levels. Our findings indicate that glutamine depletion coincided with the timing of the lactate metabolic shift, significantly affecting cell growth, productivity and overall metabolism. Transcriptome analysis revealed dynamic regulation the ATF4 pathway, involved in the amino acid (starvation) response, where glutamine depletion activates ATF4 gene and its targets. Manipulating ATF4 expression through overexpression and knockdown experiments showed significant changes in metabolism of glutamine and lactate, impacting cellular performance. Overexpression of ATF4 increased cell growth and glutamine consumption, promoting a lactate metabolic shift. In contrast, ATF4 downregulation decreased cell proliferation and glutamine uptake, leading to production of lactate without any signs of lactate shift. These findings underscore a critical role for ATF4 in regulation of glutamine and lactate metabolism, related to phasic patterns of growth during CHO cell culture. This study offers unique insight into metabolic reprogramming during the lactate metabolic shift and the molecular drivers that determine cell status during culture. • Comprehensive characterisation of bioprocesses, transcriptome and metabolome of two study cases driving lactate metabolic shift. • Glutamine depletion triggers metabolic reprogramming, with ATF4 deregulation driving the shift from lactate production to consumption. • Overexpression of ATF4 increases glutamine consumption and promotes lactate metabolic shift • Knockdown of ATF4 decreases glutamine consumption, resulting in excess lactate production.",2024,2024-12-05,article,en,https://openalex.org/W4405009905,False,2,transcriptomics_plus_downstream,True,True,True,True
doi:10.1017/cts.2024.375,doi:10.1017/cts.2024.375,semantic_scholar,semantic_scholar,a14d8aa3cb76838126dcc7f173fc59f8b2d57824,10.1017/cts.2024.375,,11035278,"434 Investigating the metabolic-inflammatory mechanisms of cachexia symptoms in head and neck cancer patient plasma via multiomics integration of the metabolome, lipidome, and inflammation cytokines","OBJECTIVES/GOALS: Cachexia is the involuntary and irreversible loss of muscle and fat and is a major cause of morbidity and mortality in head and neck cancer (HNC). It remains a poorly understood disease diagnosed by weight loss and a confluence of symptoms. We explored the metabolic and inflammatory mechanisms of cachexia symptoms via an multiomics network algorithm. METHODS/STUDY POPULATION: Prior to chemoradiotherapy, HNC subjects completed questionnaires and donated blood for untargeted (metabolites) and targeted (lipids and cytokines) assays. Metabolites and lipids were measured by liquid chromatography mass spectrometry. Cytokines were measured by multiplex assays. We plotted a multiomics network graph by estimating partial least squares correlations amongst metabolites, lipids, cytokines, and common cachexia symptoms—max percent weight loss over 1 year, baseline BMI, fatigue, performance, albumin, hemoglobin, and white blood cell count. To interpret the network, an algorithm identified highly correlated clusters of metabolites-lipids-cytokines-symptoms representing possible biological relatedness, which were functionally annotated via metabolic enrichment analysis. RESULTS/ANTICIPATED RESULTS: In 123 subjects (59 years of age, 72% male, 84% white, avg weight loss of 13%), we analyzed 186 metabolites, 54 lipids, 7 cytokines and 7 cachexia symptoms. We required a correlation >0.25 and P-value <.05 to be included in the network graph, resulting in 323 connections and 3 identified clusters. Max weight loss and baseline BMI were in a cluster enriched by unsaturated fatty acid biosynthesis (P<.0001) and arachidonic acid (P=.01) metabolic pathways but not linked to inflammation cytokines. The five other cachexia symptoms were in a cluster with 4 cytokines (C-reactive protein, interleukin 6, IL10, IL1, Tumor necrosis factor receptor 2) and enriched by aminoacyl tRNA (P<.01) and valine biosynthesis (P=.02). We observed no meaningful differences when we stratified the analysis by human papillomavirus. DISCUSSION/SIGNIFICANCE: Cachexia symptoms in head and neck cancer may be linked to specific metabolic dysregulation—weight loss and BMI were linked to fatty acids; fatigue, anemia and others were linked to amino acids and inflammation. This information may allow for the recognition of a cachexic-metabolic subtype or provide novel targets for metabolic intervention.",2024,2024-04-01,JournalArticle,,https://www.semanticscholar.org/paper/a14d8aa3cb76838126dcc7f173fc59f8b2d57824,False,0,,True,False,True,False
doi:10.1021/acs.analchem.5c06874,doi:10.1021/acs.analchem.5c06874,semantic_scholar,semantic_scholar,51fc2bc1e4e1aa8b2864615b251fea82335bbad7,10.1021/acs.analchem.5c06874,41723703,,Integrative Molecular Pattern Learning for Mental Disorders Via Dual-Effect Matrix-Enabled Multiomics Platform.,"Mental health issues are surging in contemporary society, especially among adolescents and adults, harming well-being and social functioning. Objectively conducted timely screening, key to effective intervention, is vital in preventing severe social consequences. Here, we develop a high-throughput multiomics platform leveraging a well-established dual-effect matrix. By integrating this platform with advanced machine learning algorithms, we successfully acquire and analyze serum metabolomic and peptidomic profiles across four major mental disorders: major depressive disorder, bipolar disorder, schizophrenia, and anxiety disorder in both adults and adolescents. By integrating selected shared and disorder-specific metabolic/peptide features, our multiomics pathway analysis reveals two dysregulated biological pathways. Also, we achieve an overall diagnostic area under the curve (AUC) of 0.998 for distinguishing all patients with the four mental disorders from healthy controls and an average AUC of 0.974 for the specific classification of each individual mental disorder separately from the others. Moreover, we explore the differences in metabolic and peptide features between adults and adolescents and identify age-independent disease-specific features. This work advances both the mechanistic understanding of psychiatric disorders and the development of next-generation objective diagnostic tools.",2026,2026-02-22,JournalArticle,,https://www.semanticscholar.org/paper/51fc2bc1e4e1aa8b2864615b251fea82335bbad7,False,0,,True,False,True,False
doi:10.1021/acsnano.5c10672,doi:10.1021/acsnano.5c10672,pubmed,pubmed;scopus;semantic_scholar,41128616,10.1021/acsnano.5c10672,41128616,,Induced Pluripotent Stem Cell-Derived Extracellular Vesicles Prevent Neural Stem Cell Senescence to Promote Cognitive Recovery after Traumatic Brain Injury.,"Hippocampal neural stem cells (NSCs) have attracted significant attention due to their essential role in maintaining cognitive functions, such as memory and spatial orientation through neurogenesis. Cognitive impairment is a common and debilitating complication of traumatic brain injury (TBI), yet its underlying mechanisms remain poorly understood and effective clinical interventions are lacking. In this study, we observed persistent cognitive deficits in a mouse model of TBI, a phenomenon that has been widely documented in previous studies, and importantly, we found that these impairments were closely associated with increased hippocampal NSCs (H-NSCs) senescence. To investigate the cause of NSCs' senescence, we analyzed cerebrospinal fluid samples from TBI patients and hippocampal tissues from TBI mice and identified persistently elevated levels of IL-1β post TBI. In vitro, IL-1β successfully induced NSCs' senescence and suppressed neurogenesis. Induced pluripotent stem cell-derived small extracellular vesicles (iPSC-sEVs) reversed IL-1β-induced senescence and restored neurogenic potential in H-NSCs. In vivo, iPSC-sEVs alleviated cognitive deficits and H-NSC senescence after TBI. Integrated proteomic and NSC cell transcriptomic analyses revealed that the β-catenin/ID2/CDKN2B (p15 INK4b ) signaling axis plays a critical role in regulating H-NSC senescence, which was further validated through inhibitor experiments. In summary, our findings demonstrate that iPSC-sEVs attenuate NSC senescence and improve cognitive function following TBI via modulation of the β-catenin/ID2/CDKN2B (p15 INK4b ) axis.",2025,2025-10-23,Journal Article,eng,https://pubmed.ncbi.nlm.nih.gov/41128616/,False,2,,True,False,True,False
doi:10.1038/ncomms6744,doi:10.1038/ncomms6744,pubmed,openalex;pubmed,25501849,10.1038/ncomms6744,25501849,PMC4269170,Spartan deficiency causes genomic instability and progeroid phenotypes.,"Spartan (also known as DVC1 and C1orf124) is a PCNA-interacting protein implicated in translesion synthesis, a DNA damage tolerance process that allows the DNA replication machinery to replicate past nucleotide lesions. However, the physiological relevance of Spartan has not been established. Here we report that Spartan insufficiency in mice causes chromosomal instability, cellular senescence and early onset of age-related phenotypes. Whereas complete loss of Spartan causes early embryonic lethality, hypomorphic mice with low amounts of Spartan are viable. These mice are growth retarded and develop cataracts, lordokyphosis and cachexia at a young age. Cre-mediated depletion of Spartan from conditional knockout mouse embryonic fibroblasts results in impaired lesion bypass, incomplete DNA replication, formation of micronuclei and chromatin bridges and eventually cell death. These data demonstrate that Spartan plays a key role in maintaining structural and numerical chromosome integrity and suggest a link between Spartan insufficiency and progeria.",2014,2014-12-11,"Journal Article; Research Support, N.I.H., Extramural; Research Support, Non-U.S. Gov't",eng,https://pubmed.ncbi.nlm.nih.gov/25501849/,False,1,,True,True,True,True
doi:10.1038/s41380-026-03703-3,doi:10.1038/s41380-026-03703-3,europepmc,europepmc;pubmed;scopus;semantic_scholar,MED:42337012,10.1038/s41380-026-03703-3,42337012,,Metabolomic signatures of brain aging: A multimodal and genetic study.,"Accelerated brain aging is increasingly recognized as a transdiagnostic risk factor for neuropsychiatric and neurodegenerative disorders, yet its metabolic underpinnings remain poorly understood. Here we integrated multimodal neuroimaging (MRI), plasma metabolomics, and genomic data from the UK Biobank to identify metabolic markers of brain aging and evaluate their causal relevance. Using 1079 imaging-derived phenotypes (IDPs) from 4333 healthy participants, we trained and validated machine learning models for brain age prediction, with a least absolute shrinkage and selection operator (LASSO) regression model achieving the best performance (mean absolute error = 3.26 years, R² = 0.68). Brain age gap (BAG) was then estimated in 37,458 participants. Association analyses in 21,780 individuals identified nine plasma metabolites significantly linked to BAG after Bonferroni correction, with glucose showing the strongest effect (β = 0.32, P = 9.90 × 10⁻¹²). Genome-wide association studies (GWAS) identified 392 BAG-associated single-nucleotide polymorphisms (SNPs) (P < 5 × 10⁻⁸), and two-sample Mendelian randomization (MR) provided evidence supporting a potential causal role of glucose in accelerating brain aging. Clinically, elevated plasma glucose was positively associated with seven brain disorders, including all-cause dementia, Alzheimer's disease, vascular dementia, Parkinson's disease, stroke, depression, and anxiety, and negatively associated with cognitive performance, movement function, and mental health outcomes. Higher glucose concentrations were also associated with reduced regional brain volumes across 80 cortical, subcortical, and cerebellar regions. These findings implicate glucose metabolism as a modifiable pathway in brain aging, with implications for early intervention strategies aimed at preserving brain health across the lifespan.",2026,2026-06-24,Journal Article,eng,https://europepmc.org/article/MED/42337012,False,3,,True,True,True,True
doi:10.1038/s41417-023-00640-z,doi:10.1038/s41417-023-00640-z,pubmed,pubmed;scopus,37420093,10.1038/s41417-023-00640-z,37420093,PMC10581906,A multi-omics integrative approach unravels novel genes and pathways associated with senescence escape after targeted therapy in NRAS mutant melanoma.,"Therapy Induced Senescence (TIS) leads to sustained growth arrest of cancer cells. The associated cytostasis has been shown to be reversible and cells escaping senescence further enhance the aggressiveness of cancers. Chemicals specifically targeting senescent cells, so-called senolytics, constitute a promising avenue for improved cancer treatment in combination with targeted therapies. Understanding how cancer cells evade senescence is needed to optimise the clinical benefits of this therapeutic approach. Here we characterised the response of three different NRAS mutant melanoma cell lines to a combination of CDK4/6 and MEK inhibitors over 33 days. Transcriptomic data show that all cell lines trigger a senescence programme coupled with strong induction of interferons. Kinome profiling revealed the activation of Receptor Tyrosine Kinases (RTKs) and enriched downstream signaling of neurotrophin, ErbB and insulin pathways. Characterisation of the miRNA interactome associates miR-211-5p with resistant phenotypes. Finally, iCell-based integration of bulk and single-cell RNA-seq data identifies biological processes perturbed during senescence and predicts 90 new genes involved in its escape. Overall, our data associate insulin signaling with persistence of a senescent phenotype and suggest a new role for interferon gamma in senescence escape through the induction of EMT and the activation of ERK5 signaling.",2023,2023-07-07,"Journal Article; Research Support, Non-U.S. Gov't",eng,https://pubmed.ncbi.nlm.nih.gov/37420093/,False,1,,True,True,True,True
doi:10.1038/s41467-018-03073-7,doi:10.1038/s41467-018-03073-7,semantic_scholar,semantic_scholar,5585bc8cae8e80065fe4202a82932e74ade1270a,10.1038/s41467-018-03073-7,29440637,5811577,Cytosine modifications exhibit circadian oscillations that are involved in epigenetic diversity and aging,"Circadian rhythmicity governs a remarkable array of fundamental biological functions and is mediated by cyclical transcriptomic and proteomic activities. Epigenetic factors are also involved in this circadian machinery; however, despite extensive efforts, detection and characterization of circadian cytosine modifications at the nucleotide level have remained elusive. In this study, we report that a large proportion of epigenetically variable cytosines show a circadian pattern in their modification status in mice. Importantly, the cytosines with circadian epigenetic oscillations significantly overlap with the cytosines exhibiting age-related changes in their modification status. Our findings suggest that evolutionary advantageous processes such as circadian rhythmicity can also contribute to an organism’s deterioration. While epigenetic factors have been implicated in the circadian rhythm, the detection of circadian cytosine modifications has remained elusive. Here the authors identify a large number of epigenetically variable cytosines that show circadian oscillations in their modification status in mice.",2018,2018-02-13,JournalArticle,,https://www.semanticscholar.org/paper/5585bc8cae8e80065fe4202a82932e74ade1270a,False,0,,True,True,True,True
doi:10.1038/s41467-024-52310-9,doi:10.1038/s41467-024-52310-9,openalex,europepmc;openalex;pubmed;scopus,https://openalex.org/W4402552274,10.1038/s41467-024-52310-9,,,"A metabolomic profile of biological aging in 250,341 individuals from the UK Biobank","The metabolomic profile of aging is complex. Here, we analyse 325 nuclear magnetic resonance (NMR) biomarkers from 250,341 UK Biobank participants, identifying 54 representative aging-related biomarkers associated with all-cause mortality. We conduct genome-wide association studies (GWAS) for these 325 biomarkers using whole-genome sequencing (WGS) data from 95,372 individuals and perform multivariable Mendelian randomization (MVMR) analyses, discovering 439 candidate “biomarker - disease” causal pairs at the nominal significance level. We develop a metabolomic aging score that outperforms other aging metrics in predicting short-term mortality risk and exhibits strong potential for discriminating aging-accelerated populations and improving disease risk prediction. A longitudinal analysis of 13,263 individuals enables us to calculate a metabolomic aging rate which provides more refined aging assessments and to identify candidate anti-aging and pro-aging NMR biomarkers. Taken together, our study has presented a comprehensive aging-related metabolomic profile and highlighted its potential for personalized aging monitoring and early disease intervention. The metabolomic changes over the course of aging are complex. Here, the authors present a comprehensive metabolomic profile of aging and construct a metabolomic aging score, which has potential for personalized aging monitoring and early disease-risk identification.",2024,2024-09-15,article,en,https://openalex.org/W4402552274,False,3,genomics_plus_other,True,True,True,True
doi:10.1038/s41467-026-69424-x,doi:10.1038/s41467-026-69424-x,semantic_scholar,europepmc;pubmed;scopus;semantic_scholar,88c5bb7f87d02a2148b3fccec32a4a470f1888bb,10.1038/s41467-026-69424-x,41680183,12905429,Lack of MDA5 delays hematopoietic aging by modulating inflammaging and proteostasis in mice,"“Inflammaging”, the chronic increase in inflammatory signaling with age, remains poorly understood in hematopoietic aging. Here, we identify the innate immune RNA sensor melanoma differentiation–associated protein 5 (MDA5) as an important factor of hematopoietic stem cell (HSC) aging. Aged Mda5-/- mice exhibit reduced HSC accumulation and myeloid bias. Importantly, aged Mda5-/- HSCs retain greater quiescence and superior repopulation capacity in noncompetitive transplants compared to wild-type counterparts. Multiomic analyses— including chromatin accessibility, transcriptomics, and metabolomics—reveal decreased inflammatory signaling, a youthful metabolic profile, and improved proteostasis in Mda5-/- HSCs, through regulation of HSF1 and phospho-EIF2A, key proteostasis regulators. Activation of HSF1 in aged wild-type HSCs partially restores youthful features, supporting a causal role for proteostasis maintenance. Collectively, our findings demonstrate that attenuating MDA5-dependent inflammation preserves HSC function during aging by maintaining metabolic fitness and proteostasis and provide insight into potential therapeutic strategies for mitigating hematopoietic aging. Exposure to inflammation drives hematopoietic stem cells (HSC) aging, limiting their self-renewal capacity and differentiation. Here, the authors explore the mechanistic link between inflammation and HSC aging. Using mouse models, they identify the innate immune RNA sensor MDA5 as a key mediator of HSC aging and show that MDA5 loss ameliorates the aging phenotype by improving proteostasis in aged HSCs.",2026,2026-02-12,JournalArticle,,https://www.semanticscholar.org/paper/88c5bb7f87d02a2148b3fccec32a4a470f1888bb,False,3,,True,True,True,True
doi:10.1038/s41556-023-01325-3,doi:10.1038/s41556-023-01325-3,semantic_scholar,semantic_scholar,97784c36c5de26eff58a27ed10defd030141e6ae,10.1038/s41556-023-01325-3,38177284,10866708,FOXO1-mediated lipid metabolism maintains mammalian embryos in dormancy,"Mammalian developmental timing is adjustable in vivo by preserving pre-implantation embryos in a dormant state called diapause. Inhibition of the growth regulator mTOR (mTORi) pauses mouse development in vitro, yet how embryonic dormancy is maintained is not known. Here we show that mouse embryos in diapause are sustained by using lipids as primary energy source. In vitro, supplementation of embryos with the metabolite l-carnitine balances lipid consumption, puts the embryos in deeper dormancy and boosts embryo longevity. We identify FOXO1 as an essential regulator of the energy balance in dormant embryos and propose, through meta-analyses of dormant cell signatures, that it may be a common regulator of dormancy across adult tissues. Our results lift a constraint on in vitro embryo survival and suggest that lipid metabolism may be a critical metabolic transition relevant for longevity and stem cell function across tissues. van der Weijden et al. perform genomic, proteomic and metabolic analyses and find that FOXO1-mediated fatty acid oxidation maintains mouse embryos in diapause.",2024,2024-01-04,JournalArticle,,https://www.semanticscholar.org/paper/97784c36c5de26eff58a27ed10defd030141e6ae,False,0,,True,True,True,True
doi:10.1038/s41590-025-02299-0,doi:10.1038/s41590-025-02299-0,pubmed,pubmed;scopus,41125877,10.1038/s41590-025-02299-0,41125877,PMC12571900,Transcriptional and epigenetic targets of MEF2C in human microglia contribute to cellular functions related to autism risk and age-related disease.,"MEF2C encodes a transcription factor that is critical in nervous system development. Here, to examine disease-associated functions of MEF2C in human microglia, we profiled microglia differentiated from isogenic MEF2C-haploinsufficient and MEF2C-knockout induced pluripotent stem cell lines. Complementary transcriptomic and functional analyses revealed that loss of MEF2C led to a hyperinflammatory phenotype with broad phagocytic impairment, lipid accumulation, lysosomal dysfunction and elevated basal inflammatory cytokine secretion. Genome-wide profiling of MEF2C-bound sites coupled with the active regulatory landscape enabled inference of its transcriptional functions and potential mechanisms for MEF2C-associated cellular functions. Transcriptomic and epigenetic approaches identified substantial overlap with idiopathic autism datasets, suggesting a broader role of human microglial MEF2C dysregulation in idiopathic autism. In a mouse xenotransplantation model, loss of MEF2C led to morphological, lysosomal and lipid abnormalities in human microglia in vivo. Together, these studies reveal mechanisms by which reduced microglial MEF2C could contribute to the development of neurological diseases.",2025,2025-10-22,Journal Article,eng,https://pubmed.ncbi.nlm.nih.gov/41125877/,False,1,,True,False,True,False
doi:10.1038/s41598-020-76097-z,doi:10.1038/s41598-020-76097-z,semantic_scholar,semantic_scholar,79769a5cd0cd3ffbb9b3169b0c81765dbc73d95a,10.1038/s41598-020-76097-z,33208769,7674420,Data integration for prediction of weight loss in randomized controlled dietary trials,"Diet is an important component in weight management strategies, but heterogeneous responses to the same diet make it difficult to foresee individual weight-loss outcomes. Omics-based technologies now allow for analysis of multiple factors for weight loss prediction at the individual level. Here, we classify weight loss responders (N = 106) and non-responders (N = 97) of overweight non-diabetic middle-aged Danes to two earlier reported dietary trials over 8 weeks. Random forest models integrated gut microbiome, host genetics, urine metabolome, measures of physiology and anthropometrics measured prior to any dietary intervention to identify individual predisposing features of weight loss in combination with diet. The most predictive models for weight loss included features of diet, gut bacterial species and urine metabolites (ROC-AUC: 0.84–0.88) compared to a diet-only model (ROC-AUC: 0.62). A model ensemble integrating multi-omics identified 64% of the non-responders with 80% confidence. Such models will be useful to assist in selecting appropriate weight management strategies, as individual predisposition to diet response varies.",2020,2020-11-18,JournalArticle,,https://www.semanticscholar.org/paper/79769a5cd0cd3ffbb9b3169b0c81765dbc73d95a,False,0,,True,False,True,False
doi:10.1038/s41598-024-73466-w,doi:10.1038/s41598-024-73466-w,openalex,europepmc;openalex;pubmed;scopus;semantic_scholar,https://openalex.org/W4403130274,10.1038/s41598-024-73466-w,,,A genetic study to identify pathogenic mechanisms and drug targets for benign prostatic hyperplasia: a multi-omics Mendelian randomization study,"Benign prostatic hyperplasia (BPH) as a common geriatric disease in urology, the incidence and prevalence are rapidly increasing with the aging society, prompting an urgent need for effective prevention and treatment of BPH. However, limited therapeutic efficacy and higher risk of complications result in the treatment of BPH remaining challenging. The unclear pathogenic mechanism also hampers further exploration of therapeutic approaches for BPH. In this study, we used multi-omics methods to integrate genomics, transcriptomics, immunomics, and metabolomics data and identify biomolecules associated with BPH. We performed transcriptomic imputation, summary data-based Mendelian randomization (SMR), joint/conditional analysis, colocalization analysis, and FOCUS to explore high-confidence genes associated with BPH in blood and prostate tissue. Subsequently, three-step SMR was used to identify the DNA methylation sites regulating high-confidence genes to improve the pathogenic pathways of BPH. We also used cis-instruments of druggable genes to conduct SMR analysis to find potential drug targets for BPH. Finally, we used MR analysis to explore the immune pathways and metabolomics related to BPH. Multiple analytical methods identified BTN3A2 (Blood: TWAS Z score = 5.02912, TWAS P = 4.93 × 10 –7 ; Prostate: TWAS Z score = 4.89, TWAS P = 1.01 × 10 –6 ) and C4A (Blood: TWAS Z score = 4.90754, TWAS P = 9.22 × 10 –7 ; Prostate: TWAS Z score = 5.084, TWAS P = 3.70 × 10 –7 ) as high-confidence genes for BPH and identified the cg14345882- BTN3A2 -BPH pathogenic pathway. We also used druggable gene data to identify 30 promising therapeutic target genes, including BTN3A2 and C4A . For MR analysis of immune pathways, we identified immune cell surface molecules as well as the inflammatory factor IL-17 (OR = 1.25, 95% CI = 1.09–1.43, P FDR = 0.12, Maximum likelihood) as risk factors for BPH. In addition, we found that disulfide levels of cysteinylglycine (OR = 1.11, 95% CI = 1.05–1.18, P = 5.18 × 10 –4 , Weighted median), oxidation levels of cysteinylglycine (OR = 1.09, 95% CI = 1.04–1.14, P = 3.87 × 10 –4 , Weighted median), and sebacate levels (OR = 1.05, 95% CI = 1.02–1.08, P = 3.0 × 10 –4 , Maximum likelihood) increase the risk of BPH. This multi-omics study explored biomolecules associated with BPH, improved the pathogenic pathways of BPH, and identified promising therapeutic targets. Our results provide evidence for future studies aimed at developing appropriate therapeutic interventions.",2024,2024-10-04,article,en,https://openalex.org/W4403130274,False,4,epigenomics_plus_downstream;explicit_multiomics;genomics_plus_other;transcriptomics_plus_downstream,True,True,True,True
doi:10.1038/s41598-025-96711-2,doi:10.1038/s41598-025-96711-2,europepmc,europepmc;openalex;pubmed;scopus;semantic_scholar,MED:40269081,10.1038/s41598-025-96711-2,40269081,PMC12019183,Multiomic insight into the involvement of cell aging related genes in the pathogenesis of endometriosis.,"Endometriosis significantly impacts women's health and fertility, with cell aging playing a crucial role in its development. This study utilized a multi-omic summary Mendelian randomization (SMR) analysis, integrating genome-wide association studies (GWAS), expression quantitative trait loci (eQTLs), methylation quantitative trait loci (mQTLs), and protein quantitative trait loci (pQTLs). The goal was to identify genes that exhibit causal associations between cell aging and endometriosis. Validation was conducted using the FinnGen R10 and UK Biobank cohorts. The SMR and HEIDI tests evaluated the genetic variants linked to both cell aging and endometriosis risk. Colocalization analysis revealed shared genetic variants, uncovering significant associations between the two conditions. A total of 196 CpG sites in 78 genes, alongside 18 eQTL-associated genes and 7 pQTL-associated proteins, were identified. Notably, the MAP3K5 gene displayed contrasting methylation patterns linked to endometriosis risk. In validation cohorts, the THRB gene and ENG protein were confirmed as risk factors. The findings suggest a causal mechanism where specific methylation patterns downregulate the MAP3K5 gene, heightening endometriosis risk, highlighting it and associated pathways as potential therapeutic targets.",2025,2025-04-23,research-article; Journal Article,eng,https://europepmc.org/article/MED/40269081,False,4,,True,True,True,True
doi:10.1038/s42003-025-09164-8,doi:10.1038/s42003-025-09164-8,semantic_scholar,semantic_scholar,c5a542d643947a291436ecf4c3fc65d6317dc4e7,10.1038/s42003-025-09164-8,41390888,12717052,Integrated multi-omics analysis of renal metabolism in domestic cats with spontaneous chronic kidney disease,"Chronic kidney disease (CKD) is the leading cause of mortality in aged cats. After injury, feline kidneys undergo extensive metabolic reprogramming, but a comprehensive evaluation is lacking. Here we show a multi-omics study including serum metabolomics from 14 healthy control, 15 early stages, 6 late stages CKD cats, and renal cortical and medullary tissue RNA sequencing and proteomics. The analysis reveals a spatiotemporal pattern of gene and protein expression changes. In the early stages, there are 6 differentially expressed genes in the cortex, while nearly 2000 in the medulla. The number in the cortex increases to more than 4000 in late stages. The study provides evidence of deranged bioenergetics in CKD: circulating fatty acids and acylcarnitines accumulate, while genes and proteins involved in fatty acid transport and oxidation are downregulated. Glucose and pyruvate metabolism is altered. Impaired glutamine metabolism contributes to both energy deficiency and acid-base imbalance. Additionally, there is a downregulation of redox enzymes, and overexpression of proinflammatory mediators in CKD. Gene expression of TGFβ1 is strongly and positively correlated with that of other fibrogenic genes. Finally, oxygen homeostasis is disrupted. Hypoxia signaling is upregulated, while expression of SGLT2 gene and protein is downregulated in cats with CKD. The data unveil profound metabolic abnormalities and adaptations in feline CKD. Multiomic integration and analysis on systemic metabolome, renal tissue transcriptome and proteome reveal profound metabolic abnormalities and adaptations in bioenergetics, oxygen and redox homeostasis in feline chronic kidney disease.",2025,2025-12-01,JournalArticle,,https://www.semanticscholar.org/paper/c5a542d643947a291436ecf4c3fc65d6317dc4e7,False,0,,True,False,True,False
doi:10.1038/s43587-024-00762-5,doi:10.1038/s43587-024-00762-5,google_scholar,google_scholar,El8trySrKd0J,10.1038/s43587-024-00762-5,,,Molecular and genetic insights into human ovarian aging from single-nuclei multi-omics analyses,"… This generic approach identified 1,260 candidate causal regulatory variants, with 513 top … 
and prioritizing causal variants and regulatory mechanisms underlying ANM genetic risk. …",2025,2025-01-01,,,https://www.nature.com/articles/s43587-024-00762-5,False,0,,True,True,True,True
doi:10.1038/srep42520,doi:10.1038/srep42520,pubmed,pubmed,28186195,10.1038/srep42520,28186195,PMC5301216,CENP-A chromatin disassembly in stressed and senescent murine cells.,"Centromeres are chromosomal domains essential for genomic stability. We report here the remarkable transcriptional and epigenetic perturbations at murine centromeres in genotoxic stress conditions. A strong and selective transcriptional activation of centromeric repeats is detected within hours. This is followed by disorganization of centromeres with striking delocalization of nucleosomal CENP-A, the key determinant of centromere identity and function, in a mechanism requiring active transcription of centromeric repeats, the DNA Damage Response (DDR) effector ATM and chromatin remodelers/histone chaperones. In the absence of p53 checkpoint, activated transcription of centromeric repeats and CENP-A delocalization do not occur and cells accumulate micronuclei indicative of genomic instability. In addition, activated transcription and loss of centromeres identity are features of permanently arrested senescent cells with persistent DDR activation. Together, these findings bring out cooperation between DDR effectors and loss of centromere integrity as a safeguard mechanism to prevent genomic instability in context of persistent DNA damage signalling.",2017,2017-02-10,"Journal Article; Research Support, Non-U.S. Gov't",eng,https://pubmed.ncbi.nlm.nih.gov/28186195/,False,0,,True,False,True,False
doi:10.1053/j.jrn.2020.07.008,doi:10.1053/j.jrn.2020.07.008,semantic_scholar,semantic_scholar,3136c504852d99e67ee9dbaf78ab137e7e0aaf96,10.1053/j.jrn.2020.07.008,32981834,,"Associations Among Plant-Based Diet Quality, Uremic Toxins, and Gut Microbiota Profile in Adults Undergoing Hemodialysis Therapy.","OBJECTIVE The objective of the study was to evaluate associations among diet quality, serum uremic toxin concentrations, and the gut microbiota profile in adults undergoing hemodialysis therapy. DESIGN AND METHODS This is a cross-sectional analysis of baseline data from a clinical trial involving adults receiving hemodialysis therapy. Usual dietary intake was determined using a diet history method administered by Accredited Practising Dietitians. Two approaches were used for diet quality assessment: (1) using three a priori defined plant-based diet indices-an overall plant-based diet index (PDI), a healthy PDI, and an unhealthy PDI and (2) classification of food group intake. Serum uremic toxins (p-cresyl sulfate and indoxyl sulfate (IS); free and total) were determined by ultra-performance liquid chromatography. Gut microbiota composition was established through sequencing the 16S rRNA gene in stool samples. RESULTS Twenty-two adults (median age 70.5 [interquartile range: 59-76], 64% male) were included in the final analysis. Higher adherence to the PDI was associated with lower total IS levels (P = .028), independent of dialysis adequacy, urinary output, and blood albumin levels. In contrast, higher adherence to the unhealthy PDI was associated with increases in both free and total IS. Several other direct and inverse associations between diet quality with uremic toxins, microbial relative abundances, and diversity metrics were also highlighted. Diet-associated taxa showed significantly different trends of association with serum uremic toxin concentrations (P < .05). Higher adherence to the PDI was negatively associated with relative abundances of Haemophilus and Haemophilus parainfluenzae that were related to elevated total IS levels. In contrast, increased intake of food items considered unhealthy, such as animal fats, sweets and desserts, were associated with bacteria linked to higher IS and p-cresyl sulfate (total and free) concentrations. CONCLUSIONS The quality of diet and food selections may influence uremic toxin production by the gut microbiota in adults receiving hemodialysis. Well-designed dietary intervention trials that adopt multi-omic technologies appropriate for the functional annotation of the gut microbiome are needed to validate our findings and establish causality.",2020,2020-09-24,JournalArticle,,https://www.semanticscholar.org/paper/3136c504852d99e67ee9dbaf78ab137e7e0aaf96,False,0,,True,False,True,False
doi:10.1073/pnas.2505797122,doi:10.1073/pnas.2505797122,openalex,openalex,https://openalex.org/W4411542584,10.1073/pnas.2505797122,,,The role of estrogen receptor β in maintaining basal cells and modulating the immune environment in the prostate,"Estrogen receptor β (ERβ) plays an important role in both the mouse and human prostate. The endogenous ligand for ERβ is the dihydrotestosterone metabolite, 5β-androstane-3β, 17β-diol (3β-Adiol). Thus, treatment with 5-α reductase inhibitor (5-ARI) should produce a phenotype similar to that seen in ERβ −/− mice. By comparing RNA-Seq of the ventral prostates (VP) of ERβ knockout mice (ERβ crispr−/− ) and wild-type (WT) mice, we confirmed that ERβ modulates androgen receptor (AR) signaling indirectly by suppressing AR coactivators. Compared to WT mice, basal cell genes from ERβ crispr−/− mouse VP were significantly upregulated. A population of abnormal basal cells coexpressing P63 and AR was identified in the ERβ crispr−/− mouse VP by immunohistochemistry. In men treated with 5-ARI for treatment of benign prostatic hyperplasia (BPH), there was induction of a P63-positive intermediate cell population characterized by down regulation of Krt14 without significant change in the expression of Krt15, upregulation of AR and NKX3.1, and increased proliferation. In both VP of aging ERβ crispr−/− mice and in human prostates after 5-ARI treatment, there was substantial immune infiltration. Testosterone treatment inhibited immune infiltration in the VP of ERβ crispr−/− mice. We conclude that ERβ is a gene critical in maintaining normal basal cells and modulating immune environment in the prostate. Its loss leads to histological changes suggesting prostatitis and increases the number of intermediate cells, which are considered to be the cells of origin of prostate cancers. We suggest that an ERβ agonist could protect against 5-ARI-induced inflammatory cell infiltration and defects in the basal cell layer in BPH.",2025,2025-06-23,article,en,https://openalex.org/W4411542584,False,0,transcriptomics_plus_downstream,True,True,True,True
doi:10.1080/10409238.2021.1893641,doi:10.1080/10409238.2021.1893641,europepmc,europepmc;pubmed;scopus,MED:33722121,10.1080/10409238.2021.1893641,33722121,PMC8136436,Regulation of the redox metabolome and thiol proteome by hydrogen sulfide.,"Overproduction of reactive oxygen species and compromised antioxidant defenses perturb intracellular redox homeostasis and is associated with a myriad of human diseases as well as with the natural process of aging. Hydrogen sulfide (H 2 S), which is biosynthesized by organisms ranging from bacteria to man, influences a broad range of physiological functions. A highly touted molecular mechanism by which H 2 S exerts its cellular effects is via post-translational modification of the thiol redox proteome, converting cysteine thiols to persulfides, in a process referred to as protein persulfidation. The physiological relevance of this modification in the context of specific signal transmission pathways remains to be rigorously established, while a general protective role for protein persulfidation against hyper-oxidation of the cysteine proteome is better supported. A second mechanism by which H 2 S modulates redox homeostasis is via remodeling the redox metabolome, targeting the electron transfer chain and perturbing the major redox nodes i.e. CoQ/CoQH 2 , NAD + /NADH and FAD/FADH 2 . The metabolic changes that result from H 2 S-induced redox changes fan out from the mitochondrion to other compartments. In this review, we discuss recent developments in elucidating the roles of H 2 S and its oxidation products on redox homeostasis and its role in protecting the thiol proteome.",2021,2021-03-15,"Video-Audio Media; research-article; Journal Article; Research Support, N.I.H., Extramural",eng,https://europepmc.org/article/MED/33722121,False,2,,True,True,True,True
doi:10.1080/15592294.2025.2528563,doi:10.1080/15592294.2025.2528563,semantic_scholar,pubmed;semantic_scholar,5e39a78618118cecb584a9a6bbb1904b3aee910a,10.1080/15592294.2025.2528563,40620015,12239803,Mechanism of crosstalk between DNA methylation and histone acetylation and related advances in diagnosis and treatment of premature ovarian failure,"ABSTRACT Premature ovarian failure (POF) affects 1–3.5% of women under 40 years of age, characterized by irreversible depletion of the follicular pool and decline in oocyte quality, with its pathogenesis remaining incompletely understood. Current mainstream therapies, such as hormone replacement therapy, only alleviate symptoms, fail to reverse the underlying functional decline, and carry long-term risks, necessitating the exploration of novel strategies targeting the etiology. This review systematically dissects the central role of epigenetic regulation in POF. First, DNA methylation governs female reproductive lifespan by reprogramming the dormant-activation balance of primordial follicles and maintaining epigenetic memory in oocytes. Second, histone modification homeostasis determines ovarian endocrine function by influencing granulosa cell senescence and steroid hormone synthesis. Additionally, non-coding RNAs form regulatory hubs by constructing competing endogenous RNA networks that integrate oxidative stress and developmental signaling pathways. These mechanisms provide new insights into the pathological basis of POF, identify potential biomarkers, and offer a theoretical framework for deciphering targeted intervention strategies and developing precision epigenetic therapies to delay POF progression. Keypolicy highlights Promote precision diagnostics using blood-based epigenetic biomarkers like cfDNA methylation and exosomal ncRNAs for early detection. Support targeted gene therapies by editing or modulating epigenetic mutations. Explore synergistic therapeutic regimens integrating epigenetic drugs with hormone therapy and antioxidants. Leverage advanced technologies like single-cell multi-omics and organoid models to predict environment-epigenetic interactions and guide interventions.",2025,2025-07-07,Review; JournalArticle,,https://www.semanticscholar.org/paper/5e39a78618118cecb584a9a6bbb1904b3aee910a,False,1,,True,True,True,True
doi:10.1080/29933935.2025.2605879,doi:10.1080/29933935.2025.2605879,europepmc,europepmc;pubmed,MED:41907517,10.1080/29933935.2025.2605879,41907517,PMC12938881,Obesity-associated gut microbiome influences diet-induced metabolic and cognitive outcomes in older adults.,"Obesity in older adults is a known risk factor for Alzheimer's disease and related dementias, potentially driven by metabolic dysfunction, inflammation and gut dysbiosis. The gut-brain axis, influenced by diet and the gut microbiome, is increasingly recognized as a contributor to neurodegeneration. In this sub-analysis of a 10-week randomized dietary education intervention (NCT06121986), we examined how obesity modulates gut microbiome, metabolome, and cognitive responses in 31 adults aged 55-85, with or without mild cognitive impairment. Participants received education on either a Mediterranean Diet or a Modified Mediterranean-Ketogenic Diet. Analyses were stratified by baseline obesity (BMI ≥30 kg/m²). Individuals with obesity exhibited lower microbial alpha-diversity, higher Bacteroides , and lower Akkermansia and Christensenellaceae_R-7_group , along with poorer memory and executive function. Only in the obese group did fat loss correlate with improvements in episodic memory and cognitive flexibility. In contrast, increased fat mass was associated with improved memory in non-obese participants. Gains in skeletal muscle mass predicted cognitive improvement in adults aged ≥73. Changes in gut (acetate, propionate, lactate) and plasma (acetate, pyruvate, citric acid) metabolites were linked to cognitive and body composition outcomes. These exploratory findings highlight the gut-muscle-brain axis as a modifiable target to enhance cognitive health in aging populations.",2026,2025-12-25,research-article; Journal Article,eng,https://europepmc.org/article/MED/41907517,False,1,,True,True,True,True
doi:10.1093/ajhp/zxae134,doi:10.1093/ajhp/zxae134,openalex,openalex,https://openalex.org/W4396894102,10.1093/ajhp/zxae134,,,The times are changing: A primer on novel clinical trial designs and endpoints in critical care research,"Critical care medicine has been a rapidly evolving area of clinical practice since its inception.1 This rapid evolution, supported by scientific and technological advancements, has been further propelled by evidence from randomized controlled trials (RCTs).2 The RCT has been the gold-standard approach for establishing cause and effect.2 This study design provides the most effective control of confounding by baseline variables, thus addressing the most important threat to establishing cause-and-effect relationships between an intervention and outcome of interest. Overall familiarity of the research community, ease of interpretation, and ability to provide a high-quality answer to a specific research question have facilitated increasing use of RCTs in critical care research. As the number of critical care RCTs has increased over time, several challenges have been identified.2,3 First, substantial heterogeneity of disease and severity of illness presents a unique challenge for trial enrollment, outcome evaluation, and bedside applicability. Second, rapidly obtaining informed consent and deploying an intervention is very different, and often more difficult, within critical care medicine as compared to other practice areas. Third, poor prognosis in many critically ill conditions, such as sepsis, acute respiratory distress syndrome (ARDS), and cardiac arrest, presents greater potential for futility.4-6 Furthermore, selecting an optimal trial outcome can be difficult as clinical practicality and applicability must be considered alongside what is important to the patient. Lastly, the standard approach to trial design often creates a rigid and inflexible infrastructure, furthering research inefficiency. Collectively, these factors have contributed to numerous RCTs across a spectrum of critically ill populations and interventions producing neutral results, leading to calls for novel RCT methodology.2,7-13 Furthermore, single-center RCTs producing positive results are frequently overturned by subsequent larger, multicenter RCTs.14 This primer for the clinical pharmacist will discuss innovative clinical trial designs and novel trial endpoints within critical care research. Within each section, emerging approaches aimed at overcoming the challenges and limitations of traditional methodologies will be discussed. Furthermore, practical examples and available resources will be highlighted to assist clinical pharmacists in understanding, interpreting, and applying these methodologies in their clinical practice and/or research. Although growing rapidly, critical care medicine as a specialty remains on the younger end of the spectrum when compared to other fields of medicine and, as such, remains behind in terms of designing and conducting resource-efficient clinical trials. Notable challenges in critical care research and how each contributes to decreased trial efficiency and applicability are summarized in Table 1. In the following section, we provide an overview of alternative study designs that can be utilized to overcome the limitations of traditional RCTs along with examples of their application. Notable Limitations of Study Designs of Traditional RCTs2 Abbreviation: RCT, randomized controlled trial. Issues with applicability and feasibility in RCTs arise when trial protocols are overly restrictive and do not reflect true clinical practice.2,15 This complicates not only trial enrollment and proceedings but also application of trial protocols or results to the “gray areas” of practice at the bedside. Therefore, pragmatic trial designs are of interest within critical are research.16 Trial pragmatism (ie, the degree to which trial enrollment and intervention delivery reflect real-world practice) exists as a continuum rather than a dichotomy, and the PRagmatic-Explanatory Continuum Indicator Summary-2 (PRECIS-2) is a validated tool developed to help evaluate this continuum.17 The PRECIS-2 utilizes 9 domains to assist trialists in evaluating the impact their design decisions will have on applicability. Pragmatic trial designs can be used to better align clinical research and clinical practice, improving efficiency and applicability. Trial embedment is one approach to enhancing pragmatism. In these designs, recruitment, enrollment, randomization, interventions, data extraction, and/or documentation are integrated into existing clinical practice.18,19 For example, a study on stress ulcer prophylaxis utilized a registry-embedded component to improve ascertainments.20 In a trial examining the effect of procalcitonin monitoring on antibiotic use, guidelines were embedded as a decision support tool within the electronic heath record, which increased protocol compliance and presented a change easily translatable to clinical practice.21 Another approach to pragmatism is the cluster RCT, which can be a parallel or stepped-wedge design depending on whether crossover of clusters is utilized (Figure 1).22 Cluster RCTs have been used to study fluid balance control in critically ill patients.23 Additional examples utilizing parallel, stepped-wedge, and other pragmatic designs have been produced by Vanderbilt University Medical Center and the Pragmatic Critical Care Research Group.24 Together, they have enrolled more than 40,000 patients across 15 trials focusing on airway management, fluid management, and antibiotic selection.25-28 Cluster RCTs provide a more efficient design when interventions are best applied to patient groups (eg, patients within an intensive care unit [ICU], healthcare institution, or health system) rather than at the individual patient level. They can reduce crossover between intervention and control groups, enhance external validity, and facilitate evaluation of interventions targeting modification of healthcare environments or behaviors.29,30 Depiction of parallel and stepped-wedge cluster randomized controlled trial (RCT) study designs. Parallel cluster RCTs (top panel) are randomized at the center (eg, ICU, clinic, hospital) level rather than the individual level. Centers (clusters) are randomized to control (shaded blue) or treatment (shaded gray) for the duration of the study (in parallel). Data are collected continuously throughout the study on all clusters. Data from the treatment and control groups are compared in statistical analysis. Stepped-wedge cluster RCTs (bottom panel) are randomized at the center (eg, ICU, clinic, hospital) level rather than the individual level. The study begins with all centers (clusters) exposed to control (shaded blue). Clusters are the randomized to cross over to treatment exposure (shaded gray) at regular intervals (steps). This occurs until all participants have crossed over and experienced the treatment. Data are collected continuously throughout the study on all clusters during both control and treatment time periods. Data from the treatment and control groups are compared in statistical analysis. In contrast to parallel cluster RCTs, wherein clusters are randomized to treatment or control at baseline and only a subset of enrolled clusters receive treatment, stepped-wedge cluster RCTs involve all clusters receiving treatment, with the chronological sequence of treatment allocation across clusters being randomly allocated. Stepped-wedge designs may be better suited to examine complex interventions in a more timely and accurate manner due to the gradual (ie, stepwise) participant recruitment into the intervention.22 This can be especially helpful in critical care medicine when research to inform clinical practice is needed but logistical or operational barriers exist. A drawback of stepped-wedge versus parallel cluster RCTs is greater vulnerability to confounding from changes in practice over time.31 With either cluster RCT design, clustering must be clearly justifiable before conducting a trial with this design.29,30 Additionally, the statistical analysis must account for correlation of outcome risk among patients within the same clusters compared to those from other clusters. Oversimplification of trial interventions (ie, investigating only one or two of many possible alternative interventions) is especially common in critical care research.2 Consider acute ischemic stroke, which can be managed with fibrinolytics, antiplatelets, statins, and/or procedural interventions at varying doses, time points, or durations. Multiple RCTs looking at these interventions individually could be (and have been) conducted. However, a multifactorial design, or the study of multiple interventions within the same trial, can be a more efficient way to investigate several of these interventions at once (Figure 2).19 Examples of multifactorial designs include the FACTT trial in ARDS (conservative vs liberal fluids and pulmonary artery catheter vs central venous catheter) and the VANISH trial in septic shock (vasopressin vs norepinephrine and hydrocortisone vs placebo).32,33 Both studies compared multiple combinations of multiple types of interventions, decreasing the need to repeat individual RCTs. Additionally, there was an increased likelihood trial participations would receive at least some type of active therapy, as opposed to only placebo, due to combinations of interventions. One challenge with multifactorial designs is potentially complex trial protocols, depending on the number of interventions under investigation. Additionally, a common concern with multifactorial designs is potential interactions between multiple interventions, which could make interpretation and application of results challenging.19 Depiction of a multifactorial randomized controlled trial (RCT) study design. Patients enrolled are randomized to a treatment regimen. Each treatment regimen is a combination of different interventions of interest (Treatments 1-3 and Treatments A and B). The multifactorial design allows for each combination of interventions to be studied. Following randomization, patients are exposed to their assigned treatment regimen and data are collected. Data from each of the treatment regimen groups are compared in statistical analysis. The need to answer multiple questions has always existed in critical care research; however, the coronavirus disease 2019 (COVID-19) pandemic further emphasized the timeliness with which researchers needed to do so and led to the growing use of adaptive trials (Figure 3).34,35 Adaptative in this context refers to changing of a component of trial design after the trial has started (eg, refining sample sizes, abandoning ineffective treatment arms, adjusting patient populations for inclusion, or changing randomization ratios).2,35 A common feature of adaptive trials is response-adaptive randomization, which involves adjusting randomization ratios based on accumulating trial data. This cyclic process continues until a predefined success or futility threshold is met and the study concludes. Bayesian statistical methods are used in adaptive designs because of their ability to handle continuous assessment of accumulating evidence in addition to what is known prior to trial commencement.2,36 The utility of Bayesian analysis has also been demonstrated in post hoc analyses of RCTs originally reporting neutral findings whereby the application of a Bayesian approach suggested a signal of benefit.37 Further discussion on Byesian analysis has been published elsewhere and is beyond the scope of this primer.37,38 Depiction of an adaptive randomized controlled trial (RCT) study design. Patients enrolled are randomized to treatment and control groups, as they typically would be in a traditional RCT. Data are collected on each group over a period of time. During a preplanned interim analysis, accumulated trial data is analyzed and used to modify aspects of the ongoing trial, which in this example is randomization ratio. Preplanned thresholds for trial success and/or futility can also be assessed at an interim analysis to determine if the trial should proceed. Trial modifications are made if needed, and patients enrolled will continue with their assigned treatment. This can occur over repeated interim analyses until trial completion. Data are collected continuously throughout the trial and compared in statistical analysis. Platform trials are an extension of adaptive trials and are another way to investigate multiple treatments in a specific condition.39 Platforms are broad categories or domains of interventions aimed at treating a specific condition, with each platform composed of specific therapeutic agents or combinations thereof. Platform trials can be classified as open or closed.39 Closed platforms consist of a set number of interventions and have a definite stopping point. Alternatively, open platforms begin with a set number of interventions but have the ability to add or drop interventions or platforms based on adaptive rules. This creates a perpetual study design that can be continued as new hypotheses are developed or interventions are identified.40 To date, few critical care trials have used adaptive platform designs; however, with methodological and technological improvements, they are gaining traction in both adult and pediatric populations.41,42 One well-known example is the REMAP-CAP study.43 Although initially designed to study treatments for the adaptive platform was to to interventions for The ongoing REMAP-CAP study platforms for and with the ability to add platforms as new are the platform trial was during the pandemic and facilitated and of multiple clinical trials to potential effective trials have led to the of other adaptive platform trials the of within critical care research that are or will be within the platform trials have often in of specific study due to futility thresholds being of futility can treatment and Furthermore, of randomization ratios can potentially the sample needed to statistical improving trial include the ability to patient the ability to modify treatments or treatment groups over time, and the potential for in trial However, challenges also complex trial protocols and infrastructure, statistical and substantial and resources which use of adaptive platform trials. improving the design and efficiency in critical care research will in of such evidence must be into clinical practice to impact patient The in of is and the need for than focusing on the effect of a clinical these trials investigate interventions to improve of in clinical care and examine the between and the of the are few published critical however, there is an ongoing trial investigating of care and within the With growing for the of and its application to trials will a in critical care research to the bedside. The substantial heterogeneity of disease and severity that many critical illness has led to a growing on novel methods to trial populations include patients are most to from the intervention (ie, to the trial approaches can be classified as targeting or (Figure Depiction of and utilizes and data to that are with a risk of an outcome of interest. Patients at risk can be enrolled in a clinical trial a novel treatment aimed at the outcome of interest. utilizes and data to with a different groups of patients can be enrolled in clinical trials novel targeting each to use baseline to and patients with a likelihood of the if the effect of an intervention is across all patients enrolled in a trial, patients at risk would receive the treatment The enrollment of patients can thus greater statistical with a sample Additionally, can better facilitate trial in interventions that a risk of because such trials only be justifiable if in patients at risk for and risk and focusing on and other have been utilized for but they groups have these traditional by data with and/or analysis in sepsis, and populations with of However, challenges with Although the of from a treatment often as baseline risk this may not over the spectrum of disease In the outcome of patients with the disease severity may be For example, antibiotic treatment is an intervention for patients with sepsis, the of this intervention may be if is such that septic shock This can also be in studies of in septic shock or in wherein evidence of a treatment effect was in ill patient groups, the of treatment effect can facilitate patients at outcome this not those most to from a In to patients with a likelihood of receiving treatment combinations of and/or For example, studies have and of ARDS that to and fluid have that to and both to enhance enrollment, the is a medicine in the (ie, unique of a syndrome that an remains the for critical care research. if and have been in the critical care in contrast to the in other fields such as and A of studies of trials or data have been such of is not the for trial The and most is and of whether be or of clinical that can and these However, of and septic shock have been in both adult and pediatric One example of is a trial of in that used thresholds to and patients in be most to from has also been in pediatric with a used to in septic an clinical trial First, should be to patients and their Second, the should the outcome of interest (ie, have with (ie, should have for and across repeated of the Third, endpoints are to the intervention of change in the can be to the the must have and to to impact clinical Lastly, an should be easily as of clinical has a of critical care an important outcome that can impact clinical practice and there is growing evidence is more difficult to the on in critical care studies have been in sepsis, many focusing on with impact on clinical Furthermore, some evidence may not be by care in the acute RCTs across interventions in only have demonstrated a positive impact on a of critical care RCTs reporting as an outcome only a as a trial outcome is to numerous limitations that is often a clinical trial we discuss clinical trial endpoints and approaches to that have been utilized or to overcome the limitations of and further the for in critical care research. Notable Limitations of as an in Critical Care Abbreviation: RCT, randomized controlled trial. With the limitations of there is growing interest in these have and of as in these are with and more patient are to limitations as the most being risk of during can in either (eg, or (eg, outcome data that is risk of can be endpoints in a subsequent or statistical which is beyond the scope of this Additionally, there is in and used to the which to or and to results across as time not by trial interventions, has also been and demonstrated to have on in statistical provide further beyond they patient of Consider the of A is following an and remains in the for for and is following a and remains in the for for and is for Patients A and but and of focusing on and need for support can provide further data to inform clinical can on the of such as need for in or of such as following Both are important which to evaluate of and support have been used as to better evaluate the impact of interventions on However, depending on how are they can be to risk of looking at (eg, duration of can these depending on the study design and statistical Therefore, an alternative approach is to (eg, as a the outcome in this manner and may provide better on an effect on in the of the risk of In addition to duration of the time of has been used as a of use, and or across a of critically ill populations and a of the approach was used in evaluation of interventions whereby a outcome of was are an on they are to limitations of For example, a patient on is considered to have of whether they were prior to their This is for other endpoints and can potentially treatment in to has been as a outcome for acute to for new of and in from baseline to the of patients with a poor assessed at and has been utilized in studies of fluid and of data on across interventions in critically ill A of and is they are depending on the threshold utilized for This can be especially when there is evidence a threshold for a Although account for risk of a is the not between the individual This can be when in clinical as duration of support and because is to a patient and one support or the time period assessed (eg, Furthermore, occur and are emphasized more in the A potential in endpoints whereby the of individual of a outcome are assigned a For example, in a outcome and would be as a outcome than Another example of an is the outcome and has been to have statistical to that of traditional being to positive results when there is among individual of the have also been developed for and of The is another that allows the clinical of component to be The involves of intervention and control patients to baseline risk and the outcome The outcome is in treatment and groups in a with the most and in For example, a trial with (in this as new of and/or in as the For each the treatment group patient is or depending on experienced there is a (eg, both patients to the end of the treatment group patient is or depending on experienced new of The process continues until a or is is considered a The is by the number of by the number of The was used in an analysis of the trial that the results from the more to the intervention of many of the along with other common endpoints such as changes in or are or As such, they may not be by patients as there is a positive effect from the have also been used to this with a the This clinical need for and continuous (eg, in a Patients enrolled are based on a of possible the clinical and continuous of interest. A has been for trials in acute and utilized in studies of and support with alternative endpoints to evaluate patient can be difficult to evaluate an impact on such because of and varying of illness that are across study In some have be applied to endpoints to account for these Patients with a enrolled in a trial are by potential to a baseline the is on the of this For example, for a patient with a baseline with a a be as better than for a patient with a more baseline be considered a A approach can be applied to used to evaluate such as the which allows for assessment of the of change in to the baseline and are more endpoints in critical care different patients within a trial have different A for endpoints has been within this and of are and used to and participants to unique For example, a participant with be for after the trial a participant is and be for in of a has not been applied in critical care research; however, to trials with results that can better inform clinical will more on and of for trial In addition to of after critical and at is another and A of these types of is their applicability across critically ill populations and disease outcome have also been as potential for of critical are and analyzed with some studies with than traditional assessment of disease study or critically ill there is that from their and other important is needed to further and outcome in critical care As outcome is more can be with innovative clinical trial designs to further clinical in the in its critical care research has over the several and limitations of traditional trial designs and have been and have been made to and innovative trial design and novel trial a optimal or clinical trial design for critical care research may is more that a set of to the patient and of critical along with of multiple trial design will facilitate optimal critical care research. As the of research will be for pharmacists to an and of these new methodologies in to to evaluation, research and clinical This is of a on critical care to this were by and This was supported in by the of under and The in study data analysis, or the or the decision to the for as an for The other have potential of interest. The of this are the of the and do not the of",2024,2024-05-14,article,en,https://openalex.org/W4396894102,False,0,explicit_multiomics,False,False,True,False
doi:10.1093/bib/bbaf487,doi:10.1093/bib/bbaf487,pubmed,pubmed;scopus,40991328,10.1093/bib/bbaf487,40991328,PMC12459261,Assessing tissue-specific gene expression of essential genes from human and mouse.,"A gene is defined as essential when its functional loss compromises an organism's viability. Identifying essential genes is critical for identifying the components that regulate a biological system. Advances in gene editing techniques like CRISPR-Cas9 provide a capacity to interrogate a genome to elucidate the genes that are essential. However, these techniques are often applied for a single-cell line and rarely probed at a level of a tissue or organ. The recent availability of large-scale single-cell RNA-sequencing (scRNA-seq) atlases provides an unprecedented opportunity to investigate essential gene expression in a more comprehensive context. Our study leverages information from benchmarking datasets, single-cell tissue atlases, and databases of essential genes, to develop a method, scEssentials, that uses a statistical framework to investigate the robustness and specificity of essential genes across multiple cell types. Using scEssentials, mouse and human models showed consistently high expression and exhibited limited variability across more than 60 cell types. We demonstrate a substantial number of significantly correlated gene pairs that produce densely connected co-expression networks with functional annotation. Finally, we develop a score to quantify the relative essentiality of genes within scEssentials, further validating their significant association with gene mutation frequency and chromatin accessibility. Using ageing as an application, we demonstrate how scEssentials identifies robust gene expression profiles. Only one-fifth of scEssentials genes showed significant ageing-related differential expression among age groups. Collectively, the robustness of scEssentials serves as a reference for analysing scRNA-seq data and provides insight into the heterogeneous nature such as ageing.",2025,2025-08-31,Journal Article,eng,https://pubmed.ncbi.nlm.nih.gov/40991328/,False,1,,True,True,False,False
doi:10.1093/brain/awaf150,doi:10.1093/brain/awaf150,europepmc,europepmc;pubmed;scopus,MED:40305757,10.1093/brain/awaf150,40305757,PMC12493051,Brain accumulation of lactosylceramide characterizes GALC deficiency in a zebrafish model of Krabbe disease.,"Krabbe disease (KD) is an autosomal recessive sphingolipidosis due to mutations of the GALC gene encoding for the lysosomal β-galactosylceramidase (GALC) that removes β-galactose from β-galactosylceramide, β-lactosylceramide (LacCer) and the neurotoxic metabolite β-galactosylsphingosine (psychosine). At present, the accumulation of psychosine is thought to be the main cause of demyelination, neurodegeneration and neuroinflammation that characterize the early infantile KD with a 1.5-2-year median survival. Currently, the standard of care of KD is haematopoietic stem cell transplantation which, however, improves the lifespan of Krabbe patients only when performed before symptoms appear. Thus, a better understanding of the pathogenesis of KD is required for the development of more efficacious therapeutic approaches. This largely depends upon the availability of novel suitable animal models of the disease. Zebrafish (Danio rerio) represents a useful platform for the study of the mechanisms responsible for human hereditary diseases, including sphingolipidoses, and for the identification of new therapeutics. Two co-orthologues of human GALC have been identified in zebrafish, named galca and galcb. Here, we generated a mutant zebrafish line for each of the two co-orthologues by CRISPR/Cas9 genome editing. Galcb knockout (KO), but not galca KO, exerts a dramatic decrease of total GALC activity both in zebrafish embryos and in the brain of adult mutants. At 3-4 months post-fertilization, galcb KO zebrafish showed impaired locomotion and reduced lifespan. Gene expression analysis, immunohistochemistry, spectral confocal reflectance and transmission electron microscopy showed the presence of demyelination, neuroinflammation and neurodegeneration in the brain of galcb KO mutants. Notably, double galca/galcb KO did not cause a further worsening of the disease when compared with galcb KO mutants. Finally, targeted lipidomic analysis demonstrated a dramatic accumulation of the bioactive sphingolipid LacCer in the brain of both galcb KO and double galca/galcb KO mutants with a modest increase of psychosine levels. Accordingly, activation of LacCer-related signalling occurs in the brain of galcb KO animals. Furthermore, intraventricular injection of LacCer upregulates the expression of various proinflammatory markers and increase mpeg1-positive macrophage infiltration in the brain of 5 dpf zebrafish embryos. In conclusion, galcb KO zebrafish recapitulates several pathological features of KD and is characterized by the accumulation of the bioactive LacCer. This model sheds new light on a possible role of LacCer as a neuroinflammatory/neurodegenerative metabolite in KD with implications for the development of novel therapeutic strategies.",2025,2025-10-01,research-article; Journal Article,eng,https://europepmc.org/article/MED/40305757,False,2,,True,True,True,True
doi:10.1093/cvr/cvp165,doi:10.1093/cvr/cvp165,openalex,openalex,https://openalex.org/W2164792410,10.1093/cvr/cvp165,,,Identifying needs and opportunities for advancing translational research in cardiovascular disease,"In Western Europe, as in the USA, mortality of cardiovascular disease (CVD) has declined significantly in the last 30 years. Life expectancy for patients with coronary heart disease in the USA increased on average by 3 years between 1970 and 2000.1 Several epidemiological analyses support this positive evolution. An analysis of the underlying causes identifies improvements in quality of care and treatment as a major cause, accounting from 50 up to 75% of the success depending on the study samples, the remainder being accounted for by changes in lifestyle and prevention.2 Research and development in several areas of CVD have contributed to this success. In acute coronary events, the identification and development of efficient and safe thrombolytic agents followed by percutaneous coronary intervention with stent implantation were milestones in the reduction of acute mortality and salvage of myocardium.3–5 Statins have brought a major advance in preventing the progression of atherosclerotic disease and have been recognized for their wide mode of action.6 In heart failure (HF), beta-blockers and ACE-inhibitors have increased life expectancy by a leap.7 Some of these improvements have been the result of a classic bench-to-bedside development of a targeted treatment, such as the statins, others have known a more serendipitous development, such as beta-blockers. In other areas, progress in terms of treatment has been less spectacular and fraught with difficulties. Development of antiarrhythmic agents received a large boost from basic insights into cardiac ion channel structure and function, but translation into pharmacology unveiled unexpected pro-arrhythmia risks of some of the highly specific ion channel blockers in class III.8 Automatic defibrillators have taken an important role in the treatment of life-threatening arrhythmias and save lives, but are not without burden and come at a high cost.9 This latter example is but one highlight of the more sobering and darker side of this medical success story: the improved survival and quality of life of patients with CVD comes at a high economic cost. In the US hospitalizations for CVD have tripled and the cost of care is estimated at 386 billion USD per annum (AMA, Kaiser Family Foundation). Within the EU, the annual cost for healthcare systems for CVD was just under €110 billion in 2006 (British Heart Foundation statistics at www.heartstats.org). Interventions, device therapy, and imaging take up a large share of the cost. Ageing of the population, without further improvement in care and prevention, will lead to a high increase in prevalence of CVD. This is already noticeable in the statistics of the last 10 years, showing a decrease in mortality but an increase in prevalence.10 In addition, in countries with less access to medical care, the incidence of CVD is rising and is expected to continue to increase dramatically.11,12 The WHO has estimated that rising life expectancy coupled with adverse trends in major cardiovascular risk factors including obesity and type II diabetes could lead to a doubling in the absolute incidence of CVD by 2050. There is thus a clear need for continued investment into improving our approach to CVD and thus into cardiovascular research. In addition to the remaining need, the major progress that has been made constitutes a strong incentive for priority funding of cardiovascular research in order to build on this success. Addressing the economic need to contain cost, as well as the necessity to provide better care for a growing patient population, a new paradigm is put forward focusing on promoting health and intervening at the early onset of CVD.13,14 This requires that we (i) improve our physiological and molecular understanding of mechanisms of health and disease so we can implement earlier preventive interventions and better-targeted diagnosis and therapy, (ii) that we develop personalized preventive and therapeutic regimens, and (iii) that we streamline the processes involved in translating knowledge into practice to accelerate implementation of new knowledge. The concept of translational research can be interpreted and defined in many ways by scientists. A consensus view is that the end-target of translational research is the patient, with the goal to improve care. The classic or traditional one-dimensional track of translational research is a sequence of events: discovery of a new mechanism and potential therapeutic target in an experimental or basic research setting, with a drug or device being developed, the approach being validated in the clinical setting and eventually being introduced into clinical practice. This concept is still valid, but in recent years it has come under increasing pressure. The drug development and validation in clinical trials come at a huge cost, largely carried by industry, and in a number of cases, the expected clinical benefits have been disappointing. For example, the development of the CETP inhibitor, torcetrapib, was halted in 2006 when phase III studies showed excessive mortality in the treatment group receiving a combination of atorvastatin and the study drug.15 Therefore, the willingness of industry to take risks has decreased. In this ‘traditional’ approach, the principal actors partake in sequence: basic, industry, and clinical researchers. More recent models of translational research give up on this traditional sequence and can start, for example, from clinical data, feeding into experimental or basic research for further mechanistic insight, or from clinical observations on unexpected drug effects, feeding into new applications (‘reverse’ translational research), with many variations in iterative interactions between the different stages, as illustrated in Figure 1. In the traditional process of translation, basic research is the first step to identify new mechanisms of disease and potential targets for therapy that are elaborated in a proof-of-concept and eventually validated in a clinical trial. In reverse translation, this process starts with a clinical observation that is tested in basic experimental research and a proof-of-concept, with re-iterative steps validating new concepts. Such approaches have been quite successful, as can be illustrated by the example of post-conditioning as a mechanism of cardiac protection. The phenomenon was discovered in experimental research, and early studies in the hospital prompted further basic research to propose a drug alternative to be tested again in the and studies on patient have introduced for basic mechanistic studies that can be again validated in patient translational research a more and basic, and industry with on a re-iterative For a specific the approach and the of will be to the of research, depending on the and in the but the of translational research, with the end-target of improving The of the the increasing for a successful, and efficient of translating from to This process is thus not but the quality of the process is not to the for of major in The is thus this can be and by Some The of in translational research requires a targeted In a when is huge potential for translational is a of In the basic cardiovascular research is and by scientists. A between the different a risk for translation and requires to and A translational For from experimental research, a to implementation the of new research in order to the translational In this is from being or taken into and be for this are a of knowledge and in the as well as and between the different in to improve this are and improved of as well as the interactions in more translational or that could to researchers. The experimental for translational processes in be defined and in and translational the in translational development need to be and and need with that be validated for to with and of the and of and are to promoting translational research and the An example of and of highly is the new research and funding have to support at high up to the of of in the for translational research is the knowledge and in from clinical research mechanistic insights to be in the models from molecular to to in studies in large the first are with for validation the and in large such as the are the Research can better of the but for and the In the traditional translation of bench-to-bedside research, clinical trials and of new largely by the the or device with the of Several and to this approach have for alternative alternative A first that has been made is that the traditional approach a on industry for on the of clinical This is already and the clinical has come into as an important in translational research. The a major funding Several of can be on and cost. A first is the that a the cost of such studies is from basic experimental studies and to the and A different of studies is at new treatment that on the of or or new of patient but less The cost is depending on the For a number of interventions or studies be that are of the treatment in A last is of and studies that risk need investment in terms of studies or treatment, but and large are an of the of translation of new and approaches into practice. and the Within the is the of funding of clinical research, already for the proof-of-concept The need for a of such proof-of-concept studies be not been in applications in the clinical studies were of high quality by the This could a of from the as are more potential the other the early translation a risk of the of such studies in translational is For implementation studies of new or is a consensus that such studies on A with industry and funding be funding can provide and the for studies that on patient as of the practice with investment a that has not received specific is a with major and that will need a of A analysis will be and can be on a of such studies are in the already is a paradigm from for improvement in treatment of disease and improving have the on health but it the that it targets the onset of this is for to improve health lifestyle it a an intervention risks and Therefore, early onset of mechanisms that and targets for early treatment are important A view is in funding a more or for will from the funding from patient and clinical a and funding is to and from these This type of can a of and to new research that can be as illustrated by the of the discovery of and the of the of in The goal of translation, improving health and patient treatment, are studies that a and not a huge cost. with is a on success is of a are expected to be and at the of on has a high potential to quality and basic experimental research a in an of translational a study not to an health not the of translational research, in the the continued support of research is research is a major of new for further development into translational research that be have been made in understanding the mechanisms underlying the development of atherosclerotic in a approach including clinical and A success of translation from discovery to therapy is the of and the for The potential of therapy in prevention, in the of is still being and will at the progress is is a large between the success of studies and the translation from studies in to the of new is important to the of our The concept of the or is largely on studies in and the models for not have been or the approach have been There is a need for new and the of in the The approach that and could an important role in understanding the progression of the and are and not The concept that is an disease has to new on the role of specific in the and that have been in experimental studies and validated clinical of have been some and some In addition, of have been to have new of on of by or The potential of has been in several and of by have development in a specific to a major There is a clear for further translation, but major need to be a the approach is different from classic is The risk of that partake in is This is a one that be further in that with and physiological disease models be and large models such as the will be of that with and as well as the high is this A further of different of and and this can further insights into the role of the in The of and has in addition a to the and provide important patient and are a of this The concept of as an and disease for translation of concepts. the potential of and as for and new for disease underlying are and are to the different and the different the and Development of thrombolytic agents has been a success of between basic and clinical research, with efficient translation into practice and The has not been further as to and stent implantation for treatment of acute coronary the success of these approaches a need for improved treatment, in the therapy and A specific is the a but of stent The potential for improved therapy is and is an drug by The approach, is to in a number of and advance the in new a approach lead into and and and research models and develop for study to be on clinical research. are at the but can be the of a of targets to is need for improved The development of new will decrease but the major of and therapy is increased of on that are not and and are to therapy and are such but are not to provide support for clinical on the other are not in therapy in is a need for treatment for patients on This concept has large but is of the The different in patients are to be to to the process but to of the models to be and one type of in models is drug development in will be by industry, but to develop new basic research in and is with experimental studies that more the in patient into better patient better requires device development to The of for an of more In the of a of and in has been with a study and of the a of some this the approach has already been in for atherosclerotic The of with in the has at some unexpected such as drug therapy for This approach a more in to and A more analysis of the data, to knowledge on and will new and be by of the This will lead to a phase of research. have their of the of better and analysis This has to in the of a result of a and several patient Some of the known risk factors such as but in with were not in the of In at some such as mechanisms for the strong with have been it is expected that these studies will improve risk validation of and identification of disease analysis of to the and the between and or of for analysis of data, such as between these studies in the reverse translation, are to a processes such as and in to in and in early life provide for increased to CVD in In for the development of obesity and such early life be of In addition, the can be on to This is still in and is not without studies on patient have a high translation potential risk and but are new for in patient and and be from research. The role of in CVD to be further The recent in imaging and the for improved diagnosis and treatment have to their increased is expected to as the The is an expected cost increase that will healthcare This is a phenomenon in analyses of healthcare but important in as this a large of the for a new focusing on and early identification of the cost of Such an approach requires a understanding of to disease and the early molecular imaging function, and some has to early of such as and or in that could not be recognized in and are strong of in A strong has been made in the development of of molecular for in and imaging Such can on and and therapy, with the potential applications of an number of still of still in the experimental in new have been to as molecular have the potential to target specific therapeutic can in the of therapy, improving and risk and In early of several clinical trials have been to the potential of different imaging of a that be by molecular is to be by risk analysis and in such a approach is the of many and the USA, and the with Such an example is by the A of and the to a of industry in order to and a number of important studies to and and that will with high risk of Several such as are This study has a target of with a high risk and has the goal of the increased of risk by identification of early disease with imaging and with the to further in the is and be on early identification of therapy of and disease requires further development, the major disease of and In of better are to identify patients will from and device therapy for cardiac development of imaging of the will in of patients with as well as as a imaging potential for the new paradigm of and early of can to improve patient and and health A of development of in and imaging and for the of disease and by imaging of of the and of in and of for of in of the and of implementation studies to track the of arrhythmias a major of in in the setting of of this latter it is a that is expected to further increase in the 10 the therapy is is for and device therapy to and but are a In the setting of device therapy has as a for life-threatening Some clinical and a number of that have been the cost and adverse effects, is a clear need for better identification of patients will to identify but this is still to be such as are being and There is at need for better into the mechanisms underlying this in different of and potential to approaches are to the and device approach for life-threatening ion need to be the many alternative and mechanisms that to the of ion the of and and targets such as targets that the in and the are in be cardiac but it is with a high burden of is the The prevalence is increasing with the and is expected to further with a by the therapy has a to a number of but a risk of and and be as a first a economic cost. therapy and not reverse the insights into the mechanisms underlying the of the and that the of the and be in in the and approaches of and therapy have but more clinical are in addition to experimental to mechanisms and In to the for studies in an for could be the of a major translational research at the of cardiac well for clinical and in a at the can be for as well as for other approaches in clinical samples, these will need to be and in the experimental models of disease will be the the of studies and In causes are a but a burden on and a of study of these has into mechanisms of specific ion channel but the role of these observations specific and new antiarrhythmic targets have been for the therapeutic approaches still to be tested are the role of and with A is and mortality to result from and is a of the potential role of to as a of the This is a new research that is for but that could insights into more of of arrhythmias and in Such a study an approach from and clinical a major burden in terms of and but an economic therapy has improved but requires better identification of The is on for targets for including identification of processes of An of research with of and clinical could identify new therapeutic A translational from a large of from patients with will new for therapy of this A new in healthcare promoting early of and the increase in This not the and of we can that in absolute will be a major and burden in the More of years will from and the risk of a of years is The in treatment, and device therapy, have but not the need new and is still to improve the of our For the latter and improving the of is a major that between and of patients not patient and are to A of the in a to and this is under study for of treatment, such as has a potential that has not been on physiological mechanisms and can provide at risk and is an further reverse translation to the of For the large group of patients with to and heart a treatment will be the major step the This not from the potential for better A new paradigm being in studies is the to and the mechanisms underlying the approaches in models and patient are different of involved in cardiac Several are to be to the of different factors identify of different and a for have as of The in the of be more to translation classic these approaches need to be further and from basic research into and with a large of estimated at patients in at an is more in and in a setting of but with obesity and and on clinical of with and function, but has a mortality that is to years, and thus The to the classic treatment is with to be in have so in patients with The underlying molecular and mechanisms that it from defined and the of is not well In a a on and This that to improve are and need to be trials are In the for research, is a priority for but of new have to molecular mechanisms and identify A approach patient to will need a and translational approach with strong experimental In this of the prevalence of is but to be underlying arrhythmias have A translational research including basic and clinical research could be of for In the mechanism by the disease in models and clinical studies could be therapy has life but not the is expected to further therapy is to be in the of and is a physiological of that could be and to be in clinical and mechanistic treatment and targeted research in treatment, and of is one of the early in the process and from by on the and of the of and their for the for the from In a of the feeding is the major of to of the important of function, and health is as a highly to of by promoting the of new or the of of factors or of including constitutes the In addition to the in have the for and of In experimental research, have been the and but from clinical practice of the risk of the need for in with to clinical implementation and potential of the In other such as and have been tested in clinical trials with improvements of in a number of these There a between the of clinical improvement and the by the in and experimental Several factors for this and need to be The of and in between clinical trials the of the trials will eventually be but is that the investment in such an not have the with the of This is on the remaining and of that this type can in are new under development in experimental a be an improved of the and for The discovery of the of into a new for research that could be for and cardiac the of earlier we can more the for studies the of and expected A in studies is the role of the disease on the success of implantation or This will are by and but these to for in This further experimental development be followed by clinical proof-of-concept progress has been made in the of their potential for The implementation successful, and for further research. the mechanisms of and identification and of the factors the the for and in the of therapy with that of identification of new heart disease is the major of and and are a major of the progression to is one of the of a coronary is a target that has received a of with important made by the of and and the development of new and have early mortality and the of experimental studies quite early that in the the of thus the by coronary in and this could be at the of the in into improved and quality of life of patients with acute The molecular that lead to further are with major an increase in and to and This mechanism potential and several to be showing a in the Several approaches have been tested in the experimental setting to this was to be by more and could be it has taken a to the concept of and to the of the potential benefits and of the be the on the implementation of that was improving and was need for in some early with at targets and such as of further in clinical was the involved in at the of in to experimental the for treatment was some recent studies pharmacology from the experimental studies on were Some major recent increase the to and implement into clinical practice. at the of can the in experimental of this concept has been and post-conditioning was to as by in a proof-of-concept clinical The mechanism is not but the of the and A reduction in the can be with and a of to post-conditioning Several and potential need to be studies a high to the effects, and the factors in patients are not in the will need clinical studies on with and of into further experimental research. the different have been in and major experimental can be made by a systems approach and identification of that new This approach will be of the and approach to heart of and and and of in areas is an with specific targets for therapy that translational studies and could further improve the in heart The of is a phase of translation to in the of proof-of-concept The of these to a This and the need for of large clinical trials on targets for need in with and of In addition, mechanistic studies the of and models are for and development of new therapeutic in an translational research in the cardiovascular be as a re-iterative process basic, and clinical research, in with There is a strong need of support for clinical research, not as a but as a of this re-iterative including basic experimental research. are to clinical and basic in the translational Research more on the identification of early mechanisms and of In the is on from the different approaches and the between and of There are to in to this",2009,2009-06-05,article,en,https://openalex.org/W2164792410,False,0,epigenomics_plus_downstream;genomics_plus_other;proteomics_plus_downstream;transcriptomics_plus_downstream,False,True,True,False
doi:10.1093/eurheartj/ehac621,doi:10.1093/eurheartj/ehac621,openalex,openalex,https://openalex.org/W4308450148,10.1093/eurheartj/ehac621,,,Heart failure in cardio-oncology and adult congenital heart disease: new challenges and therapeutic targets,"With thanks to Amelia Meier-Batschelet, Johanna Huggler, and Martin Meyer for help with compilation of this article. For the podcast associated with this article, please visit https://academic.oup.com/eurheartj/pages/Podcasts. This Focus Issue on heart failure (HF) and cardiomyopathies contains the State of the Art Review entitled ‘Cardiovascular complications of immune checkpoint inhibitors for cancer’ by Franck Thuny from the University Mediterranean Center of Cardio-Oncology, and colleagues.1 The authors point out that over the last decade or so, there has been a paradigm shift in the oncological care of patients with a range of solid tumour and haematological malignancies, away from traditional cytotoxic chemotherapy and towards personalized cancer treatments, using both targeted therapy and immunotherapy. This shift has contributed to the remarkable and sustained increase in the number of cancer survivors and in the longevity of patients with a cancer diagnosis, but also to an exponential increase of patients suffering cardiovascular events.2–9 This review focuses on the cardiovascular effects of immune checkpoint inhibitors and presents a background on immune checkpoint inhibition for cancer, the epidemiology, potential mechanisms, the potential insights into cardiovascular biology, and a diagnostic and therapeutic approach to potential cases. The general understanding of the cardiovascular effects of immune checkpoint inhibitors needs to improve rapidly. Initial observations noted that immune checkpoint inhibitor therapy can lead to a fulminant myocarditis. Recent reports have expanded the effect of immune checkpoint inhibitor therapy on the cardiovascular system to include an increase in cardiac dysfunction without myocarditis, as well as arrhythmias, venous thrombo-embolic disease, accelerated atherosclerosis, and atherosclerosis-related cardiovascular events. The association between immune checkpoint inhibitor therapy and an increase in these cardiovascular events is not only limited to events occurring within the first few weeks after starting therapy but can also include events that occur months to years after therapy. The latter observation is of particular relevance in those treated with adjuvant or neoadjuvant therapy. There is a need for shifting from the mere recognition of an increase in cardiovascular events associated with currently approved immune checkpoint inhibitor therapies to understanding the mechanisms that lead to adverse cardiovascular effects, understanding who is at risk, and understanding what we can do about it (Figure 1). Proposed eight-point-based management of patients with a suspicion for a cardiovascular immune-related adverse event. aTroponin testing may be positive if troponin I or T is >99th percentile of the upper reference limit. Concomitant myositis may result in significant elevations of CK, CK isoforms, and even troponin T. In patients with pre-therapeutic troponin elevation, a 50% increase of the level may be used as a cut-off, but no evidence currently supports this recommendation. bHaemodynamic instability, heart failure requiring non-invasive or invasive ventilation, complete or high-grade heart block, and/or significant ventricular arrhythmia. cArrhythmias, conduction abnormalities, acute coronary syndromes, stroke, thrombo-embolic events, and heart failure should be managed urgently according to the international guidelines. dEndomyocardial biopsy should be performed especially in unstable patients who cannot undergo urgent CMR and in patients with uncertain diagnosis. eSee Table 2. fDefined as haemodynamic instability or electrical instability or increasing troponin or decreasing left ventricular ejection fraction. gThere are no data to recommend a standardized initial treatment strategy for the intensification of immunosuppressive therapy. For now, case series and case reports have shown the potential efficacy of antithymocyte globulin, intravenous immunoglobulin, plasma exchange, mycophenolate mofetil, tacrolimus, tocilizumab, abatacept, alemtuzumab, and tofacitinib. The decision regarding optimal therapy must be multidisciplinary, involving specialists in immunology and organ rejection. Infliximab was also proposed but was not incorporated into the algorithm because of its contraindication in acute heart failure. iTroponin elevation without cardiovascular signs/symptoms and negative investigations including EMB. ACS, acute coronary syndrome; CCU, coronary care unit; CK, creatine kinase; AchR, acetylcholine receptor antibodies; CMR, cardiac magnetic resonance; EMB, endomyocardial biopsy; irAE, immune-related adverse event; ICI, immune checkpoint inhibitor; NT-proBNP, N-terminal-probrain natriuretic peptide; SMB, skeletal muscle biopsy; TSH, thyroid-stimulating hormone; TTE, transthoracic echocardiography; TTS, takotsubo syndrome.1 Stroke is a devastating complication of atrial fibrillation (AF) but is rarely considered when the clinical consequences of heart failure (HF) are described.10 If stroke is discussed in HF, it is usually in the context of associated AF.10 However, stroke also occurs in HF patients without documented AF, although most older reports did not differentiate between individuals with and without AF. In a Fast Track Clinical Research article entitled ‘Predicting stroke in heart failure and reduced ejection fraction without atrial fibrillation’, Toru Kondo from the University of Glasgow in the UK, and colleagues note that anticoagulation reduces this risk in HF patients with and without AF, but the risk-to-benefit balance in the latter group, overall, is not favourable. Identification of patients with HFrEF, without AF, at the highest risk of stroke may allow targeted and safer use of prophylactic anticoagulant therapy.11 In a pooled patient-level cohort of the PARADIGM-HF, ATMOSPHERE, and DAPA-HF trials, a previously derived simple risk model for stroke, consisting of three variables (history of prior stroke, insulin-treated diabetes, and plasma N-terminal probrain natriuretic peptide level), was validated. Of the 20 159 patients included, 12 751 patients did not have AF at baseline. Among patients without AF, 2.7% experienced a stroke over a median follow-up of 2.0 years. The risk for stroke increased with increasing risk score: fourth quintile hazard ratio (HR) 2.35, fifth quintile HR 3.73, with the first quintile as reference. For patients in the top quintile, the rate of stroke was 21.2 per 1000 patient-years, similar to participants with AF not receiving anticoagulation (20.1 per 1000 patient-years). Model discrimination was good, with a C-index of 0.84 (Figure 2). Validation of a risk score for stroke in heart failure with reduced ejection fraction. AF, atrial fibrillation; DM, diabetes mellitus; HFrEF, heart failure with reduced ejection fraction; NT-proBNP, N-terminal probrain natriuretic peptide.11 The authors conclude that it is possible to identify a subset of HFrEF patients without AF with a stroke risk equivalent to that of patients with AF who are not anticoagulated. In these patients, the risk-to-benefit balance might justify the use of prophylactic anticoagulation, but this hypothesis needs to be tested prospectively. The contribution is accompanied by an Editorial by Dimitrios Sagris, Eduard Shantsila, and Gregory Lip from the University of Liverpool, UK.12 The authors conclude that the simple, practical, and accurate identification of HFrEF patients in sinus rhythm at high thrombo-embolic risk promotes a more patient-specific therapeutic strategy, especially in the frail and multimorbid HF population. Of note, many patients with HFrEF may develop ‘silent’ episodes of AF, which confer a poor outcome. Finally, we should also not forget the impact of a holistic or integrated care approach (that encompasses careful attention to comorbidities and lifestyle factors) in reducing adverse outcomes, including cardiovascular mortality, stroke, and bleeding. Future randomized control trials, in selected HFrEF patients with sinus rhythm at high thrombo-embolic risk (selected with refined, simple risk stratification tools that account for dynamic changes in risk profile), may provide more evidence before embracing any ‘one size fits all’ anticoagulation strategy, as well as important insights into personalized stroke risk assessments. Although life expectancy in adults with congenital heart diseases (ACHD) has increased dramatically over the past five decades, a substantial number of patients still die prematurely.13–16 In a Fast Track clinical research article entitled ‘Last year of life of adults with congenital heart diseases: causes of death and patterns of care’, Liesbet Van Bulck from the KU Leuven–University of Leuven in Belgium, and colleagues try to gain understanding of the trajectories of dying in ACHD and for this the last year of life warrants further investigation.17 To this end, the authors’ study aimed to (i) define the causes of death and (ii) describe the patterns of healthcare utilization in the last year of life of adults with CHD. This retrospective mortality follow-back study used healthcare claims and clinical data from BELCODAC, which includes patients with ACHD from Belgium. Healthcare utilization comprises cardiovascular procedures, ACHD physician contacts, general practitioner visits, hospitalizations, emergency department (ED) visits, intensive care unit (ICU) admissions, and specialist palliative care, and was identified using nomenclature codes. Of the 390 included patients, almost half of the study population (45%) died from a cardiovascular cause. In the last year of life, 87% of patients were hospitalized, 78% of patients had an ED visit, and 19% of patients had an ICU admission. Specialist palliative care was provided to 17% of patients, and to only 4% when looking at the patients with cardiovascular causes of death. The authors conclude that there is a high use of intensive and potentially avoidable care at the end of life. This may imply that end-of-life care provision can be improved. Future studies should further examine end-of-life care provision in the light of a patient's needs and preferences, and how the healthcare system can adequately respond. The contribution is accompanied by an Editorial by Jill M. Steiner and James Kirkpatrick from the University of Washington.18 The authors point out that as we look toward future ACHD research needs, we must keep in mind the importance of first understanding patients’ palliative care needs: what are their care preferences and expectations, illness understanding and their self-perceived ability to manage their care, and the impact of their symptoms on quality of life? We must work to determine what might be ACHD-specific goals of care, how these change as patients approach end of life, and how healthcare systems can best respond to and support patients’ needs. Then, we must invest in the development and dissemination of interventions to target improvements in these areas of need. Examining the end of life for patients with ACHD provides a great opportunity to learn about the potential applications of palliative care in this unique patient population, guided by the experiences of those who have come before. This ‘view from the end’ provided by Van Bulck et al. can help chart future journeys. Cardiotoxicity leading to HF is a growing problem in many cancer survivors.19 In a Clinical Research article entitled ‘A circular RNA derived from the insulin receptor locus protects against doxorubicin-induced cardiotoxicity’, Dongchao Lu from the Hannover Medical School, Germany looked at this question more closely.20 The authors found that the highly species-conserved circRNA insulin receptor (Circ-INSR) participates in HF processes, including those provoked by cardiotoxic anticancer treatments. Chemotherapy-provoked cardiotoxicity led to the down-regulation of Circ-INSR in rodents and patients, which mechanistically contributed to cardiomyocyte cell death, cardiac dysfunction, and mitochondrial damage. In contrast, Circ-INSR overexpression prevented doxorubicin-mediated cardiotoxicity in both rodent and human cardiomyocytes in vitro and in a mouse model of chronic doxorubicin cardiotoxicity. Breast cancer type 1 susceptibility protein (Brca1) was identified as a regulator of Circ-INSR expression. Detailed transcriptomic and proteomic analyses revealed that Circ-INSR regulates apoptotic and metabolic pathways in cardiomyocytes. Circ-INSR physically interacts with the single-stranded DNA-binding protein (SSBP1) mediating its cardioprotective effects under doxorubicin stress. Importantly, in vitro transcribed and circularized Circ-INSR mimics also protected against doxorubicin-induced cardiotoxicity. The authors conclude that Circ-INSR is a highly conserved non-coding RNA which is down-regulated during cardiotoxicity and cardiac remodelling. Adeno-associated virus and circRNA mimics-based Circ-INSR overexpression prevent and reverse doxorubicin-mediated cardiomyocyte death, and improve cardiac function. The results of this study highlight a novel and translationally important Circ-INSR-based therapeutic approach for doxorubicin-induced cardiac dysfunction. This manuscript is accompanied by an Editorial by Carlo G. Tocchetti from the Federico II University in Naples, Italy and colleagues.21 The authors note that the body of pre-clinical data provided by Lu et al. suggests altogether a strong translational potential of Circ-INSR. This novel approach may retain its potential not only in doxorubicin-induced cardiomyopathy but also in response to other cardiotoxic common anticancer agents, such as, for example, taxanes. Further detailed investigations are warranted in this context, but the group of Thomas Thum has unveiled a novel avenue towards treatment of cardiotoxicity which deserves to be pursued in a further drug discovery process as well as clinical testing. The editors hope that this issue of the European Heart Journal will be of interest to its readers. Dr. Crea reports speaker fees from Amgen, Astra Zeneca, Servier, BMS, other from GlyCardial Diagnostics, outside the submitted work.",2022,2022-11-07,article,en,https://openalex.org/W4308450148,False,0,transcriptomics_plus_downstream,True,True,True,True
doi:10.1093/eurheartj/ehx027,doi:10.1093/eurheartj/ehx027,openalex,openalex,https://openalex.org/W2588735694,10.1093/eurheartj/ehx027,,,Transitioning from usual care to biomarker-based personalized and precision medicine in heart failure: call for action,"“It is more relevant to know which person has the disease than to know which disease the person has” Hippocrates (460-370 BC) Successful treatment of patients with cardiovascular disease (CVD) has markedly improved through the deployment of new therapies typically evaluated in large randomized controlled trials to provide evidence-based guidance. While this approach has reduced morbidity and mortality, the total burden of CVD maintains an upward trajectory as the population ages and developing countries adopt a Western lifestyle. Further, patients who now frequently survive an acute cardiac event often subsequently require long-term treatment for chronic conditions (e.g. chronic heart failure [HF]). Chronic heart failure trials have led to several successes, but also to at least as many failures. In HF with reduced ejection fraction (HFrEF) the many ‘failed trials’ suggest it is likely better targeting of enrolled patient populations to fit the mechanism of action of many potential therapeutic agents could have led to success. Moxinidine, a centrally acting anti-adrenergic agent, could have proven beneficial in MOXCON1 if patients were selected on the basis of high adrenergic drive. Bosentan and other anti-endothelin agents could have proven beneficial if patients with elevated plasma endothelin were selected in the ENABLE2 and other trials. Similarly RECOVER and RENAISSANCE3 could have been positive if enrolling patients selected on the basis of inflammatory biomarkers to be responsive to the anti-inflammatory agent etanercept. The anti-vasopressin agent Tolvaptan, which is effective in patients in patients with hyponatremia, could have been beneficial in the EVEREST trial4 if patients with high vasopressin were selectively enrolled. Many more examples may be listed. Basically, the ‘one-fits-it-all’ and ‘average response therapy’ approaches may no longer be optimal in chronic diseases such as HF, and new approaches focused on individual variability are emerging. It must be recognized that HF is mechanistically diverse. Mechanistic phenotyping is soon to become a reality. There is, therefore, an increasing emphasis on tailoring management of CVD to fit the unique characteristics of the individual patient, and even better, to match the target patient population to the mechanism of action of therapeutic candidates. It is worthwhile to first define concepts to better understand the current state of the art for care of chronic HF, and the road that may follow: Standard practice: We might name it ‘imprecision medicine’. It incorporates assessment of symptoms and observation of physical signs compared between visits. The physician uses expert background, experience and judgment to diagnose and treat. Coupled with an increasing armamentarium of effective medications, this approach has led to great advances in understanding and management of HF over the past three decades, yet morbidity and mortality remain unacceptably high despite optimal application of currently available medical treatments.5 This is, in part, because therapies are not effective in all patients, and considerable gaps exist in real world application of such advances due to deficiencies in diagnosis, and risk stratification coupled to incomplete application of current evidence based therapies. Personalized medicine: This refers to collection and analysis of extensive information and data about a patient, including biomarkers, and beyond. The physician uses this information and data to make a more informed diagnosis and treatment plan. Personalized medicine is an evolution of person-centered care, with partnership between patients/carers and professional caregivers plus the incorporation of biological data (circulating peptide biomarkers, SNPs, miRNAs, etc.) for monitoring and establishing a therapeutic plan. Precision medicine: This approach uses computational network knowledge that aggregates and analyses information from patient cohorts, healthy populations and experimental systems to define disease mechanisms and reach toward therapies that more precisely address the mechanism of HF, for better diagnosis, prevention and/or treatment for each individual. Chronic heart failure specialists today are currently in transition from standard practice to personalized medicine, but this transition has been slow and inefficient reflecting insufficient knowledge and lack of confidence in modern advanced testing as well as medical inertia. This inertia is in part due to entrenched viewpoints regarding application of HF therapies deeply engrained in clinical practice guidelines.5 Development and implementation of biomarker-based personalized medicine in HF offers potential to significantly reduce clinical and financial burdens associated with HF (Figure 1). In current practice, HF specialists rely in anamnesis, physical examination, and data provided by ECG, echocardiography and conventional laboratory analysis for the risk assessment of an individual patient. Patients A and B are reflective of two real-life scenarios. With the data gathered in a ‘current practice’ setting it is impossible to discern the prognosis. The addition of two biomarkers surrogates of two distinct pathophysiological pathways in HF, namely NT-proBNP (reflective of strain) and ST2 (reflective of extracellular matrix remodelling) allowed a distinction of Patient A with a good outcome and Patient B with ominous evolution. Chronic heart failure is emerging as the epidemic of the 21st century. The prevalence of HF is approximately 1–2% of the adult population in developed countries and symptomatic HF affects ≥10% of people >70 years of age;6,7 a substantially greater number of patients with asymptomatic left ventricular dysfunction is suspected. Among people >65 years of age presenting to primary care with breathlessness on exertion, one in six will have unrecognized HF (mainly HF with preserved ejection fraction [HFpEF]).8 The lifetime risk of HF at age 55 years is 33% for men and 28% for women.9 Further, the most recent European data (ESC-HF pilot study) demonstrate that 12-month all-cause mortality rates for hospitalized and stable/ambulatory HF patients were 17 and 7%, respectively, and the 12-month hospitalization rates were 44 and 32%, respectively.10 While optimal medical care for HF with reduced ejection fraction (HFrEF) has been found to reduce morbidity and mortality, it is incorrect to declare victory in this context. Therapies used to treat HFrEF (beta blockers, angiotensin converting enzyme inhibitors, angiotensin receptor blockers, and mineralocorticoid receptor antagonists) are repurposed drugs, initially developed for other diagnoses, and though beneficial, are systematically under-applied in everyday practice. This is in part due to the fact that administering and titrating medications as in clinical trials is more challenging in clinical practice, as well as the fact that real world patients are more complex, older and more fragile. It is in this setting where biomarker-based personalized medicine has the biggest opportunity. For instance, the main driver of renin angiotensin aldosterone system (RAAS) inhibitors under use or under dosing is the excessive concern about hyperkalaemia and worsening renal function and inappropriate monitoring of serum potassium and renal function. Diuretic doses are not guided by an adequate assessment of congestion. It is conceivable that biomarkers may help avoid the very frequent under use and under titration of RAAS inhibitors especially of mineralocorticoid receptor antagonists (MRA), depriving patients from the full benefit of these life-saving agents. Better biomarker assisted monitoring might prevent over-titration of therapies in fragile patients if a response to therapy is detected below the standard target doses. Chronic heart failure doctors currently rely heavily on clinical acumen and imaging techniques (from echocardiography to the more recent MRI and PET), and only rarely request a cardiac biopsy to establish the diagnosis. Companion biomarkers, obtained from simple venipuncture, may emerge in this new era as the liquid biopsy of the heart. The experience gained in HF trials incorporating measurement of circulating biomarkers suggests such markers (e.g. natriuretic peptides) can aid in diagnosis, provide prognostic information useful for monitoring risk, and in certain contexts might be used for titration of therapy. Biomarkers may also aid the identification of apparently healthy people who are at excessive risk for developing cardiac disorders. However, major gaps in care exist between randomized clinical trials and real-world practice.11 As proof of concept, Lupón et al. recently developed a novel HF risk calculator that included multi-markers reflective of different pathophysiological pathways in heart failure (amino-terminal pro-B type natriuretic peptide [NT-proBNP], soluble [s]ST2, and highly sensitive troponin T [hs-TnT]); the Barcelona Bio-HF calculator (BCN Bio-HF calculator; www.bcnbiohfcalculator.org)12 is a web-based calculator that refines risk-stratification and allows for quick and easy interactive calculations of prognosis and life expectancy at the individual patient level (Figure 2). The Barcelona Bio-Heart Failure Calculator is a tool to risk-stratify HF patients taking advantage of biomarkers. The combination of clinical variables, treatment, and biomarkers (NT-proBNP, ST2, an hs-TnT) allows for a 1-, 2-, and 3-years mortality risk individual assessment. Further, it provides life expectancy information of a target patient both with and without the use of biomarkers. In a similar vein, a clinical and biomarker score was recently developed to predict relevant reverse remodelling (R2), the ST2-R2 score, which contains five clinical variables (i.e. non-ischaemic aetiology, left bundle branch block, HF duration, baseline LV ejection fraction, and beta blocker treatment) and a biomarker closely associated with LV remodelling (ST2). This score was recently shown to predict relevant R2 and was internally and externally validated.13 The ST2-R2 score provided proof-of-concept that R2 is a predictable phenomenon, and the addition of the interleukin receptor family member sST2 to several clinical parameters significantly improved accuracy of prediction. Additionally, patients with higher ST2-R2 scores had approximately 80% lower risk of death relative to the patients with the lowest scores.14 These data may be important in the management of HF patients and may influence treatment decision-making, i.e. in patients with a very high probability of significant R2 the clinician might opt for medical treatment first before planning on device implantation, while patients with low probability of R2 might be treated more aggressively. A number of limitations of multi-marker panels should be acknowledged. These include potential multiplexing and analytical challenges in assaying multiple markers at once as well as the challenges of interpretation for the clinician due to different cut-offs for each of the separate markers. Nevertheless, it can be anticipated that scoring calculators and algorithms will increasingly use circulating biomarkers in combination with clinical variables to allow appropriate surveillance and fully informed counselling of HF patients, their families and other stakeholders in the process of patient care. Over the last 15 years, the hypothesis that intensified treatment directed at reducing natriuretic peptide concentrations in addition to meeting guideline mandated standards of care may improve the outcomes of patients with HF has been tested in several prospective clinical trials.15 Individual trial results have varied between inconclusive to positive but serial meta-analyses have consistently reported a mortality benefit from biomarker-guided therapy. Published studies of BNP-guided therapy have not fully resolved the equipoise on this question (https://www.dcri.org/research/news/dcri-news-/guide-it-halted). More data are forthcoming regarding the value of biomarker measurement to ‘guide’ HF care, but such results should be interpreted within the context of the trial execution: it remains less clear if a biomarker tool to improve care will have as much impact in highly skilled academic medical centres vs. primary care. The structure of care and chain of care is so important to evaluate drug titration, taking into consideration side effects and co-existing co-morbidities which may have a greater impact on prognosis than HF per se. Too often the chain of a well-established doctor–patient relationship with good continuity is broken. Skilled academic centres have well-trained HF specialists and generally more time as well as a multidisciplinary team to optimize care of the HF patient permitting a good continuity of drug titration, education and so forth, whereas in primary care the GP tends to act as a ‘one man band’ with little time and limited access to technical resources (i.e. echocardiography). Fortunately, continuity of care is becoming increasingly important and primary care awareness in this regard is quickly growing. As well, present trials have looked at biomarkers as a generic trigger for titration of therapies, rather than a one-marker/one-drug approach. In addition to revisiting the strategy in the event of new effective drugs, such as the angiotensin receptor neprilysin inhibitor sacubitril/valsartan, further studies should examine the potential utility of other markers, such as sST2, either alone or in combination with natriuretic peptides.16 sST2 manifests much less variability than do natriuretic peptides which may be ideal for following changes with treatment.16 However, optimal biomarker targets remain to be defined. Designing trials of biomarker-guided therapy has many challenges. (i) Being almost always unblinded, they are prone to bias. (ii) The control group, most frequently ‘usual care’ group, is open to contamination and has inevitably better outcome than in real non-trial ‘usual care.’ iii) Being per essence ‘strategy-trials’ rather than simple intervention trials, causality is difficult to establish. For instance, it is hard to decide whether benefit is driven by the biomarker-guided change in therapy, or just by more intense and/or more optimal disease management. (iv) Therapy optimisation as a result of change in the tested biomarker may be left to the decision of the investigator, only instructed to follow best guideline medical therapy, or decided per-protocol using more or less sophisticated algorithms, which, although guideline-based, may vary according to the protocol. Most of biomarker-guided (and for instance telemedicine) trials suffer from any one or many of these important design issues. Considering methodological refinements may address the many limitations of the current guided-trials, i.e. strategy trials pragmatic designs, cluster randomisation, prospective open, blinded evaluation (PROBE), algorithmic optimisation, etc. The promise of precision medicine is underpinned by and this circulating biomarkers, of available and may be at the the of the of precision medicine is the one may a biological which therapies might be to of this be the use of inhibitor treatment for This approach from the generic use of biomarkers to decide on a of HF therapies that do not with the of such biomarkers. In to be used as a a circulating biomarker must a of or be to a For NT-proBNP is a of but is of has been as a of the risk in HF, though the of this approach have been and at no time was this therapeutic approach with biomarker measurement to in of beneficial through neprilysin is of of HF once the for more directed application of such therapies has not been biomarkers may also pathways in risk, where such have not yet been in trials. In a art major of biomarkers to the biomarker in HF (Figure These included matrix renal and A biomarker is to all the of the HF and a multi-marker strategy may better the of For though of is a of risk in HF, inhibitors of might be of benefit in with elevated was recently to the of in patients with both HFrEF and is also prognostic in these the of in both HFrEF and it is to whether of might improve such with improved prognosis. major of biomarkers in the biomarker for from natriuretic soluble family member associated of of type matrix inhibitors of low natriuretic natriuretic has been the of HF and management in the past three decades, yet the of HF patients with from to on the In are with a with which not to therapies which are effective in of the is the in with studies suggest of certain clinical might be in but it remains yet if biomarkers can be used to further understanding to these though it markers such as measurement of peptides from and as well as the and that these may a on the cardiac extracellular which may in provide important for therapy For of change in serum biomarkers reflective of the of type and may have the potential to the response to Further, a serum biomarker of changes in type (e.g. excessive may predict risk for hospitalization in a clinical trial biomarkers are now a to HF clinical and use of biomarkers in trial design clinical trial to a recent by and that clinical trials, the of of a new drug from in to in trials biomarkers as an and/or In the focused on biomarkers that were used to patients who were most likely to to a which in the that a therapeutic benefit will be Additionally, the biomarker may to a better understanding of of drugs, as well to improved of of disease to aid of therapeutic on biomarker-based precision medicine is a in drug in which that focused on developing are now with and reduced The of current trials, per patient is becoming The is less excessive in HF than in other such as therapy in acute where the of trials is even because of the lower event rates as compared with patients, so as to more likely to be is now in patients will benefit because they will be less likely to be that are not to provide any and only to potential by the European are acting as for biomarker-based personalized medicine in Among the of the cardiac for heart failure treatment) is the identification of biomarkers of and the response to for The of the in is in older biomarkers can asymptomatic that predict who will HF and other cardiovascular conditions and distinct more likely to to therapy that could healthy The of the to in Chronic with the of biomarkers, and information to a better assessment of the individual response to therapy, and prognosis. While a simple strategy to use biomarkers to the therapies are to much and such studies to the data from to care. it were so simple as to use all the therapies patients were to not be the that HF circulating peptide biomarkers and biomarkers, biomarkers promise to better understand the of HF and in personalized or can be found as in the In the of a number of circulating have been reported to change in response to HF and are to be biomarkers of much is yet to their real clinical value on of current In to miRNAs, the identification of as biomarkers of HF is at In the current and forthcoming treatment will require of the and the biomarkers reflective of pathways for HF are in the to be in the and other will and will from to clinician practice. We must be in the analysis and implementation of novel biomarkers to adopt only that provide an value to the physician in of understanding and the et al. have recently a of biomarker-guided trial provides with in and for biomarker-guided trial this should help trials in a more and the real in in precision medicine are likely to have effects on the HF is in the years to by the implementation of precision We that circulating biomarkers with highly and will have increasingly important to in HF risk assessment and therapeutic targeting in the However, many remain from the of clinical use and of to the and mechanisms of biomarker and from the healthy and the heart other target to the important therapeutic while data in this 21st on the use of biomarkers to HF, risk, and therapy with developed for diseases other than HF, the must a much more and focused (i.e. treatment strategy for HF, including use of analyses as well as use of therapies targeting pathways in In for the of HF patients, the care and the as a it is now the time to from current medicine to biomarker-based personalized care as a of precision medicine (Figure and are to for the cardiovascular in the Precision recently by and in the road for precision medicine in A that the of and clinical studies novel therapies and their patient according to biomarker will be to fully biomarkers in the application of medicine to personalized medicine a on the of current medicine and better and care of heart failure is a major for precision medicine The promise of precision care in HF should be the in the if the new of HF specialists precision medicine but in a and from other with in the implementation of precision medicine (i.e. The in in precision medicine is that they a diagnosis of a For HF, should also on the heart heart heart etc. and precision medicine on these This further improve biomarker-based precision The are and/or in European in with the of this This was by from the and This was also by and of",2017,2017-01-30,article,en,https://openalex.org/W2588735694,False,0,genomics_plus_other,False,False,True,False
doi:10.1093/gerona/glae133,doi:10.1093/gerona/glae133,pubmed,pubmed,38761362,10.1093/gerona/glae133,38761362,PMC11170291,Linking Aging to Cancer: The Role of Chromatin Biology.,"Epigenetic changes have been established to be a hallmark of aging, which implies that aging science requires collaborating with the field of chromatin biology. DNA methylation patterns, changes in relative abundance of histone post-translational modifications, and chromatin remodeling are the central players in modifying chromatin structure. Aging is commonly associated with an overall increase in chromatin instability, loss of homeostasis, and decondensation. However, numerous publications have highlighted that the link between aging and chromatin changes is not nearly as linear as previously expected. This complex interplay of these epigenetic elements during the lifetime of an organism likely contributes to cellular senescence, genomic instability, and disease susceptibility. Yet, the causal links between these phenomena still need to be fully unraveled. In this perspective article, we discuss potential future directions of aging chromatin biology.",2024,2024-07-01,"Journal Article; Review; Research Support, N.I.H., Extramural; Research Support, N.I.H., Intramural",eng,https://pubmed.ncbi.nlm.nih.gov/38761362/,False,0,,True,True,True,True
doi:10.1093/geroni/igad104.2477,doi:10.1093/geroni/igad104.2477,semantic_scholar,europepmc;semantic_scholar,6a3bffbf853afa37b11bd6ac285d73a712121928,10.1093/geroni/igad104.2477,,10738687,A BAYESIAN NETWORK-BASED APPROACH FOR MULTI-OMICS INTEGRATION TO REVEAL UNDERLYING MECHANISMS OF HEALTHY AGING,"Abstract Previous research on long-lived individuals showed that centenarians significantly delay the onset of the disability and aging-related diseases such as Alzheimer’s, dementia, and cardiovascular diseases to the very end of their lives compared to the general population. Genetic studies of centenarians and healthy agers showed that carriers of the APOE e2 allele had increased odds of reaching longevity compared to the non-e2 allele carriers. In addition, the APOE e2 allele is characterized by distinct serum proteomics and metabolomics profiles that could be useful to understand the mechanism of propagation of the genetic effect of APOE to the molecular level and eventually to phenotypes. We are developing a novel network-based approach of multi-layer data integration to identify shared molecular profiles among the subjects with familial longevity that lead to compression of morbidity, disability, and mortality. This Bayesian network-based approach integrates proteomics, metabolomics, genetics, and multiple phenotype data to decipher the risk factors and pathways contributing to prolonged health span. For example, the preliminary analysis shows that the centenarians with cognitive performance above the average in their age and sex group have lower levels of IL6, GDF15, and PTN proteins than those with below-average cognitive performance. These known inflammation factors might impair the cognitive function of elderly adults contributing to their disability and morbidity, thus affecting their aging.",2023,2023-12-01,JournalArticle,,https://www.semanticscholar.org/paper/6a3bffbf853afa37b11bd6ac285d73a712121928,False,1,,True,True,True,True
doi:10.1093/geroni/igaf122.4101,doi:10.1093/geroni/igaf122.4101,semantic_scholar,semantic_scholar,70bbc163859542f459898868ca1e0f779a7c75ea,10.1093/geroni/igaf122.4101,,12762698,Diet-informed metagenomic clocks for aging in the Integrative Longevity Omics Study,"Abstract Aging is a heterogeneous process that unfolds uniquely across individuals and biological systems. Aging clocks, computational models trained on molecular data to estimate biological age, offer a promising framework for investigating aging biology at the individual level. While most clocks rely on epigenetic, transcriptomic, or proteomic data, the human microbiome remains an underutilized source of aging biomarkers despite its central role in host metabolism, immune regulation, and inflammation, all of which are influenced by diet and linked to aging. To explore microbiome-mediated aging, we developed aging clocks using shotgun metagenomics sequencing data from 267 individuals in the Integrative Longevity Omics cohort, including centenarians and their offspring. These clocks estimate biological age based on taxonomic composition across multiple taxonomic levels. To account for dietary influences, we incorporated total caloric intake and a novel metric developed by our group, the Nutrient Variety Index (NVI), which summarizes the distribution of nutrient groups within a diet. Adjusting for caloric intake and NVIs significantly improved clock performance, suggesting that nutrient composition modulates microbiome aging. This integrative approach enhances biological age estimation and has the potential to uncover microbial signatures of healthy aging. Our findings underscore the importance of diet in shaping aging trajectories and highlight the potential of microbiome-based clocks to uncover nutrition-linked aging pathways.",2025,2025-12-01,JournalArticle,,https://www.semanticscholar.org/paper/70bbc163859542f459898868ca1e0f779a7c75ea,False,0,,True,True,True,True
doi:10.1093/humrep/deab002,doi:10.1093/humrep/deab002,semantic_scholar,semantic_scholar,9b918913d68d52deb3db7c09b25cf422e97004ee,10.1093/humrep/deab002,33594429,,Association between bacterial vaginosis and fecundability in Kenyan women planning pregnancies: a prospective preconception cohort study.,"STUDY QUESTION Is bacterial vaginosis (BV) associated with fecundability? SUMMARY ANSWER Women with BV may be at increased risk for sub-fecundity. WHAT IS KNOWN ALREADY While BV has been associated with poor IVF outcomes, the association between vaginal microbiota disruption and non-medically assisted conception has not been thoroughly explored. STUDY DESIGN, SIZE, DURATION Kenyan women with fertility intent were enrolled in prospective cohort that included monthly preconception visits with vaginal fluid specimen collection and pregnancy testing. Four hundred fifty-eight women attempting pregnancy for ≤3 menstrual cycles at enrollment were eligible for this fecundability analysis. PARTICIPANTS/MATERIALS, SETTING, METHODS At monthly preconception visits, participants reported the first day of last menstrual period and sexual behavior, underwent pregnancy testing and provided vaginal specimens. Discrete time proportional probabilities models were used to estimate fecundability ratios (FRs) and 95% CI in menstrual cycles with and without BV (Nugent score ≥ 7) at the visit prior to each pregnancy test. We also assessed the association between persistent BV (BV at two consecutive visits) and fecundability. MAIN RESULTS AND THE ROLE OF CHANCE Participants contributed 1376 menstrual cycles; 18.5% (n = 255) resulted in pregnancy. After adjusting for age, frequency of condomless sex and study site, BV at the visit prior to pregnancy testing was associated with a 17% lower fecundability (adjusted FR (aFR) 0.83, 95% CI 0.6-1.1). Persistent BV was associated with a 43% reduction in fecundability compared to cycles characterized by optimal vaginal health (aFR 0.57, 95% CI 0.4-0.8). LIMITATIONS, REASONS FOR CAUTION Detection of vaginal microbiota disruption using Gram stain and a point-of-care test for elevated sialidase identified a non-optimal vaginal environment, but these non-specific methods may miss important relationships that could be identified by characterizing individual vaginal bacteria and bacterial communities using molecular methods. In addition, results may be subject to residual confounding by condomless sex as this was reported for the prior month rather than for the fertile window during each cycle. WIDER IMPLICATIONS OF THE FINDINGS Given the high global prevalence of BV and infertility, an association between BV and reduced fecundability could have important implications for a large number of women who wish to conceive. Multi-omics approaches to studying the vaginal microbiota may provide key insights into this association and identify potential targets for intervention. STUDY FUNDING/COMPETING INTEREST(S) This work was supported by a National Institutes of Health grant (NICHD R01 HD087346-R.S.M.). R.S.M. received additional support for mentoring (NICHD K24 HD88229). E.M.L. was supported by pre- and post-doctoral fellowships (NIAID T32 AI07140, NICHD F32 HD100202). Data collection and management were made possible using REDCap electronic data capture tools hosted at the University of Washington's Institute of Translational Health Science supported by grants from NCATS/NIH (UL1 TR002319). The content of this paper is solely the responsibility of the authors and does not necessarily represent the official views of the National Institutes of Health. R.S.M. receives research funding, paid to the University of Washington, from Hologic Corporation, and has received honoraria for consulting from Lupin Pharmaceuticals. L.E.M. receives research funding, paid to the University of Washington, from Hologic Corporation, and has received honoraria for service on scientific advisory boards from Hologic and Nabriva Therapeutics. TRIAL REGISTRATION NUMBER N/A.",2021,2021-02-17,JournalArticle,,https://www.semanticscholar.org/paper/9b918913d68d52deb3db7c09b25cf422e97004ee,False,0,,True,False,True,False
doi:10.1093/icb/icz111,doi:10.1093/icb/icz111,semantic_scholar,semantic_scholar,0f29ed0b4294b59142a60f1b3f89d225825f04a8,10.1093/icb/icz111,31236558,,Responding to Threats both Foreign and Domestic: NOD-like Receptors in Corals.,"Historically mechanisms with which basal animals such as reef-building corals use to respond to changing and increasingly stressful environments have remained elusive. However, the increasing availability of genomic and transcriptomic data from these organisms has provided fundamental insights into the biology of these critically important ecosystem engineers. Notably, insights into cnidarians gained in the post-genomics age have revealed a surprisingly complex immune system which bears a surprisingly level of similarity with the vertebrate innate immune system. This system has been critically linked to how corals respond to the two most prominent threats on a global scale, emerging coral diseases and increasing water temperature, which are recognized cellularly as either foreign or domestic threats respectively. These threats can arise from pathogenic microbes or internal cellular dysfunction, underscoring the need to further understand mechanisms corals use to sense and respond to threats to their cellular integrity. In this investigation and meta-analysis, we utilize resources only recently available in the post-genomic era to identify and characterize members of an underexplored class of molecules known as NOD-like receptors (NLRs) in the endangered Caribbean coral Orbicella faveolata. We then leverage these data to identify pathways possibly mediated by NLRs in both O. faveolata and the ecologically important branching coral Acropora digitifera. Overall, we find support that this class of proteins may provide a mechanistic link to how reef-building corals respond to threats both foreign and domestic.",2019,2019-06-24,JournalArticle,,https://www.semanticscholar.org/paper/0f29ed0b4294b59142a60f1b3f89d225825f04a8,False,0,,True,False,True,False
doi:10.1093/jas/skaf087,doi:10.1093/jas/skaf087,semantic_scholar,semantic_scholar,886b915e2b3e184ad892851331023c7fe00da033,10.1093/jas/skaf087,40123525,,The relationship of N-glycosylation and porcine duodenal morphology and function.,"Intestinal epithelial cells are the primary performers of intestinal functions and have a highly glycosylated surface. Membrane proteins are regulated by N-linked glycosylation, making it likely that glycosylation plays a key role in cell differentiation. To investigate the effect of glycosylation on intestinal morphology, we selected 90 pigs with an average initial body weight of 27.74±0.28 kg to be housed for an experimental period of 100 d. Individuals with different villus heights were screened on the basis of duodenal intestinal morphometrics data and demonstrated that apparent digestibility of amino acids in ileo-terminal chyme was positively correlated with villus height. The regulatory mechanism of intestinal villus height was then analyzed by transcriptomic sequencing and glycosylation proteomics, and it was found that this difference might be caused by the N-glycan biosynthesis pathway and different N-glycosylation processes on the cell surface. mRNA of genes related to the N-glycosylation synthesis pathway were more highly expressed in individuals with high villus height (P < 0.05), and the expression of genes targeting the Wnt signaling pathway was consistent with the trend of glycosylation-related genes, and the expression of its repressors was lower (P < 0.05). In order to verify the above results, 24 weaned piglets ((6.58 ± 0.15 kg) at 21 days of age) were randomly divided into 3 groups fed 0, 1, 3 g/kg N-acetyl-D-glucose, and 24 weaned piglets ((4.27 ± 0.13 kg) at 21 days of age) were randomly divided into 3 groups fed 0, 0.5, 1 g/kg fucose, then the samples were taken for testing after 28 days. The results showed that glycosylation processes occurring on the surface of duodenal intestinal epithelial cells can influence intestinal morphology through the wnt signaling pathway.",2025,2025-03-22,JournalArticle,,https://www.semanticscholar.org/paper/886b915e2b3e184ad892851331023c7fe00da033,False,0,,True,False,False,False
doi:10.1093/jnci/dju053,doi:10.1093/jnci/dju053,openalex,openalex;pubmed,https://openalex.org/W2117841285,10.1093/jnci/dju053,,,"DRAGO (KIAA0247), a New DNA Damage–Responsive, p53-Inducible Gene That Cooperates With p53 as Oncosuppressor","BACKGROUND: p53 influences genomic stability, apoptosis, autophagy, response to stress, and DNA damage. New p53-target genes could elucidate mechanisms through which p53 controls cell integrity and response to damage. METHODS: DRAGO (drug-activated gene overexpressed, KIAA0247) was characterized by bioinformatics methods as well as by real-time polymerase chain reaction, chromatin immunoprecipitation and luciferase assays, time-lapse microscopy, and cell viability assays. Transgenic mice (94 p53(-/-) and 107 p53(+/-) mice on a C57BL/6J background) were used to assess DRAGO activity in vivo. Survival analyses were performed using Kaplan-Meier curves and the Mantel-Haenszel test. All statistical tests were two-sided. RESULTS: We identified DRAGO as a new p53-responsive gene induced upon treatment with DNA-damaging agents. DRAGO is highly conserved, and its ectopic overexpression resulted in growth suppression and cell death. DRAGO(-/-) mice are viable without macroscopic alterations. However, in p53(-/-) or p53(+/-) mice, the deletion of both DRAGO alleles statistically significantly accelerated tumor development and shortened lifespan compared with p53(-/-) or p53(+/-) mice bearing wild-type DRAGO alleles (p53(-/-), DRAGO(-/-) mice: hazard ratio [HR] = 3.25, 95% confidence interval [CI] = 1.7 to 6.1, P < .001; p53(+/-), DRAGO(-/-) mice: HR = 2.35, 95% CI = 1.3 to 4.0, P < .001; both groups compared with DRAGO(+/+) counterparts). DRAGO mRNA levels were statistically significantly reduced in advanced-stage, compared with early-stage, ovarian tumors, but no mutations were found in several human tumors. We show that DRAGO expression is regulated both at transcriptional-through p53 (and p73) and methylation-dependent control-and post-transcriptional levels by miRNAs. CONCLUSIONS: DRAGO represents a new p53-dependent gene highly regulated in human cells and whose expression cooperates with p53 in tumor suppressor functions.",2014,2014-03-20,article,en,https://openalex.org/W2117841285,False,1,genomics_plus_other,True,True,True,True
doi:10.1093/nar/gkac237,doi:10.1093/nar/gkac237,europepmc,europepmc;pubmed;scopus,MED:35420136,10.1093/nar/gkac237,35420136,PMC9071424,Microarray screening reveals two non-conventional SUMO-binding modules linked to DNA repair by non-homologous end-joining.,"SUMOylation is critical for numerous cellular signalling pathways, including the maintenance of genome integrity via the repair of DNA double-strand breaks (DSBs). If misrepaired, DSBs can lead to cancer, neurodegeneration, immunodeficiency and premature ageing. Using systematic human proteome microarray screening combined with widely applicable carbene footprinting, genetic code expansion and high-resolution structural profiling, we define two non-conventional and topology-selective SUMO2-binding regions on XRCC4, a DNA repair protein important for DSB repair by non-homologous end-joining (NHEJ). Mechanistically, the interaction of SUMO2 and XRCC4 is incompatible with XRCC4 binding to three other proteins important for NHEJ-mediated DSB repair. These findings are consistent with SUMO2 forming a redundant NHEJ layer with the potential to regulate different NHEJ complexes at distinct levels including, but not limited to, XRCC4 interactions with XLF, LIG4 and IFFO1. Regulation of NHEJ is not only relevant for carcinogenesis, but also for the design of precision anti-cancer medicines and the optimisation of CRISPR/Cas9-based gene editing. In addition to providing molecular insights into NHEJ, this work uncovers a conserved SUMO-binding module and provides a rich resource on direct SUMO binders exploitable towards uncovering SUMOylation pathways in a wide array of cellular processes.",2022,2022-05-01,research-article; Journal Article,eng,https://europepmc.org/article/MED/35420136,False,2,,True,True,True,True
doi:10.1093/neuonc/noab260,doi:10.1093/neuonc/noab260,openalex,openalex,https://openalex.org/W3214238060,10.1093/neuonc/noab260,,,Long telomeres in need of a SNP: Germline contributions of telomere maintenance to glioma,"Epidemiologic research has identified a number of endogenous factors associated with differences in adult glioma risk, including male sex, older age, European ancestral origin, positive family history, and common risk alleles at more than 20 genetic loci.1 Despite the success of recent genome-wide association studies (GWAS) of glioma predisposition, the biologic mechanisms through which risk alleles in target genes exert tumorigenic effects remain poorly characterized. However, common glioma risk alleles have been identified near 4 telomere-related genes (TERC, TERT, OBFC1, RTEL1),2 and rare loss-of-function variants in a fifth (POT1) have been linked to a monogenic glioma predisposition syndrome.3 Integrative genomic analyses show that these glioma risk alleles are associated with increased telomere length, highlighting telomere maintenance as a key pathway in gliomagenesis.3,4 These epidemiologic findings complement tumor profiling studies that identified activating hotspot mutations in the TERT gene promoter in ~80% of glioblastoma and oligodendroglioma patients, where they reactivate telomerase expression and enable replicative immortality.5 Genomic data suggest that ~25% of glioma (narrow-sense) heritability is attributable to common genetic variants, but known risk loci account for only 6% of glioma heritability.2 While ever-larger GWAS studies are likely to identify novel risk alleles of small effect, alternative analytic approaches have recently emerged that can integrate genomic, epigenomic, and transcriptomic data to potentially reveal the sources of this “missing heritability.” A recent report in the journal effectively implemented this approach to interrogate the relationship between genetic determinants of telomere length and glioma etiology.6 Saunders et al begin by performing 2-sample Mendelian randomization (MR) analyses using 16 genome-wide significant variants associated with leukocyte telomere length (LTL) from a published GWAS (N = 78 592). These instrumental variables were applied to a large case-control dataset of 12 488 glioma cases (N = 6183 glioblastoma; 5820 lower-grade glioma) and 18 169 controls. Genetic predisposition to longer telomere length was consistently associated with significantly elevated risk of glioma, glioblastoma, and lower-grade glioma across multiple MR models and sensitivity analyses. Standard MR tests the overall hypothesis that LTL is associated with glioma susceptibility, but offers limited insight into the effects of individual variants. To investigate the latter, the authors leverage the summary Mendelian randomization (SMR) framework and perform heterogeneity in dependent instruments (HEIDI) tests at LTL-associated loci to evaluate whether regional associations harbor a shared causal signal. These analyses provide evidence of concordant effects on telomere length and glioma susceptibility at PARP1, TERC, CARMIL1, PRRC2A, POT1, and OBFC1, while HEIDI tests suggested the presence of multiple signals at TERT, RTEL1, and ATM. Five of these genes were previously linked to gliomagenesis (TERC, TERT, OBFC1, RTEL1, POT1) and five are novel (PARP1, DCAF4, CARMIL1, PRRC2A, ATM). With the exception of ATM, the allele associated with longer telomere length was also associated with increased risk of glioma at all these loci. These intriguing findings merit follow-up studies to more fully assess the extent to which LTL-associated variants confer glioma risk. A major challenge lies in disentangling vertical pleiotropy—where a genetic variant influences telomere length, which in turn influences glioma risk—from horizontal pleiotropy, which occurs when a variant affects glioma directly or through multiple pathways not limited to telomere maintenance. Future work could benefit from colocalization methods that explicitly model linkage disequilibrium structure, test for multiple causal variants, and conduct multi-trait fine-mapping.7 Summary-level GWAS data have also been used to quantify the proportion of cancer risk for a given variant that is mediated by telomere length.8 Saunders et al also present SMR analyses incorporating transcriptome and methylome data to explore mechanisms that may be contributing to glioma susceptibility in LTL-associated regions. Several variants, including those near POT1 and PARP1, were observed to be methylation quantitative trait loci (meQTLs), associated with differences in the methylation status of DNA from normal brain tissues. An additional set of variants were associated with both LTL and gene expression levels in blood and brain tissues, including near PARP1. These exploratory results provide increased rationale for studying epigenetic determinants of glioma risk to discover genes that may be overlooked by GWAS and instead confer risk through methylation-induced changes in gene expression. Overall, Saunders et al integrate large GWAS of glioma predisposition and of telomere length to explore the shared genomic architecture of these 2 traits. They confirm the etiologic relevance of genetic predisposition to longer telomere length and identify novel associations between glioma risk and LTL-associated variants near several relevant genes, including PARP1 and ATM. It is likely that several of these loci will emerge at genome-wide statistical significance in future, larger GWAS studies of adult glioma. Indeed, a prior MR-based analysis of glioma risk that leveraged 8 LTL-associated variants first identified OBFC1 as a novel risk locus,4 which was later validated by GWAS.2 Although the increased risk of adult glioma conferred by telomere maintenance is now well established, several outstanding questions remain. Saunders et al observe significant heterogeneity between GBM and non-GBM tumors, which suggests that further refining these associations by molecular subtypes may reveal effect modification by the tumor’s IDH1/2 status—and particularly by the presence of TERT promoter and/or ATRX mutations. Telomere length is also known to differ significantly by both sex and by race/ethnicity, but the analyses presented did not explore effect modification by sex and included exclusively European-ancestry subjects. A recent multi-ethnic MR study of osteosarcoma observed that genetic predisposition to longer telomere length conferred elevated risk and also revealed significant interaction with race/ethnicity, with the strongest effects observed among Hispanic subjects.9 Future studies must expand genetic predictors of telomere length to include over 100 recently discovered loci and to incorporate ancestry-specific determinants of LTL.10 Although longer telomeres are often seen as biomarkers of healthy aging, the strong and consistent association with increased risk of several cancers, particularly glioma, suggests that increased capacity for telomere maintenance at the cellular level may provide pre-malignant cells with enhanced replicative capacity, buying them the time needed to acquire the TERT or ATRX mutations that appear necessary for immortalization. The text is the sole product of the authors and no third party had input or gave support to its writing.",2021,2021-11-08,article,en,https://openalex.org/W3214238060,False,0,epigenomics_plus_downstream;genomics_plus_other,True,True,True,True
doi:10.1093/plcell/koag095,doi:10.1093/plcell/koag095,semantic_scholar,semantic_scholar,e545533a72528dae6d12d8917f0f7f334561c228,10.1093/plcell/koag095,41889343,,Spongy mesophyll cell death is induced by jasmonic acid during leaf senescence in chrysanthemum.,"Leaf senescence impacts crop yield, quality, and post-harvest performance; for example leaf senescence limits the shelf life of cut flowers. Although the senescence process has been extensively studied at the whole-leaf level, its regulation at the single-cell-type level remains largely unknown. Here, we tracked the cell death process during leaf senescence at the single-cell-type resolution through integrated anatomical, multiomics, molecular and genetic analyses in chrysanthemum (Chrysanthemum morifolium Ramat.). These analyses revealed that jasmonic acid (JA) induces spongy mesophyll cell death in the initial stage of leaf senescence, mediated by the transcription factors CmNAC055 and CmNAC087. These transcription factors regulate the acyl coenzyme A oxidase gene CmACX5, encoding a key JA biosynthetic enzyme. This regulatory module is functionally conserved across diverse species, including chrysanthemum, Arabidopsis thaliana, tomato (Solanum lycopersicum), and rice (Oryza sativa). Indeed, attenuating mesophyll cell death with a JA biosynthesis inhibitor delays tomato fruit de-greening and increases rice grain yield by approximately 6%. This study establishes a dynamic landscape of cell fate determination and hormonal regulation during leaf senescence, providing strategies to increase plant production by modulating leaf senescence.",2026,2026-03-26,JournalArticle,,https://www.semanticscholar.org/paper/e545533a72528dae6d12d8917f0f7f334561c228,False,0,,True,False,True,False
doi:10.1093/treephys/tpad030,doi:10.1093/treephys/tpad030,semantic_scholar,semantic_scholar,0e52738e3ead40ea49c265d0813c86d48ecea67b,10.1093/treephys/tpad030,36912478,,Temporal shifts in root exudates driven by vegetation restoration alter rhizosphere microbiota in Robinia pseudoacacia plantations.,"Plant-soil-microbiota interactions mediated by root exudates regulate plant growth and drive rhizosphere microbial feedbacks. It remains unknown how root exudates affect rhizosphere microbiota and soil functions in the course of forest plantation restoration. The metabolic profiles of tree root exudates are expected to shift with stand age, leading to variation in rhizosphere microbiota structure, and in turn, potentially altering soil functions. To unravel the effects of root exudates, a multi-omics study was conducted using untargeted metabonomic profiling, high-throughput microbiome sequencing, and functional gene array. The interactions among root exudates, rhizosphere microbiota, and nutrient cycling-related functional genes were explored under 15-45-year-old Robinia pseudoacacia plantations in the Loess Plateau region of China. Root exudate metabolic profiles, rather than chemodiversity, markedly changed with an increase in stand age. A total of 138 age-related metabolites were extracted from a key module of root exudates. The relative contents of six biomarker metabolites, such as glucose 1-phosphate, gluconic acid, and N-acetylneuraminic acid increased distinctly over time. The biomarker taxa (16 classes) of rhizosphere microbiota varied in a time-sensitive manner, which played potential roles in nutrient cycling and plant health. Nitrospira, Alphaproteobacteria, and Acidobacteria were enriched in the rhizosphere of older stands. Key root exudates influenced functional gene abundances in the rhizosphere via directed effects or indirectly through biomarker microbial taxa (e.g., Nitrososphaeria). Overall, root exudates and rhizosphere microbiota are essential for soil function maintenance under R. pseudoacacia plantation restoration.",2023,2023-03-13,JournalArticle,,https://www.semanticscholar.org/paper/0e52738e3ead40ea49c265d0813c86d48ecea67b,False,0,,True,False,True,False
doi:10.1096/fj.07-8598com,doi:10.1096/fj.07-8598com,pubmed,pubmed,17848622,10.1096/fj.07-8598com,17848622,PMC3116236,Involvement of xeroderma pigmentosum group A (XPA) in progeria arising from defective maturation of prelamin A.,"Cellular accumulation of DNA damage has been widely implicated in cellular senescence, aging, and premature aging. In Hutchinson-Gilford progeria syndrome (HGPS) and restrictive dermopathy (RD), premature aging is linked to accumulation of DNA double-strand breaks (DSBs), which results in genome instability. However, how DSBs accumulate in cells despite the presence of intact DNA repair proteins remains unknown. Here we report that the recruitment of DSB repair factors Rad50 and Rad51 to the DSB sites, as marked by gamma-H2AX, was impaired in human HGPS and Zmpste24-deficient cells. Consistently, the progeria-associated DSBs appeared to be unrepairable although DSBs induced by camptothecin were efficiently removed in the progeroid cells. We also found that these progeroid cells exhibited nuclear foci of xeroderma pigmentosum group A (XPA), a unique nucleotide excision repair protein. Strikingly, these XPA foci colocalized with the DSB sites in the progeroid cells. This XPA-DSB association was further confirmed and found to be mediated by DNA, using a modified chromatin immunoprecipitation assay and coimmunoprecipitation. RNA interference (RNAi) knockdown of XPA in HGPS cells partially restored DSB repair as evidenced by Western blot analysis, immunofluorescence and comet assays. We propose that the uncharacteristic localization of XPA to or near DSBs inhibits DSB repair, thereby contributing to the premature aging phenotypes observed in progeria arising from genetic defects in prelamin A maturation.",2007,2007-09-11,"Journal Article; Research Support, N.I.H., Extramural; Research Support, Non-U.S. Gov't",eng,https://pubmed.ncbi.nlm.nih.gov/17848622/,False,0,,True,True,True,True
doi:10.1097/aco.0000000000000613,doi:10.1097/aco.0000000000000613,europepmc,europepmc;pubmed;scopus,MED:29847367,10.1097/aco.0000000000000613,29847367,,Epigenetics of pain mediators.,"Purpose of review The field of epigenetics continues its influential rise as a means to better understand an organism's unique developmental identity over a lifespan. Whereas a genome is constant and unchanging, an epigenome is dynamic and alterable. Epigenetic changes are in response to innumerable internal and external influences including environmental changes such as diet, exercise, disease, toxins, and stress. Epigenetics is of particular interest in the medical research community both for the potential to cause disease and as a target for therapeutic interventions. This article provides a succinct explanation of the potential for epigenetics to influence the understanding of pain as well as a review of relevant research on the topic. Recent findings Studies on epigenetics and pain remain largely preclinical and investigate the theoretical ability of epigenetics to alter the nociceptive pathways both in the periphery and centrally. Significant evidence now exists for the ability of epigenetics to modify broadly categorized pain types, including inflammatory, neuropathic, visceral, and cancer related. Summary Both patients and providers recognize that novel medications for the treatment of both acute and chronic pain conditions are sorely needed. The understanding of epigenetics and its influence on nociception remains in relative infancy but early evidence is strong for potential therapeutic benefits to treat these conditions.",2018,2018-08-01,Review; Journal Article,eng,https://europepmc.org/article/MED/29847367,False,2,,True,True,True,True
doi:10.1097/hs9.0000000000000036,doi:10.1097/hs9.0000000000000036,openalex,openalex,https://openalex.org/W2802325171,10.1097/hs9.0000000000000036,,,Stem Cells Spirited Away by Alcohol‐Induced DNA Damage,"The gradual acquisition of mutations in the genome of somatic cells is a hallmark of aging and leads to the evolution of a range of age-associated diseases, such as cancer. The accrual of such mutations within adult stem cells is thought to be of particular biological relevance, because these cells are long lived and can therefore accumulate a significant mutation burden during the lifetime of an organism, which is then propagated in all daughter cells. Somatic stem cells, or their immediate progeny, are also a likely cell of origin for malignant transformation. Although the DNA damage response of various tissue-specific stem cell types has been extensively explored using agonists such as ionizing radiation or chemotherapeutic agents, it is unclear what the major source of DNA damage is under physiologic conditions and how this is resolved into mutations within stem cells. A recent manuscript published in Nature sheds new light on this issue using the hematopoietic system as a model tissue to explore how by-products of the metabolism of alcohol can act as a mutagen within hematopoietic stem cells (HSCs), leading to their functional attrition and impaired hematopoiesis.1 Excessive use of alcohol has been identified as a causal factor in a wide range of diseases, including several different forms of cancer. Acetaldehyde is thought to be an important toxic metabolite of ethanol that can form adducts on DNA, and is normally detoxified by protective enzymes such as aldehyde dehydrogenase 2 (ALDH2). In previously published work, the group of K.J. Patel had uncovered the link between acetaldehyde and the Fanconi anemia (FA) DNA repair pathway, which is involved in resolving DNA interstrand crosslinks.2,3 Loss of function of the FA pathway in humans results in bone marrow failure (BMF) and cancer predisposition. Knockout mouse models of FA demonstrate analogous DNA repair defects to those seen in FA patient cells, yet never spontaneously develop BMF. The Patel group hypothesized that alcohol-mediated production of acetaldehyde could produce DNA damage intermediates that are normally resolved by the FA pathway. Using an elegant genetic approach, they could validate this hypothesis by showing that combinatorial loss of function of the FA repair pathway along with inactivation of Aldh2, led to elevated DNA damage within murine hematopoietic cells, followed by leukemogenesis and bone marrow failure. Importantly, these phenotypes were further exacerbated by the exposure of mice to alcohol. The clinical relevance of these findings was later underscored by the observation that FA patients who additionally harbored a common dominant negative polymorphism in the ALDH2 gene, demonstrated an earlier onset of bone marrow failure compared to FA patients with normal ALDH2 function.4 In their most recent manuscript, the same group sought to further strengthen the mechanistic link between alcohol exposure and genotoxic damage, by focusing on a detailed characterization of the mutational burden in HSCs.1 Initial experiments focused on the evaluation of clastogenic damage in mouse blood cells. Assessment of the frequency of micronuclei present in normochromic erythrocytes (NCEs) was used as an assay to determine the degree of chromosome breaks within hematopoietic cells. Mice with individual loss of function of either Aldh2 (Aldh2−/−) or the FA pathway (Fancd2−/−), both demonstrated elevated levels of NCEs with micronuclei compared with wild type control mice. However, combinatorial Fancd2−/−Aldh2−/− mice had dramatically increased micronuclei burden in NCEs, illustrating the partial redundancy in these detoxification pathways. In line with this observation, M-FISH analysis revealed much higher frequencies of chromosomal abnormalities in bone marrow cells from double knockout mice compared with either single knockout alone. Importantly, alcohol exposure dramatically increased clastogenic damage in hematopoietic cells of Fancd2−/−Aldh2−/− mice and was accompanied by a rapid collapse in the hematopoietic system leading to death from BMF. In order to try and correlate whether the coordinate action of these detoxification pathways was important for maintaining the functional and genomic integrity of HSCs, the authors next went on to conduct a series of ambitious and technically challenging experiments to enumerate the mutation burden in individual HSC clones (Fig. 1). Individual HSCs were isolated from Aldh2−/−, Fancd2−/−, or Aldh2−/−Fancd2−/− mice by flow sorting, following which irradiated recipient mice were transplanted with these single cells. At 4 months post-transplantation, all the mature blood cell progeny of the transplanted HSC were harvested and subject to whole genome sequencing. By comparing the sequencing data with the germline sequence obtained from a tail clipping of the original donor mouse, it was then possible to identify the somatic mutations that were present in all donor progeny cells and therefore must have been present in the transplanted HSC clone. The engraftment rate of the transplanted Aldh2−/−Fancd2−/− HSCs was very low compared with control or single knock out HSCs, demonstrating that the HSCs were indeed functionally compromised. Comparative analysis of the mutation signature in HSCs showed a modest increase in point mutations in the double knockout cells, but a more profound increase in deletions and rearrangements. This indicates that endogenous acetaldehyde damage induces DNA double-strand breaks within HSCs in vivo, which are then resolved by error-prone end joining repair. Since p53 activation has been previously proposed to be a downstream consequence of loss of function of the FA pathway, which then mediates HSC depletion and BMF,5 the authors next generated Aldh2−/−Fancd2−/−Trp53−/− triple knockout mice and performed the clonal HSC mutation burden analysis described above. Surprisingly, while additional knock out of Trp53 partially rescued the engraftment defect of Aldh2−/−Fancd2−/− HSCs, there was no appreciable increase in the mutation burden of the engrafting clones. These data seem to confirm that acetaldehyde-induced p53 activation does compromise HSC function but suggests that error-prone repair, and the resulting mutations that it generates, are not primary drivers of HSC attrition.Figure 1: Schematic representation of single-cell transplantation approach used to define mutation burden of functional HSCs at the clonal level. Common mutations inherited from the original transplanted HSC are depicted as blue, green, or red mark.Taken together, this study is the first to evaluate genome-wide clonal mutation spectra for HSCs and, in doing so, has highlighted dietary and endogenous aldehydes as genotoxic agents that can induce mutations in HSCs in vivo. This provides a new molecular basis for understanding at least one mechanism via which excess alcohol consumption may have a broad negative impact on human health. While this work highlights the effectiveness of the partially redundant detoxification system that has evolved to deal with these potent mutagens, it also has important implications for the large number of individuals who carry the dominant negative polymorphism in the ALDH2 gene.",2018,2018-03-01,article,en,https://openalex.org/W2802325171,False,0,genomics_plus_other,True,True,True,True
doi:10.1097/mco.0000000000000930,doi:10.1097/mco.0000000000000930,europepmc,europepmc;pubmed;scopus;semantic_scholar,MED:36943155,10.1097/mco.0000000000000930,36943155,PMC10794042,Heterogeneity in the response to n-3 polyunsaturated fatty acids.,"Purpose of review A central goal in the study of long chain n-3 polyunsaturated fatty acids (PUFA) is to translate findings from the basic sciences to the population level to improve human health and prevent chronic diseases. A tenet of this vision is to think in terms of precision medicine and nutrition, that is, stratification of individuals into differing groups that will have different needs across the lifespan for n-3 PUFAs. Therefore, there is a critical need to identify the sources of heterogeneity in the human population in the dietary response to n-3 PUFA intervention. Recent findings We briefly review key sources of heterogeneity in the response to intake of long chain n-3 PUFAs. These include background diet, host genome, composition of the gut microbiome, and sex. We also discuss the need to integrate data from newer rodent models (e.g. population-based approaches), multi -omics, and analyses of big data using machine learning and data-driven cluster analyses. Summary Accounting for vast heterogeneity in the human population, particularly with the use of big data integrated with preclinical evidence, will drive the next generation of precision nutrition studies and randomized clinical trials with long-chain n-3 PUFAs.",2023,2023-03-20,"Research Support, Non-U.S. Gov't; research-article; Review; Journal Article; Research Support, N.I.H., Extramural",eng,https://europepmc.org/article/MED/36943155,False,3,,True,True,True,True
doi:10.1097/tp.0000000000005258,doi:10.1097/tp.0000000000005258,semantic_scholar,semantic_scholar,a9197c1099f43ba15f0fac3cfdb6ff5bdfb55090,10.1097/tp.0000000000005258,39630098,12130342,"Proteomics in acute heart transplant rejection, on behalf of the GRAfT Investigators","Background: Proteomic phenotyping can provide insights into rejection pathophysiology, novel biomarkers, and therapeutic targets. Methods: Within the prospective, multicenter Genomic Research Alliance for Transplantation (GRAfT) study, 181 proteins were evaluated from blood drawn at time of endomyocardial biopsy; protein fold-change, logistic regression, and pathway analysis were analyzed, with protein discovery adjusted for a 5% false discovery rate. Results: Among 104 adult heart transplant patients (31% Female sex, 53% Black race, median age 52 years), 74 had no rejection, 18 developed acute cellular rejection (ACR), and 12 developed antibody-mediated rejection (AMR). Differential expression was found in 2 proteins during ACR (inflammatory proteins CXCL10 and CD5) and 73 proteins during AMR. The most abundant AMR proteins were the heart failure biomarkers N-terminal pro B-type natriuretic peptide (NT-proBNP) and suppression of tumorigenicity 2 (ST2). In univariate logistic regression, odds of identifying ACR on endomyocardial biopsy increased with doubling of CXCL10 (OR 2.2[95%CI: 1.3–3.6]) and CD5 (OR 4.7[95%CI: 1.7–12.9]) concentrations, and odds of AMR increased with doubling of NT-proBNP (OR 13.0[95%CI: 2.7–62.7) and ST2 (OR 4.8[95%CI: 2.1–10.7]) concentrations. After multivariable analysis with clinical covariates, these proteins showed similar odds of ACR or AMR outcomes. Pathway analysis identified T cell receptor signaling and differentiation in ACR, and cardiovascular disease and cell turnover in AMR. Conclusions: Proteomic analysis reveals unique biomarker and pathway expression in ACR and AMR. Cardiac injury-associated biomarkers were more pronounced in AMR, while inflammatory biomarkers were more pronounced in ACR. Proteomic analysis may provide insights into rejection pathophysiology, detection, and therapy.",2024,2024-12-03,JournalArticle,,https://www.semanticscholar.org/paper/a9197c1099f43ba15f0fac3cfdb6ff5bdfb55090,False,0,,True,False,True,False
doi:10.1101/2020.06.25.172023,doi:10.1101/2020.06.25.172023,europepmc,europepmc,PPR:PPR180769,10.1101/2020.06.25.172023,,,Healthy aging interventions reduce non-coding repetitive element transcripts,"ABSTRACT Transcripts from non-coding repetitive elements (RE) in the genome may be involved in aging. However, they are often ignored in transcriptome studies on healthspan and lifespan, and their role in healthy aging interventions has not been characterized. Here, we analyze RE in RNA-seq datasets from mice subjected to robust healthspan- and lifespan-increasing interventions including calorie restriction, rapamycin, acarbose, 17-α-estradiol, and Protandim. We also examine RE transcripts in long-lived transgenic mice, and in mice subjected to high-fat diet, and we use RNA-seq to investigate the influence of aerobic exercise on RE transcripts with aging in humans. We find that: 1) healthy aging interventions/behaviors globally reduce RE transcripts, whereas aging and age-accelerating treatments increase RE expression; and 2) reduced RE expression with healthy aging interventions is associated with biological/physiological processes mechanistically linked with aging. Thus, RE transcript dysregulation and suppression are likely novel mechanisms underlying aging and healthy aging interventions, respectively.",2020,2020-06-27,Preprint,,https://europepmc.org/article/PPR/PPR180769,True,0,,True,True,True,True
doi:10.1101/2021.05.18.444613,doi:10.1101/2021.05.18.444613,semantic_scholar,semantic_scholar,6c0321dfd963510534b7fd55de6a5171b250a7d4,10.1101/2021.05.18.444613,,,Asymptomatic gut colonization by extended-spectrum beta-lactamase-producing Escherichia coli is not associated with an altered gut microbiome or metabolome in Dutch adults,"Background Gut colonization by antibiotic resistant E. coli strains, including extended-spectrum beta-lactamase (ESBL)-producing E. coli is a risk factor for developing overt infection. The gut microbiome can provide colonization resistance against enteropathogens, but it remains unclear whether it confers resistance against potentially pathogenic ESBL-producing E. coli. Materials From a Dutch cross-sectional population study (PIENTER-3), feces from 2751 individuals were used to culture ESBL-producing bacteria. Of these, we selected 49 samples which were positive for an ESBL-producing Escherichia coli (ESBL+), and negative for a variety of variables known to affect microbiome composition. These were matched in a 1:1 ratio to ESBL− samples based on age, sex, having been abroad in the past six months and ethnicity. Shotgun metagenomic sequencing was performed and taxonomic species composition and functional annotations (microbial metabolism and carbohydrate-active enzymes) were determined. Targeted quantitative metabolic profiling (1H NMR-spectroscopy) was performed to investigate metabolomic profiles. Results No differences in alpha or beta diversity were observed, nor in relative abundance, between ESBL+ and ESBL− individuals based on bacterial species level composition. Machine learning approaches based on microbiota composition did not accurately predict ESBL status (area under the receiver operating characteristic curve (AUROC)=0.53), neither when based on functional profiles. The metabolome did also not convincingly differ between ESBL groups as assessed by a variety of approaches, including machine learning through random forest (AUROC=0.61). Conclusion Using a combination of multi-omics and machine learning approaches, we conclude that asymptomatic gut carriage of ESBL-producing E. coli is not associated with an altered microbiome composition or function. This may suggest that microbiome-mediated colonization resistance against ESBL-producing E. coli is not as relevant as it is against other enteropathogens.",2021,2021-05-18,,,https://www.semanticscholar.org/paper/6c0321dfd963510534b7fd55de6a5171b250a7d4,False,0,,True,False,True,False
doi:10.1101/2022.06.08.495246,doi:10.1101/2022.06.08.495246,europepmc,europepmc;pubmed;scopus;semantic_scholar,PPR:PPR505539,10.1101/2022.06.08.495246,,,Network-based multi-omics integration reveals metabolic at-risk profile within treated HIV-infection,"Multiomics technologies improve the biological understanding of health status in people living with HIV on antiretroviral therapy (PLWH ART ). Still, a systematic and in-depth characterization of metabolic risk profile during successful long-term treatment is lacking. Here, we used multi-omics (plasma lipidomic and metabolomic, and fecal 16s microbiome) data-driven stratification and characterization to identify the metabolic at-risk profile within PLWH ART . Through network analysis and similarity network fusion (SNF), we identified three groups of PLWH ART (SNF-1 to 3). The PLWH ART at SNF-2 (45%) was a severe at-risk metabolic profile with increased visceral adipose tissue, BMI, higher incidence of metabolic syndrome (MetS), and increased di- and triglycerides despite having higher CD4 + T-cell counts than the other two clusters. However, the healthy-like and severe at-risk group had a similar metabolic profile differing from HC, with dysregulation of amino acid metabolism. At the microbiome profile, the healthy-like group had a lower α-diversity, a lower proportion of MSM, and was enriched in Bacteroides. In contrast, in at-risk groups, there was an increase in Prevotella , with a high proportion of men who have sex with men (MSM) confirming the influence of sexual orientation on the microbiome profile The multi-omics integrative analysis reveals a complex microbial interplay by microbiome-derived metabolites in PLWH ART . PLWH ART those are severely at-risk clusters may benefit from personalized medicine and lifestyle intervention to improve their metabolic profile. Significance The network and factorization-based integrative analysis of plasma metabolomics, lipidomics, and microbiome profile identified three different diseases’ state -omics phenotypes within PLWH ART driven by metabolomics, lipidomics, and microbiome that a single omics or clinical feature could not explain. The severe at-risk group has a dysregulated metabolic profile that potentiates metabolic diseases that could be barriers to healthy aging. The at-risk group may benefit from personalized medicine and lifestyle intervention to improve their metabolic profile.",2022,2022-06-13,Preprint,,https://europepmc.org/article/PPR/PPR505539,True,4,,True,True,True,True
doi:10.1101/2022.12.05.519111,doi:10.1101/2022.12.05.519111,openalex,europepmc;openalex;semantic_scholar,https://openalex.org/W4311241663,10.1101/2022.12.05.519111,,,Large-scale changes of molecular network states explain complex traits,"Abstract The complexity of many cellular and organismal traits results from poorly understood mechanisms integrating genetic and environmental factors via molecular networks. Here, we show when and how genetic perturbations lead to molecular changes that are confined to small parts of a network versus when they lead to large-scale adaptations of global network states. Integrating multi-omics profiling of genetically heterogeneous budding and fission yeast strains with an array of cellular traits identified a central state transition of the yeast molecular network that is related to PKA and TOR (PT) signaling. Genetic variants affecting this PT state globally shifted the molecular network along a single-dimensional axis, thereby modulating processes including energy- and amino acid metabolism, transcription, translation, cell cycle control and cellular stress response. We propose that genetic effects can propagate through large parts of molecular networks because of the functional requirement to centrally coordinate the activity of fundamental cellular processes. Graphical abstract Graphical abstract: Genetic variants directly or indirectly affecting the activity of PKA and/or TOR signaling cause global changes of transcriptomic and proteomic network states by modulating the activity of diverse cellular functions and network modules. Using marker genes acting downstream of PKA and TOR signaling we are able to quantify the activity status of combined PKA and TOR signaling (‘PT Score’). This PT Score correlates with major transcriptomic and proteomic changes in response to genetic variability. Those large-scale molecular adaptations correlate with and explain phenotypic consequences for multiple cellular traits. Variants affecting the stoichiometry of proteins within a specific module have regional effects that remain confined to smaller parts of the molecular network. Variants affecting only one or very few proteins change molecular networks only locally. The global reorganization of network states caused by variants of the first type result in consequences for many cellular traits (i.e. pleiotropic effects), such as growth on different carbon sources, stress response, energy metabolism and replicative lifespan. (Created with BioRender.com )",2022,2022-12-09,preprint,en,https://openalex.org/W4311241663,True,2,explicit_multiomics;transcriptomics_plus_downstream,True,True,True,True
doi:10.1101/2023.08.07.23293796,doi:10.1101/2023.08.07.23293796,openalex,europepmc;openalex,https://openalex.org/W4385728719,10.1101/2023.08.07.23293796,,,Genetic influences on circulating retinol and its relationship to human health,"ABSTRACT Retinol is a fat-soluble vitamin that plays an essential role in many biological processes throughout the human lifespan. Previous work has characterised genetic influences on circulating retinol; however, small sample sizes have limited our ability to fully appreciate the genetic architecture of this trait. In this study, we performed the largest genome-wide association study (GWAS) of retinol to date in up to 22,274 participants. We identified eight common variant loci associated with retinol, as well as a rare-variant signal. An integrative gene prioritisation pipeline supported novel retinol-associated genes outside of the main retinol transport complex ( RBP4 : TTR ) related to lipid biology, energy homeostasis, and endocrine signalling. Genetic proxies of circulating retinol were then used to estimate causal relationships with almost 20,000 clinical phenotypes via a phenome-wide Mendelian randomisation study (MR-pheWAS). The MR-pheWAS suggested that retinol may exert causal effects on inflammation, adiposity, ocular measures, the microbiome, and MRI-derived brain phenotypes, amongst several others. Conversely, circulating retinol may be causally influenced by factors including lipids and renal function. Finally, we demonstrated how a retinol polygenic score could identify individuals who are more likely to fall outside of the normative range of circulating retinol for a given age. In summary, this study provides a comprehensive evaluation of the genetics of circulating retinol, as well as revealing traits which should be prioritised for further clinical investigation with respect to retinol related therapies or nutritional intervention.",2023,2023-08-10,preprint,en,https://openalex.org/W4385728719,True,1,genomics_plus_other,True,True,True,True
doi:10.1101/2024.03.14.585016,doi:10.1101/2024.03.14.585016,europepmc,europepmc;semantic_scholar,PPR:PPR823768,10.1101/2024.03.14.585016,,,The molecular impact of cigarette smoking resembles aging across tissues,"Tobacco smoke is the main cause of preventable mortality worldwide. Smoking increases the risk of developing many diseases and has been proposed as an aging accelerator. Yet, the molecular mechanisms driving smoking-related health decline and aging acceleration in most tissues remain unexplored. Here, we characterize gene expression, alternative splicing, DNA methylation and histological alterations induced by cigarette smoking across human tissues. We show that smoking impacts tissue architecture and triggers systemic inflammation. We find that in many tissues, the effects of smoking significantly overlap those of aging in the same direction. Specifically, both age and smoking upregulate inflammatory genes and drive hypomethylation at enhancers. In addition, we observe widespread smoking-driven hypermethylation at target regions of the Polycomb repressive complex, which is a well-known aging effect. Smoking-induced epigenetic changes overlap causal aging CpGs, suggesting that these methylation changes may directly mediate aging acceleration observed in smokers. Finally, we find that smoking effects that are shared with aging are more persistent over time. Overall, our multi-tissue and multi-omic analysis of the effects of cigarette smoking provides an extensive characterization of the impact of tobacco smoke across tissues and unravels the molecular mechanisms driving smoking-induced tissue homeostasis decline and aging acceleration.",2024,2024-03-16,Preprint,,https://europepmc.org/article/PPR/PPR823768,True,1,,True,True,True,True
doi:10.1101/2024.07.19.24310687,doi:10.1101/2024.07.19.24310687,openalex,openalex,https://openalex.org/W4400807679,10.1101/2024.07.19.24310687,,,Cerebrospinal Fluid and Plasma Metabolites with Parkinson’s Disease: A Mendelian Randomization Study,"Abstract Background and Objective Previous studies have identified associations between metabolites and Parkinson’s disease (PD), but the causal relationships remain unclear. This study aims to identify causal relationships between specific cerebrospinal fluid (CSF) and plasma metabolites and the PD risk using Mendelian Randomization (MR). Methods We utilized data on 338 CSF metabolites from the Wisconsin Alzheimer’s Disease Research Center and the Wisconsin Registry for Alzheimer’s Prevention, and 1,400 plasma metabolites from the Canadian Longitudinal Study on Aging. PD outcome data were obtained from a GWAS meta-analysis by the International Parkinson’s Disease Genomics Consortium. MR analysis was conducted using the TwoSampleMR package in R. Results MR analysis identified 49 plasma metabolites with suggestive causal relationships with PD risk, including 21 positively associated metabolites, 23 negatively associated metabolites, and 5 unknown compounds. In the CSF, six metabolites showed suggestive causal relationships with PD, including positively associated dimethylglycine, gluconate, oxalate (ethanedioate), and the unknown metabolite X-12015, while (1-enyl-palmitoyl)-2-arachidonoyl-GPC (P-16:0/20:4) and the unknown metabolite X-23587 were negatively associated. Among the plasma metabolites, those with a positive association with PD risk include hydroxy-3-carboxy-4-methyl-5-propyl-2-furanpropanoic acid (hydroxy-CMPF), carnitine C14, 1-linoleoyl-GPG (18:2), glucose to maltose ratio, and cis-3,4-methyleneheptanoate. Conversely, metabolites with a negative association with PD risk include tryptophan, succinate to acetoacetate ratio, N,N,N-trimethyl-alanylproline betaine (TMAP), glucuronide of piperine metabolite C17H21NO3, and linoleoylcholine. Conclusion Our study underscores the correlation between CSF and plasma metabolites and PD risk, highlighting specific metabolites as potential biomarkers for diagnosis and therapeutic targets.",2024,2024-07-19,preprint,en,https://openalex.org/W4400807679,True,0,genomics_plus_other,True,True,True,True
doi:10.1101/2024.10.30.621013,doi:10.1101/2024.10.30.621013,pubmed,europepmc;pubmed,39574641,10.1101/2024.10.30.621013,39574641,PMC11580859,MethylGPT: a foundation model for the DNA methylome.,"DNA methylation serves as a powerful biomarker for disease diagnosis and biological age assessment. However, current analytical approaches often rely on linear models that cannot capture the complex, context-dependent nature of methylation regulation. Here we present MethylGPT, a transformer-based foundation model trained on 226,555 (154,063 after QC and deduplication) human methylation profiles spanning diverse tissue types from 5,281 datasets, curated 49,156 CpG sites, and 7.6 billion training tokens. MethylGPT learns biologically meaningful representations of CpG sites, capturing both local genomic context and higher-order chromosomal features without external supervision. The model demonstrates robust methylation value prediction (Pearson R=0.929) and maintains stable performance in downstream tasks with up to 70% missing data. Applied to age prediction across multiple tissue types, MethylGPT achieves superior accuracy compared to existing methods. Analysis of the model's attention patterns reveals distinct methylation signatures between young and old samples, with differential enrichment of developmental and aging-associated pathways. When finetuned to mortality and disease prediction across 60 major conditions using 18,859 samples from Generation Scotland, MethylGPT achieves robust predictive performance and enables systematic evaluation of intervention effects on disease risks, demonstrating potential for clinical applications. Our results demonstrate that transformer architectures can effectively model DNA methylation patterns while preserving biological interpretability, suggesting broad utility for epigenetic analysis and clinical applications.",2024,2024-11-04,Journal Article; Preprint,eng,https://pubmed.ncbi.nlm.nih.gov/39574641/,True,1,,True,True,True,True
doi:10.1101/2025.02.26.25322932,doi:10.1101/2025.02.26.25322932,semantic_scholar,semantic_scholar,f920128c80632ab69be4a422b6ced60e6464b005,10.1101/2025.02.26.25322932,40061336,11888523,"Genetic Regulation of the Metabolome Differs by Sex, Alzheimer’s Disease Stage, and Plasma Biomarker Status","We investigated genetic regulators of circulating plasma metabolites to identify pathways underlying biochemical changes in clinical and biomarker-assisted diagnosis of Alzheimer's disease (AD). We computed metabolite quantitative trait loci by using whole genome sequencing and small molecule plasma metabolites from 229 older adults with clinical AD and 322 age-matched healthy controls. Unbiased associations between 6,881 metabolites and 332,772 common genetic variants were tested, adjusted for age, sex, and both metabolomic and genomic principal components. We identified 72 novel and known SNP-metabolite associations spanning 66 genes and 12 metabolite classes, including PYROXD2 and N6-methyllysine, FAAH and myristoylglycine, as well as FADS2 and arachidonic acid. In addition, we found differences in genetic regulation of metabolites among individuals with clinically defined AD compared to AD defined by a published plasma P-tau181 level cut-off. We also found more SNP-metabolite associations among males compared to females. In summary, we identified sex- and disease-specific genetic regulators of plasma metabolites and unique biological mechanisms of genetic perturbations in AD.",2025,2025-02-27,JournalArticle,,https://www.semanticscholar.org/paper/f920128c80632ab69be4a422b6ced60e6464b005,False,0,,True,False,True,False
doi:10.1101/2025.06.17.659987,doi:10.1101/2025.06.17.659987,europepmc,europepmc;semantic_scholar,PPR:PPR1037399,10.1101/2025.06.17.659987,,,Metabolic resilience rules sex-specific pain recovery during hormonal aging: a multi-omics analysis of neuropathy in mice,"ABSTRACT Biological aging and sex interact to shape systemic metabolism, yet their role in chronic pain resolution remains unexplored. We hypothesized that metabolic resilience — the ability to flexibly switch fuel sources and maintain energy homeostasis — rules successful recovery from nerve injury in a sex-dependent manner during aging. In 12-month-old male and female mice — corresponding to the perimenopausal phase in females and the onset of hormonal decline in both sexes — we induced sciatic nerve chronic constriction injury and performed multi-omics profiling during Wallerian degeneration, a phase known to trigger long-term neurobiological remodeling. Aging females exhibited early activation of fatty acid oxidation, increased resting energy expenditure, upregulation of mitochondrial redox enzymes and circulating progesterone and corticosterone. Proteomic and metabolomic analysis revealed pentose phosphate pathway enrichment and gluconeogenesis, supporting redox balance and metabolic flexibility. Conversely, males displayed persistent glycolytic reliance, long-chain acylcarnitine accumulation, suppression of adiponectin and PPARγ, indicating metabolic inflexibility. Longitudinal behavioral analysis revealed that aging females recovered earlier and more fully than aging males, reversing the pattern previously shown in our adult mouse study, where females developed persistent pain and males recovered rapidly. These patterns highlight a non-linear, sex-specific interaction between biological aging and injury response, where hormonal decline reprograms the metabolic trajectory and reshapes pain outcomes. Metabolic resilience governs sex-specific recovery following nerve injury by directing early systemic adaptations that precede and predict long-term pain trajectories. These results define mechanistically anchored, sex- and age-specific biomarkers, and propose preclinical targets for timely, personalized interventions in age-associated neuropathic pain.",2025,2025-06-17,Preprint,,https://europepmc.org/article/PPR/PPR1037399,True,1,,True,True,True,True
doi:10.1101/2025.09.17.676776,doi:10.1101/2025.09.17.676776,pubmed,pubmed,41000743,10.1101/2025.09.17.676776,41000743,PMC12458469,"Nucleosome stability safeguards cell identity, stress resilience and healthy aging.","Nucleosomes are the minimal repeating units of chromatin. Their dynamic assembly and disassembly underpins chromatin organization and genome regulation. However, it remains unclear how intrinsic nucleosome stability contributes to higher-level yet fundamental cellular and organismal properties-such as preservation of cell identity, lineage specification, stress resilience and ultimately healthy aging. To address this, we tested the impact of decreased intrinsic nucleosome stability across multiple cell, tissue and organismal models by introducing histone mutants that weaken histone-histone interactions. While nucleosome instability did not broadly alter global chromatin accessibility, DNA damage, cell proliferation or viability, it impaired lineage-specific gene expression programs, altered lineage specification and activated intrinsic inflammatory and stress pathways in a manner reminiscent of aging in mouse tissues and human cells. Consistently, nucleosome instability accelerated the onset of age-associated transcriptional alterations and functional decline in Caenorhabditis elegans and Drosophila melanogaster , and reduced cellular resilience to exogenous perturbations-including environmental, epigenetic and mitotic stress-in human cells and Saccharomyces cerevisiae . These cross-species findings identify nucleosome stability as an evolutionarily conserved epigenetic safeguard that preserves cell identity and stress resilience and supports organismal function and healthy aging.",2025,2025-09-18,Journal Article; Preprint,eng,https://pubmed.ncbi.nlm.nih.gov/41000743/,True,0,,True,True,True,True
doi:10.1101/2025.11.01.686039,doi:10.1101/2025.11.01.686039,openalex,europepmc;openalex;semantic_scholar,https://openalex.org/W4415777713,10.1101/2025.11.01.686039,,,"Mitochondrial Dysfunction Rewires Macrophage Metabolism, Driving Pro-inflammatory Priming and Immune System Remodeling","Abstract Macrophage activation is tightly coupled to cellular metabolism: classically activated pro-inflammatory (M1) macrophages rely on glycolysis and a disrupted tricarboxylic acid cycle, whereas alternatively activated (M2) macrophages depend on oxidative phosphorylation (OXPHOS) and fatty acid oxidation. Although mitochondria are central to this metabolic plasticity, it remains unclear whether mitochondrial dysfunction itself can dictate macrophage polarization. Using macrophage-specific OPA1 knockout mice, we investigated how mitochondrial dysfunction influences macrophage metabolism and immune homeostasis. Loss of OPA1 caused severe impairment of OXPHOS, reduced mitochondrial membrane potential, and a compensatory glycolytic shift, driving M0 and M2 macrophages toward an M1-like bioenergetic state. Integrative metabolomic and transcriptomic analyses revealed strong priming of OPA1-deficient macrophages towards classical activation, including accumulation of M1-associated metabolites (lactate, succinate, itaconate) and upregulation of NF-κB–driven and other inflammatory gene programs, resulting in increased secretion of IL-6 and TNF even in the absence of stimulation. Functionally, this metabolic shift primed non-activated and M2 macrophages toward partial M1 polarization with enhanced bactericidal capacity, while simultaneously suppressing M2-associated processes such as proliferation, efferocytosis, and expression of Arg1, CD206, and RELMα. In vivo, OPA1 ΔM mice displayed reduced peritoneal macrophage abundance, impaired self-renewal after IL-4 complex stimulation, and compensatory monocyte recruitment. The remaining macrophages exhibited increased MHCII and reduced RELMα expression, consistent with partial M1 skewing and loss of alternative activation. These local alterations were mirrored systemically: blood profiling revealed enhanced T-cell activation and sex-specific remodeling of immune composition during inflammation and aging. Collectively, these findings demonstrate that mitochondrial dysfunction serves as a cell-intrinsic cue that primes macrophages toward a glycolytic, pro-inflammatory phenotype while constraining their M2 properties and proliferative capacities. This dual metabolic and functional rewiring highlights mitochondrial integrity as a pivotal determinant of macrophage immunometabolic identity and reveals how its disruption can reshape both local and systemic immune homeostasis.",2025,2025-11-02,preprint,,https://openalex.org/W4415777713,True,2,transcriptomics_plus_downstream,True,True,True,True
doi:10.1101/829192,doi:10.1101/829192,europepmc,europepmc,PPR:PPR100861,10.1101/829192,,,Quantitative translation of dog-to-human aging by conserved remodeling of epigenetic networks,"SUMMARY Mammals progress through similar physiological stages during life, from early development to puberty, aging, and death. Yet, the extent to which this conserved physiology reflects conserved molecular events is unclear. Here, we map common epigenetic changes experienced by mammalian genomes as they age, focusing on evolutionary comparisons of humans to dogs, an emerging model of aging. Using targeted sequencing, we characterize the methylomes of 104 Labrador retrievers spanning a 16 year age range, achieving >150X coverage within mammalian syntenic blocks. Comparison with human methylomes reveals a nonlinear relationship which translates dog to human years, aligns the timing of major physiological milestones between the two species, and extends to mice. Conserved changes center on specific developmental gene networks which are sufficient to capture the effects of anti-aging interventions in multiple mammals. These results establish methylation not only as a diagnostic age readout but as a cross-species translator of physiological aging milestones.",2019,2019-11-04,Preprint,,https://europepmc.org/article/PPR/PPR100861,True,0,,True,True,True,True
doi:10.1109/emergin67762.2025.11450806,doi:10.1109/emergin67762.2025.11450806,semantic_scholar,semantic_scholar,c612fcbd476cf4e9c3d222f728725fe734657072,10.1109/emergin67762.2025.11450806,,,Early Cancer Detection Using Multi-Omics Data Integration,"Since the prognosis and survival outcomes are better when cancer is detected early, especially at an early stage, and since many of these diagnostics have low sensitivity and specificity, Destroytal detection becomes more suitable for high-risk groups. In this work, we present a systematic study that integrates multiple omics data types: cfDNA fragmentomics, DNA methylation signatures, ctDNA variants, proteomic biomarkers (in progress), together with clinical meta data, for reliable early cancer detection in a comprehensive multi-omics integration framework. We assess several types of integration methods, such as early fusion, late decision-level stacking, and graph-based models. The ensemble stacking model of Random Forest, XGBoost and Deep Learning outperformed the early fusion methods as well as graph convolutional networks (GCN), which still yielded strong performances (AUC 0.958) >> AUC:0.961, Sensitivity :0.902, Specificity : 0.918 SHAP and GCN attention scores also identified biologically interpret able features, such as loss of cfDNA end-motif ""CCG"" (Lung), hypomethylation at chr5:150–200kb (CRC), co-elevation of AFP & DCP (HCC) and age > 60 with high-risk occupational exposure. These findings highlight the potential of integrative, multi-modal learning to advance cancer diagnosis and shed light on new directions for clinical translation and biomarker identification.",2025,2025-11-28,Conference,,https://www.semanticscholar.org/paper/c612fcbd476cf4e9c3d222f728725fe734657072,False,0,,True,False,False,False
doi:10.1111/acel.13560,doi:10.1111/acel.13560,europepmc,europepmc;pubmed;scopus,MED:35102684,10.1111/acel.13560,35102684,PMC8844124,Loss of circRNAs from the crh-1 gene extends the mean lifespan in Caenorhabditis elegans.,"Accumulation of circular RNAs (circRNAs) during aging occurs on a genome-wide level for multiple organisms, but its significance is unknown. Generating circRNA loss-of-function mutants is difficult because the vast majority of these RNAs are comprised of exons shared with protein-coding mRNAs. In Caenorhabditis elegans, most circRNAs were previously found to accumulate during aging. Two of the most abundant, age-accumulating circRNAs are generated from exon 4 of the crh-1 gene (circ-crh-1). Here, we found that the biogenesis of circ-crh-1 was regulated by the double-stranded RNA-binding protein ADR-1. We identified Reverse Complementary Match (RCM) sequences in introns flanking circ-crh-1. Using CRISPR-Cas9, we deleted the downstream RCM and found that this completely eliminated expression of the circRNA without affecting linear mRNA expression from the crh-1 gene. Remarkably, worms lacking circ-crh-1 exhibited a significantly longer mean lifespan. Lifespan was partially restored to wild type by expression of circ-crh-1 in neural tissues. Widespread transcriptome alterations in circ-crh-1 mutants were identified using RNA-Seq. Moving forward, intronic RCM deletion using CRISPR should be a widely applicable method to identify lifespan-regulating circRNAs in C. elegans.",2022,2022-01-31,"brief-report; Research Support, U.S. Gov't, Non-P.H.S.; Journal Article; Research Support, N.I.H., Extramural",eng,https://europepmc.org/article/MED/35102684,False,2,,True,True,False,False
doi:10.1111/acel.14445,doi:10.1111/acel.14445,europepmc,europepmc;pubmed;scopus,MED:39660787,10.1111/acel.14445,39660787,PMC11984681,Telomerase reverse transcriptase gene knock-in unleashes enhanced longevity and accelerated damage repair in mice.,"While previous research has demonstrated the therapeutic efficacy of telomerase reverse transcriptase (TERT) overexpression using adeno-associated virus and cytomegalovirus vectors to combat aging, the broader implications of TERT germline gene editing on the mammalian genome, proteomic composition, phenotypes, lifespan extension, and damage repair remain largely unexplored. In this study, we elucidate the functional properties of transgenic mice carrying the Tert transgene, guided by precise gene targeting into the Rosa26 locus via embryonic stem (ES) cells under the control of the elongation factor 1α (EF1α) promoter. The Tert knock-in (TertKI) mice harboring the EF1α-Tert gene displayed elevated telomerase activity, elongated telomeres, and extended lifespan, with no spontaneous genotoxicity or carcinogenicity. The TertKI mice showed also enhanced wound healing, characterized by significantly increased expression of Fgf7, Vegf, and collagen. Additionally, TertKI mice exhibited robust resistance to the progression of colitis induced by dextran sodium sulfate (DSS), accompanied by reduced expression of disease-deteriorating genes. These findings foreshadow the potential of TertKI as an extraordinary rejuvenation force, promising not only longevity but also rejuvenation in skin and intestinal aging.",2025,2024-12-11,research-article; Journal Article,eng,https://europepmc.org/article/MED/39660787,False,2,,True,True,True,True
doi:10.1111/acel.70455,doi:10.1111/acel.70455,semantic_scholar,semantic_scholar,d45ab11033205cf25b137b5b80597ef5e908a894,10.1111/acel.70455,41888049,13140840,Gut Luminal Exosomes in Young and Old Mice: Multi‐Omic Characteristics and Regulation of Gut Permeability,"Aging is a multifaceted process impacting physiological, genomic, metabolic, and immune functions. This study investigates the role of luminal fecal exosomes (LFEs) in age‐associated metabolic dysfunction. We analyzed LFEs from young (3‐month) and old (24‐month) male and female C57BL/6 mice to characterize age‐related differences in exosomal proteomic and miRNA cargos. To explore interactions between LFEs and the gut microbiome, naïve young mice were gavage fed with LFEs from old donors, followed by 16S rRNA sequencing. Gut permeability in vitro and in vivo and systemic metabolic effects were assessed using ECIS, 3D microfluidic models, and insulin sensitivity assays. Bioinformatic analyses identified specific proteins and miRNAs linked to insulin resistance and barrier dysfunction. Heatmaps and principal component analysis revealed distinct differences in LFE profiles between young and old mice. Notably, LFEs from old mice impaired gut barrier integrity and metabolic function in young recipients, with reciprocal effects noted in older mice when receiving LFEs from young mice. Multi‐omics profiling, including proteomics and miRNA sequencing, identified age‐dependent and gender‐related changes in LFE cargo, encompassing host‐ and GM‐derived proteins and miRNAs. These age‐specific profiles were associated with pathways implicated in cancer, neurobehavioral changes, and metabolic dysfunction. Our findings highlight that LFEs from old mice are enriched with proteins and miRNAs involved in insulin resistance and gut barrier disruption. Together, these findings identify gut luminal exosomes as age‐dependent mediators of microbiome–host communication that contribute to intestinal barrier dysfunction and metabolic decline.",2026,2026-03-26,JournalArticle,,https://www.semanticscholar.org/paper/d45ab11033205cf25b137b5b80597ef5e908a894,False,0,,True,True,False,False
doi:10.1111/bjd.21182,doi:10.1111/bjd.21182,semantic_scholar,semantic_scholar,54da8be62cdf929a305b0281d2fb841ac8f8581f,10.1111/bjd.21182,,,P60: Merkel cell cancer: the need to standardize care,"P59 Basal cell carcinoma exhibits novel cancer immune evasion via ectodomain shed CD200 Elise Rees, Huw Morgan, Simone Lanfredini, Kate Powell, Jasmine Gore, Alex Gibbs, Carlotta Olivero, Charlotte Lovatt, Gemma Davies, Alex Tonks, Richard Darley, Eddie Wang and Girish Patel Cardiff University, Cardiff, UK Cancer immune responses are largely T-lymphocyte and natural killer (NK) cell driven, espoused by the therapeutic effectiveness of T-cell immune checkpoint inhibitors. A hallmark of cancer, immune evasion can differ significantly even within cancers with identical cells of origin resulting in differing clinical outcomes. The aim was to evaluate immune evasion mechanisms in the skin keratinocyte carcinomas, basal (BCC) and squamous (SCC) cell carcinoma. Immunofluorescence was used to compare immune infiltrates in BCC and SCC. CD200 and vector transduced together with CD200R and CD200R NK cells in co-culture experiments were used to demonstrate immune evasion using multiple assays, which included cell viability, apoptosis and NK cell activation. In vivo CD200 and CD200, as well as SCC and BCC xenografting experiments, were used to validate the mechanism. Rescue experiments were undertaken with anti-CD200 antibody in vitro. The mechanism underpinning CD200-mediated NK cell apoptosis included transcriptomic and Western blot analysis. Extrapolation of the findings were undertaken by analysing Prediction of Clinical Outcomes from Genomic Profiles (PRECOG) and Cell type Identification By Estimating Relative Subsets Of known RNA Transcripts (CIBERSORT) datasets. Having previously identified cancer stem cells, we herein identified a near absence of NK cells in the BCC tumour immune infiltrate. NK cells were sufficient to kill BCC cells in co-culture. Yet in situ, CD200 undergoes ectodomain shedding by metalloproteinases (MMP-3 and MMP-11) releasing biologically active soluble CD200 into the BCC microenvironment. CD200 binds its cognate receptor on NK cells to block tumour cell killing. Moreover, inactivation of the mitogen-activated protein kinase pathway simultaneously leads to peroxisome proliferator-activated receptor (PPAR)-c dependent transcription of the death receptor pathway members. NK cell membrane accumulation of the Fas/Fas-associated protein with death domain death receptor and its ligand, FasL, led to activation-induced apoptosis. Blocking CD200 signalling or PPAR-c was sufficient to prevent NK cell apoptosis. Analysis of 20 cancer types in the PRECOG dataset identified CD200-mediated NK cell depletion as a shared mechanism in many cancer types. CD200-mediated NK cell depletion appears to be associated with poor outcome for many cancers and thus represents a novel targetable NK cell-specific immune checkpoint. P60 Merkel cell cancer: the need to standardize care Beenish Afzal, Sulaiman Tomy, Caroline Bridgewater, Laura Keeling and Ruth Murphy Sheffield Teaching Hospitals NHS Trust, Sheffield, UK; and University of Sheffield Medical School, Sheffield, UK Merkel cell carcinoma (MCC) is a rare but a highly aggressive cutaneous neuroendocrine neoplasia. In 2010 the MCC incidence rate was estimated to be 0.1–0.2 per 100 000 in England, which equates to 53–106 people a year (https://www. nice.org.uk/guidance/ta517/documents/final-scope). Typically, MCC presents as a rapidly growing, nontender, red nodule on an elderly person; however, due to nonspecific and varied characteristics, it can present as a diagnostic challenge, potentially leading to a delay in diagnosis and commencement of treatment. Currently, there are no National Institute for Health and Care Excellence (NICE) guidelines for treating MCC. Localized disease tends to be treated surgically with or without radiotherapy or radiotherapy alone. Metastatic disease is treated with chemotherapy; however, in July 2021 NICE approved avelumab as a treatment option for metastatic MCC in patients who have not had any prior chemotherapy. We looked at the 5-year data of all patients with MCC discussed at regional specialized skin cancer multidisciplinary team meetings from 2016 to 2020. The aim was to understand the patient population, presentation of MCC, the current patient pathway, and to compare the investigations and recommended treatment options with European and American guidelines for MCC. Among the cohort of 59 patients, 58% (n = 34) were male and 42% (n = 25) were female. The most common age group at presentation was 80–89 years, with 54% of the cases falling in this age range. The head and neck (52%) were the most common anatomical areas involved. Most cases (69%) were 2week wait referrals for ‘a rapidly growing lesion’. None was referred as possible MCC and only 11 had MCC as part of their differential diagnoses after being reviewed in secondary care. The most common differentials were squamous cell carcinoma (23%) and basal cell carcinoma (15%). The majority (64%) of these patients received radiotherapy; others elected for surgery alone and some elected for no treatment. None of the patients were tested for Merkel cell polyomavirus (MCPyV) oncoprotein antibodies. Recent American guidelines for MCC suggest that MCPyV oncoprotein antibody testing should be performed in initial workup and may help guide surveillance. Furthermore only 18% of the patients had sentinel lymph node biopsy (SLNB) done, whereas American guidelines recommend SLNB in every clinically node-negative patient who is fit for surgery (https://merkelcell.org/wp-content/uploads/ 2021/02/NCCN-2021.pdf). MCC is an aggressive tumour that appears to be poorly recognized in both primary and secondary care. These data suggest the need for greater recognition of this tumour and the need for national guidelines to standardize patient care.",2022,2022-07-01,Review,,https://www.semanticscholar.org/paper/54da8be62cdf929a305b0281d2fb841ac8f8581f,False,0,,True,False,True,False
doi:10.1111/febs.16462,doi:10.1111/febs.16462,europepmc,europepmc;pubmed;scopus,MED:35460337,10.1111/febs.16462,35460337,,Dysregulated RNA processing and metabolism: a new hallmark of ageing and provocation for cellular senescence.,"The human genome is capable of producing hundreds of thousands of different proteins and non-coding RNAs from <20 000 genes, in a co-ordinated and regulated fashion. This is achieved by a collection of phenomena known as mRNA processing and metabolism, and encompasses events in the life cycle of an RNA from synthesis to degradation. These factors are critical determinants of cellular adaptability and plasticity, which allows the cell to adjust its transcriptomic output in response to its internal and external environment. Evidence is building that dysfunctional RNA processing and metabolism may be a key contributor to the development of cellular senescence. Senescent cells by definition have exited cell cycle, but have gained functional features such as the secretion of the senescence-associated secretory phenotype (SASP), a known driver of chronic disease and perhaps even ageing itself. In this review, I will outline the impact of dysregulated mRNA processing and metabolism on senescence and ageing at the level of genes, cells and systems, and describe the mechanisms by which progressive deterioration in these processes may impact senescence and organismal ageing. Finally, I will present the evidence implicating this important process as a new hallmark of ageing, which could be harnessed in the future to develop new senotherapeutic interventions for chronic disease.",2023,2022-04-29,"Research Support, Non-U.S. Gov't; Review; Journal Article",eng,https://europepmc.org/article/MED/35460337,False,2,,True,True,True,True
doi:10.1111/j.1749-6632.2003.tb05960.x,doi:10.1111/j.1749-6632.2003.tb05960.x,pubmed,pubmed,12724210,10.1111/j.1749-6632.2003.tb05960.x,12724210,,Hypomethylation: one side of a larger picture.,"Hypomethylation signifies one end of a spectrum of DNA methylation states. In most cases hypomethylation refers to a relative state that represents a change from the ""normal"" methylation level. Hypomethylation, when approached from a topographical perspective, has been used to describe either overall decreases in the methylation status of the entire genome (global hypomethylation) or more localized relative demethylation of specific subsets of the genome, such as the promoter regions of protooncogenes or normally highly methylated repetitive sequences. Global hypomethylation accompanied by gene-specific hypermethylation is observed in at least two important settings: cancer and aging. Global hypomethylation is generally reflective of decreased methylation in CpGs dispersed throughout repetitive sequences as well as the bodies of genes. Hypomethylation of repetitive and parasitic DNA sequences correlates with a number of adverse outcomes. For example, decreased methylation of repetitive sequences in the satellite DNA of the pericentric region of chromosomes is associated with increased chromosomal rearrangements, a hallmark of cancer. Decreased methylation of proviral sequences can lead to reactivation and increased infectivity. However, hypomethylation in cancer can also affect the CpGs in the promoters of specific genes-namely, protooncogenes-leading to their overexpression and resulting in the functional outcome of increased cell proliferation. Thus, hypomethylation, in a variety of settings in which it represents a deviation from ""normal,"" appears to correlate with progression to cancer and offers potential mechanisms to explain the carcinogenic process.",2003,2003-03-01,Journal Article; Review,eng,https://pubmed.ncbi.nlm.nih.gov/12724210/,False,0,,True,True,True,True
doi:10.1111/nbu.12575,doi:10.1111/nbu.12575,openalex,openalex,https://openalex.org/W4291174046,10.1111/nbu.12575,,,Vitamin D: One hundred years on,"The year 2022 will feature in history books for a number of reasons; but in the world of nutrition, it marks the Centenary of the landmark investigation by Dame Harriette Chick and her co-workers. Exactly 100 years ago, working with malnourished children in a clinic in Vienna shortly after the First World War, they showed that rickets in children in Austria could be prevented or cured by cod liver oil supplementation. This cod liver oil was subsequently recognised as a particularly rich source of vitamin D (Chick et al., 1922). A century later, vitamin D continues to be a specific hot topic as evidenced by the number of papers published in recent years in Nutrition Bulletin (Allen et al., 2014; Buttriss & Lanham-New, 2020; Clark et al., 2021; Gibson-Moore, 2021; Guo et al., 2019; Hengist et al., 2019; Lanham-New et al., 2022; Mendes et al., 2018; Smith & Hart, 2017; Spiro & Buttriss, 2014; Tripkovic, 2013; Tripkovic et al., 2017; Wilson-Barnes et al., 2020). These papers have been brought together in a specially curated Virtual Issue [https://onlinelibrary.wiley.com/doi/toc/10.1111/(ISSN)1467-3010.Vitamin-D-Centenary]. Dame Harriette Chick was awarded the British Nutrition Foundation (BNF) Prize in 1974 for her contribution to nutrition research. By then already a Centenarian, she chose her ground-breaking research on vitamin D as the theme for her BNF Annual Lecture (Chick, 1976), in which she summarised her work in Vienna, Austria in 1919–1922, presenting the chemical, clinical and sociological aspects of her story. Dame Harriette worked at the Lister Institute of Preventative Medicine, London, United Kingdom from 1905 to 1970, and she and colleagues were sent to Vienna by the Accessory Food Factor Committee of the Medical Research Council to investigate whether the diseases affecting the population were the result of vitamin deficiencies (Figure 1). Over the past century, many researchers—far too many to mention here—have contributed to our current understanding of vitamin D and its role as a pro-hormone. Dame Harriette's findings in the 1920s built on research over the previous couple of decades in the United States and Europe. This included exploration of the hypothesis (Hopkins, 1920) that essential dietary factors are necessary to prevent diseases such as scurvy and rickets (both of which had been described hundreds of years previously); and the work led by a British doctor, Mellanby (Mellanby, 1919), who had become concerned about the very high incidence of rickets in the United Kingdom, especially in Scotland. Following a series of trials, Mellanby realised that puppies fed on a diet based on the oatmeal-rich Scottish diet (and coincidentally housed indoors), developed rickets which could be prevented or cured by the addition of cod liver oil (see Wolf (2004) for more details). Mellanby concluded that it ‘seems probable that the cause of rickets is a diminished intake of an antirachitic factor which is either fat-soluble factor A’, previously identified by McCollum and Davis (1914) and later known as vitamin A ‘or has a similar distribution’ (Figure 2). Again in 1922, a key experiment by McCollum et al. (1922) showed that heated, oxidised cod liver oil could cure rickets in rats but could not prevent xerophthalmia (now known to be a symptom of vitamin A deficiency). The antirachitic factor was given the name vitamin D (as B and C had already been used for water-soluble factors and the anti-scurvy factor, respectively). Meanwhile, an entirely different cure for rickets had emerged, namely ultraviolet (UV) light. It had long been acknowledged that fresh air and sunshine were effective in the prevention of rickets, as discussed by Dr Egon Kodicek from Cambridge (United Kingdom) who was awarded the BNF Prize in 1973 for his work on vitamin D (Kodicek, 1974a). In 1921, Hess and Unger suggested that the seasonal incidence of rickets was due to seasonal variations in sunlight exposure (Hess & Unger, 1921). At about the same time, Huldschinsky and colleagues in Berlin (Germany) had observed that UV radiation from a mercury vapour lamp had a healing effect in rickets (see Chick, 1976). Support for this was evident in the work of Chick et al. (1922) in Vienna, who observed that sunlight would cure rickets in young children just as well as cod liver oil. A group of 12 infants received therapeutic exposure to sunlight and this was found to be effective in restoring normal bone. Furthermore, those receiving the combination of sunlight exposure and cod liver oil healed most rapidly. Using X-ray analysis, Dame Harriette and her co-workers showed conclusively that rickets had a marked winter incidence; that protection in winter could be achieved by diet (none of the infants given cod liver oil developed rickets) and that infants in the first 6 months of life were particularly susceptible to rickets. During the 1920s, three teams of scientists in London, Göttingen (Germany) and New York (United States) worked collaboratively to identify chemically the substance in skin now known to be the UV-activated precursor of vitamin D, 7-dehydrocholesterol. In 1928, Adolf Windaus at the University of Göttingen received the Nobel Prize in Chemistry for his work on this (see Wolf (2004) for more details). In his 1973 BNF Prize Lecture, Kodicek described how understanding of the role of UV light, in converting a precursor of vitamin D in the skin into an active form of the vitamin, followed on a few years after the work in Vienna, and he summarised work by himself and others, over the following 50 years, that built on these important discoveries a century ago (Kodicek, 1974a, 1974b). In 1969, a specific binding protein for vitamin D, the vitamin D receptor, was identified and the metabolism of vitamin D in the liver and kidney to its active forms was elucidated. It was Fraser and Kodicek (1970) who demonstrated the conversion in the kidney of the liver-hydroxylated vitamin D metabolite, 25-hydroxy vitamin D3 (25-OH-D3), to what was later identified, by Holick, DeLuca and colleagues (Holick et al., 1971), as calcitriol (1,25-[OH]2D3) (Figure 3). In a relatively recent historical overview, Professor Hector DeLuca from Wisconsin University (United States) (DeLuca, 2008) summarises key discoveries such as the conversion of vitamin D to its hormonal form, its regulation and the evolving picture of its molecular mechanism of action. He discusses how it has long been recognised that calcitriol circulates as a hormone in the blood, regulating the concentrations of calcium and phosphate in the bloodstream and promoting growth and remodelling of bone. Furthermore, over time, evidence continues to emerge to show that vitamin D's role extends far beyond mineralisation of the skeleton to, for example, muscle function, the immune system and treating the skin disorder psoriasis (see Lanham-New et al., 2022). As discussed later, vitamin D's role in the immune system (Hewison, 2012, 2022) was explored in considerable depth in relation to the coronavirus pandemic (Lanham-New et al., 2020) and this has been summarised in Nutrition Bulletin by Gibson-Moore (2021). These developments, which began more than a century ago, underpin the science that supports policies to tackle the incidence of rickets that continue to this day. Between the two World Wars, the incidence of rickets declined as a result of use of cod liver oil as a supplement for children and also the increased exposure to sunshine as a result of slum clearances and the reduction in industrial and domestic smoke. In the 1930s onwards, public health initiatives recommending cod liver oil for young children and fortification of foods such as margarine or milk with vitamin D, resulted in rickets being largely eradicated in westernised countries in the post-war years. But thereafter, particularly in recent decades, incidence has been on the increase, particularly in some ethnic minority groups. Hospitalisation rates for rickets were low in the 1960s and 1970s and declined further in the 1980s and 1990s but increased in the 2000s. For a historical perspective of childhood rickets, see Goldacre et al. (2014). There are relatively few dietary sources of vitamin D (see Buttriss & Lanham-New, 2020). Apart from cod liver oil, the richest are oil-rich fish and egg yolks. Other sources include meat/meat products and fortified foods, such as some fat spreads, some breakfast cereals, some dairy products (especially yogurts) and vitamin D fortified dairy alternatives. Further information can be found in Allen et al. (2014). In 1940, the vitamin D fortification of margarine became mandatory in the UK (see DH, 1991), but this requirement ceased in 2013 as products defined as margarine had largely been superseded by reduced fat spreads which were outside the scope of the Regulation (Defra, 2014). In the United States, liquid milk is fortified routinely on a voluntary basis, but this is not the situation in the United Kingdom. Other foods fortified on a voluntary basis include breakfast cereals (about 75%), milk substitutes (slightly more than 50%), yogurts (about 25%) and cheeses, juices and spreads (OHID, 2022). In Canada, milk and margarine fortification with vitamin D is a legal requirement and fortified plant-based drinks must contain an amount equivalent to that in cows' milk. Infant formula is also fortified on a mandatory basis in Canada and many other countries including the United Kingdom. Opportunities for enrichment of foods with vitamin D are discussed in papers included in the Virtual Issue (Buttriss & Lanham-New, 2020; Kiely & Cashman, 2018; Lanham-New et al., 2022) and include enrichment of eggs by manipulating the hens' diet (Clark et al., 2021). Until 2016, there were no UK dietary vitamin D recommendations for the general population—just for groups considered to be ‘at risk’ of vitamin D deficiency (infants and young children, pregnant and breastfeeding women, people over 65 years, those who are housebound and people with darker skin pigmentation) (DH, 1991). The Committee on Medical Aspects of Food and Nutrition Policy (COMA) had concluded that since vitamin D is synthesised in the skin when it is exposed to sunlight, dietary intakes of vitamin D were not necessary for most of the UK population (aged 4–64 years) (DH, 1991). It was assumed that skin synthesis of vitamin D in the summer would be enough to cover requirements during the winter. The situation changed in 2016 when the UK's Scientific Advisory Committee on Nutrition (SACN) set Reference Nutrient Intakes (RNI), for all children over the age of 1 year and all adults (including pregnant and breastfeeding women), of 10 μg/day (400 IU/day) of vitamin D to achieve a 25(OH)D serum concentration of above 25 nmol/L (SACN, 2016). Safe intakes of 8.5–10 μg/day (340–400 IU/day) were established for younger children up to 1 year of age (more detail below). SACN did not take account of sunlight exposure in making recommendations because of the number and complexity of factors that affect skin synthesis of vitamin D (see Buttriss et al., 2022). The RNI and safe intakes were developed to ensure that the majority of the UK population would have enough vitamin D to protect musculoskeletal health, all year round. It should be noted that a lack of vitamin D dose–response trials in children and adolescents has hindered the development of evidence-based dietary requirements for vitamin D in these population subgroups. In this context, Smith and Hart (2017) discuss the findings of two recent randomised controlled trials, conducted as part of the EU-funded vitamin D project ODIN led by University College Cork (Kiely et al., 2015). At the time of SACN's report, UK vitamin D intakes from diet were typically considerably lower than the new RNI (see Buttriss et al., 2022) and, in response to SACN's (2016) recommendations, the UK Government changed its advice on vitamin D intake. It recommended that everyone considers taking a vitamin D supplement (10 μg/day) in the winter months (between October and March), and that some at-risk groups including people who are not often outdoors such as frail, elderly or housebound people, and those with dark skin, consider taking a vitamin D (10 μg) supplement throughout the year. The vulnerability of young children to developing rickets was recognised a century ago in Dame Harriette Chick's work, and in policy put in place since that time. Yet, cases of rickets continue and low vitamin D status is widespread in the community (Uday & Högler, 2018). UK Government advice is that babies from birth to 1 year should have a daily supplement containing 8.5–10 μg throughout the year if they are breastfed or if they are formula-fed but consume less than 500 ml/day (because infant formulae are already fortified with vitamin D by law). Children aged 1–4 years should also have a daily supplement throughout the year (10 μg) (Public Health England, 2016). A number of papers on vitamin D have featured in Nutrition Bulletin over recent years and these are now specifically curated in a Virtual Issue of the journal. A paper by Spiro and Buttriss (2014) illustrated that although public health policy varies to some extent when European countries are compared, there is evidence of low vitamin D status in sections of the population in countries across Europe regardless of latitude. Furthermore, as discussed by Mendes et al. (2018) in the context of Brazil, despite abundant sunshine, vitamin D insufficiency appears more prevalent than expected in countries far closer to the Equator. Vitamin D has been associated with a wide range of health outcomes, but controversies remain as to the exact nature and extent of the majority of these relationships; and whether associations are in the causal pathway. These controversies are discussed in a report from a recent workshop funded by the Medical Research Council (Lanham-New et al., 2022). The objectives of the Workshop were twofold: to elucidate the role of vitamin D in human health; and to develop strategies to improve vitamin D status in the UK population. Not surprisingly, one of the topics discussed was COVID-19, because one of the emerging areas of interest is immune health (Lanham-New et al., 2020). A rapid review by SACN in 2020 in relation to vitamin D and risk of acute respiratory tract infections (ARTI), suggested that overall there may be some benefit from daily, low-dose vitamin D in reducing risk, even though the size of any potential benefit may be small (SACN, 2020). The work of Professor Adrian Martineau (Queen Mary University, London) has been pivotal in the vitamin D/ARTI field (Jolliffe et al., 2020, 2021; Martineau et al., 2017). In the COVID-19 pandemic, minority ethnic groups have been shown to be at increased risk of more severe outcomes compared with their white European counterparts which has been associated with low vitamin D status, although causation has yet to be determined (SACN, 2020). A paper by Gibson-Moore (2021) provides a summary of recent work on this topic. Using data from the National Diet and Nutrition Survey (NDNS) and the UK Biobank cohort, stark ethnic differences in vitamin D status have emerged, with dark-skinned population groups at more risk of low vitamin D status (serum levels <25/30 nmol/L) compared to white European groups (see Lanham-New et al., 2022). Furthermore, studies have also shown that South Asian population subgroups living in the UK have much less seasonal variation in vitamin D status (i.e. the increase and decrease in serum 25(OH)D levels with transition from UVB-rich summer to UVB-poor winter, respectively) than is evident in white population subgroups. This higher risk of year round low vitamin D status has implications for bone health but also possibly for some non-skeletal health outcomes (see Lanham-New et al., 2022). Recent data suggest that dark-skinned populations may need at least twice the currently recommended daily intake of vitamin D in order to reach an adequate serum 25(OH)D concentration throughout the year (Cashman et al., 2022), an area in which further research is urgently warranted. Review of safe upper limits for vitamin D is currently underway under the auspices of the European Food Safety Authority. Another population group prone to low vitamin D status is people living with obesity. Despite evidence that vitamin D accumulates substantially in adipose tissue, individuals with obesity often have serum 25-hydroxyvitamin D concentrations below 25 nmol/L, indicative of risk of deficiency. Thus, it appears that vitamin D can become ‘trapped’ in adipose tissue, potentially due to insufficient lipolytic stimulation and/or due to tissue dysfunction/adaptation resulting from adipose expansion. Hengist et al. (2019) discuss emerging evidence suggesting that exercise may mobilise vitamin D from adipose tissue (even in the absence of weight loss). In another Nutrition Bulletin paper, Wilson-Barnes et al. (2020) explore the effects of vitamin D on physical performance for recreational and professional athletes and also military recruits, in particular muscular strength, stress fractures, cardiovascular health and incidence of illness including upper respiratory tract infections. Despite the change in advice regarding vitamin D supplementation in the United Kingdom in 2016, the latest NDNS data (years 2016–2019) for the UK shows that 19%, 16% and 13% of children aged 11–18 years, adults aged 19–64 years and adults aged 65 years and over, respectively, had serum 25(OH)D concentrations below 25 nmol/L (Bates et al., 2020). This indicates that increased risk of vitamin D deficiency remains, and that Government advice is not being adhered to. Groups particularly likely to have low vitamin D status are adolescent boys and housebound individuals and dark-skinned In the for Health and a for evidence on potential to tackle this such as fortified foods and and use of (OHID, 2022). to improve vitamin D status is a topic by Buttriss and Lanham-New et al. Clark et al. (2021) and Guo et al. (2019) in Nutrition The vitamin D most used is vitamin D3 but its in this with and to (Buttriss & Lanham-New, 2020). The is vitamin found in but the of D3 has been into by work conducted by Tripkovic et al. who report that vitamin D3 is more than twice as effective as vitamin at 25(OH)D when given in a low that is and in with public health New data published from the same show that and D3 have but different effects on the immune system and suggest that vitamin may be to vitamin D health in the long et al., 2022). In a further new development in the vitamin D the at the led by Professor have the of D3 in by et al., 2022). The potential for this as a new source of vitamin D3 is very and there is the of vitamin D supplement from the of the of vitamin D's role in health has developed over the past 100 years but many Not least of these the policies to vitamin health the is indicative of severe vitamin D but it is being recognised that vitamin D are widespread in the and this role is likely to be far than musculoskeletal this the of low serum levels of D across all population groups of even and a key area for further research. The no of not no new data",2022,2022-08-09,article,en,https://openalex.org/W4291174046,False,0,transcriptomics_plus_downstream,False,True,True,False
doi:10.1113/jp285654,doi:10.1113/jp285654,openalex,openalex,https://openalex.org/W4387966587,10.1113/jp285654,,,Extracellular vesicles in organ and systems function in health and disease,"This special issue of The Journal of Physiology entitled ‘Extracellular vesicles in organ and systems function in health and disease’ originated from a focused symposium held at Experimental Biology in April 2021 sponsored by The Physiological Society and the American Physiological Society. The original symposium focused on extracellular vesicles (EVs) as targets for cardiovascular (CV) health, examining the role of EVs as couriers of cellular information as well as their therapeutic potential. Contributors provided a range of perspectives on the benefits and limitations of using EVs in biomedical applications. This special issue has widened the scope of the Experimental Biology symposium to move beyond the original CV focus and to cover the role and translational potential of EVs across multiple body systems. Articles include two Symposium Reviews, eight Topical Reviews, six original research papers along with a Journal Club article and a Perspective article. The combination of these contributions from leading experts across the field of EV research provides valuable insight into our current understanding of EVs, and importantly, appraises the potential of EVs for future clinical application. The opening review in this special issue provides a succinct evaluation of our current knowledge of the role that EVs play in physiological and pathophysiological processes across multiple systems, organs and cell types (Alqurashi et al., 2023). There is a useful summary of the classification of EVs according to their biological origin, the most commonly known being exosomes (derived from the endosomal pathway), ectosomes (derived via budding from the plasma membrane) and apoptotic vesicles (derived from apoptotic cells). Current recommendations also suggest classifying EVs according to size if their biological origin is unclear. What is clear from this overview is the sheer diversity of EV subtypes in existence, with the likelihood of more subpopulations emerging in the future. The growing translational potential of EVs as carriers of biological material, as well as drugs, is evident, and this review critically appraises the challenges and perspectives underlying the clinical application of EVs in the future. Importantly, the authors highlight the need for improved understanding of the fate of EVs in vivo, as well as the need for improved protocols for EV production and monitoring (Alqurashi et al., 2023). Given the current technical challenges surrounding EV production and use for clinical applications highlighted by Alqurashi et al. (2023), it is timely that one of the Symposium Reviews focuses on the potential for adapting bioengineering approaches to enhance the features of EVs, specifically exosomes (Malekian et al., 2023). This review highlights some of the properties of exosomes that, upon modification, could enable their use for drug delivery. These properties include modification of donor cells via transfection to express specific surface proteins, exosome–liposome hybridisation to alter the lipid profile of exosomes, and surface ligand modification to improve targeted delivery. The review provides a detailed summary of the numerous recent approaches used for exosome bioengineering and raises the possibility of using a combination of modification techniques for advanced therapeutic targeting. As such, it provides a useful technical resource for investigators across the EV field. Four of the review articles in this special issue focus on EVs and the CV system. Two of these reviews are from contributions to the original Experimental Biology symposium. These reviews cover not only the role that EVs play in CV health and disease, but also their potential scope as biomarkers for CV pathologies and as therapeutic tools of the future. The authors provide valuable insight into the complexity of EV-mediated communication across the CV system as well as the impact that EV cargo can have on CV function. There is detailed consideration of the strengths and limitations of current strategies for using EVs as therapeutics for CV disease, also outlined by Alqurashi et al. (2023), and this provides the reader with an awareness of the key challenges for future EV research focus. EV-mediated communication between different cell types of the CV system is essential to maintain healthy cellular function but can also lead to pathological consequences. Martins-Marques and Girao (2023) provide a timely overview of how EVs released from different CV cell populations can influence neighbouring cellular function. EVs released from cardiomyocytes, cardiac fibroblasts, endothelial cells and macrophages are among the cell types considered, and it is fascinating to reflect upon the potential that EVs have in cardioprotection. The authors also consider the evidence for EVs mediating cardiac remodelling processes across a range of CV pathologies including myocardial infarction, cardiac hypertrophy and fibrosis, and atrial fibrillation. Aligned with this is the potential that EVs have as biomarkers for pathology, as well as predictors of risk. This builds upon a previous review by Osteikoetxea et al. (2016) who consider the importance of the cellular source and quantity of EVs released from the CV system, suggesting that EVs released from specific CV cell types and in specific numbers may ultimately be cardioprotective or pathogenic. In a complementary Topical Review, Neves et al. (2023) emphasise the correlation between circulating exosomes and risk and severity of CV disease. This review provides a current understanding of the role of specific micro (mi)RNAs in cardioprotection and pathology and as disease biomarkers. The attractive features of exosomes (low immunogenicity and toxicity as well as strong ability to cross cell membranes) lend themselves well to clinical application. The authors raise the challenges of technical application for drug delivery since loading exosomes with the desired cargo (drugs, miRs, proteins) may interfere with exosome structure and therefore ability to target the desired host. They highlight this as a key area of focus in need of development in order to design effective exosome-based drug delivery methods in the future. Delving further into the specific cargo that may mediate CV function, there is a Topical Review included in this special issue that focuses specifically on the role of non-coding (nc)RNAs in CV disease (Collado et al., 2023). These ncRNAs include long non-coding (lnc)RNAs, miRNAs and circular (circ)RNAs. The review contains two very useful diagrams outlining the many and varied effects of EV-derived ncRNAs in both atherosclerosis progression and coronary artery disease, as well as ischaemic heart disease and cardiac fibrosis. The accompanying text for both diagrams provides a wide range of recent references covering the complex effects of EV-derived ncRNAs on different cells of the CV system and cell–cell communication. As previously highlighted by Martins-Marques and Girao (2023) and Neves et al. (2023), this review reiterates the need for improved techniques to characterise EV size, morphology and concentration. The authors present a useful summary of the advantages and disadvantages of the different classical methods for EV isolation, including differential centrifugation, density gradient centrifugation, ultracentrifugation, size-exclusion chromatography, precipitation and immunocapture. Importantly, the review highlights recent and new approaches, including atomic force microscopy, and Raman spectroscopy, the latter enabling characterisation of size, morphology and content all in one. The theme of technical approaches to characterise, image and monitor EVs comprises the second Symposium Review and this provides a wide range of current and emerging strategies (Ranjan et al., 2023). The authors highlight the challenges associated with designing EVs as therapeutics, including their short half-life and adverse off-target effects. Efficient targeting is a key challenge and one that the authors consider in the context of the CV system. Connexin 43, a widely expressed gap junction protein (prevalent in cardiomyocytes), has potential in both the delivery of exosomal contents to cells and, when present as an exosomal protein, in protection against cardiotoxic drugs. This reinforces the importance of connexin 43 in EV communication as previously outlined by Martins-Marques and Girao (2023). Ranjan et al. (2023) also report that recent studies using cardiosphere-derived exosomes and stem cell-derived exosomes have shown potential in cardiac repair, but they stress that delivering the number required for therapeutic purposes is demanding and there is still uncertainty around their actual content/cargo. The ability to track exosomes in vivo provides another challenge to researchers and the review by Ranjan et al. (2023) covers a range of techniques that are currently used, such as covalent binding of tagged molecules to the exosome surface, genetic modulation, metabolic labelling for real-time imaging and surface radiolabelling. The authors highlight that current methodology does not enable tracking of different exosome sub-populations carrying different cargo and secreted by the same cell in health and disease. The current limitations in EV-based clinical applications for CV pathologies rely on advances in these technical approaches and this review provides clear insight into where these challenges lie. The potential that EVs may have in the treatment of acute ischaemic stroke is another area covered by a timely Topical Review (Fullerton et al., 2023). The authors highlight the importance that EVs derived from mesenchymal stem cells may have in restoring neurological function following acute ischaemic stroke. In a similar vein to research covered in Neves et al. (2023) relating to CV pathology, this review details the role that individual EV-derived miRNAs (including miRNA-124, miRNA-126, miRNA-98, miRNA-146 and miRNA-181a) may play in stroke recovery. It is clear that significant alterations occur in circulating EV miRNA in people who have experienced stroke, and the authors discuss those miRNAs that could have potential as both diagnostic and prognostic tools for ischaemic stroke. As emphasised previously by Ranjan et al. (2023), the authors highlight potential limitations in methodological and analytical approaches in EV isolation and characterisation, for example differences in timing of sampling, EV isolation and storage procedures as well as the importance of accounting for how treatment for stroke may alter EV physiology. That said, even taking these limitations into account, there do appear to be common signatures of miRNA changes in EVs following stroke. This review indicates the advantages of using EV-mediated neuroregenerative therapy over the use of stem cells. Since EVs can be delivered systemically (they can cross the blood–brain barrier), this is favourable for design of future therapeutic approaches, and current preclinical models look promising. The therapeutic potential of EVs in the context of liver pathology is another fascinating area covered by a Topical Review (Srinivas et al., 2023). The authors present current information on liver EV biomarkers that show therapeutic promise across conditions including viral hepatitis, fatty liver disease and cancer. Importantly, the information on biomarkers outlined in this review mainly stems from large prospective trials and not from pilot studies. This provides insight into the translational potential that EVs may have in the hepatic system. There is some evidence from laboratory studies that targeted modulation of EV function may reduce certain liver pathologies. For example, the use of GW4869, which is a pharmacological inhibitor of EV release, has shown promise in viral hepatitis, where EVs can increase viral transmission to uninfected cells. SHP099 (a SHP2 inhibitor) can reduce the release of pro-fibrogenic exosomes, thus potentially reducing liver fibrosis. The limitations of these approaches though lie in the fact that many of these EV inhibitors are not selective and can target EVs derived from both healthy and diseased cells. That said, the use of EVs as vehicles for treating liver disease has seen promise with recent nucleic acid-loaded EVs used for siRNA gene silencing in hepatic cancer. The authors also highlight the recent use of artificial exosome-mimetic nanovesicles, which overcome the low yields often seen from EVs isolated under physiological conditions. In an original research paper, Chen et al. (2023) investigate the role that macrophage microvesicles (MMVs) play in intercellular communication in lung disease. MMVs carry and transfer a variety of nucleic acids, proteins and lipids between cells and this study examines the role that circRNAs play in chronic lung injury, specifically injury induced by methamphetamine (MA) abuse. This paper is one of the first to examine the role of these lncRNAs and the authors specifically investigate the role of circ_YTHDF2 in MMV-mediated communication between macrophages and alveolar endothelial cells. The study uses a combination of primary material (a mouse model of chronic lung injury induced by MA, from which bronchoalveolar lavage fluid provides a source of MMVs) and macrophage and endothelial cells. Results suggest that MMVs are the predominant form of EVs extracted from both lavage fluid and from macrophages in culture. Following long-term treatment with MA (6 weeks for mice and up to 24 h for cells in culture), an increased release of MMVs is apparent and, interestingly, increased uptake of MMVs by endothelial cells in culture. A heatmap from a circRNA microarray identifies circ_YTHDF2 as the circRNA most significantly altered in MMVs following MA treatment. Knockdown of circ_YTHDF2 in control MMVs results in increased levels of tumour necrosis factor α, interleukin 6 and intercellular adhesion molecule 1, indicating that circ_YTHDF2 regulates the immunoreactivity of MMVs. By exploring the effects of these MMVs on alveolar endothelial cells, the authors demonstrate that si-circ_YTHDF2 MMVs exacerbate MA-induced inflammatory effects and endothelial to mesenchymal cell transition of aortic endothelial cells. Overexpression of this circRNA reverses these effects and the authors demonstrate this in their MA-induced mouse model of lung injury. This study effectively demonstrates the importance that circRNAs within EVs may have in mediating lung pathology and supports the review by Collado et al. (2023) emphasising the role that these lncRNAs may play in pathological processes. In terms of lung pathology, Chen et al. (2023) highlight the need for further research on other circRNAs that could be involved in this process. It is clear from the papers included in this special issue that our knowledge of EVs is growing exponentially. One area where our current understanding of EVs remains limited, yet could hold tremendous clinical potential, is that of pregnancy. In a Topical Review, Farrelly et al. (2023) cover the current literature investigating the role of placental and maternal EVs across a range of pregnancy complications, including pre-eclampsia, preterm birth, fetal growth restriction and complications arising from gestational diabetes. This review serves as an important source of our research knowledge in this area and highlights the gaps that still exist. During pregnancy, the placenta enables bidirectional EV trafficking, and there is clear evidence for placental EVs to enter maternal cells and vice versa. There is growing evidence for the possibility of using EVs as biomarkers to predict complications or disease. alterations in EV miRNA profile in gestational as well as could enable In a role as therapeutics, there is evidence that EVs could endothelial in EVs are involved in of at and therefore could play a role in the involved in preterm This is the leading of and and therefore there is an need for improved understanding of the processes involved and strategies for The review provides important information derived from a mouse model study where of EVs with cargo to mice at gestational in in have that the size and cargo content of placental EVs isolated first and second of pregnancy significantly between that to and those that are These results provide more insight into an area where there is a of effective and information provided in this review serves as an important resource for researchers and in the field of A number of articles in this special issue examine the that and play in EV and There is a Topical Review outlining the potential role of EVs in healthy and original research These research papers the impact of on EV and in and as well as methodology for and of EVs from different types of One study also upon the therapeutic potential for EVs in these articles provide a valuable source for as a range of perspectives on how EVs released could influence health in and those with clinical conditions. and (2023) review the role of EVs such as exosomes and in the and how may influence as of release of known as the The that to the and the role of their cargo in this is since evidence changes can occur in cargo that are not in their cells. As well as to cell derived from induced stem cells can also this process. The of from may mediate this but the authors highlight the need to the cargo as well as isolation techniques are This is a the literature and in this special issue (Alqurashi et al., et al., Neves et al., et al., 2023). It is clear that can healthy but the underlying This review highlights that such as in and are in following Importantly, the authors emphasise the of using to information on EV cargo and stress that, with more being our understanding of the impact of cargo in and future research in this original research papers the impact of different types of on EV and the for these studies detailed insight into is a and area of research within the EV field. et al. (2023) the effects of on content of both and from other papers in this special the authors stress the importance of a EV isolation to enable clear In they highlight the challenges of EV from plasma and the influence that may They have therefore of using which the need for from both and They report that results in a significant increase in the number of circulating and the of common of the of and and the authors stress the advantages of using and awareness of to important factor to consider when examining the impact of on EV is the possibility that EV may across with different of This could of research et al. (2023) isolated across of with different of This included those who or The study used methods of EV including tracking and of selective EV and targeted on EVs isolated from Results suggest that the number and metabolic profile of EVs from across all is This study provides valuable information for future research on EVs in The authors emphasise that future examine sub-populations of EVs across both and for a more but for these results upon the need for EV across different at research papers in this special issue focus on the impact that can have on circulating EVs in with chronic conditions such as or in This is an area by et al. the potential that with The authors raise not only the of EVs as of function but also of how may health via this In this special et al. (2023) demonstrate that acute can the of and circulating to large EVs in has that EV numbers increase in and and this increase may disease risk. In with EV acute also (a of and metabolic The authors highlight that may reduce disease risk via an This the for more research on effects across different EV subpopulations in and circulating miRNAs as and associated with EVs have shown to with et al., and it be fascinating to investigate their potential as biomarkers for risk and how they are with In to the effects can have on EVs in with chronic there is also evidence that may have a impact on via modulation of EV physiology. et al. (2023) have the effects of and on the production and release of specific subpopulations of EVs vesicles or as well as on the of miRNA This detailed study significant changes associated with and are in and both circulating miRNAs and miRNAs associated with health are and This is not only in the and from from but also in results from an in The study that can circulating miRNA levels in to levels with healthy In an accompanying Perspective (2023) the importance of the by et al. (2023). the of EV characterisation as a of the et al. (2023) study since this has the authors to changes in a specific of EVs in The specific that and could be by is highlighted as a key as (2023) protein levels of a role in miRNA are increased in the there is not a This a specific of and that could have important for future research where these could as predictors of and be useful targets for in healthy In a Journal Club paper by (2023), the impact of the study by et al. (2023) is further and This paper many of the key by (2023) and the importance of size chromatography, and use of the specific to the secreted by (2023) raises the therapeutic potential that these could for who are to or (2023) and (2023) the influence that the study by et al. (2023) have upon future research into the role that EVs could have on healthy to in or is in an original research paper by et al. (2023). In this research paper, the authors examine the role of cells in These cells and therefore as a system against a mouse model of the authors used cell with to that the of isolated from is a that healthy with the authors demonstrate that of EVs isolated from these can remodelling and improve in mouse following The authors of EVs from and this provides insight into changes across the the authors stress that further research is required to the that are for the EV effects. The of this study in the possibility that EVs may in who are to and reiterates the previously by (2023). the contributions to this special issue enhance our current understanding in the field of EV The Topical Reviews are a valuable for researchers across different of physiology. The original research papers and on new for study as well as where current research limitations such as challenges around the techniques for isolation and characterisation of this of provides a and for future EV research focus across organs and systems in health and disease. are to contributions in The Journal of Physiology from a symposium ‘Extracellular exosomes and in cardiovascular disease’ at Physiology at in These reviews et al., et al., Osteikoetxea et al., et al., provide important perspectives on The is not for the content or of information by the be to the for the article. and or design of the and the or it critically for important authors have and the of this and to be for all of the in that to the or of of the are and as authors for and all those who for are for this",2023,2023-10-27,article,en,https://openalex.org/W4387966587,False,0,proteomics_plus_downstream,False,False,True,False
doi:10.1126/science.add1236,doi:10.1126/science.add1236,semantic_scholar,semantic_scholar,80f77fa20791eb0f4611eea4b0cc054ab465be35,10.1126/science.add1236,36634180,9901565,ApoE isoform and microbiota-dependent progression of neurodegeneration in a mouse model of tauopathy,"Tau-mediated neurodegeneration is a hallmark of Alzheimer’s disease. Primary tauopathies are characterized by pathological tau accumulation and neuronal and synaptic loss. Apolipoprotein E (ApoE)–mediated neuroinflammation is involved in the progression of tau-mediated neurodegeneration, and emerging evidence suggests that the gut microbiota regulates neuroinflammation in an APOE genotype–dependent manner. However, evidence of a causal link between the microbiota and tau-mediated neurodegeneration is lacking. In this study, we characterized a genetically engineered mouse model of tauopathy expressing human ApoE isoforms reared under germ-free conditions or after perturbation of their gut microbiota with antibiotics. Both of these manipulations reduced gliosis, tau pathology, and neurodegeneration in a sex- and ApoE isoform–dependent manner. The findings reveal mechanistic and translationally relevant interrelationships between the microbiota, neuroinflammation, and tau-mediated neurodegeneration. Description Microbiota and tau-mediated disease The accumulation of certain forms of the tau protein in the brain is linked to loss of nerve cells, inflammation, and cognitive decline in Alzheimer’s disease and several other neurodegenerative diseases. Apolipoprotein-E (APOE), the strongest genetic risk factor for Alzheimer’s disease, regulates brain inflammation and tau-mediated brain damage; however, the gut microbiota also regulates brain inflammation. In a mouse model of tau-mediated brain injury, Seo et al. found that manipulation of the gut microbiota resulted in a strong reduction of inflammation, tau pathology, and brain damage in a sex- and APOE-dependent manner (see the Perspective by Jain and Li). —SMH Manipulation of gut microbiota attenuates brain atrophy in a genetically engineered mouse model of tau-mediated neurodegeneration. INTRODUCTION Alzheimer’s disease (AD) is characterized by early deposition of amyloid-β (Aβ) plaques followed by pathological tau accumulation. Although Aβ is a necessary factor in AD pathogenesis, its accumulation in and of itself is insufficient for neurodegeneration and cognitive decline. By contrast, pathological tau accumulation is closely linked with neurodegeneration and cognitive decline in AD and primary tauopathies. Alterations of the gut microbiota have been reported in AD, which suggests that the microbiota may contribute to AD progression. Animal studies to date have focused mainly on how gut microbiota alterations affect Aβ pathology and not tauopathy and neurodegeneration. Additionally, recent studies have suggested that apolipoprotein E (ApoE) isoforms, which strongly influence AD risk and regulate tau-mediated neurodegeneration, differentially affect the gut microbiota. Therefore, further investigations to characterize the contribution of the gut microbiota to tauopathy and neurodegeneration are important. RATIONALE We assess the hypothesis that the gut microbiota regulates tau pathology and tau-mediated neurodegeneration in an ApoE isoform–dependent manner. A mouse model of tauopathy (P301S tau transgenic mice) expressing human ApoE isoforms (ApoE3 and ApoE4), referred to as TE3 and TE4, was subjected to the manipulation of the gut microbiota using two approaches: (i) being raised in germ-free (GF) conditions and (ii) short-term antibiotic (ABX) treatment early in life. Animals were fed a standard mouse chow diet ad libitum until euthanasia at 40 weeks of age, when this mouse model typically has severe brain atrophy. RESULTS The gut microbiota manipulations resulted in a notable reduction of tau pathology and neurodegeneration in an ApoE isoform–dependent manner. Both male and female GF TE4 mice showed a marked decrease in brain atrophy compared with conventionally raised (Conv-R) mice. Conv-R ABX-treated TE3 mice had significantly milder hippocampal atrophy compared with controls. ABX-treated TE4 animals showed trends of milder hippocampal atrophy, but the effect did not achieve statistical significance. These phenotypic effects of ABX treatment were not observed in females. Male GF TE4 mice and male ABX-treated TE3 mice showed significantly lower phosphorylated tau (p-tau) in the hippocampus compared with their controls. Astrocyte and microglial morphology and transcriptomic analysis revealed that the manipulation of the gut microbiota drives glial cells to a more homeostatic-like state, which indicates that gut microbiota strongly influence neuroinflammation and tau-mediated neurodegeneration. Microbiome and metabolite analysis suggests that microbially produced short-chain fatty acids (SCFAs) are mediators of the neuroinflammation-neurodegeneration axis. Supplementation of SCFAs to GF TE4 mice resulted in more reactive glial morphologies and gene expression as well as increased p-tau pathology. CONCLUSION The findings reveal mechanistic and translationally relevant interrelationships between the microbiota, the immune response, and tau-mediated neurodegeneration. ApoE-associated gut microbiota targeting may provide an avenue to further explore the prevention or treatment of AD and primary tauopathies. P301S tau transgenic mice expressing human APOE (TE mice). The dysregulated gut-brain axis and its effect on tauopathy and tau-mediated neurodegeneration. Dysbiosis, unbalanced gut microbiota composition (bottom center), contributes to tau-mediated neurodegeneration by generating bacterial metabolites (e.g., SCFAs) that influence peripheral immune cells. These cells promote central nervous system (CNS) inflammation and contribute to tau aggregation and neurodegeneration. Short-term antibiotics (bottom right) or germ-free conditions (bottom left) reshape or eliminate gut microbiota and reduce their metabolites. These microbiota manipulations influence effects of peripheral immune cells on CNS inflammation and tau-mediated neurodegeneration. ApoE4 in the CNS exacerbates local toxicity and blood-brain barrier dysfunction.",2023,2023-01-13,JournalArticle,,https://www.semanticscholar.org/paper/80f77fa20791eb0f4611eea4b0cc054ab465be35,False,0,,True,False,True,False
doi:10.1128/msystems.00964-21,doi:10.1128/msystems.00964-21,semantic_scholar,semantic_scholar,e2fde7bdc6fa3c3af3ff16fcb8bb8a1b12651445,10.1128/msystems.00964-21,34519531,8547453,Baseline Gut Metagenomic Functional Gene Signature Associated with Variable Weight Loss Responses following a Healthy Lifestyle Intervention in Humans,"Recent human feeding studies have shown how the baseline taxonomic composition of the gut microbiome can determine responses to dietary interventions, but the exact functional determinants underlying this phenomenon remain unclear. In this study, we set out to better understand interactions between baseline BMI, metabolic health, diet, gut microbiome functional profiles, and subsequent weight changes in a human cohort that underwent a healthy lifestyle intervention. ABSTRACT Recent human feeding studies have shown how the baseline taxonomic composition of the gut microbiome can determine responses to weight loss interventions. However, the functional determinants underlying this phenomenon remain unclear. We report a weight loss response analysis on a cohort of 105 individuals selected from a larger population enrolled in a commercial wellness program, which included healthy lifestyle coaching. Each individual in the cohort had baseline blood metabolomics, blood proteomics, clinical labs, dietary questionnaires, stool 16S rRNA gene sequencing data, and follow-up data on weight change. We generated additional targeted proteomics data on obesity-associated proteins in blood before and after intervention, along with baseline stool metagenomic data, for a subset of 25 individuals who showed the most extreme weight change phenotypes. We built regression models to identify baseline blood, stool, and dietary features associated with weight loss, independent of age, sex, and baseline body mass index (BMI). Many features were independently associated with baseline BMI, but few were independently associated with weight loss. Baseline diet was not associated with weight loss, and only one blood analyte was associated with changes in weight. However, 31 baseline stool metagenomic functional features, including complex polysaccharide and protein degradation genes, stress-response genes, respiration-related genes, and cell wall synthesis genes, along with gut bacterial replication rates, were associated with weight loss responses after controlling for age, sex, and baseline BMI. Together, these results provide a set of compelling hypotheses for how commensal gut microbiota influence weight loss outcomes in humans. IMPORTANCE Recent human feeding studies have shown how the baseline taxonomic composition of the gut microbiome can determine responses to dietary interventions, but the exact functional determinants underlying this phenomenon remain unclear. In this study, we set out to better understand interactions between baseline BMI, metabolic health, diet, gut microbiome functional profiles, and subsequent weight changes in a human cohort that underwent a healthy lifestyle intervention. Overall, our results suggest that the microbiota may influence host weight loss responses through variable bacterial growth rates, dietary energy harvest efficiency, and immunomodulation.",2021,2021-09-14,JournalArticle,,https://www.semanticscholar.org/paper/e2fde7bdc6fa3c3af3ff16fcb8bb8a1b12651445,False,0,,True,False,True,False
doi:10.1136/bmjopen-2025-099108,doi:10.1136/bmjopen-2025-099108,semantic_scholar,semantic_scholar,f033e2bfbe862fc1280afbb39123dffe71dc67d3,10.1136/bmjopen-2025-099108,40262963,12015709,Omics Approach for Personalised Prevention of Type 2 Diabetes Mellitus for African and European Populations (OPTIMA): a protocol paper,"Introduction The prevalence of type 2 diabetes (T2D) within sub-Saharan Africa (SSA) is increasing. Despite the pathophysiology of T2D differing by ethnicity and sex, risk stratification and guidelines for the prevention of T2D are generic, relying on evidence from studies including predominantly Europeans. Accordingly, this study aims to develop ethnic-specific and sex-specific risk prediction models for the early detection of dysglycaemia (impaired glucose tolerance and T2D) to inform clinically feasible, culturally acceptable and cost-effective risk management and prevention strategies using dietary modification in SSA and European populations. Methods and analysis This multinational collaboration will include the prospective cohort data from two African cohorts, the Middle-Aged Soweto Cohort from South Africa and the Research on Obesity and Diabetes among African Migrants Prospective cohort from Ghana and migrants living in Europe, and a Swedish cohort, the Pre-Swedish CArdioPulmonary bioImage Study. Targeted proteomics, as well as targeted and untargeted metabolomics, will be performed at baseline to discover known and novel ethnic-specific and sex-specific biomarkers that predict incident dysglycaemia in the different longitudinal cohorts. Dietary patterns that explain maximum variation in the biomarker profiles and that associate with dysglycaemia will be identified in the SSA and European cohorts and used to build the prototypes for dietary interventions to prevent T2D. A comparative cost-effectiveness analysis of the dietary interventions will be estimated in the different populations. Finally, the perceptions of at-risk participants and healthcare providers regarding ethnic-specific and sex-specific dietary recommendations for the prevention of T2D will be assessed using focus group discussions and in-depth interviews in South Africa, Ghana, Germany (Ghanaian migrants) and Sweden. Ethics and dissemination Ethical clearance has been obtained from all participating sites. The study results will be disseminated at scientific conferences and in journal publications, and through community engagement events and diabetes organisations in the respective countries.",2025,2025-04-01,JournalArticle,,https://www.semanticscholar.org/paper/f033e2bfbe862fc1280afbb39123dffe71dc67d3,False,0,,True,False,True,False
doi:10.1152/ajpgi.00227.2024,doi:10.1152/ajpgi.00227.2024,semantic_scholar,semantic_scholar,3eb239cb98dc173978999e0a24f7fea620c4961b,10.1152/ajpgi.00227.2024,39811913,,A Menu for Microbes: Unraveling Appetite Regulation and Weight Dynamics Through the Microbiota-Brain Connection Across the Lifespan.,"Appetite, as the internal drive for food intake, is often dysregulated in a broad spectrum of conditions associated with over- and under-nutrition across the lifespan. Appetite regulation is a complex, integrative process comprising psychological and behavioral events, peripheral and metabolic inputs, and central neurotransmitter and metabolic interactions. The microbiota-gut-brain axis has emerged as a critical mediator of multiple physiological processes, including energy metabolism, brain function, and behavior. Therefore, the role of the microbiota-gut-brain axis in appetite and obesity is receiving increased attention. Omics approaches such as genomics, epigenomics, transcriptomics, proteomics, and metabolomics in appetite and weight regulation offer new opportunities for featuring obesity phenotypes. Furthermore, gut microbiota-targeted approaches such as pre- pro- post- and synbiotic, personalized nutrition, and fecal microbiota transplantation are novel avenues for precision treatments. The aim of this narrative review is (1) to provide an overview of the role of the microbiota-gut-brain-axis in appetite regulation across the lifespan and (2) to discuss the potential of omics and gut microbiota-targeted approaches to deepen understanding of appetite regulation and obesity.",2025,2025-01-15,JournalArticle; Review,,https://www.semanticscholar.org/paper/3eb239cb98dc173978999e0a24f7fea620c4961b,False,0,,True,True,False,False
doi:10.1155/2015/275631,doi:10.1155/2015/275631,semantic_scholar,semantic_scholar,3334be3ead4b7ecf390d4104b24df22c6d307076,10.1155/2015/275631,25984528,4423009,Recent Advances and Future Perspective in Microbiota and Probiotics,"Recent studies have highlighted the critical role of intestinal microbes on health. The various bacterial communities in the gut have many functions including metabolic, barrier effect, and trophic and immunological functions. The gut microbiota therefore performs a large number of important roles that define the physiology of the host. Advances in the understanding of microbiota interaction with the host have irrevocably altered the view of mammalian metabolism and gut biology. As stated by Kinross et al. [1], “human gut biology and metabolism is not only influenced by the human genome, but a core gut microbiome exist within the human gut, at least at a genomic or metabolic level, and this is fundamental to the maintenance of health, the development of disease and human metabolic processes.” The understanding of the gut microbiota and its activities is essential for the generation of future personalized healthcare strategies. In this regard, there is a growing body of evidence to support the potential use of selected bacterial strains in the prevention and treatment of various human and animal diseases. Numerous studies including different probiotic strains have been performed in humans and animal models to investigate their beneficial effects [2–4]. Overall there is encouraging evidence that specific probiotic strains are valuable in the prevention and treatment of different diseases and their successful application is related to the better understanding of the cellular and molecular mechanisms of probiotic action. Studies have provided insight into the mechanisms by which probiotic bacteria are able to regulate the colonization and eradication of pathogens in the gut, including competition for limited nutrients in the intestine and modulation of the mucosal immune system [4, 5]. In addition, it has been well established that probiotics are an important prophylactic or therapeutic strategy for many mucosal and nonmucosal immune-related conditions, such as inflammatory bowel diseases (IBDs), celiac disease, metabolic syndrome, and diabetes [6]. In this regard, results from experiments in animal models of IBDs overwhelmingly support a causal role of the microbiota in these diseases. In this special issue, A. Hevia et al. explored the levels of antibodies raised against extracellular proteins produced by different food bacteria from the genera Bifidobacterium and Lactobacillus, in healthy individuals and IBDs patients. The authors found that IBD patients appeared to have different immune responses to food bacteria. The work could set the basis for developing systems for early detection of IBD, based on the association of high levels of antibodies developed against extracellular proteins from lactic acid bacteria. On the other hand, data from animal models of colitis have indicated that specific probiotic Lactobacillus and Bifidobacterium strains could prevent and treat intestinal inflammation. The study of R. Chauhan et al. was undertaken to evaluate the antioxidative potentials of Lactobacillus fermentum Lf1, a promising indigenous probiotic Lactobacillus strain, to manage oxidative stress and modulation of lipid peroxidation in vitro and in vivo. The authors showed in intestinal epithelial cells cultures and in a DSS colitis mouse model that the probiotic strain Lf1 was able to increase the expression of antioxidative enzymes and reduce colitis, indicating that probiotics could be explored as a new strategy for IBD management through activation of the antioxidant enzyme system. In addition, J. Breton et al. studied the direct immune responses to alimentary fibers in murine model of experimental colitis. The study strongly suggests that intrinsic, nonprebiotic-driven effects of selected oligosaccharide and polysaccharide fibers can influence immunomodulatory functions and that these fibers could be used to enhance dietary interventions for the treatment of inflammatory disorders such as IBD and other diseases with an immune component. The use of fibers alone or in combination with selected probiotics (symbiotic preparations) could be considered as a promise intervention tool for inflammatory diseases. Fermented dairy foods result from the metabolic activity of complex and heterogeneous bacterial communities; then these dairy fermented products contain a complex, live microbial consortium mostly represented by lactic acid bacteria, which enter the human body and reach the gastrointestinal tract, where they can transiently interact with the resident gut microflora of the host. The interplay between these two microbial communities can greatly contribute to human health. However, evaluation of the interaction between these microbial populations has the obstacle of the lack of simple model organisms suitable for these studies. In this special issue, the work of E. Zanni et al. tested the nematode Caenorhabditis elegans as a simple animal model to evaluate the effects of a complex food-derived microbiota on well characterized metabolic pathways. Authors provide evidence that feeding C. elegans with a lactic acid bacteria consortium influences longevity, larval development, fertility, lipid accumulation, and gene expression related to obesity in this model organism, as supported by transcriptional analysis of some genes involved in fat metabolism. The work clearly demonstrates the applicability of C. elegans model in the field of host-microbiota interaction. Currently, the use of genetically modified commensal and lactic acid bacteria to deliver compounds of health interest is gaining importance as an extension of the probiotic concept [7]. Most of the works using recombinant friendly bacteria are mainly related to vaccines. Several antigens from pathogens have been expressed in genetically engineered lactic acid bacteria and these recombinant bacteria have been successfully used for inducing protective immunity in animal models. However, recombinant friendly bacteria can be also used for exploring novel effective strategies to deliver therapeutic molecules to the mucosal tissues in order to avoid degradation. In this special issue P. Kumar et al. studied the potential beneficial effects of E. coli 16 expressing Vitreoscilla hemoglobin gene, associated with bacterial respiration under microaerobic condition, on carbon tetrachloride induced toxicity in rats. The work showed that the presence of Vitreoscilla hemoglobin gene improved the growth and intestinal tract colonization of E. coli 16. Moreover, recombinant E. coli 16 enhanced catalase activity in rats, prevented absorption of carbon tetrachloride in the intestine, and ameliorated hepatotoxicity. On the other hand, S. Shigemori et al. developed a β-lactoglobulin-secreting Lactococcus lactis and demonstrated that this recombinant strain is able to inhibit dipeptidyl peptidase-IV (DPP-IV) activity. DPP-IV is a serine protease and its endogenous physiological substrates are incretins. The incretins are primarily glucose-dependent insulinotropic polypeptide and glucagon-like peptide-1, which drive insulin secretion in pancreatic β cells and suppress pancreatic glucagon production. Thus, DPP-IV inhibitors are used in the management of type 2 diabetes mellitus. In summary, this special issue covers a range of diverse topics related to microbiota and probiotic in gut health and disease, thus highlighting the potential beneficial role friendly bacteria in human health. We hope the papers published will serve to further highlight the potential application of probiotics for the prevention and treatment of gut diseases, as well as stimulating further research into the cellular and molecular mechanisms of probiotic actions. Haruki Kitazawa Susana Alvarez Alexander Suvorov Vyacheslav Melnikov Julio Villena Borja Sanchez",2015,2015-04-23,Editorial,,https://www.semanticscholar.org/paper/3334be3ead4b7ecf390d4104b24df22c6d307076,False,0,,True,True,True,True
doi:10.1158/0008-5472.can-08-1957,doi:10.1158/0008-5472.can-08-1957,pubmed,pubmed,19074896,10.1158/0008-5472.can-08-1957,19074896,PMC2491345,Methylation of polycomb target genes in intestinal cancer is mediated by inflammation.,"Epigenetic changes are strongly associated with cancer development. DNA hypermethylation is associated with gene silencing and is often observed in CpG islands. Recently, it was suggested that aberrant CpG island methylation in tumors is directed by Polycomb (PcG) proteins. However, specific mechanisms responsible for methylation of PcG target genes in cancer are not known. Chronic infection and inflammation contribute to up to 25% of all cancers worldwide. Using glutathione peroxidase, Gpx1 and Gpx2, double knockout (Gpx1/2-KO) mice as a model of inflammatory bowel disease predisposing to intestinal cancer, we analyzed genome-wide DNA methylation in the mouse ileum during chronic inflammation, aging, and cancer. We found that inflammation leads to aberrant DNA methylation in PcG target genes, with 70% of the approximately 250 genes methylated in the inflamed tissue being PcG targets in embryonic stem cells and 59% of the methylated genes being marked by H3K27 trimethylation in the ileum of adult wild-type mice. Acquisition of DNA methylation at CpG islands in the ileum of Gpx1/2-KO mice frequently correlates with loss of H3K27 trimethylation at the same loci. Inflammation-associated DNA methylation occurs preferentially in tissue-specific silent genes and, importantly, is much more frequently represented in tumors than is age-dependent DNA methylation. Sixty percent of aberrant methylation found in tumors is also present in the inflamed tissue. In summary, inflammation creates a signature of aberrant DNA methylation, which is observed later in the malignant tissue and is directed by the PcG complex.",2008,2008-12-15,"Journal Article; Research Support, N.I.H., Extramural",eng,https://pubmed.ncbi.nlm.nih.gov/19074896/,False,0,,True,True,True,True
doi:10.1158/1538-7445.am2024-2762,doi:10.1158/1538-7445.am2024-2762,semantic_scholar,semantic_scholar,f3417c33aed7a0885f1f48c0b59bf8ac17f108dc,10.1158/1538-7445.am2024-2762,,,Abstract 2762: Spatial proteomics of lung adenocarcinoma mouse models with divergent propensities for metastasis,"Introduction: Lung cancer is the leading cause of cancer deaths worldwide with most deaths attributed to metastasis. Metastases in existing mouse models of lung adenocarcinoma (LUAD) is sporadic and often requires several months of aging. These factors limit these models for basic and pre-clinical research aimed at identifying mechanisms of metastatic disease. We have recently developed two novel mouse models of LUAD that feature constitutively active Kras, loss of Trp53 function and truncated Dicer1 in different cell types. The observed survival and metastatic phenotypes of the models are dependent on the cell type in which the genetic alterations are made. We applied spatial proteomics and metabolomics to investigate molecular drivers underlying the phenotypic differences in our models. Methods and Results: Mouse models were generated by adding mutations in Dicer1, an RNAse III enzyme within the microRNA (miRNA) biosynthesis pathway, to a mouse model of Kras-driven LUAD. For both models, tumorigenesis was induced by conditional expression of an oncogenic allele of Kras, deletion of both alleles of Trp53 and deletion of one allele of Dicer1 in one cell type and the expression of a truncated Dicer1 allele in a different cell type. Mice expressing KrasG12D and deleted Trp53 in club cells without Dicer1 truncation have a reported median survival of 28.6 weeks after tumor induction. We observed accelerated development of LUAD and lymph node metastasis (12.1 weeks) only when we induced tumorigenesis in club cells and truncate Dicer1 in alveolar type II (ATII) cells. Induction of tumorigenesis in ATII cells and truncation of Dicer1 in club cells did not accelerate tumorigenesis or lead to detectable metastasis. Prelminary spatial proteomic analysis revealed significant upregulation of proteins associated with mitochondrial respiratory chain complex I in the tumors of both models which is consistent with processes of bioenergetic adaptation of tumor cells to hypoxic conditions. Gene Ontology annotation term enrichment revealed that the tumors of the two models have distinctive molecular function profiles. Both models show significant disruption of amino acid metabolism but only the model with increased metastatic potential showed apparent disruption in metabolites associated with steroidogenesis. Conclusions: Through cell type specific truncation/deletion of Dicer1 we have generated a mouse model that rapidly develops Kras/Trp53 driven LUAD and metastatic disease. Our findings suggest that tumorigenesis and metastasis are influenced by miRNA-mediated communication between different cell types. Additional studies are underway to link miRNA expression in these models to the results reported here for spatial proteomics and metabolomics. We will continue to develop this model to investigate the molecular mechanisms underlying metastasis. Citation Format: Paige Ramkissoon, Naomi Mitchell-Hutchinson, Julie Wells, Rick Maser, Tim Stodola, Brian Hoffmann, Anne Marchini, Elaine Bechtel, Rosalinda Doty, Carol J. Bult. Spatial proteomics of lung adenocarcinoma mouse models with divergent propensities for metastasis [abstract]. In: Proceedings of the American Association for Cancer Research Annual Meeting 2024; Part 1 (Regular Abstracts); 2024 Apr 5-10; San Diego, CA. Philadelphia (PA): AACR; Cancer Res 2024;84(6_Suppl):Abstract nr 2762.",2024,2024-03-22,JournalArticle,,https://www.semanticscholar.org/paper/f3417c33aed7a0885f1f48c0b59bf8ac17f108dc,False,0,,True,True,True,True
doi:10.1158/1538-7445.am2026-4206,doi:10.1158/1538-7445.am2026-4206,semantic_scholar,semantic_scholar,b57a0836391e895f9b24c7dde641e9e2ce0a8742,10.1158/1538-7445.am2026-4206,,,Abstract 4206: The ancestry-transcriptome link: Machine learning predicts chemotherapy response in breast cancer,"Breast cancer resistance to neoadjuvant chemotherapy (NAC) remains a major challenge in Latin America, where limited genomic representation restricts precision-oncology advances. Understanding how genetic ancestry interacts with transcriptomic features may uncover population-specific predictors of treatment response. We investigated the ancestry-transcriptome link using machine-learning models in Colombian breast cancer patients. We analyzed 58 women with locally advanced breast cancer treated with NAC (29 responders, 29 non-responders) across five molecular subtypes. RNA-seq identified 339 differentially expressed genes (DEGs); the top 10% most variable DEGs (n=34) were retained following variance-stabilizing normalization. Predictors included clinical variables (tumor size, TNM stage, T-stage, N-stage, grade, clinical stage, treatment regimen, age, BMI, menopause), genetic ancestry fractions (Amerindian-AMR, African-AFR, European-EUR), and 34 DEGs. Recursive Feature Elimination did not improve model performance; therefore, all variables were included. Random Forest (500 trees) and XGBoost models were trained, with hyperparameter optimization via cross-validation. XGBoost achieved the highest performance (AUC = 0.90) using a learning rate of 0.05, depth 12, and 90% subsample/colsample. Across models, T-stage, age, and Amerindian ancestry consistently emerged as top predictors based on gain, coverage, and split frequency. Among transcriptomic variables, CACNA1D, CLEC3A, TFF1, and TTK showed strongest predictive contribution. Model robustness was confirmed through parameter variation and resampling strategies. Machine-learning integration of ancestry and transcriptomic features accurately predicts NAC response in Colombian breast cancer patients. Amerindian ancestry, alongside key clinical variables and reproducible gene-expression signatures, influenced prediction performance, underscoring the importance of population-specific factors in treatment resistance. This ancestry-transcriptome framework provides a scalable, data-driven approach for advancing precision oncology in underrepresented Latin American populations. Michelle Guevara-Nieto, María J. López-Munevar, Carlos Orozco-Castaño, Rafael Parra-Medina, Laura Fejerman, Valentina Zavala, Jone Garai, Jovanny Zabaleta, Alba L. Combita-Rojas, Liliana López-Kleine. The ancestry-transcriptome link: Machine learning predicts chemotherapy response in breast cancer [abstract]. In: Proceedings of the American Association for Cancer Research Annual Meeting 2026; Part 1 (Regular Abstracts); 2026 Apr 17-22; San Diego, CA. Philadelphia (PA): AACR; Cancer Res 2026;86(7 Suppl):Abstract nr 4206.",2026,2026-04-03,JournalArticle,,https://www.semanticscholar.org/paper/b57a0836391e895f9b24c7dde641e9e2ce0a8742,False,0,,True,False,False,False
doi:10.1158/1538-7445.sabcs23-po2-06-14,doi:10.1158/1538-7445.sabcs23-po2-06-14,semantic_scholar,semantic_scholar,a65ce66a3c3fee6e2af9da8546a65f85b3681984,10.1158/1538-7445.sabcs23-po2-06-14,,,Abstract PO2-06-14: Kynurenine induces senescence reprogramming to promote metastasis in young triple-negative breast cancer,"Triple-negative breast cancer (TNBC), which has been associated with a high risk of relapse and poor prognosis, has an increasing incidence among young women and ongoing inferior long-term outcomes. Given TNBC arising at a young age are more likely to present at advanced stages and to have aggressive biology, it is necessary to investigate the underlying mechanism and develop multidisciplinary strategies for optimal therapy of young women with breast cancer. Here, we integrated the multiomics data of our large TNBC cohort (n=456) to investigate different molecular mechanism between younger and older patients in the context of genetic and transcriptional subtypes and immune cell infiltration. We discovered that young TNBC patients exhibited a poorer outcome of both 2-year relapse-free survival and 2-year distant disease-free survival. Multi-omics analysis revealed that kynurenine (KYN) was preferentially enriched in young TNBC and activated tumor cellular senescence pathway which was positively correlated with increased metastasis. Mechanistically, KYN activated the aryl hydrocarbon receptor (AHR) signaling pathway in an ARNT2-dependent manner which was critical for cellular senescence, to mediate senescence reprogramming and promote tumor metastasis in young TNBC. Our findings unveil a novel interplay between cancer cell metabolites and cell senescence, which provides valuable insights that can potentially enhance therapeutic strategies for young TNBC patients. Keywords: young TNBC, metastasis, kynurenine, cellular senescence, AHR pathway Citation Format: Cui-Cui Liu, Ke-da Yu. Kynurenine induces senescence reprogramming to promote metastasis in young triple-negative breast cancer [abstract]. In: Proceedings of the 2023 San Antonio Breast Cancer Symposium; 2023 Dec 5-9; San Antonio, TX. Philadelphia (PA): AACR; Cancer Res 2024;84(9 Suppl):Abstract nr PO2-06-14.",2024,2024-05-02,JournalArticle,,https://www.semanticscholar.org/paper/a65ce66a3c3fee6e2af9da8546a65f85b3681984,False,0,,True,True,True,True
doi:10.1158/2159-8290.cd-12-12-iti,doi:10.1158/2159-8290.cd-12-12-iti,openalex,openalex,https://openalex.org/W4311193980,10.1158/2159-8290.cd-12-12-iti,,,In This Issue,"Jerusalem and colleagues evaluated trastuzumab deruxtecan (T-DXd) in subgroups of HER2-positive metastatic breast cancer in patients with (n = 24) and without (n = 160) a history of brain metastases (BM) from DESTINY-Breast01, confirming objective response rate and median progression-free survival were 58.3% and 18.1 months and 61.3% and 16.4 months, respectively, consistent with the primary analysis. Eight patients (47.1%) experienced a best overall intracranial response of partial or complete response, and seven patients (41.2%) had a best percentage change from baseline in brain lesion diameter consistent with stable disease. Durable clinical activity of T-DXd in patients with BMs was promising and necessitates continued investigation.See article, p. 2754.An understanding of the mechanisms that promote selective advantage and abnormal myeloid cell production in clonal hematopoiesis (CH) is critical in the development of therapies to reduce the risk of myeloid malignancies, cardiovascular disease, and other associated conditions. Here, using murine models, SanMiguel and colleagues find that Dnmt3a-mutant CH is promoted by tumor necrosis factor (TNFα) signaling during aging. Knockout of TNFR1 depleted the selective advantage of Dnmt3a-mutant hematopoietic stem cells, while knockout of TNFR2 caused abnormal overproduction of Dnmt3a-mutant myeloid cells. This suggests selective blockade of TNFα–TNFR1 signaling will reduce the burden of DNMT3A-mutant CH as well as progression to diseases caused by CH-mutant myeloid cells.See article, p. 2763.The effect of radiation therapy (RT) on tumor immunity in pancreatic ductal adenocarcinoma (PDAC) is not well understood. Lander and colleagues found that RT-induced T-cell priming was blunted in PDAC models. Stromal components were shown to cooperate and blunt RT efficacy and impair RT-induced interferon signaling. Focal adhesion kinase (FAK) inhibition rescued RT efficacy and interferon signaling in vitro and in vivo, leading to T-cell priming and enhanced long-term survival in PDAC mouse models. Analysis of PDAC tissues from a clinical trial testing FAK inhibition and RT showed evidence of stromal reprogramming and improved tumor immunity.See article, p. 2774.Circulating tumor DNA (ctDNA) is prevalent in children with high-risk neuroblastoma; therefore, Bosse and colleagues serially sequenced ctDNA from patients with neuroblastoma to define the clinical utility of this technology. Pathogenic and actionable variants in cancer driver genes were detected in neuroblastoma ctDNA, including alterations in ALK, ERRFI1, and several RAS–MAPK pathway and DNA damage response genes. Sequencing ctDNA also delineated dynamic tumor evolution under both ALK inhibitor and other therapeutic pressures, along with disease progression beyond that of standard disease surveillance methods. Functionally, ERRFI1 ctDNA variants associated with neuroblastoma clinical progression exhibited loss of ERRFI1's tumor-suppressive functions, supporting a direct role in tumorigenesis.See article, p. 2800.Dissecting tumor evolution holds promise for the discovery of new therapeutic strategies. To elucidate the evolutionary course of glioblastoma (GBM), Wu, Wu, Zhang, Zhao, and colleagues performed single-cell RNA sequencing analysis of eight multifocal GBMs and defined a transcriptomic signature associated with natural evolution (NES). Experimentally, the natural evolution transition could be initiated through hypoxia and was associated with activation of the HIF1A–FOSL2 regulatory axis. FOSL2 further regulated ANXA1 expression, leading to recruitment and polarization of bone marrow–derived macrophages and suppression of T-cell IFNγ production and proliferation. The polarized macrophages, in turn, endow tumors with an increase in NES transition and migratory capacity.See article, p. 2820.Genome-wide association studies have identified several common noncoding prostate cancer (PCa) germline risk alleles. Yuan and colleagues conducted integrative 3D spatial genomic analysis and report that most of these risk alleles regulate transcription via enhancer reprogramming and long-range chromatin interactions. The transcriptional effects of germline risk alleles were influenced by somatic driver mutations such as loss of PTEN or RB1. The 3D genomic approach also facilitated the fine-mapping of functional risk alleles and their target genes, while single-cell RNA sequencing revealed that the transcriptomic targets of the PCa risk alleles were enriched in multiple developmental lineages of the prostate and regulated diverse cellular processes.See article, p. 2838.To provide the largest whole-genome sequencing study of melanoma to date, Newell, Johansson, and colleagues analyzed 570 tumors spanning the melanoma subtypes that occur at different body site locations. Cutaneous melanomas have the highest point mutation burden, while uveal has the lowest. Both acral and mucosal melanomas have a high number of complex structural rearrangement events such as chromothripsis. Uveal melanoma is genomically distinct from other subtypes, but cutaneous, acral, and mucosal melanomas share alterations in components of the MAPK, PI3K, p53, p16, and telomere pathways. Altogether, this work provides insights into the mutational mechanisms of melanoma development.See article, p. 2856.Diffuse midline gliomas are uniformly fatal pediatric central nervous system cancers driven by H3K27M oncohistones, which perturb normal chromatin architecture, resulting in an aberrant epigenetic landscape. Panditharatna, Marques, and colleagues discovered that H3K27M gliomas are dependent on core components of the BAF chromatin remodeling complex to regulate enhancer and transcription factor landscapes maintaining an oncogenic progenitor state. Genetic or pharmacologic perturbation of the catalytic subunit SMARCA4 opposes proliferation, promotes differentiation, and improves overall survival in patient-derived xenograft mouse models. In summary, the translational potential of therapeutic inhibition of the BAF complex for children with H3K27M gliomas was demonstrated.See article, p. 2880.Diffuse midline glioma (DMG) is a devasting disease with few treatment options. Mo, Duan, Zhang, and colleagues identified SMARCA4, the catalytic subunit of mammalian SWI/SNF chromatin remodeler, as a critical dependence for H3K27M-altered DMG. Genetic or pharmacologic inhibition of SMARCA4 results in reduced fitness of H3K27M-altered DMG cells in vitro and decreased the growth of DMG xenografts in vivo. Furthermore, the transcription factor SOX10 helps recruit SMARCA4 to gene regulatory elements of genes involved in cell growth and extracellular matrix in H3.3K27M DMG cells. Together, these studies support that targeting SMARCA4 could have a therapeutic benefit for patients with H3K27M-altered DMG.See article, p. 2906.Determining the genetic mutations necessary to drive disease versus those that are inconsequential bystanders is necessary for precision medicine. Langille and colleagues developed a somatic CRISPR/Cas9 mutagenesis screen to identify breast cancer genes individually mutated at low frequency that cooperate with the oncogenic PIK3CAH1047R mutation to transform mammary epithelial cells. Genes involved in epigenetic regulation, referred to as “EpiDrivers,” were indicated to be a major tumor-suppressive mechanism. PIK3CAH1047R activation, along with concomitant EpiDriver loss, led to alveolar-like lineage conversion of basal mammary epithelial cells and accelerated luminal-like tumor formation, suggesting a role in early tumorigenesis, with 39% of human breast tumors having these EpiDriver mutations.See article, p. 2930.",2022,2022-12-02,article,en,https://openalex.org/W4311193980,False,0,epigenomics_plus_downstream;genomics_plus_other,True,True,True,True
doi:10.1161/atvbaha.122.318213,doi:10.1161/atvbaha.122.318213,openalex,europepmc;openalex;pubmed;scopus,https://openalex.org/W4367182025,10.1161/atvbaha.122.318213,,,"Antithrombin, Protein C, and Protein S: Genome and Transcriptome-Wide Association Studies Identify 7 Novel Loci Regulating Plasma Levels","Background: Antithrombin, PC (protein C), and PS (protein S) are circulating natural anticoagulant proteins that regulate hemostasis and of which partial deficiencies are causes of venous thromboembolism. Previous genetic association studies involving antithrombin, PC, and PS were limited by modest sample sizes or by being restricted to candidate genes. In the setting of the Cohorts for Heart and Aging Research in Genomic Epidemiology consortium, we meta-analyzed across ancestries the results from 10 genome-wide association studies of plasma levels of antithrombin, PC, PS free, and PS total. Methods: Study participants were of European and African ancestries, and genotype data were imputed to TOPMed, a dense multiancestry reference panel. Each of the 10 studies conducted a genome-wide association studies for each phenotype and summary results were meta-analyzed, stratified by ancestry. Analysis of antithrombin included 25 243 European ancestry and 2688 African ancestry participants, PC analysis included 16 597 European ancestry and 2688 African ancestry participants, PSF and PST analysis included 4113 and 6409 European ancestry participants. We also conducted transcriptome-wide association analyses and multiphenotype analysis to discover additional associations. Novel genome-wide association studies and transcriptome-wide association analyses findings were validated by in vitro functional experiments. Mendelian randomization was performed to assess the causal relationship between these proteins and cardiovascular outcomes. Results: Genome-wide association studies meta-analyses identified 4 newly associated loci: 3 with antithrombin levels ( GCKR , BAZ1B , and HP-TXNL4B ) and 1 with PS levels ( ORM1 - ORM2 ). transcriptome-wide association analyses identified 3 newly associated genes: 1 with antithrombin level ( FCGRT ), 1 with PC ( GOLM2 ), and 1 with PS ( MYL7 ). In addition, we replicated 7 independent loci reported in previous studies. Functional experiments provided evidence for the involvement of GCKR , SNX17 , and HP genes in antithrombin regulation. Conclusions: The use of larger sample sizes, diverse populations, and a denser imputation reference panel allowed the detection of 7 novel genomic loci associated with plasma antithrombin, PC, and PS levels.",2023,2023-04-27,article,en,https://openalex.org/W4367182025,False,3,genomics_plus_other,True,True,True,True
doi:10.1161/circ.152.suppl_3.4370063,doi:10.1161/circ.152.suppl_3.4370063,semantic_scholar,semantic_scholar,75fe1317af7853ada35526eea0216f139997bdda,10.1161/circ.152.suppl_3.4370063,,,Abstract 4370063: Immune and Inflammatory Dysregulation Across the Single Ventricle Spectrum: A New Frontier for Therapeutic Innovation&Intervention,"Introduction: While heart failure (HF) is a leading cause of death and indication for transplant in single ventricle congenital heart disease (SV) patients, the molecular mechanisms underlying HF progression are poorly understood. Chronic inflammation is known to initiate and accelerate pathological outcomes in nearly all forms of cardiovascular disease, yet the impacts of immunologic alterations in SV patients are inadequately explored. Hypothesis: This study tests the hypothesis that SV patients display significant immunologic alterations that contribute to progressive cardiac dysfunction. Methods: Pediatric SV patients were categorized based on ventricular function and compared to healthy controls. Immune cells, sera, and plasma were isolated from whole blood using density gradient centrifugation. Bulk and single cell RNA sequencing were performed to identify dysregulated pathways and immune cell subtypes. Metabolic function was evaluated using the Seahorse Bioanalyzer (Agilent) and circulating inflammatory mediators were assessed via cytokine array, global proteomic and global lipidomic analysis. Results: RNA-seq analysis of circulating immune cells identified alterations in several key immune cell subtypes, including altered T helper cells across all SV groups, and significantly increased expression of markers for B cells, monocytes, macrophages, and proinflammatory macrophages in SV-HF. Additionally, pathways associated with immune cell activation, exhaustion, and senescence were increased across all SV groups (Figure 1A). Peripheral immune cells from both stable and SV-HF patients also exhibited dysregulated mitochondrial metabolic function, including significantly decreased basal respiration, maximal respiration, and ATP production with increased levels of extracellular acidification (Figure 1B). Moreover, several differentially expressed circulating pro-inflammatory mediators were significantly increased, such as IL-1β, CCL2, BAFF, p-selectin, CCL14, S100A8, RAGE, ICAM1, VCAM1, Cystatin C, and lactosylceramide. RNA-seq analysis of SV tissue identified immunologic alterations as a hallmark of the SV myocardium (Figure 1C). Conclusions: This study provides novel insights into the immunologic drivers of SV pathophysiology, highlighting critical pathways that could serve as targets for future therapeutic strategies to mitigate disease progression and multi-organ dysfunction in this vulnerable population.",2025,2025-11-04,JournalArticle,,https://www.semanticscholar.org/paper/75fe1317af7853ada35526eea0216f139997bdda,False,0,,True,False,True,False
doi:10.1161/res.133.suppl_1.p1016,doi:10.1161/res.133.suppl_1.p1016,semantic_scholar,semantic_scholar,1aba9806cac5f4ce08032281ca75eee90992fc9a,10.1161/res.133.suppl_1.p1016,,,Abstract P1016: Single Cell Transcriptomic Analysis Of Tafazzin Knockout Mice For Pathway And Therapeutic Discovery In Barth Syndrome,"Barth Syndrome, a rare X-linked disorder affecting 1:300,000 live births, results from defects in Tafazzin, an acyltransferase that remodels cardiolipin and is essential for mitochondrial respiration. Barth Syndrome patients develop cardiomyopathy, muscular hypotonia and cyclic neutropenia during childhood, rarely surviving to middle age. At present, no effective therapy exists and downstream transcriptional effects of Tafazzin dysfunction are incompletely understood. To identify novel, cell-specific pathological pathways downstream of Tafazzin that mediate heart dysfunction, we performed snRNA-seq on mouse hearts deficient in Tafazzin. We generated libraries from four WT and four KO mouse hearts (10X Genomics Chromium) and performed next generation sequencing (Illumina NovaSeq S4), demultiplexing (CellRanger), doublet reduction (DoubletFinder), ambient RNA removal (SoupX), sample integration (Harmony), optimal clustering (ChooseR/Seurat), determined differentially expressed genes (DEGs; DESEQ2), and inferred a predicted cell-cell communication network (scLR). Surprisingly, DEGs were distributed heterogeneously, with cardiomyocytes, adipocytes, endothelial cells, fibroblasts and macrophages exhibiting the greatest number of DEGs between each genotype, while lymphocytes, lymphatic endothelium, pericytes, smooth muscle cells and mesothelial cells were mostly unaffected. Gene Ontology analysis showed cell specific effects such as altered amino acid and carbohydrate metabolism plus altered ion channel function in cardiomyocytes and common metabolic perturbations across all affected cell types. Analysis of Ligand-Receptor pair expression, to infer intercellular communication patterns, revealed WT adipocytes form the densest intercellular communication network, followed by WT cardiomyocytes. In the Tafazzin KO hearts, adipocyte significant intercellullar communication ceases, primarily through loss of PDGFRB interactions, while cardiomyocytes remain largely unperturbed. These findings suggest that adipocyte mitochondria may be most sensitive to mitochondrial Tafazzin deficiency and rescuing adipocyte mitochondrial dysfunction may provide therapeutic benefit in Barth Syndrome patients.",2023,2023-08-04,JournalArticle,,https://www.semanticscholar.org/paper/1aba9806cac5f4ce08032281ca75eee90992fc9a,False,0,,True,False,True,False
doi:10.1165/rcmb.2024-0628oc,doi:10.1165/rcmb.2024-0628oc,semantic_scholar,semantic_scholar,f6552e738b304c3eba6dbf865aeed6e6456b0281,10.1165/rcmb.2024-0628oc,40720784,,Choline and CCL22 Are Prognostic Blood Biomarkers for Hermansky-Pudlak Syndrome Pulmonary Fibrosis.,"Identifying molecular biomarkers of pulmonary fibrosis (PF) would improve monitoring the disease progression and response to treatment. Hermansky-Pudlak syndrome (HPS) PF is an inherited type of progressive PF with accelerated onset of PF in patients with HPS type 1 (HPS-1). HPSPF could serve as a model to study biomarkers of progressive PF, given that all HPS-1 subjects eventually develop HPSPF. We utilized a multi-omics strategy to discover progressive blood biomarkers that can recognize factors contributing to the fibrotic cascade in the lungs of HPS subjects. Metabolomic and cytokine/chemokine profiling were performed on serum samples from patients with HPS-1, HPS-1 with PF (HPSPF), HPS-3 or HPS-5, idiopathic PF (IPF), and normal volunteers. Metabolomics, cytokine/chemokine, pulmonary function, and age data from HPS-1 and HPSPF subjects were integrated into a multi-omics network. The analysis highlighted alterations in the transsulfuration pathway, arginine metabolism, and redox balance with the progression of PF in HPS-1. Among those, CCL22 and choline were significantly elevated in HPSPF compared to HPS-1 in two independent cohorts together with age and associated with decline of pulmonary function. In ROC curve analysis, both CCL22 and choline demonstrated high accuracy in predicting PF in HPS-1 subjects, could serve as prognostic blood biomarkers of HPSPF. We noted similarity in molecular signatures of CCL22 in progressive IPF and HPSPF. We found that inducible nitric oxide synthase (iNOS) is an upstream regulator of releasing profibrotic mediators (CCL22, CCL24, IL-18, IL1α, IL1β), suggesting therapeutic potential of iNOS inhibition in progressive HPSPF.",2025,2025-07-28,JournalArticle,,https://www.semanticscholar.org/paper/f6552e738b304c3eba6dbf865aeed6e6456b0281,False,0,,True,False,False,False
doi:10.1172/jci179137,doi:10.1172/jci179137,europepmc,europepmc;pubmed;scopus;semantic_scholar,MED:39903526,10.1172/jci179137,39903526,PMC11910215,Estrogen receptor-α ablation reverses muscle fibrosis and inguinal hernias.,"Fibrosis of the lower abdominal muscle (LAM) contributes to muscle weakening and inguinal hernia formation, an ailment that affects a noteworthy 50% of men by age 75 and necessitates surgical correction as the singular therapy. Despite its prevalence, the mechanisms driving LAM fibrosis and hernia development remain poorly understood. Using a humanized mouse model that replicates the elevated skeletal muscle tissue estrogen concentrations seen in aging men, we identified estrogen receptor-α (ESR1) as a key driver of LAM fibroblast proliferation, extracellular matrix deposition, and hernia formation. Fibroblast-specific ESR1 ablation effectively prevented muscle fibrosis and herniation, while pharmacological ESR1 inhibition with fulvestrant reversed hernias and restored normal muscle architecture. Multiomics analyses of in vitro LAM fibroblasts from humanized mice unveiled an estrogen/ESR1-mediated activation of a distinct profibrotic cistrome and gene expression signature, concordant with observations in inguinal hernia tissues in human males. Our findings hold significant promise for prospective medical interventions targeting fibrotic conditions and present non-surgical avenues for addressing inguinal hernias.",2025,2025-02-04,research-article; Journal Article,eng,https://europepmc.org/article/MED/39903526,False,3,,True,True,True,True
doi:10.1177/13872877251362496,doi:10.1177/13872877251362496,openalex,europepmc;openalex;pubmed;scopus,https://openalex.org/W4412998036,10.1177/13872877251362496,,,Plasma glial fibrillary acidic protein and neurological diseases: A bidirectional Mendelian randomization study,"Background Increased glial fibrillary acidic protein (GFAP) in blood, a biomarker of reactive astrogliosis and astrocytic injury, was observed in a variety of neurological disorders. However, the causal relationship between plasma GFAP and neurological disorders remains unclear. Objective We aim to investigate causal association between plasma GFAP levels and neurological disorders using bidirectional Mendelian randomization (MR). Methods The genome-wide association studies for neurological disorders, including neurodegenerative diseases, neuroimmune disorders, cerebrovascular diseases, and epilepsy, were collected. Genetic variables associated with plasma GFAP levels were obtained from the UK Biobank Pharma Proteomics Project. Inverse variance weighted or Wald ratio method was used as the main analysis to assess the causal association. Results Genetically predicted higher plasma GFAP levels were found to be associated with an increased risk of encephalitis (odds ratio [OR] = 2.52; 95% confidence interval [CI] = 1.67–3.47; p = 1.22 × 10 –5 ). Furthermore, we found that Alzheimer's disease (β = 0.05; standard error [SE] = 0.01; p = 6.63 × 10 –8 ), frontotemporal dementia (β = 0.12; SE = 0.01; p = 5.10 × 10 –16 ), and dementia with Lewy bodies (β = 0.08; SE = 0.02; p = 5.45 × 10 –5 ) were causally linked to an increase in plasma GFAP levels. Even after controlling for the influence of aging, these associations remained significant. Conclusions Our study found that higher plasma GFAP levels may increase the risk of encephalitis, while neurodegenerative dementia may enhance the plasma GFAP levels, supporting the clinical utility of blood GFAP as a reliable biomarker in neurological diseases.",2025,2025-08-05,article,en,https://openalex.org/W4412998036,False,3,genomics_plus_other,True,True,True,True
doi:10.1182/blood-2019-129411,doi:10.1182/blood-2019-129411,semantic_scholar,semantic_scholar,83e3606b56fcfe37a0714d84cb56b5251e079508,10.1182/blood-2019-129411,,,Phase I Trial Using CD19/CD22 Bispecific CAR T Cells in Pediatric and Adult Acute Lymphoblastic Leukemia (ALL),"Introduction: Chimeric antigen receptor (CAR) T cells targeting either CD19 or CD22 have yielded striking complete remission (CR) rates of 70%-90% in patients with relapsed/refractory B-cell acute lymphoblastic leukemia (ALL), but CD19 negative and CD22 low relapse limits the curative potential of these single-antigen CAR T cell approaches. We hypothesized that a bivalent CAR-T construct that can target CD19 and/or CD22 would prevent antigen negative/low relapse. Here we present the combined single institution experience to date of pediatric and adult patients with R/R ALL treated with this novel bispecific CAR. Methods: We conducted parallel Phase I clinical trials of CD19/CD22 bispecific CAR T cells in pediatric and adult patients with relapsed/refractory ALL. We utilized lentiviral transduction of a bivalent CAR construct incorporating the fmc63 CD19 and m971 CD22 single chain variable fragments (scFvs) and a 41BB costimulatory endodomain. After lymphodepletion with fludarabine and cyclophosphamide, patients were infused with fresh or cryopreserved CAR T cells manufactured using a 7-11 day process. Two dose levels were tested during dose escalation: Dose level 1 was 1x106 CAR T cells/kg and dose level 2 was 3x106 cells/kg. Primary objectives assessed the ability to successfully manufacture CAR19/22 CAR T cells and safety while response at Day 28 post-infusion was a secondary objective. Blood, bone marrow and cerebrospinal fluid samples were obtained at protocol defined intervals for correlative biology studies. Results: Nineteen patients have been enrolled (10 pediatric; 9 adult) with a median age of 23 years (range, 2-68) and median of 4 (range, 2-11) prior lines of leukemia-directed therapy. Ten patients received prior HCT, 9 were treated with prior Blinatumomab, 3 with prior CD19 directed CAR T cells and 4 with prior Inotuzumab. Fourteen patients (8 pediatric, 6 adult) have been infused to date with CD19/CD22 bispecific CAR T cells; 7 were treated at dose level 1 (DL1) and 7 at dose level 2 (DL2). Successful manufacturing of cells at target dose levels was achieved in all patients. Twelve patients have reached day 28 and are included in the safety and response analysis presented here. Nine of 12 (75%) experienced cytokine release syndrome (CRS) and 2/12 (17%) developed immune-effector cell neurotoxicity syndrome (ICANS). The CRS and ICANS were all grade 1 or 2 across both dose levels and across pediatric and adult patients except for one adult with high disease burden who experienced grade 4 CRS and grade 4 ICANS, both of which were reversible. No differences in toxicities were seen across the patient age spectrum and there were no cases of treatment-related mortality within 28 days following CAR T infusion. Eleven of 12 (92%) patients achieved a CR, 10 of whom achieved CR at day 28 and one with a PR of extramedullary disease at day 28 which improved to CR by day 180 without further leukemia-directed intervention. One patient had primary progressive disease prior to day 28. Peak CAR expansion as detected by peripheral blood flow cytometry reached a median level of 11.13% (DL1) and 29.1% (DL2) CAR T of CD3+ cells with a range of 0.7-22.54% and 3.8-86.96%, respectively. To date, 3 patients (1 pediatric and 2 adult patients) have relapsed, all with retention of CD19. Post-remission practice differed across pediatric and adult patients; Six pediatric patients reaching day 28 underwent consolidative hematopoietic cell transplantation (HCT) whereas no adult patients received subsequent HCT. One patient died from complications post HCT while in remission. Therefore, the overall survival for all infused patients was 92% with a median follow-up of 9.5 months from time of infusion (range, 1-20). Conclusion: The combined pediatric and adult phase I trials of bispecific CD19/CD22 targeting CAR T cells in relapsed/refractory ALL demonstrates safety and tolerability at two dose levels. Expanded accrual at dose level 2 is ongoing and clinical outcomes will be updated. This work additionally demonstrates feasibility of delivering unified B-ALL CAR T cell therapy across age boundaries. Multi-parametric CyTOF studies permitting CAR T cell phenotyping in conjunction with single cell TCR tracking, proteomics, epigenomics and cytokine profiling are ongoing and will be used to further characterize persisting CAR T cells and define inter-product and inter-patient variability. Muffly: Pfizer: Consultancy; KITE: Consultancy; Adaptive: Research Funding. Majzner:Xyphos Inc.: Consultancy; Lyell Immunopharma: Consultancy. Feldman:Octane Biotech, Inc.: Employment; Personalized Medicine Initiative Science: Membership on an entity's Board of Directors or advisory committees. Miklos:Adaptive Biotechnologies: Membership on an entity's Board of Directors or advisory committees; Kite-Gilead: Membership on an entity's Board of Directors or advisory committees, Research Funding; BMS: Membership on an entity's Board of Directors or advisory committees; Celgene: Membership on an entity's Board of Directors or advisory committees; Juno: Membership on an entity's Board of Directors or advisory committees; Novartis: Membership on an entity's Board of Directors or advisory committees, Research Funding; Becton Dickinson: Research Funding; Miltenyi Biotech: Membership on an entity's Board of Directors or advisory committees; Precision Bioscience: Membership on an entity's Board of Directors or advisory committees; AlloGene: Membership on an entity's Board of Directors or advisory committees. Mackall:Obsidian: Research Funding; Lyell: Consultancy, Equity Ownership, Other: Founder, Research Funding; Nektar: Other: Scientific Advisory Board; PACT: Other: Scientific Advisory Board; Bryologyx: Other: Scientific Advisory Board; Vor: Other: Scientific Advisory Board; Roche: Other: Scientific Advisory Board; Adaptimmune LLC: Other: Scientific Advisory Board; Glaxo-Smith-Kline: Other: Scientific Advisory Board; Allogene: Equity Ownership, Membership on an entity's Board of Directors or advisory committees; Apricity Health: Equity Ownership, Membership on an entity's Board of Directors or advisory committees; Unum Therapeutics: Equity Ownership, Membership on an entity's Board of Directors or advisory committees.",2019,2019-11-13,,,https://www.semanticscholar.org/paper/83e3606b56fcfe37a0714d84cb56b5251e079508,False,0,,True,False,True,False
doi:10.1182/blood-2023-182861,doi:10.1182/blood-2023-182861,semantic_scholar,semantic_scholar,59cbf99f99ed3f46879214b8819ca244863ec341,10.1182/blood-2023-182861,,,"Protein Z ( PROZ) Loss of Function Is Associated with Increased Risk of Ischemic Stroke in 416,767 UK Biobank Participants","Background:The vitamin K-dependent coagulation factor protein Z ( PROZ) is canonically considered to have anticoagulant effects through its negative regulation of factor Xa. However, the true role of protein Z in coagulation is controversial, with conflicting data on the impact of plasma protein Z levels across a range of thrombotic phenotypes. In particular, higher circulating protein Z concentrations have consistently been associated with an elevated risk of acute ischemic stroke, but there is little explanation for this apparent paradox. Because studies of plasma protein levels are especially prone to confounding by environmental factors, a large-scale, adjusted analysis examining the thrombosis risk associated with germline loss-of-function variants in PROZ would represent a novel approach with far greater capacity to address causality. Aims:Perform a large-scale genomic association study to examine the risk associated with functional variants in PROZ across four thrombotic phenotypes. Methods:Using paired clinical and whole exome sequencing data for 416,767 participants in the UK Biobank (UKBB), we identified individuals with rare (MAF<0.1%), in silico predicted function-altering (∆F) variants in PROZ. Using Firth's logistic regression and controlling for age, sex, ancestry, and other known risk factors for thrombosis, we assessed the association between ∆F variants in PROZ and venous thromboembolism (VTE), non-cardioembolic ischemic stroke (NCEIS), peripheral arterial disease (PAD), myocardial infarction (MI), and coagulopathic bleeding. Additionally, we evaluated differences in the levels of 1,472 plasma proteins (Olink Explore 1536 proteomics panel) between carriers and non-carriers of qualifying PROZ variants in a subset of 48,892 UKBB participants. Results: Rare ∆F variants in PROZ were identified in 463 UKBB participants (99.14% heterozygous). The presence of ∆F variants was associated with significantly increased risk of NCEIS (OR=2.34, 95% CI: 1.16-4.15, P=0.02). By contrast, no significant association was seen between PROZ ∆F variants and VTE (OR=0.92, 95% CI: 0.54-1.46, P=0.75), MI (OR=1.03, 95% CI: 0.61-1.61, P=0.93), PAD (OR=0.63, 95% CI: 0.21-1.40, P=0.29), or coagulopathic bleeding (OR=0.96, 95% CI: 0.57-1.52, P=0.88) ( Figure 1). Restricting the analysis to high-confidence loss of function variants (i.e., nonsense, frameshift, and essential splice site mutations) increased the effect size estimate for NCEIS (OR=2.53, 95% CI: 0.96-5.26, P=0.058) without meaningfully changing our findings in the other thrombotic or bleeding phenotypes. Plasma proteomic analysis revealed that carriers of a PROZ ∆F variant had significantly elevated levels of two proteins that have previously been found to mediate brain inflammation after acute ischemic stroke, peroxiredoxin 1 (PRDX1, fold-change = 1.83, P=1.3 x 10 -5) and peroxiredoxin 6 (PRDX6, fold-change = 1.78, P=9.6 x 10- 10) ( Figure 2). Conclusions:In this dataset of over 400,000 participants, we found that rare, germline loss-of-function variants in PROZ are associated with significantly increased risk of NCEIS. Plasma proteomics revealed that PROZ variant carriers also have significantly higher circulating levels of two proteins that are known to play a role in acute ischemic stroke. By contrast, we found no association between PROZ mutations and an increased risk for VTE, MI, PAD, or bleeding. Taken together, these findings suggest that protein Z haploinsufficiency likely confers a uniquely higher risk of ischemic stroke without substantially influencing other forms of thrombosis.",2023,2023-11-28,JournalArticle,,https://www.semanticscholar.org/paper/59cbf99f99ed3f46879214b8819ca244863ec341,False,0,,True,False,True,False
doi:10.1182/blood-2024-202912,doi:10.1182/blood-2024-202912,semantic_scholar,semantic_scholar,b6b115452fc832b51d896c71572fb0b936284ff9,10.1182/blood-2024-202912,,,Integrative Single-Cell Analysis Reveals the Regulation of Transposable Elements in HSPCs during the Aging Process,"Clonal hematopoiesis (CH) shows strong prevalence during aging (Jaiswal and Ebert, 2019; Jaiswal et al., 2014). CH is defined as a disproportionate distribution of a small portion of mutant hematopoietic stem and progenitor cells (HSPCs) in the mature peripheral blood (Busque et al., 2012), exhibiting increased risk of malignant transformation and other age-related diseases, e.g., cardiovascular diseases (Jaiswal et al., 2017; Fuster et al., 2017). Genetic mutations and epigenetic alterations are frequently observed in CH and drive clonal expansion of mutant HSPCs. Furthermore, accumulating evidence suggests an intimate connection between inflammation and CH. For example, an inflammatory environment, such as elevated IL6 and IFN signaling, promotes the clonal expansion of TET2 or DNMT3A mutant HSPCs, respectively (Meisel et al., 2018; Hormaechea-Agulla et al., 2021). In our recent study, we reported that age-related heterochromatin dysregulation mediates the upregulation of retrotransposable elements (TEs) and promotes the expression of interferon-stimulated genes (ISGs). This contributes to the functional decline of normal HSPCs during aging, thereby causing them to lose their competitive capability against TET2 mutant HSPCs (Hong et al., 2023). Our findings further indicate that, in addition to the external inflammatory environment, age-related upregulation of TEs might induce an intracellular innate immune response and suppress normal HSPC self-renewal and lineage specification in aged HSPCs. To further delineate the transcriptional and epigenetic regulation of TEs during HSPC aging, we collected single-cell RNA-seq (scRNA-seq) and single-cell ATAC-seq (scATAC-seq) data in Lineage-negative (Lin-) HSPCs from C57BL/6 mice at 12-week-old, 12-, 24-, and 30-month old mice. Capitalizing on a deep learning-based model, we examined the expression of different subsets of TEs in various cell populations of Lin- HSPCs. Significant changes in gene expression and chromatin accessibility profiles were observed during HSPC aging. Notable differences in TE profiles among cell populations at different ages were observed, suggesting the accumulation of transposable elements as one of the molecular features of HSPC aging and might contribute to CH pathogenesis. In parallel, we identified dynamic TE expression changes in HSPCs during the aging process. By comparing the scRNA-seq and scATAC-seq data, we also identified age-related signature TEs and the most affected genomic regions at the single-cell level. Overall, these integrative bioinformatic analyses have revealed that, in addition to the coding genes, the expression of TEs is cell-type specific and undergoes dynamic changes during the aging. This high-resolution multi-omics approach of TE analysis, coupled with sophisticated cluster labeling and extensive analysis, proves to be beneficial for investigating complex cellular processes to accelerate the mechanistic dissection of hematopoiesis and aging.",2024,2024-11-05,JournalArticle,,https://www.semanticscholar.org/paper/b6b115452fc832b51d896c71572fb0b936284ff9,False,0,,True,True,True,True
doi:10.1182/blood-2025-1407,doi:10.1182/blood-2025-1407,semantic_scholar,semantic_scholar,92162c43e8dfa871f1efe2357ac5bf9df40056b5,10.1182/blood-2025-1407,,,Soluble factors in the AML secretome drive macrophage polarization toward an M2-like state promoting an immunosuppressive microenvironment,"Tumor-secreted proteins are critical mediators through which cancer cells dynamically reshape and modulate their surrounding microenvironment. In acute myeloid leukemia (AML), this strategy is particularly evident in the bone marrow (BM), where leukemic blasts hijack the niche to sustain their growth, evade immune surveillance, and resist therapy. Among the non-hematopoietic components of the BM, mesenchymal stromal cells (MSCs) emerged as key orchestrators toward the creation of a tumor-supportive niche. We previously demonstrated that MSCs isolated from AML pediatric patients at diagnosis (AML-MSCs) are transcriptionally and functionally distinct from those of healthy age-matched donors (h-MSCs), showing enhanced support for leukemic cell proliferation and impaired regulation of normal hematopoiesis (Borella G. et al Blood 2021). To better recapitulate the BM niche, we developed a biomimetic 3D model using a scaffold composed of hydroxyapatite and collagen I. To dissect secretome dynamics during leukemia onset, we co-cultured AML-MSCs or h-MSCs with primary AML blasts for 7, 14 and 21 days and performed proteomic analysis by mass spectrometry coupled with stable isotope labeling by amino acids labeling (n=3). This approach enabled the identification of 15 newly differentially secreted proteins between the AML- and h-MSCs conditions. Notably, 9 proteins were specifically upregulated in the AML niche and functionally associated with cancer progression, inflammation and angiogenic pathways. Among them, PAI-1, CHI3L1 and PTX3 emerged as the most strongly secreted and were collectively termed “PCP”. We measured PCP levels of AML- or h-MSCs alone or in co-cultures with AML blasts (n=15) by ELISA assay. Interestingly, while co-culture with blasts increased CHI3L1 and PTX3 levels, which are also directly secreted by the leukemic cells themselves, PAI-1 was produced only by MSCs and was markedly up secreted in AML-MSCs, suggesting their intrinsically higher capacity for PAI-1 production compared to h-MSCs. Moreover, preliminary quantification of PCP levels in plasma samples collected from AML patients at diagnosis (n=16) confirmed their presence, further highlighting the predictive relevance of the 3D model. To explore their functional role, we exposed Hematopoietic Stem Cells (HSCs) derived from induced pluripotent stem cells (iPSCs) and healthy PBMCs-derived monocytes to PCP (as recombinant proteins). iPSCs-derived HSCs cultured with PCP exhibited a skewed differentiation toward a macrophage-like phenotype, confirmed by cell morphology and flow cytometry. Likewise, healthy monocytes differentiated for 7 days in the presence of PCP (AML-Ms) acquired a M2-like phenotype, as evidenced by a 2.7-fold increase in CD206 expression and a characteristic spindle-shaped morphology. Cytokine analysis revealed that AML-Ms secrete significantly higher levels of IL-6 compared to control macrophages, a key cytokine typical of tumor-associated macrophages (TAMs). Functionally, AML-Ms were investigated for immunosuppressive properties: AML-Ms reduced autologous T-cell proliferation (<10% CFSElow) and activation (<50% CD25+) after 72h co-culture. Importantly, AML-Ms derived from different donors (n=4) decreased T cell-mediated cytotoxicity against primary AML blasts compared to macrophage not stimulated with PCP (p<0.05). To mimic the leukemic niche, we cultured either h- or AML-MSCs for 7 days in the 3D scaffolds, then seeded AML blasts (n=4) and then PBMC-derived monocytes in the presence or absence of PCP, and after 21 days we added autologous T cells. At day +24 we observed that AML blasts proliferated significantly more (by luciferase monitoring) when PCP were present (p=0.0064), highlighting the reconstituted leukemic niche able to induce AML-Ms which dampened T-cell cytotoxic activity. Thus, we argued whether AML-Ms could affect CAR-T cells function targeting an AML specific antigen. We showed that CAR-T cells co-cultured for 3 days with AML-Ms (induced by PCP) had a reduced lytic potency against AML blasts (<20%, E:T=1:1, n=4; p=0.0021) vs. CAR-T cells co-cultured with control macrophages. These findings deconvolute the role of PCPs in supporting immune evasion within the AML niche. Transcriptomic analyses are ongoing to identify PCP driven TAMs properties. Notably, PCPs are under evaluation as promising therapeutic targets to restore immune surveillance and to improve efficacy of immunotherapy in AML.",2025,2025-11-03,JournalArticle,,https://www.semanticscholar.org/paper/92162c43e8dfa871f1efe2357ac5bf9df40056b5,False,0,,True,False,True,False
doi:10.1182/blood-2025-676,doi:10.1182/blood-2025-676,semantic_scholar,semantic_scholar,bbf1def160f450a0869b8d5ab3b16e1632ea61e8,10.1182/blood-2025-676,,,SRSF2 mutation-induced CHD8 exon skipping represents a novel pathogenic mediator and therapeutic dependence in chronic myelomonocytic leukemia (CMML),"Introduction SRSF2, a splicing factor regulating both constitutive and alternative splicing (AS), is mutated in >40% of CMML pts. Proline-95 mutations promote widespread missplicing, including some well-characterised events previously linked to myeloid neoplasia, e.g. involving EZH2 and INTS3. While the functional consequences of SRSF2 mutations have been explored in MDS/AML models, their strong association with theCMML phenotype and precise roles in CMML pathobiology remain unclear. Methods RNA-seq was performed on biobanked CMML CD34+ HSPCs and on a CRISPR-generated isogenic SRSF2MT leukemia cell line (K562), seeking overlapping recurrent missplicing events. Meanwhile, we performed a whole-genome CRISPRKO synthetic lethality screen in the isogenic K562s to identify genotype-specific dependencies. We then CRISPR-edited the THP1 monocytic leukemia cell line to model an identified CHD8 skipped exon (SE) event. Stable monoclones were subjected to in vitro proliferation and clonogenic assays, RIME (Rapid Immunoprecipitation Mass Spectrometry of Endogenous Proteins), RNA-seq and ChIP-seq. Results Of 10,814 consecutive pts in the NW England myeloid malignancies database, 1,015 (9.4%) harbored ≥1 SRSF2 mutation/s. Despite only representing 7.5% of the cohort, CMML accounted for the largest proportion (37%) of SRSF2MT disease. Conversely, 47% of CMMLs were SRSF2MT, reaffirming CMML as the myeloid neoplasm most closely associated with SRSF2 mutations. RNA-seq on CD34+ BM HSPCs from 33 CMML pts (SRSF2MT n=15) revealed enrichment of inflammation-related pathways, increased senescence signatures and decreased S-phase activity in SRSF2MT samples. In parallel, we performed RNA-seq on K562 cells carrying CRISPR-edited SRSF2P95H, observing enrichment for DNA replication and drug resistance pathways in SRSF2MTcells. rMATS revealed 3370 (SE 56%) and 3250 (SE 70%) missplicing events in CMML BM and isogenic K562s, respectively. Intersecting datasets revealed 373 shared events involving 281 genes, enriched in pathways related to mRNA processing/transport, protein transport between endoplasmic reticulum and cytosol, and telomere organization. Seeking therapeutically tractable vulnerabilities in SRSF2MTcells, a whole-genome CRISPRKO synthetic lethality screen of the isogenic K562 model revealed 67 genes essential for survival of SRSF2MT (vs wild-type) cells. These are involved in cellular processes such as RNA processing, splicing, chromatin remodelling and transcriptional regulation, revealing potential therapeutic targets. The only gene common to all analyses was CHD8, a chromatin remodeller highly expressed in HSPCs with roles in maintaining stemness, also linked to roles in monocyte development/inflammation response. CHD8 was validated as essential in SRSF2MT K562 cells, with knockout significantly reducing cell growth and clonogenic capacity vs wild-type cells. The common CHD8 missplicing event in SRSF2MT primary CMML and K562 cells results in exon skipping of ex36, which encodes a BRK domain integral to its chromatin remodelling function (likely mediating interactions with histones and CTCF). This SRSF2MT-specific event was validated by RT-PCR in a panel of CMML BM samples. We next modelled CHD8 ex36 skipping by CRISPR editing the splice acceptor site in ex36 of the THP1 monocytic leukemia cell line, generating 9 stable monoclones bearing: total exon retention (n=3), near-total SE (n=3) and a balanced/mixed pattern (n=3). Lines with prominent CHD8 ex36 skipping displayed enhanced proliferation and clonogenic capacity in vitro. Transcriptomic profiling of these lines revealed that ex36 skipping dysregulates genes involved in chromatin remodelling, DNA replication, transcription-coupled replication and cell cycle pathways, reflecting defects evident in SRSF2MTcells. In support, comparative RIME revealed differential binding of the CHD8 protein isoforms to the chromatin modifiers HDAC6 and UHRF2, and to the transcription elongation factor CDC73. Finally, ChIP-seq mapped comparative differences in genomic target profiles for the CHD8 isoforms. Conclusion Our integrated transcriptomic and functional genomic approach identified novel recurrent AS events and potentially targetable vulnerabilities in SRSF2MT CMML. We discovered a recurrent SRSF2MT-induced CHD8 ex36 skipping event that contributes to the CMML phenotype, through altered recruitment of chromatin modifiers to target loci promoting defects in DNA replication and cell cycle progression.",2025,2025-11-03,JournalArticle,,https://www.semanticscholar.org/paper/bbf1def160f450a0869b8d5ab3b16e1632ea61e8,False,0,,True,False,True,False
doi:10.1186/1743-422x-10-172,doi:10.1186/1743-422x-10-172,semantic_scholar,semantic_scholar,3e8c0f95d84b6c5a57678653b2308d8a9d612324,10.1186/1743-422x-10-172,23724961,3679988,Viruses and neurodegeneration,"Neurodegenerative diseases (NDs) are chronic degenerative diseases of the central nervous system (CNS), which affect 37 million people worldwide. As the lifespan increases, the NDs are the fourth leading cause of death in the developed countries and becoming increasingly prevalent in developing countries. Despite considerable research, the underlying mechanisms remain poorly understood. Although the large majority of studies do not show support for the involvement of pathogenic aetiology in classical NDs, a number of emerging studies show support for possible association of viruses with classical neurodegenerative diseases in humans. Space does not permit for extensive details to be discussed here on non-viral-induced neurodegenerative diseases in humans, as they are well described in literature. Viruses induce alterations and degenerations of neurons both directly and indirectly. Their ability to attack the host immune system, regions of nervous tissue implies that they can interfere with the same pathways involved in classical NDs in humans. Supporting this, many similarities between classical NDs and virus-mediated neurodegeneration (non-classical) have been shown at the anatomic, sub-cellular, genomic and proteomic levels suggesting that viruses can explain neurodegenerative disorders mechanistically. The main objective of this review is to provide readers a detailed snapshot of similarities viral and non-viral neurodegenerative diseases share, so that mechanistic pathways of neurodegeneration in human NDs can be clearly understood. Viruses can guide us to unveil these pathways in human NDs. This will further stimulate the birth of new concepts in the biological research, which is needed for gaining deeper insights into the treatment of human NDs and delineate mechanisms underlying neurodegeneration.",2013,2013-05-31,Review; JournalArticle,,https://www.semanticscholar.org/paper/3e8c0f95d84b6c5a57678653b2308d8a9d612324,False,0,,True,True,True,True
doi:10.1186/s12864-019-5456-0,doi:10.1186/s12864-019-5456-0,europepmc,europepmc;pubmed;scopus;semantic_scholar,MED:30727955,10.1186/s12864-019-5456-0,30727955,PMC6364412,Global host molecular perturbations upon in situ loss of bacterial endosymbionts in the deep-sea mussel Bathymodiolus azoricus assessed using proteomics and transcriptomics.,"Background Colonization of deep-sea hydrothermal vents by most invertebrates was made efficient through their adaptation to a symbiotic lifestyle with chemosynthetic bacteria, the primary producers in these ecosystems. Anatomical adaptations such as the establishment of specialized cells or organs have been evidenced in numerous deep-sea invertebrates. However, very few studies detailed global inter-dependencies between host and symbionts in these ecosystems. In this study, we proposed to describe, using a proteo-transcriptomic approach, the effects of symbionts loss on the deep-sea mussel Bathymodiolus azoricus' molecular biology. We induced an in situ depletion of symbionts and compared the proteo-transcriptome of the gills of mussels in three conditions: symbiotic mussels (natural population), symbiont-depleted mussels and aposymbiotic mussels. Results Global proteomic and transcriptomic results evidenced a global disruption of host machinery in aposymbiotic organisms. We observed that the total number of proteins identified decreased from 1118 in symbiotic mussels to 790 in partially depleted mussels and 761 in aposymbiotic mussels. Using microarrays we identified 4300 transcripts differentially expressed between symbiont-depleted and symbiotic mussels. Among these transcripts, 799 were found differentially expressed in aposymbiotic mussels and almost twice as many in symbiont-depleted mussels as compared to symbiotic mussels. Regarding apoptotic and immune system processes - known to be largely involved in symbiotic interactions - an overall up-regulation of associated proteins and transcripts was observed in symbiont-depleted mussels. Conclusion Overall, our study showed a global impairment of host machinery and an activation of both the immune and apoptotic system following symbiont-depletion. One of the main assumptions is the involvement of symbiotic bacteria in the inhibition and regulation of immune and apoptotic systems. As such, symbiotic bacteria may increase their lifespan in gill cells while managing the defense of the holobiont against putative pathogens.",2019,2019-02-06,research-article; Journal Article,eng,https://europepmc.org/article/MED/30727955,False,3,,True,True,True,True
doi:10.1186/s12871-025-02928-z,doi:10.1186/s12871-025-02928-z,pubmed,europepmc;pubmed;scopus,39915734,10.1186/s12871-025-02928-z,39915734,PMC11800588,Impaired hippocampal neurogenesis associated with regulatory ceRNA network in a mouse model of postoperative cognitive dysfunction.,"Postoperative cognitive dysfunction (POCD) represents a post-surgical complication that features progressive cognitive impairment and memory loss, often occurring in elderly patients. This study aimed to investigate the potential biological mechanisms underlying POCD. Male C57BL/6 mice (2 and 17 months old) were randomly assigned to surgery or control groups. The surgery group underwent laparotomy under 1.5% isoflurane anesthesia, while controls received no intervention. Cognitive function was assessed 7-10 days post-surgery using open field, Y-maze, and novel object recognition tests. Hippocampal mRNA expression was analyzed using Encyclopedia of Genes and Genomes (KEGG) and Gene Ontology (GO) enrichment. A competing endogenous RNA (ceRNA) network was constructed using microRNA (miRNA) target prediction databases (miRanda, miRTarbase, miRcode) and sequencing results. Key findings were validated by RT-qPCR and immunofluorescence. The Connectivity Map (CMap) database was queried to predict potential POCD treatments. Aging significantly affected mice's spontaneous activity in the open field test (F1, 28 = 8.933, P < 0.01) and the proportion of time spent in the center area (F1, 28 = 5.387, P < 0.05). Surgery significantly reduced the rate of spontaneous alternations in the Y-maze (F1, 28 = 16.94, P < 0.001) and the recognition index in novel object recognition test (F1, 28 = 6.839, P < 0.05) in aging mice, but had no effect on young mice. Transcriptome analysis revealed that aging and surgery downregulated multiple neurogenesis-related genes in the hippocampus. Doublecortin (DCX) immunofluorescence staining confirmed reduced hippocampal neurogenesis in aging mice, which was further decreased after surgery. We identified several key lncRNAs and miRNAs implicated in neurogenesis regulation. Additionally, drugs were predicted as potential therapeutic candidates for POCD treatment. Both aging and surgery have complex effects on the hippocampal transcriptome in mice. The significant decrease in neurogenesis may be a potential reason for the increased susceptibility of aging mice to POCD. The identified key regulatory lncRNAs, miRNAs, and drugs provide potential therapeutic targets for POCD prevention and treatment.",2025,2025-02-06,Journal Article,eng,https://pubmed.ncbi.nlm.nih.gov/39915734/,False,2,,True,True,True,True
doi:10.1186/s12915-023-01533-1,doi:10.1186/s12915-023-01533-1,semantic_scholar,semantic_scholar,3533bfd552b576ce554bbbf1f290c9ed49798a3d,10.1186/s12915-023-01533-1,36782243,9926786,Epigenome-wide analysis of aging effects on liver regeneration,"Background Aging is known to exert an effect on liver regeneration, with the ability of liver to regenerate displaying a significant decline over time. Liver physiological parameters such as liver volume, blood flow, and metabolism, as well as the ability to regenerate after injury have all been shown to decrease at old age in humans and model systems, with a number of molecular mechanisms proposed to be involved, including DNA methylation-dependent genome remodeling. To address how changes in DNA methylation mediate the adverse aging effect on liver regeneration, we searched for differentially methylated genomic regions (DMRs) in mouse livers co-regulated by aging and regeneration and determined their associated genes and enriched pathways. Results DMRs were identified using whole-genome bisulfite sequencing (WGBS). Pathway analysis of aging DMR-mapped genes revealed two distinct phases of aging, 2-to-8 and 8-to-16 months old (m/o). Regenerative DMR-mapped differentially expressed genes (DEGs) were enriched in pathways controlling cell proliferation and differentiation. Most DMRs shared by both aging and regeneration changed in the same methylation direction between 2 and 8 m/o but in the opposite direction between 8 and 16 m/o. Regenerative DMRs inversely affected by aging during 8-to-16 m/o were found in the promoter/gene regions of 12 genes. Four regenerative DEGs were synchronously regulated by early aging and inversely regulated by mid-to-late aging DMRs. Lead DMR-mapped genes were validated by their expression profiles in liver aging and regeneration. Conclusions Our study has uncovered new DMRs and gene targets inversely affected by liver aging and regeneration to explain the adverse aging effect on liver regeneration. These findings will be of fundamental importance to understand the epigenomic changes underlying the biology of aging on liver regeneration.",2023,2023-02-13,JournalArticle,,https://www.semanticscholar.org/paper/3533bfd552b576ce554bbbf1f290c9ed49798a3d,False,0,,True,True,True,True
doi:10.1186/s12944-022-01711-0,doi:10.1186/s12944-022-01711-0,semantic_scholar,semantic_scholar,701fa8a9d2d916eb85b480a267fa36d5fd21712d,10.1186/s12944-022-01711-0,36209126,9547412,Potential novel biomarkers in small intestine for obesity/obesity resistance revealed by multi-omics analysis,"Background Although obesity is caused by different factors, individual susceptibility to obesity differs among people under the same circumstances. The microbiota in the caecum or fresh faeces and metabolites in blood or urine contribute to obesity resistance; however, the microbiota or metabolites in the small intestine have not been extensively studied. Methods To investigate the relationship between the microbiota or metabolites in the small intestine and susceptibility to obesity, eighty-eight male C57BL/6 mice were fed a high-fat diet (HFD) for 8 weeks to establish two models of obesity and obesity resistance. For further study, six mice were chosen from among the obesity models, and twelve mice were randomly chosen from among the obesity resistance models. After fasting plasma glucose and behavioural testing, the mice were fed in single cages for another 4 weeks to observe their weight and food intake. All mice were sacrificed at 20 weeks of age. Serum ALT, AST, HDL, LDL, TG and TC levels were measured using an automatic biochemical analyser. The microbiota and metabolites in the small intestine contents were analysed using 16 S sequencing and an ultrahigh-performance liquid chromatographic system, respectively. Transcripts in the jejunum were evaluated using full-length transcriptome sequencing and verified by qPCR. Results The results showed that HFD induced depression and anxiety behaviours and higher fasting plasma glucose, ALT, AST, HDL, LDL, TG and TC levels in the obese mice; however, these levels were improved in obese resistance mice. The correlation analysis showed that the phosphatidylcholine, TG, and phosphatidylethanolamine levels were higher in obese mice and correlated positively with intestinal microflora ( Desulfovibrio and Gemella ) and the Cxcl10 gene. A higher abundance of Clostridium_sensu_stricto_1 in obesity-resistant mice correlated negatively with the metabolite contents (neuromedin N and enkephalin L) and Pck1 gene expression and correlated positively with certain metabolites (5-hydroxy-L-tryptophan, cinnamyl alcohol and 1 H-indole-3-acetamide) and genes expression (Gdf15, Igfbp6 and Spp1). Conclusion Clostridium_sensu_stricto_1 , neuromedin N, enkephalin L, Pck1, 5-hydroxy-L-tryptophan, Cxcl10 and cinnamyl alcohol may be novel biomarkers in the small intestine for obesity/obesity resistance. These might be helpful for obesity prevention or for treating obese patients.",2022,2022-10-08,JournalArticle,,https://www.semanticscholar.org/paper/701fa8a9d2d916eb85b480a267fa36d5fd21712d,False,0,,True,False,False,False
doi:10.1186/s12967-026-08414-5,doi:10.1186/s12967-026-08414-5,europepmc,europepmc;pubmed;semantic_scholar,MED:42351167,10.1186/s12967-026-08414-5,42351167,,Integrative transcriptomic analysis identifies meningeal-hippocampal immune communication in Alzheimer's disease.,"Background Alzheimer's disease (AD) exhibits spatial heterogeneity, yet the mechanisms by which immune-active meninges communicate with vulnerable brain regions during disease progression remain unclear. This study aimed to investigate meninges-hippocampus crosstalk and map the communication patterns during AD pathology development. Methods We employed 5xFAD transgenic and PS19 tau-pathology mouse models and integrated bulk RNA sequencing, proteomics, and spatial transcriptomics across time-course analyses to distinguish AD pathology from normal aging processes. Transcription factor activity inference was coupled with ligand-receptor dynamics analysis to examine regulatory modules in homeostatic and disease-associated microglia. Results We identified structure-specific disease genes, including a robust 19-gene hippocampal signature that was reproducible across an independent 5xFAD dataset and PS19 tau-pathology dataset. Spatial analysis defined a disease progression axis that transferred to the independent spatial dataset, where meningeal spots were enriched in advanced disease progression layers and disease modules showed consistent gradients. Ligand-receptor and microglial-state LRaxis analyses further supported candidate communication axes associated with pathology gradients and state-specific regulatory modules in both homeostatic and disease-associated microglia. Conclusions Our spatial framework supports the meninges as a candidate modulatory interface associated with hippocampal pathology in AD mouse models. These mouse-derived, computationally inferred ligand-receptor and regulatory modules should be considered hypothesis-generating candidates that require validation in human AD tissues and functional perturbation studies before translational relevance can be inferred.",2026,2026-06-25,Journal Article,eng,https://europepmc.org/article/MED/42351167,False,2,,True,True,True,True
doi:10.1186/s13024-017-0212-x,doi:10.1186/s13024-017-0212-x,pubmed,pubmed;scopus,28962651,10.1186/s13024-017-0212-x,28962651,PMC5622528,Hexokinases link DJ-1 to the PINK1/parkin pathway.,"Early onset Parkinson's disease is caused by variants in PINK1, parkin, and DJ-1. PINK1 and parkin operate in pathways that preserve mitochondrial integrity, but the function of DJ-1 and how it relates to PINK1 and parkin is poorly understood. A series of unbiased high-content screens were used to analyze changes at the protein, RNA, and metabolite level in rodent brains lacking DJ-1. Results were validated using targeted approaches, and cellular assays were performed to probe the mechanisms involved. We find that in both rat and mouse brains, DJ-1 knockout results in an age-dependent accumulation of hexokinase 1 in the cytosol, away from its usual location at the mitochondria, with subsequent activation of the polyol pathway of glucose metabolism in vivo. Both in the brain and in cultured cells, DJ-1 deficiency is associated with accumulation of the phosphatase PTEN that antagonizes the kinase AKT. In cells, addition of an inhibitor of AKT (MK2206) or addition of a peptide to dissociate association of hexokinases from mitochondria both inhibit the PINK1/parkin pathway, which works to maintain mitochondrial integrity. Hexokinases are an important link between three major genetic causes of early onset Parkinson's disease. Because aging is associated with deregulated nutrient sensing, these results help explain why DJ-1 is associated with age-dependent disease.",2017,2017-09-29,Journal Article,eng,https://pubmed.ncbi.nlm.nih.gov/28962651/,False,1,,False,True,True,False
doi:10.1186/s13058-020-01299-2,doi:10.1186/s13058-020-01299-2,europepmc,europepmc;pubmed;scopus,MED:32539762,10.1186/s13058-020-01299-2,32539762,PMC7294649,Age-associated genes in human mammary gland drive human breast cancer progression.,"Background Aging is a comorbidity of breast cancer suggesting that aging-associated transcriptome changes may promote breast cancer progression. However, the mechanism underlying the age effect on breast cancer remains poorly understood. Method We analyzed transcriptomics of the matched normal breast tissues from the 82 breast cancer patients in The Cancer Genome Atlas (TCGA) dataset with linear regression for genes with age-associated expression that are not associated with menopause. We also analyzed differentially expressed genes between the paired tumor and non-tumor breast tissues in TCGA for the identification of age and breast cancer (ABC)-associated genes. A few of these genes were selected for further investigation of their malignancy-regulating activities with in vitro and in vivo assays. Results We identified 148 upregulated and 189 downregulated genes during aging. Overlapping of tumor-associated genes between normal and tumor tissues with age-dependent genes resulted in 14 upregulated and 24 downregulated genes that were both age and breast cancer associated. These genes are predictive in relapse-free survival, indicative of their potential tumor promoting or suppressive functions, respectively. Knockdown of two upregulated genes (DYNLT3 and P4HA3) or overexpression of the downregulated ALX4 significantly reduced breast cancer cell proliferation, migration, and clonogenicity. Moreover, knockdown of P4HA3 reduced growth and metastasis whereas overexpression of ALX4 inhibited the growth of xenografted breast cancer cells in mice. Conclusion Our study suggests that transcriptome alterations during aging may contribute to breast tumorigenesis. DYNLT3, P4HA3, and ALX4 play significant roles in breast cancer progression.",2020,2020-06-15,"Research Support, Non-U.S. Gov't; research-article; Journal Article; Research Support, N.I.H., Extramural",eng,https://europepmc.org/article/MED/32539762,False,2,,True,True,True,True
doi:10.1186/s13073-025-01558-x,doi:10.1186/s13073-025-01558-x,openalex,europepmc;openalex;pubmed;scopus;semantic_scholar,https://openalex.org/W4415295827,10.1186/s13073-025-01558-x,,,Proteomic landscape of multidimensional aging phenotypes,"BACKGROUND: Proteomic signatures of aging hold promise for advancing our understanding of aging evaluation and guiding targeted therapy. Despite this potential, the proteomic landscape of multidimensional aging phenotypes remains inadequately characterized. We aimed to identify the potential proteomic biomarkers of aging process and decipher their molecular mechanisms. METHODS: We analyzed 2920 plasma proteomic biomarkers from 48,728 participants in the UK Biobank. The multidimensional aging phenotypes included Klemera and Doubal's method biological age (KDM-BA) acceleration, PhenoAge acceleration, frailty index, leukocyte telomere length (LTL), and healthspan. Two-sample Mendelian randomization (MR) analyses were performed to determine the causal effect of plasma proteome on the multidimensional aging phenotypes, and replicate the identified proteomic signatures in the FinnGen cohort. Multivariable linear regressions were used to explore the phenotypic associations between plasma proteome and multidimensional aging phenotypes. We then applied a series of bioinformatic approaches to elucidate the biological function and drug targets of the identified proteins. Multi-omics data were further leveraged to decipher the genetic mechanisms and metabolic pathways of aging process. RESULTS: We found that genetically determined levels of 17, 37, 12, 18, and 1 proteins were causally linked to KDM-BA acceleration, PhenoAge acceleration, frailty index, LTL, and healthspan, respectively. Replication in the FinnGen cohort confirmed a subset of these associations. We observed significant phenotypic associations for 2,186, 2,152, 1,459, 668, and 545 proteins with KDM-BA acceleration, PhenoAge acceleration, frailty index, LTL, and healthspan, respectively. Our integrative analysis identified 71 distinct plasma proteins associated with multidimensional aging phenotypes, of which 12 are promising candidates for drug targeting, primarily involved in inflammatory processes and cellular senescence. Moreover, we identified 22 genetic variants that may regulate these protein abundances in the context of aging, complemented by metabolomic profiling that highlights several metabolic pathways mediating the proteins and aging. CONCLUSIONS: Our findings facilitate a more comprehensive understanding of the proteomic landscape of the multidimensional aging phenotypes, thereby providing an opportunity for personalized monitoring of aging and effective therapeutic strategies in aging-related diseases.",2025,2025-10-17,article,en,https://openalex.org/W4415295827,False,4,explicit_multiomics;proteomics_plus_downstream,True,True,True,True
doi:10.1186/s13148-024-01752-5,doi:10.1186/s13148-024-01752-5,openalex,openalex;pubmed,https://openalex.org/W4402915033,10.1186/s13148-024-01752-5,,,Causal effects of cardiovascular health on five epigenetic clocks,"BACKGROUND: This work delves into the relationship between cardiovascular health (CVH) and aging. Previous studies have shown an association of ideal CVH with a slower aging rate, measured by epigenetic age acceleration (EAA). However, the causal relationship between CVH and EAA has remained unexplored. METHODS AND RESULTS: We performed genome-wide association studies (GWAS) on the (12-point) CVH score and its components using the Taiwan Biobank data, in which weighted genetic risk scores were treated as instrumental variables. Subsequently, we conducted a one-sample Mendelian Randomization (MR) analysis with the two-stage least-squares method on 2383 participants to examine the causal relationship between the (12-point) CVH score and EAA. As a result, we observed a significant causal effect of the CVH score on GrimAge acceleration (GrimEAA) (β [SE]: - 0.993 [0.363] year; p = 0.0063) and DNA methylation-based plasminogen activator inhibitor-1 (DNAmPAI-1) (β [SE]: - 0.294 [0.099] standard deviation (sd) of DNAmPAI-1; p = 0.0030). Digging individual CVH components in depth, the ideal total cholesterol score (0 [poor], 1 [intermediate], or 2 [ideal]) was causally associated with DNAmPAI-1 (β [SE]: - 0.452 [0.150] sd of DNAmPAI-1; false discovery rate [FDR] q = 0.0102). The ideal body mass index (BMI) score was causally associated with GrimEAA (β [SE]: - 2.382 [0.952] years; FDR q = 0.0498) and DunedinPACE (β [SE]: - 0.097 [0.030]; FDR q = 0.0044). We also performed a two-sample MR analysis using the summary statistics from European GWAS. We observed that the (12-point) CVH score exhibits a significant causal effect on Horvath's intrinsic epigenetic age acceleration (β [SE]: - 0.389 [0.186] years; p = 0.036) and GrimEAA (β [SE]: - 0.526 [0.244] years; p = 0.031). Furthermore, we detected causal effects of BMI (β [SE]: 0.599 [0.081] years; q = 2.91E-12), never smoking (β [SE]: - 2.981 [0.524] years; q = 1.63E-7), walking (β [SE]: - 4.313 [1.236] years; q = 0.004), and dried fruit intake (β [SE]: - 1.523 [0.504] years; q = 0.013) on GrimEAA in the European population. CONCLUSIONS: Our research confirms the causal link between maintaining an ideal CVH and epigenetic age. It provides a tangible pathway for individuals to improve their health and potentially slow aging.",2024,2024-09-27,article,en,https://openalex.org/W4402915033,False,1,genomics_plus_other,True,True,True,True
doi:10.1186/s13287-024-04092-6,doi:10.1186/s13287-024-04092-6,openalex,openalex;pubmed,https://openalex.org/W4405516739,10.1186/s13287-024-04092-6,,,Glutamine-αKG axis affects dentin regeneration and regulates osteo/odontogenic differentiation of mesenchymal adult stem cells via IGF2 m6A modification,"BACKGROUND: Multi-lineage differentiation of mesenchymal adult stem cells (m-ASCs) is crucial for tissue regeneration and accompanied with metabolism reprogramming, among which dental-pulp-derived m-ASCs has obvious advantage of easy accessibility. Stem cell fate determination and differentiation are closely related to metabolism status in cell microenvironment, which could actively interact with epigenetic modification. In recent years, glutamine-α-ketoglutarate (αKG) axis was proved to be related to aging, tumorigenesis, osteogenesis etc., while its role in m-ASCs still lack adequate research evidence. METHODS: We employed metabolomic analysis to explore the change pattern of metabolites during dental-pulp-derived m-ASCs differentiation. A murine incisor clipping model was established to investigate the influence of αKG on dental tissue repairment. shRNA technique was used to knockdown the expression of related key enzyme-dehydrogenase 1(GLUD1). RNA-seq, m6A evaluation and MeRIP-qPCR were used to dig into the underlying epigenetic mechanism. RESULTS: Here we found that the glutamine-αKG axis displayed an increased tendency along with the osteo/odontogenic differentiation of dental-pulp-derived m-ASCs, same as expression pattern of GLUD1. Further, the key metabolite αKG was found able to accelerate the repairment of clipped mice incisor and promote dentin formation. Exogenous DM-αKG was proved able to promote osteo/odontogenic differentiation of dental-pulp-derived m-ASCs, while the inhibition of glutamine-derived αKG level via GLUD1 knockdown had the opposite effect. Under the circumstance of GLUD1 knockdown, extracellular matrix (ECM) function and PI3k-Akt signaling pathway was screened out to be widely involved in the process with insulin-like growth factor 2 (IGF2) participation via RNA-seq. Inhibition of glutamine-αKG axis may affect IGF2 translation efficiency via m6A methylation and can be significantly rescued by αKG supplementation. CONCLUSION: Our findings indicate that glutamine-αKG axis may epigenetically promote osteo/odontogenic differentiation of dental-pulp-derived m-ASCs and dentin regeneration, which provide a new research vision of potential dental tissue repairment therapy method or metabolite-based drug research.",2024,2024-12-18,article,en,https://openalex.org/W4405516739,False,1,transcriptomics_plus_downstream,True,True,True,True
doi:10.1186/s40104-025-01347-x,doi:10.1186/s40104-025-01347-x,semantic_scholar,semantic_scholar,9a0919f7b9fd1c986c08a962f42ddde614eaeb4b,10.1186/s40104-025-01347-x,41807977,12977806,Tissue-specific epigenetic regulation of fat metabolism in pigs through integrated analysis of DNA methylation and gene expression networks,"Background Fat metabolism in pigs is controlled by tissue-specific molecular mechanisms that ultimately affect growth performance and meat quality. Understanding how epigenetic modifications interact with gene expression across key metabolic and fat-depositing tissues is essential for identifying regulatory processes and potential biomarkers to improve pork quality traits. Therefore, this study aimed to elucidate tissue specific epigenetic regulation of fat metabolism by integrating DNA methylation and gene expression profiles from liver, backfat, and loin (longissimus dorsi) tissues at two physiologically developmental stages (10 and 26 weeks), representing the early post-weaning growth phase and near-market weight, respectively. By explicitly comparing these ages and tissues, the study was designed to capture the transition from muscle-dominated growth to increased lipid deposition and to identify tissue- and stage-specific regulatory signatures that may serve as biomarkers for pork quality. Results Genome-wide DNA methylation exhibited weak clustering by tissue, whereas gene expression showed clear tissue separation. The liver harbored fewer genes with differential methylation across stage and tissue but a greater number of genes with differential expression than backfat and loin, suggesting distinct regulatory modes. Integrative analysis of the overlap genes between methylation and expression signals highlighted epigenetically mediated regulation of extracellular matrix organization, lipid metabolism, and muscle development pathways. Furthermore, weighted gene co-expression network analysis revealed distinct tissue-specific correlations between co-methylated and co-expressed modules, with enrichment in cholesterol biosynthesis, muscle contractility, and extracellular matrix remodeling. Together, these findings suggest that methylation changes are more subtle than transcriptional shifts, yet they are aligned with key functional pathways, consistent with a role for methylation as a fine-tuning mechanism that shapes tissue-specific transcriptional networks during growth. Conclusions Across liver, backfat, and loin, DNA methylation modulates transcriptional programs in a tissue-dependent manner, prioritizing pathways central to lipid handling, extracellular matrix remodeling, and muscle function. This integrated multi-omics framework highlights candidate epigenetic markers and regulatory modules with potential utility for improving pork quality traits through selection or management strategies. Supplementary Information The online version contains supplementary material available at 10.1186/s40104-025-01347-x.",2026,2026-03-11,JournalArticle,,https://www.semanticscholar.org/paper/9a0919f7b9fd1c986c08a962f42ddde614eaeb4b,False,0,,True,False,True,False
doi:10.1186/s40798-026-00990-6,doi:10.1186/s40798-026-00990-6,europepmc,europepmc;pubmed;scopus,MED:41834018,10.1186/s40798-026-00990-6,41834018,,Resistance Training Reshapes the Gut Microbiome in a Longitudinal 8-Week Intervention in Sedentary Adults.,"Background The gut microbiome plays a critical role in metabolism, immunity, and aging. While endurance training has been shown to beneficially modulate the microbiome, the effects of resistance training remain less clear, with some studies reporting minimal changes. This project aims to investigate whether structured resistance training elicits significant changes in gut microbiome composition and diversity in sedentary, healthy adults. 150 participants (85 female, 63 male), between 24 and 61 years of age, completed an 8-week supervised resistance training program between May 2022 and July 2023 in the cities of Tübingen and Rottenburg, Germany. Session-level training data, including weights and repetitions, were recorded alongside metrics like load and compliance. Fecal samples were collected throughout the study period at designated timepoints for 16S rRNA gene amplicon sequencing to assess microbiome composition and for metabolomics analyses to evaluate microbial metabolic activity. Results No differences in microbial diversity were observed, and there were no significant changes in microbial community composition or fecal metabolomics across all participants post-training. However, within-individual microbial community changes significantly correlated with strength improvement (Pearson correlation coefficient r = 0.167, p = 0.0004), and significantly stronger shifts in beta diversity were observed in participants with ≥ 33% average strength gains compared to those with ≤ 12.2% gains (Kruskal-Wallis rank sum test, p = 0.08). In these high responders, differential abundance analysis revealed time-dependent microbial changes, with 27 taxa enriched or depleted by week 8 of training (ANCOM-BC2, ≥ 2-fold change, p ≤ 0.05). Notably, Faecalibacterium and Roseburia hominis-both associated with a healthier, anti-inflammatory microbiome-were significantly enriched. Many differentially abundant taxa belonged to the Lachnospiraceae family. Conclusions Resistance training drives significant, time-dependent gut microbiome changes, particularly in those demonstrating greater improvements in strength. These shifts mirror endurance training effects and may reflect improved overall health.",2026,2026-03-16,Journal Article,eng,https://europepmc.org/article/MED/41834018,False,2,,True,True,True,True
doi:10.1200/jco.2023.41.16_suppl.4164,doi:10.1200/jco.2023.41.16_suppl.4164,semantic_scholar,semantic_scholar,975b865b7a32588cce6dc2032f412a2503e7a960,10.1200/jco.2023.41.16_suppl.4164,,,A phase I/II study of durvalumab and stereotactic ablative body radiotherapy (SABR) in locally advanced (LA) and borderline resectable (BR) pancreatic cancer.,"4164 Background: Pancreatic cancer (PC) is largely refractory to immune checkpoint blockade (ICB) in genomically unselected patients (pts). Synergistic effects of combined ICB and radiotherapy have been suggested in varied solid tumors. Few studies have evaluated this approach in pts with PC. We sought to evaluate the safety and efficacy of PD-L1 inhibitor durvalumab (D) and SABR after induction chemotherapy, in LA and BR PC. Herein, we present phase II data from two cohorts. Methods: A multi-institutional, non-randomized phase 1/2 trial of SABR and D was conducted at Cedars-Sinai Medical Center (CS) and Memorial Sloan Kettering (MSK). Key eligibility: ECOG 0-1; unresectable PC, with stable/responding disease following 2-3 cycles gemcitabine and nab-paclitaxel (GnP) or 4-6 months (m) FOLFIRINOX (FFX). CS enrolled pts with BR and LA PC; MSK enrolled pts with LA PC only. All pts received SABR between dose 1 and 2 of D, with slight variation in ablative radiation techniques (CS: 33Gy/5#; MSK: MRI adaptive ablative radiation, 50Gy/5#). D dosed on day 1: 750mg x 4 doses Q14 days, and subsequently Q2 or Q4 weeks x 1 year total, or until resection, progression of disease (POD), or limiting toxicity. Primary endpoint: 6-month progression free survival (6 m PFS). Secondary endpoints: rate of downstaging to resectability, objective response by RECIST v1.1, duration of response, PFS, Overall Survival (OS). PFS and OS estimated from consent date using Kaplan-Meier method. Association between surgery and outcomes was analyzed as a time dependent covariate in univariate Cox regression models for OS and PFS. To assess immunogenomic biomarkers of response, pre- and on-treatment tissue, blood and microbiome samples were gathered. Results: Between 08/2017 and 05/2022, N= 36 enrolled. Median age 67.5 years (range 48-79), 39% (14/36) female. Performance Status: N=12 (33%) ECOG 0; N= 24 (67%) ECOG 1. Median duration chemotherapy: 3.5 m (range 1.4, 5.8). Staging: N=31 (86%) LA; N=5 (14%) BR. N = 9 (25%) underwent resection; all R0. Conversion to resection was not associated with PFS (HR 0.45; 95% CI 0.17, 1.17, p=0.1) or OS (HR 0.69; 95% CI 0.26, 1.84, p=0.5). Survival and response data summarized in table. Toxicities of special interest: Grade 3 treatment-related: in N= 7; diarrhea N= 2; elevated AST/ALT N= 2; lipase/amylase elevation, N=1; nausea N=1. Grade 4: amylase elevation N=1. Conclusions: D and SABR after induction chemotherapy in LA and BR PC is safe, had an encouraging 6-m PFS of 69% and favorable R0 resection rate, warranting further evaluation. Immuno-genomic biospecimen analyses underway. Clinical trial information: NCT03245541 . [Table: see text]",2023,2023-06-01,JournalArticle,,https://www.semanticscholar.org/paper/975b865b7a32588cce6dc2032f412a2503e7a960,False,0,,True,False,False,False
doi:10.1200/op.2024.20.10_suppl.48,doi:10.1200/op.2024.20.10_suppl.48,semantic_scholar,semantic_scholar,862a3e5f5410941fcd1d005b67b83f9acf7522b0,10.1200/op.2024.20.10_suppl.48,,,Molecular correlates of social adversity in breast cancer.,"48 Background: Neighborhood disadvantage (ND) is associated with shorter breast cancer (BCa) survival independent of individual, tumor, and treatment factors, suggesting more aggressive tumor biology in women from disadvantaged neighborhoods. This study evaluates how differential DNA methylation (DNAm), gene expression, and biologic pathways are wired with each other to delineate the regulatory landscape of ND on BCa. Methods: We leveraged 55 geocoded ER+/HER2- BCa samples from Hispanic White women enrolled in a prospective genomic-epidemiologic cohort study. Objective ND was evaluated using the Area Deprivation Index (ADI) and subjective ND was evaluated using the patient-reported Neighborhood Social Environment Adversity Survey and the Everyday Expanded Discrimination Survey. We analyzed the association between ND and (1) DNAm, (2) RNA transcription and miRNAs, and (3) blood concentration levels of DNAm co-factors (B12 and folate) from the same patient. To evaluate how the DNAm/expressed pathways are wired with each other to delineate the regulatory landscape of ND in these tumors, we performed correlation analyses among CpGs, genes, and miRNAs in the same topologically associated domain (TAD). We used Spearman correlation as our metric and adjusted the resulting p-values to FDR values. Results: The cohort was divided into low ND (ADI =5; 69%). There were no significant differences between groups by age, race/ethnicity, genetic ancestry, BMI, smoking/alcohol, subtype, stage, or OncotypeDX scores. We discovered that high ND exhibits epigenetic deregulation of immune pathways, consistent with our findings of lower circulating B12 in high ND, suggesting activation of immune pathways through reduced systemic availability of methyl donors. RNA-seq identified higher tumor infiltration of immune cells in patients from high ND (e.g., Interferon alpha and gamma responses and inflammatory responses) consistent with aggressive biology. Estrogen response genes were downregulated suggesting that patients from high ND may develop estrogen-resistant tumors. Higher subjective ND scores discovered epigenetic changes on cell adhesion and calcium signaling genes, along with gene expression of E2F targets and cell cycle’s G2M checkpoint, indicative of a more proliferative/stemness signature. TAD analysis discovered significant developmental, immune, and signaling pathways when correlating DNAm with gene expression (e.g., estrogen response and EMT). Conclusions: In this multi-omic matched cohort, we discovered differentially methylated/expressed pathways, consistent with aggressive biology, wired with each other to identify a novel regulatory landscape of ND on BCa. These findings can inform interventions such as improved access to healthy nutrition (B12) in ND/food deserts or targeted stress-reduction interventions based on our survey findings to ultimately reverse aggressive tumor biology and reduce BCa disparities by ND.",2024,2024-10-01,JournalArticle; Review,,https://www.semanticscholar.org/paper/862a3e5f5410941fcd1d005b67b83f9acf7522b0,False,0,,True,False,True,False
doi:10.1242/bio.062326,doi:10.1242/bio.062326,semantic_scholar,europepmc;openalex;pubmed;scopus;semantic_scholar,15d0f053f8bf341b64a0f7767430f37a3d90a9db,10.1242/bio.062326,41873591,13133764,An ARVC-5 Drosophila knock-in model reveals new functions of Tmem43 in lipid homeostasis,"ABSTRACT Arrhythmogenic right ventricular cardiomyopathy type 5 is caused by the missense mutation S358L in the gene TMEM43 in humans. To date, the molecular mechanisms underlying the disease remain poorly understood. We established a CRISPR/Cas9 knock-in Drosophila model carrying the orthologous Tmem43p.S333L mutation to investigate these mechanisms in vivo. The resulting flies were viable but displayed reduced lifespan, smaller body size, lipid droplet accumulation, and mitochondrial defects. Proteomic and lipidomic profiling revealed a dosage-dependent misregulation of the energy metabolism, concomitant with reduced fatty acid synthesis and ß-oxidation rates, altered peroxisomal pathways, and changes in membrane phospholipid composition. Notably, phosphatidylethanolamine (PE) and phosphatidylinositol (PI) levels were elevated, while triacylglycerols were reduced. Ultrastructural analyses confirmed mitochondrial degradation in the muscle tissue of corresponding mutants. These findings establish Tmem43p.S333L knock-in flies as a robust in vivo model of ARVC-5 and support a role for TMEM43 in linking lipid homeostasis to mitochondrial energy metabolism and integrity. Mutation-derived impairments in these processes result in cardiomyopathy.",2026,2026-03-24,JournalArticle,,https://www.semanticscholar.org/paper/15d0f053f8bf341b64a0f7767430f37a3d90a9db,False,4,,True,True,False,False
doi:10.1302/1358-992x.2025.6.070,doi:10.1302/1358-992x.2025.6.070,semantic_scholar,google_scholar;semantic_scholar,c9325c65c9b97cdcb9bd4c9678ce7e0f6d230f9f,10.1302/1358-992x.2025.6.070,,,MULTIOMICS MAPPING AND CHARACTERIZATION OF CELLULAR SENESCENCE IN AGEING HUMAN SKELETAL MUSCLE UNCOVERS A NOVEL SENOTHERAPEUTIC FOR SARCOPENIA,"Cellular senescence is recognized as a hallmark of organismal aging but how it drives aging particularly in human tissues is not fully understood, partly due to the complex heterogeneous nature of senescence. Here in this study, we leverage single-nucleus multiomics to profile senescence in mononucleated cells of human skeletal muscle and provide the first senescence atlas. We demonstrate the intra- and inter-populational transcriptomic and epigenomic heterogeneity and dynamics of senescence in the cells. We also identify commonalities and variations in senescence-associated secretory phenotypes (SASPs) among the cells and elucidate the function of SASPs in mediating cellular interactions and niche deregulation. Furthermore, we identify targetable SASP factors and demonstrate the possibility of using Maraviroc as a pharmacological senotherapeutic for treating age-associated sarcopenia in muscle. Lastly, we define transcription factors that govern senescence state and SASP induction in aging muscle and elucidate the key function and the underlying mechanism of JUNB in regulating SASP activation in senescent cells. Altogether, our findings demonstrate the prevalence and function of cellular senescence in skeletal muscle and identify a novel pharmacological intervention for sarcopenia.",2025,2025-09-08,JournalArticle,,https://www.semanticscholar.org/paper/c9325c65c9b97cdcb9bd4c9678ce7e0f6d230f9f,False,1,,True,True,True,True
doi:10.1371/journal.pgen.1010793,doi:10.1371/journal.pgen.1010793,europepmc,europepmc;openalex;pubmed;scopus,MED:37399212,10.1371/journal.pgen.1010793,37399212,PMC10348588,Yeast NDI1 reconfigures neuronal metabolism and prevents the unfolded protein response in mitochondrial complex I deficiency.,"Mutations in subunits of the mitochondrial NADH dehydrogenase cause mitochondrial complex I deficiency, a group of severe neurological diseases that can result in death in infancy. The pathogenesis of complex I deficiency remain poorly understood, and as a result there are currently no available treatments. To better understand the underlying mechanisms, we modelled complex I deficiency in Drosophila using knockdown of the mitochondrial complex I subunit ND-75 (NDUFS1) specifically in neurons. Neuronal complex I deficiency causes locomotor defects, seizures and reduced lifespan. At the cellular level, complex I deficiency does not affect ATP levels but leads to mitochondrial morphology defects, reduced endoplasmic reticulum-mitochondria contacts and activation of the endoplasmic reticulum unfolded protein response (UPR) in neurons. Multi-omic analysis shows that complex I deficiency dramatically perturbs mitochondrial metabolism in the brain. We find that expression of the yeast non-proton translocating NADH dehydrogenase NDI1, which reinstates mitochondrial NADH oxidation but not ATP production, restores levels of several key metabolites in the brain in complex I deficiency. Remarkably, NDI1 expression also reinstates endoplasmic reticulum-mitochondria contacts, prevents UPR activation and rescues the behavioural and lifespan phenotypes caused by complex I deficiency. Together, these data show that metabolic disruption due to loss of neuronal NADH dehydrogenase activity cause UPR activation and drive pathogenesis in complex I deficiency.",2023,2023-07-03,"Research Support, Non-U.S. Gov't; research-article; Journal Article; Research Support, N.I.H., Extramural",eng,https://europepmc.org/article/MED/37399212,False,3,,True,True,True,True
doi:10.1371/journal.pone.0171048,doi:10.1371/journal.pone.0171048,pubmed,pubmed,28141873,10.1371/journal.pone.0171048,28141873,PMC5283732,Proteomic and transcriptomic study of brain microvessels in neonatal and adult mice.,"Infants born before 29 weeks gestation incur a major risk of preterm encephalopathy and subependymal/intracerebral/intraventricular haemorrhage. In mice, an ontogenic window of haemorrhage risk was recorded up to 5 days after birth in serpine1 knock-out animals. Using proteome and transcriptome approaches in mouse forebrain microvessels, we previously described the remodelling of extracellular matrix and integrins likely strengthening the vascular wall between postnatal day 5 (P5) and P10. Haemorrhage is the ultimate outcome of vessel damage (i.e., during ischaemia), although discreet vessel insults may be involved in the aetiology of preterm encephalopathy. In this study, we examined proteins identified by mass spectrometry and segregating in gene ontology pathways in forebrain microvessels in P5, P10, and adult wild type mice. In parallel, comparative transcript levels were obtained using RNA hybridization microarrays and enriched biological pathways were extracted from genes exhibiting at least a two-fold change in expression. Five major biological functions were observed in those genes detected both as proteins and mRNA expression undergoing at least a two-fold change in expression in one or more age comparisons: energy metabolism, protein metabolism, antioxidant function, ion exchanges, and transport. Adult microvessels exhibited the highest protein and mRNA expression levels for a majority of genes. Energy metabolism-enriched gene ontology pathways pointed to the preferential occurrence of glycolysis in P5 microvessels cells versus P10 and adult preparations enriched in aerobic oxidative enzymes. Age-dependent levels of RNA coding transport proteins at the plasma membrane and mitochondria strengthened our findings based on protein data. The data suggest that immature microvessels have fewer energy supply alternatives to glycolysis than mature structures. In the context of high energy demand, this constraint might account for vascular damage and maintenance of the high bleeding occurrence in specific areas in immature brain.",2017,2017-01-31,Journal Article,eng,https://pubmed.ncbi.nlm.nih.gov/28141873/,False,0,,True,False,False,False
doi:10.1373/clinchem.2012.187047,doi:10.1373/clinchem.2012.187047,openalex,openalex,https://openalex.org/W1994868310,10.1373/clinchem.2012.187047,,,"Reflection on the Discovery of Carcinoembryonic Antigen, Prostate-Specific Antigen, and Cancer Antigens CA125 and CA19-9","One of the hottest current areas of research is the discovery and validation of novel biomarkers for many diseases, including cancer. For cancers, the reality is that no new major cancer biomarkers have entered the clinic in the last 30 years. Despite the emergence of highly powerful genomic, proteomic, epigenomic, metabolomic, microarray, and other omic technologies, which have been used intensively for the discovery of novel cancer biomarkers, the yield has been poor. In previous analyses, I pinpointed the possible reasons for such failures, and I proposed remedies for avoiding common and repetitive mistakes (1–4). Other accounts have done the same, including some articles in this issue (5, 6). It is astonishing that some of the most useful cancer biomarkers were discovered in the 1960s [e.g., carcinoembryonic antigen (CEA)8 and α-fetoprotein], the late 1970s [prostate-specific antigen (PSA)], and the early 1980s [cancer antigen 125 (CA125), CA19-9, and some others]. The discoverers of these biomarkers achieved their goals by means of classic analytical techniques, especially the more or less primitive (by today's standards) immunologic and chromatographic assays, or by taking advantage of the then new monoclonal antibody technology, which originated in 1975. If we compare the technological tools of the 1960s to the 1980s with those we have today and the volumes of data that we can generate in the same time with the new high-throughput technologies, we can conclude that contemporary technologies have not delivered the goods promised in the arena of cancer biomarker discovery, at least to date. We should admire the pioneers of cancer biomarker research, who used more ingenuity and inventiveness and less technology to reach their goals. Every major discovery, such as the 4 representative examples described below, has a story behind it, a group of characters, and, similar to a movie, a script, actors, and a director. Obviously, we could not cite all the unsung heroes (technicians, graduate students, and postdocs) who participated in these discoveries, but we can certainly identify the “directors.” Four of these directors comment on their teams and the environment associated with their discoveries, the impact of these discoveries in clinical care, and their projected future in cancer research. As others have said, we should look to the past for the important lessons we can use to shape the future. I hope these essays on the discovery of 4 major and clinically useful biomarkers will teach us some lessons that can guide us in overcoming the current difficulties with cancer biomarker discovery, and I hope this field will become more fertile in the years to come. The discovery of CA125 was a serendipitous event that arose from attempts to provide more effective therapy for patients with ovarian cancer. As a medical student at Harvard, I had spent 2 years with Dr. Hal Dvorak studying maturation of the immune response in guinea pigs (7, 8). After completing a medical internship at Johns Hopkins, I spent the 3 years between 1972 and 1975 at the Biology Branch of the National Cancer Institute in Bethesda working with Drs. Herbert Rapp and Berton Zbar to optimize intratumoral immunotherapy in a guinea pig hepatoma model that used bacille Calmette–Guérin (BCG), a live attenuated strain of Mycobacterium bovis widely used in the early 20th century as a vaccine against tuberculosis. Herb and Bert had found that the intense inflammatory response to local injection of BCG could produce regression of syngeneic hepatoma transplants growing on the flanks of guinea pigs, eliminate regional lymph node metastases, and induce tumor-specific immunity (9). Their work paralleled ongoing clinical studies at the National Cancer Institute on intratumoral injection of cutaneous melanoma metastases and anticipated the intravesical administration of BCG to control superficial papillary carcinomas of the bladder, a treatment that is still widely used (10). After returning to Boston to complete a medical residency and fellowship in medical oncology, I joined the faculty at the Dana Farber Cancer Institute. In establishing my own laboratory, I wanted to apply the principles that I had learned in Bethesda to develop an effective immunotherapy for a visceral cancer. An ideal candidate seemed to be ovarian cancer, in which clinically important metastases developed on surfaces of the peritoneal cavity. We thought that intraperitoneal administration of an immunostimulant might induce a chronic inflammation on the peritoneal surface that would be sufficient to control metastatic disease. Dr. Robert Knapp, the head of Gynecologic Oncology at the Brigham and Women's Hospital, and his fellow, Dr. Ross Berkowitz, who now holds that position at the same institution, were pursuing a similar strategy, so we joined forces and combined our 2 laboratories. Bob and Ross had adapted a murine model for ovarian cancer developed by Dr. Stanley Order, in which murine ovarian cancer cells grew within the abdominal cavity, blocked diaphragmatic lymphatics, and induced ascites. Intraperitoneal injection of a heat-killed preparation of Corynebacterium (Propionobacter) parvum was able to prolong the survival of tumor-bearing mice, and adding a rabbit antimurine ovarian cancer heteroantiserum further prolonged survival. My initial studies showed that the synergistic antitumor activity of the 2 agents depended on antibody-dependent cell-mediated cytotoxicity (ADCC) mediated by macrophages attracted into the peritoneal cavity and activated by C. parvum (11). In the days before translational research, we had translated this murine model directly to the clinic to treat ovarian cancer patients with residual peritoneal disease following conventional chemotherapy. We repeatedly administered C. parvum intraperitoneally through a peritoneal-dialysis catheter. An objective response rate of 30% was observed, and 2 complete responses lasted more than a year (12). Macrophages washed from the peritoneum demonstrated enhanced activity for ADCC, suggesting that therapy might be improved by the addition of a specific antibody against human ovarian cancer. We used the then new monoclonal antibody technology developed by Kohler and Milstein (13) to develop the first monoclonal antibodies against human ovarian cancer. The 125th promising clone was designated OC125 (for ovarian cancer 125), and the cancer antigen recognized by this antibody became CA125. We found that CA125 was produced in normal amnion, Müllerian duct, and peritoneum during fetal development and in normal adult endometrium, lung, and cornea, but not in normal ovary (14, 15). Approximately 80% of ovarian cancers produced substantial amounts of CA125, but it soon became apparent that CA125 was shed from the cancer cell surface. It was found in supernatants from cultured ovarian cancer cells, limiting its potential for serotherapy. A shed antigen, however, might prove valuable as a biomarker to monitor response to treatment and thus fill an unmet clinical need. Working with Dr. Vince Zurowski at Centocor—then a start-up company housed in a commercial incubator facility at the University of Pennsylvania—we developed a homologous double-determinant RIA with OC125 to capture and detect CA125 by taking advantage of the fact that multiple identical peptide subunits of the high molecular weight mucin bound to OC125 (16). Increased CA125 concentrations were found in sera from 90% of patients with advanced ovarian cancer and in 50% of patients with stage I disease. False-positive increases occurred with benign effusions and in gynecologic conditions such as endometriosis and uterine fibroids. Increased CA125 concentrations were found in other malignancies, including endometrial, fallopian tube, breast, and lung cancers. Over the last 3 decades, the CA125 assay has evolved into a heterologous double-determinant assay (CA125II) that uses 2 epitopes: one recognized by OC125 (14) and the other by the M11 antibody developed by Tim O'Brien (17). The CA125II assay has less day-to-day variation than the original CA125 assay. A number of other antibody-based assays have been shown to be equivalent to CA125 or CA125II. Because these assays have different limits for normal values and different calibration curves, consistent use of only 1 assay should be used to monitor a particular patient. Over the years, the strengths and limitations of CA125 have been defined for a number of indications. The CA125 assay was originally developed to monitor the response to chemotherapy. When the biomarker is increased, CA125 tracks the progression or regression of ovarian cancer with >90% accuracy. A persistent increase in CA125 after primary chemotherapy was found to be a highly specific marker (>90%) for residual ovarian cancer, which led to its approval by the US Food and Drug Administration (FDA) in 1987, four years after the initial publication of the assay. Despite its high specificity, the biomarker is not optimally sensitive for detecting persistent disease. CA125 can return to normal concentrations, and residual disease can be found at second-look operations in up to half of cases. The rate at which CA125 decreases after surgery and during chemotherapy correlates statistically with prognosis. A short apparent half-life for CA125 is associated with prolonged survival; however, this correlation has not proved sufficiently precise to aid in the care of individual patients. Sequential monitoring of CA125 after surgery and chemotherapy for women in a complete clinical remission can detect disease recurrence in 70% of patients with a lead time of 3 to 4.8 months. Whether monitoring recurrence actually benefits patients has been debated. Only 1 study has evaluated this question directly (18), and this trial, although it produced negative results, had important limitations: CA125 increases within the reference interval were not considered, only 25% of the participating women received optimal treatment for recurrent disease, and secondary surgical cytoreduction was performed in only a small fraction of the patients (19). Although each patient must decide whether she wants to be with CA125, of disease provide time for in clinical and for administration of the to have activity against the disease. studies have improved patients to gynecologic for their primary Despite this less than half of patients their primary surgery from gynecologic CA125 has in patients with who to have ovarian cancer. has depended on and with or in biomarkers have been used to increase the of and data has The of which was developed in the CA125, and The developed by Drs. and working with biomarkers and that used in with data A of ovarian developed by Drs. and working with uses CA125 and human 4 to patients for by a The has proved more sensitive than the of in a The and have not been In different the 2 but the is more specific The survival rate for ovarian cancer patients has the last 3 decades, but survival have not at a late to 90% of patients can be the disease is in stage of patients the disease is in stage or the of ovarian cancer in the in must have high for disease and high to a of operations for each of ovarian cancer The and Cancer in the US women with CA125 and and found no in survival these used Although a CA125 the and specificity, a can be by in the fraction of women with CA125 CA125 increases with ovarian cancer but time with benign disease. The of Cancer by Drs. and has women at into 3 who care in all women and CA125 by in the of women with values as by the of Cancer developed by The is to detect an in survival and will be in The only to thus was for the of the trial, which a in with a in the fraction of and cancers In to the 25% of cancers in stage I or of the cancers by were in an early CA125 by of the ovarian cancers. CA125 by operations with operations with ovarian cancers to develop 2 years before were by conventional suggesting that would be Dr. the Cancer of has a the last years with women from the of the CA125 by who were at than of the have been for after each and have been multiple years on the The operations by the have of ovarian stage and 4 in and a of for all cancers and for cancers, no more than 3 operations would be with this to detect each of ovarian cancer. were during and 2 of the 4 were still within the reference interval for CA125. from the performed in the found CA125 concentrations in only of the patients before of biomarkers have been evaluated with and to increase the of CA125 for and disease The most promising developed to CA125, and A new is and a new is to the and the of this during assay is developed to be performed on a which will assay at the of with a of by CA125 as cell surface to ovarian cancer The which has been by Dr. and Tim O'Brien is a high molecular weight 1 mucin with an up to subunits identical of a and a short with a The is highly and can to of metastatic cancer cells to cells on the peritoneal surface. through the not but can and In ovarian cancer cells, of the to be in most to or than to In normal mice, CA125 is not for normal development or but to in to be discovered the of in and disease. the early the work on had studies had molecular in human cancers that might be useful in the treatment of these of induced and in had however, that tumor-specific but not lead to it was certainly that human molecular that would not prove to induce cancer The with human cancer, however, was control to compare with the For this cancer was for in its this not more than or or from the The fact that the surgical working with to compare the with areas of normal from of the and cancer from the same were with the of immunologic and After a of analyses, we found a that we to be however, this was then found to be a common to all cancers the same was found in and fetal which were from in the first and of The technology at that time the had by the It not had a that was the was to the in question in the field of now designated to the as was in our in with and and a complete of this cell surface then a research in our we then demonstrated that was into the an RIA could detect it in cancer patients this and other sensitive techniques, has been at concentrations in and in of all human cancers. of time was not in the normal or inflammatory The assay for was the first clinical marker to use and, after some years of the most widely used and most useful marker assay assay has been the against which all other of clinical have been the assay not the of complete that one would of an ideal The clinical and of is and is a that in the and of cancer as as patients with other cancers As the only marker the of Oncology its as a useful guide to the of therapy and as a guide for and surgical assays for 3 years for patients who have stage or or cancer and who for further surgery or therapy In the National Cancer years of for patients with disease or the patient is a candidate for of other than for the assay a for all of work led to of the of the that the of the of the new cell of the is a of the and studies of and its Although not have defined or for the might studies of the and its their in cell and been ongoing a of between and have important with one or more in the the of in a metastatic potential is The in addition to the RIA for which it is most is important in and in the treatment of cancer patients to The clinical that have been for the and for and in with for cancers that have to the The of cancer and will have on the areas of cancer and such as will become a in the field of cancer and but one will have been of some in the field after I joined Institute in as a new my to Dr. and Dr. into the and said, marker research and research but that cancer research I my to As an of at the of the cancer biomarker I the as an addition to my research from the Institute to an in of I will for or associated of the antigen as a marker for the of early and for the of treatment will be My was to a new cancer marker and to develop a for the early of cancer. that of cancers were after had The used for was for which had been developed in a of an increase in this was a In this I some of my on the discovery of and the development of the was a and was by my own group at was by the National Cancer In the I with my own A years with the from the and the Cancer I my research to and means of techniques, we used of as the to an to cancer from normal After many years of and research, we our first on which described its and in in The first was a in my The described a and the The was as As of the of this new discovery, the issue of The of in this as one of the most important articles in The of this in as a in and we were able to in cancer a that was in The first was a we developed the and demonstrated its these were in The first was a is that the for Cancer in in to this our work as a of the past century of cancer research. the National Cancer we evaluated the clinical of the and the monitoring of were An important was early in our clinical The of for detecting early disease recurrence was demonstrated in patients who had cancer and received We our study of the of We the activity of in with a fellow, as the first The of which was by and led to the that is a that the of today's of of was a years by other is that the clinical of was on the of the The of for cells was in was further in studies with a of monoclonal antibodies in The of monoclonal antibodies and a for from in of the for the and their our in the of our technology to the was to the which has and the its the clinical of were and these studies led to the use of in patient care the One of the most important of has been the in the of cancer. The of with advanced cancers at the time of was before the 90% of cancers before the disease has to other In I have the research I proposed in my years has a survival rate for cancer. is an important in the 50% in the rate of cancer the past years. this it is that the US the of the for cancer The is that a small number of but will in to many After this was the the of for including recognized in the care of cancer patients have with this by that the was on clinical and and It is important that with an at and with at least a should with their at years of in should the at the of years. this has its strengths and but it is the The of should be on to use in patient We should not the to the time many a and from a cancer that was CA19-9, a cell surface antigen, is the only marker for monitoring the progression of cancer. As a is as a potential of a clinical and as a for the development of novel I have had the and to be in its discovery, its the of its and its for have a molecular that has the of a of disease the potential to with novel My in from my years studying cell in at of the of as I my the of one of the pioneers in at the that new were to identify recognized by I developed a of such directly to that had been to of from we were by of the who was the new technology of monoclonal antibodies to from normal on cell was the early and Kohler received the in or for the of the for the of monoclonal this technology to cell surfaces the of specific novel on cells as through the of the immune of these antibodies the of of in cells, which in the use of to study secondary and be by a The Institute us 2 antibodies and that the for cancer and to be against that were in of their to but to with the new of of from cancer cells, we a novel as the antigen for antibodies it was we up the of this and its techniques, including The by the 2 antibodies had a new which we as more as The this novel antigen the of which developed a assay with one of these antibodies It was thus that the marker became CA19-9, to the Although the was performed with we the major of the antigen in sera and to our discovered that it originated from from these into the Although concentrations in and cancers, this biomarker its and for the of cancer in patients 80% and The of a that is the control of the group and who negative of the the to the patients negative with this assay. is the most and clinically useful biomarker for cancer and is the only assay that the has for monitoring cancer patients. have shown a in survival rate for patients with high high values of survival for patients and can be a of metastatic disease. at least different clinical studies have that cancer patients who a in during chemotherapy have a survival rate with patients with or concentrations during treatment have on the potential future use of as a clinical years after the of we were by of University for in the of a for an on cells that in the of immune cells during an inflammatory The is now as and we discovered that it we described a by and its on immune as the for was an time in the laboratory, we now the of and it was a of metastatic disease. We that cancer cells high concentrations of to on the inflammatory for of cells from the and for this from studies on cancer patients with a of cell and a survival rate an Other studies have shown that concentrations associated with a of metastatic disease, and of and the of metastatic In one study has shown that the of by treatment with the survival rate of cancer patients who high concentrations of on their is a marker of disease for cancer it in the of metastatic of cancer cells that this antigen on the cell surface. Because we have a small within that and is for this we were with an to a of this as a novel to first other to all 3 and and showed in of inflammation and cancer is now in clinical to treat cell patients in and it is the of a with one of the in the for The in this novel this and we now our new on a more of to develop an to be used in therapy with for and carcinoembryonic antigen antigen cancer antigen 125 cancer antigen bacille Calmette–Guérin antibody-dependent cell-mediated cytotoxicity ovarian cancer 125 heterologous double-determinant CA125 assay US Food and Drug Administration of ovarian human 4 and Cancer of Cancer of Cancer of cell US",2012,2012-12-02,article,en,https://openalex.org/W1994868310,False,0,epigenomics_plus_downstream;genomics_plus_other;proteomics_plus_downstream,True,False,True,False
doi:10.1513/annalsats.201508-521mg,doi:10.1513/annalsats.201508-521mg,semantic_scholar,semantic_scholar,b9fc8ccf62d8851055b81adc5be33e7cf953bf2c,10.1513/annalsats.201508-521mg,27027937,,Nasal Microbiome Composition Is Associated with Chitotriosidase (Chit1) Activity in Adult Hutterites.,"are a good proxy for the airway epithelium for gene expression, but no study to comprehensively characterized DNA methylation patterns in asthmatic nasal epithelia. We compared genomic methylation patterns and gene expression in nasal epithelia of African American children 10 to 12 years of age with persistent atopic asthma (n = 36) versus healthy control subjects (n = 36) collected by the Inner City Asthma Consortium. Methylation pro ﬁ les were collected on Illumina 450k BeadChips, and gene expression was examined using Agilent ’ s human 8 3 60k G3 SurePrint human arrays. Validation of methylation changes was performed by pyrosequencing both in the same cases and control subjects and in an independent set of 30 cases also collected by Inner City Asthma Consortium. demonstrated that 32 (60%) have signi ﬁ cant (q , 0.05) methylation – expression relationships within 5 kb of the gene. Ten loci selected based on the relevance to asthma, magnitude of methylation change, and asthma-speci ﬁ c methylation – expression relationships were validated in an independent cohort of children with asthma. Our ndings that epigenetic marks in respiratory epithelia are associated with allergic asthma in inner-city children provide new for understanding the biology of the disease, developing biomarkers of exposure or disease, and potentially identifying novel therapeutic approaches for this disease. Our bodies house trillions of microbes, with signi ﬁ cant numbers in the upper and lower respiratory tract. Imbalances in airway microbiota have been linked to sinusitis, chronic obstructive pulmonary disease, and asthma. We hypothesize that the composition and diversity of airway bacteria may be associated with immune markers of respiratory diseases. We tested this hypothesis by exploring associations between the nasopharyngeal microbiome, as measures of representative bacteria in the upper airways, and seven immune/in ﬂ ammatory quantitative phenotypes in 87 Hutterites, a founder population of European decent. The Hutterite communal farming lifestyle results in environmental exposures that are remarkably similar between individuals. We sequenced the V4 region of the 16S rRNA gene and calculated the relative abundance (RA) of each bacterium at the genus level. After subsampling 250,000 reads per individual, bacteria present in at least 75% of individuals were normalized. To reduce multiple testing burden, we ﬁ rst tested for association between the phenotypic value and the ﬁ rst principle component (PC1, 40.67% of the variance). PC1 was associated with chitotriosidase (Chit1) activity ( P = 0.01). We then tested for associations between Chit1 activity and the RA of 91 genera using a linear mixed model to correct for the relatedness among individuals and included sex and date of sampling as covariates. The RAs of seven bacteria ( Veillonella , Rothia , Moraxella , Lactococcus , Gemella and two unclassi ﬁ ed genera of class Bacilli and order Bacillales) were negatively correlated with Chit1 activity (false discovery rate , 5%). Our study indicates the nasopharynx as an accessible airway site to reveal microbiome – respiratory disease associations and suggests that intermediate phenotypes (Chit1 activity) may mediate some of the disease-associated effects of altered airway microbial composition. Our data suggest a symbiotic relationship between host Chit1 activity and the relative abundance of chitinase-producing bacteria in the nose to achieve homeostasis in response to chitin-containing organisms (e.g fungi). Humans express a repertoire of single amino acid genetic variant proteins for surfactant protein (SP)-A1 and SP-A2 that may be associated with certain lung physiology and disease. We have previously shown that SP-A mediates eosinophil degranulation and that certain allelic variants of SP-A2 are dysfunctional in asthma. We therefore hypothesized that variation in SP-A2 at position Gln(Q)223Lys(K) leads to altered regulation of eosinophil activities and that patients with asthma who harbor the minor allele may demonstrate enhanced eosinophilia. SP-A was extracted from the lavage of patients with alveolar proteinosis and genotyped for the SP-A2 223Q/K locus. Genotyped SP-A was incubated with eosinophils in vitro to assess regulation of eosinophil activity. Humanized SP-A transgenic mice were created that represent single allelic variant changes in SP-A2 protein, designated SP-A2 223Q and SP-A2 223K. Humanized mice were challenged in an allergic model to determine the effect of SP-A genetic variation during allergic in ﬂ ammation. We discovered that SP-A2 223Q inhibits eosinophil degranulation and leads to reduced viability of eosinophils in culture conditions. In contrast, SP-A2 223K is unable to attenuate eosinophil degranulation and has no effect on eosinophil viability. Humanized SP-A2 223Q mice have signi ﬁ cantly reduced mucus production in an allergic model compared with SP-A 2 / 2 mice, whereas mice expressing SP-A2 223K were not different from mice that are devoid of SP-A. Additionally, from genotyped samples obtained from subjects with mild to moderate asthma, we discovered that subjects with asthma harboring one or more copies of the minor allele (223K) had a greater percentage of eosinophils in their bronchoalveolar lavage and serum. These studies suggest that genetic variation in SP-A2 at position SP-A2 Gln223Lys is an important mediator of eosinophil activities, which may lead to a more severe asthma phenotype.",2016,2016-03-01,JournalArticle,,https://www.semanticscholar.org/paper/b9fc8ccf62d8851055b81adc5be33e7cf953bf2c,False,0,,True,False,True,False
doi:10.1534/genetics.120.303776,doi:10.1534/genetics.120.303776,pubmed,pubmed;scopus,33109529,10.1534/genetics.120.303776,33109529,PMC7768241,Survival Following Traumatic Brain Injury in Drosophila Is Increased by Heterozygosity for a Mutation of the NF-κB Innate Immune Response Transcription Factor Relish.,"Traumatic brain injury (TBI) pathologies are caused by primary and secondary injuries. Primary injuries result from physical damage to the brain, and secondary injuries arise from cellular responses to primary injuries. A characteristic cellular response is sustained activation of inflammatory pathways commonly mediated by nuclear factor-κB (NF-κB) transcription factors. Using a Drosophila melanogaster TBI model, we previously found that the main proximal transcriptional response to primary injuries is triggered by activation of Toll and Imd innate immune response pathways that engage NF-κB factors Dif and Relish (Rel), respectively. Here, we found by mass spectrometry that Rel protein level increased in fly heads at 4-8 hr after TBI. To investigate the necessity of Rel for secondary injuries, we generated a null allele, Rel del , by CRISPR/Cas9 editing. When heterozygous but not homozygous, the Rel del mutation reduced mortality at 24 hr after TBI and increased the lifespan of injured flies. Additionally, the effect of heterozygosity for Rel del on mortality was modulated by genetic background and diet. To identify genes that facilitate effects of Rel del on TBI outcomes, we compared genome-wide mRNA expression profiles of uninjured and injured +/+, +/ Rel del , and Rel del / Rel del flies at 4 hr following TBI. Only a few genes changed expression more than twofold in +/ Rel del flies relative to +/+ and Rel del / Rel del flies, and they were not canonical innate immune response genes. Therefore, Rel is necessary for TBI-induced secondary injuries but in complex ways involving Rel gene dose, genetic background, diet, and possibly small changes in expression of innate immune response genes.",2020,2020-10-27,"Journal Article; Research Support, N.I.H., Extramural",eng,https://pubmed.ncbi.nlm.nih.gov/33109529/,False,1,,False,True,True,False
doi:10.17305/bb.2025.13145,doi:10.17305/bb.2025.13145,semantic_scholar,semantic_scholar,25242eb1726261de95b19d338ebc580b15ea7425,10.17305/bb.2025.13145,41128021,12710611,"Mitochondrial dysfunction, reactive oxygen species, and diabetes mellitus—A triangular relationship: A review","Diabetes mellitus (DM) disrupts cellular homeostasis and is characterized by mitochondrial structural and functional impairments similar to those found in other metabolic disorders. Mitochondrial dysfunction (MD) leads to the excessive production of reactive oxygen species (ROS), which are central to the progression of cardiovascular (CV) disease—the leading cause of mortality associated with DM. ROS-driven oxidative stress (OS) is implicated in cardiac injury in both clinical and experimental contexts. This review synthesizes recent literature on the role of MD in the development and progression of DM and its associated CV complications, highlighting disrupted pathways that regulate the balance between ROS production and antioxidant defenses. We summarize alterations in mitochondrial dynamics—including fusion, fission, and mitophagy—mtDNA damage, and impaired oxidative phosphorylation characterized by dysregulated mitochondrial membrane potential (Δ Ψm), electron transport chain (ETC) defects, uncoupling, and substrate overload. Additionally, we discuss hyperglycemia-activated pathways such as polyol flux, AGE–RAGE interactions, protein kinase C/nicotinamide adenine dinucleotide phosphate (PKC/NADPH) oxidase activation, and poly (ADP-ribose) polymerase 1 (PARP-1)-mediated glyceraldehyde-3-phosphate dehydrogenase (GAPDH) inhibition, which contribute to inflammation, endothelial dysfunction, β-cell failure, insulin resistance, and micro/macrovascular injury. Diagnostic and biomarker strategies encompass mtDNA analysis, bioenergetic assays, metabolomics, proteomics, and imaging techniques including PET, MRI, and NIRS. Therapeutic approaches aimed at restoring mitochondrial function and mitigating OS include mitochondria-targeted antioxidants (such as MitoQ, CoQ10, SkQ1, SS-31, and Mito-TEMPO), metabolic drugs (including metformin and SGLT2 inhibitors), lifestyle modifications, and emerging gene-editing technologies. The interplay between mitochondria, ROS, and DM reflects a tightly regulated aspect of cellular physiology; while targeted and personalized strategies hold promise, they necessitate rigorous evaluation.",2025,2025-10-23,Review; JournalArticle,,https://www.semanticscholar.org/paper/25242eb1726261de95b19d338ebc580b15ea7425,False,0,,True,False,True,False
doi:10.18632/aging.101485,doi:10.18632/aging.101485,europepmc,europepmc;pubmed;scopus,MED:29936497,10.18632/aging.101485,29936497,PMC6046225,Regulatory RNA binding proteins contribute to the transcriptome-wide splicing alterations in human cellular senescence.,"Dysregulation of mRNA splicing has been observed in certain cellular senescence process. However, the common splicing alterations on the whole transcriptome shared by various types of senescence are poorly understood. In order to systematically identify senescence-associated transcriptomic changes in genome-wide scale, we collected RNA sequencing datasets of different human cell types with a variety of senescence-inducing methods from public databases and performed meta-analysis. First, we discovered that a group of RNA binding proteins were consistently down-regulated in diverse senescent samples and identified 406 senescence-associated common differential splicing events. Then, eight differentially expressed RNA binding proteins were predicted to regulate these senescence-associated splicing alterations through an enrichment analysis of their RNA binding information, including motif scanning and enhanced cross-linking immunoprecipitation data. In addition, we constructed the splicing regulatory modules that might contribute to senescence-associated biological processes. Finally, it was confirmed that knockdown of the predicted senescence-associated potential splicing regulators through shRNAs in HepG2 cell line could result in senescence-like splicing changes. Taken together, our work demonstrated a broad range of common changes in mRNA splicing switches and detected their central regulatory RNA binding proteins during senescence. These findings would help to better understand the coordinating splicing alterations in cellular senescence.",2018,2018-06-01,research-article; Journal Article,eng,https://europepmc.org/article/MED/29936497,False,2,,True,True,True,True
doi:10.18632/aging.206306,doi:10.18632/aging.206306,europepmc,europepmc;openalex;pubmed;scopus;semantic_scholar,MED:40856643,10.18632/aging.206306,40856643,PMC12422793,"Evaluating the nonlinear effects of sleep duration on biological aging across phenotypic, genomic, and epigenomic data.","Short and long sleep durations have been inconsistently linked to aging and health outcomes, potentially due to underexplored nonlinear associations. Using phenotypic and genomic data from the UK Biobank (n=442,664), we applied multivariable linear regression, restricted cubic splines, and Mendelian randomization (MR) to analyze nonlinear relationships between self-reported sleep duration and biomarkers of accelerated aging: PhenoAge acceleration (PhenoAgeAccel), BioAge acceleration (BioAgeAccel), and leukocyte telomere length (LTL). Functional annotation analyses were performed to assess potential shared biological pathways using epigenomic profiles. Observational analyses supported U-shaped phenotypic associations between sleep duration and PhenoAgeAccel/BioAgeAccel, with optimal sleep around 7 h/d. For LTL, linear models suggested a U-shape, while spline models indicated an inverted reverse J-pattern. MR analyses corroborated the deleterious impacts of insufficient, but not excessive, sleep, by revealing a threshold nonlinear relationship between increasing genetically-predicted sleep duration up to 7 h/d and lower PhenoAgeAccel/BioAgeAccel, and a linear relationship with longer LTL. Cell-type enrichment analyses connected short sleep to BioAgeAccel/LTL through pathways related to muscle maintenance and immune function. These findings suggest that extending sleep may mitigate accelerated aging, though further research is needed to clarify the underlying biological mechanisms and whether excessive sleep also contributes causally to biological aging.",2025,2025-08-25,"Research Support, Non-U.S. Gov't; research-article; Journal Article",eng,https://europepmc.org/article/MED/40856643,False,4,,True,True,True,True
doi:10.20944/preprints202507.0221.v1,doi:10.20944/preprints202507.0221.v1,europepmc,europepmc,PPR:PPR1048835,10.20944/preprints202507.0221.v1,,,Molecular Network Analysis and Effector Gene Prioritization of Endurance Training–Influenced Modulation of Cardiac Aging,"Background: /Objectives: Cardiac aging involves progressive structural and functional decline of the myocardium. Endurance training is a well-recognized non-pharmacological intervention that counteracts this decline, yet the molecular mechanisms driving exercise-induced cardiac rejuvenation remain inadequately elucidated. This study aimed to identify key effector genes and regulatory pathways by integrating human cardiac aging transcriptomic data with multi-omic exercise response datasets. Methods: A systems biology framework was developed to integrate age-downregulated genes (n = 243) from the GTEx human heart dataset and endurance exercise–responsive genes (n = 634) from the MoTrPAC mouse dataset. Thirty-seven overlapping genes were identified and subjected to Enrichr for pathway enrichment, KEA3 for kinase analysis, and ChEA3 for transcription factor prediction. Candidate effector genes were ranked using ToppGene and ToppNet, with integrated prioritization via the FLAMES linear scoring algorithm. Results: Pathway enrichment revealed complementary patterns: aging-associated genes were enriched in mitochondrial dysfunction and sarcomere disassembly, while exercise-responsive genes were linked to protein synthesis and lipid metabolism. TTN, PDK family kinases, and EGFR emerged as major upstream regulators. NKX2-5, MYOG, and YBX3 were identified as shared transcription factors. SMPX ranked highest in integrated scoring, showing both functional relevance and network centrality, implying a pivotal role in mechano-metabolic coupling and cardiac stress adaptation. Conclusions: This integrative analysis identified SMPX as a top effector gene mediating the anti-aging effects of endurance exercise on the heart. These findings enhance mechanistic understanding of exercise-induced cardiac remodeling and provide a foundation for developing exercise-mimetic therapies.",2025,2025-07-03,Preprint,,https://europepmc.org/article/PPR/PPR1048835,True,0,,True,True,True,True
doi:10.21203/rs.2.13124/v1,doi:10.21203/rs.2.13124/v1,europepmc,europepmc,PPR:PPR136502,10.21203/rs.2.13124/v1,,,Transcriptome analysis of drought-tolerant sorghum genotype SC56 in response to water stress reveals an oxidative stress defense strategy,"Abstract Background Drought tolerance is a crucial trait for crops to curtail the yield loss inflicted by water stress to crops, yet genetic improvement efforts are challenged by the complexity of this character. The adaptation of sorghum to abiotic stress, its genotypic variability, and relatively small genome make this species well-suited to dissect the molecular basis of drought tolerance. One efficient approach to this question is the use of differential transcriptome analysis, which provides a snapshot of the processes underlying drought response as well as genes that might be determinants of the drought tolerance trait. Results RNA sequencing was used to compare the transcriptome profiles of two sorghum lines, the drought-tolerant SC56 and the drought-sensitive Tx7000. The differential expression analysis revealed unambiguous genotypic disparities, including a massive increase of upregulated transcripts in SC56. Concomitantly, gene ontology enrichment showed that SC56 biologically outperformed Tx7000 in wet conditions, since it upregulated processes driving growth and guaranteeing homeostasis. The drought tolerance of SC56 seems to be an intrinsic trait that occurs through the overexpression of stress tolerance genes in wet conditions, notably those acting in defense against oxidative stress (SOD1, SOD2, VTC1, MDAR1, MSRB2, and ABC1K1). Under drought conditions, SC56 enhanced its transmembrane transport and maintained growth-promoting mechanisms similar to those implemented under wet conditions. SC56 also appears to preserve its biological function, in a limiting environment, by relying on reported validated stress tolerance genes that heighten the antioxidant capacity (SOD1, RCI3, VTE1, UCP1, FD1, and FD2), regulatory factors (CIPK1 and CRK7), and repressors of premature senescence (SAUL1). Of the stress tolerance genes overexpressed under both wet and drought conditions, DHAR2 might be a key determinant of drought tolerance since its role in recycling ascorbic acid was described to be directly linked to protection against reactive oxygen species-mediated damage, positive effects on photosynthetic activity, higher rate of plant growth, and delayed leaf aging. Conclusion The differential expression analysis uncovered biological processes which upregulation enables SC56 to be a better accumulator of biomass and connects the drought tolerance trait to key stress tolerance genes, making this genotype a judicious choice for isolation of tolerance genes.",2019,2019-08-19,Preprint,,https://europepmc.org/article/PPR/PPR136502,True,0,,True,True,True,True
doi:10.21203/rs.3.rs-3381677/v1,doi:10.21203/rs.3.rs-3381677/v1,openalex,openalex,https://openalex.org/W4387395889,10.21203/rs.3.rs-3381677/v1,,,"DNA Methylation-estimated Phenotypes, Telomere length, Aging and Risk of Intracranial Aneurysms: Evidence from genetic studies","Abstract Background The risk of intracranial aneurysm (IA) is increased in older population, suggesting a role for aging. To evaluate the association of genetic variants linked to DNA methylation-estimated phenotypes, telomere length, and aging, with the risk of IA by employing two-sample Mendelian randomization. Methods Sex-specific summary-level outcome data were extracted from the GWAS of IA, including 23 cohorts with a total of 5140 cases and 71934 controls. All the study participants were of European ancestry. To improve validity, five varying Mendelian randomization techniques were used in the analysis (MR-Egger, weighted median, inverse variance weighted, simple mode, and weighted mode). Results There was a negative causal relationship between Intrinsic epigenetic age acceleration and unruptured IA (P = 0.022272, OR = 0.9059 [95% CI, 0.83–0.99]). No causal effect existed between any other estimated methylation phenotype and aneurysmal subarachnoid hemorrhage (aSAH) (P > 0.05). There was a causal relationship between longevity and risk of developing aSAH (P = 0.020289, OR = 1.099528 [1.01–1.19]), with a 9.95% increase in the risk of disease for every 1-SD increase in age. In addition, each 1-SD rise in telomere length caused a 0.9% increase in the estimated proportion of granulocytes with DNA methylation (P = 0.002518, OR = 1.009041[1.003166,1.01495]) and a 55% increase in the intrinsic epigenetic age acceleration (P = 0.017597, OR = 1.55152[ 1.079562,1.551152]). Conclusion A negative causal relationship between intrinsic epigenetic age acceleration and IA suggests that an increase in intrinsic apparent age acceleration reduces the risk of IA. The underlying mechanisms and their potential to lower the prevalence of IA as an intervention target require further research.",2023,2023-10-06,preprint,en,https://openalex.org/W4387395889,True,0,genomics_plus_other,True,True,True,True
doi:10.21203/rs.3.rs-7406880/v1,doi:10.21203/rs.3.rs-7406880/v1,europepmc,europepmc,PPR:PPR1089225,10.21203/rs.3.rs-7406880/v1,,,A single-cell transcriptome atlas of cell diversity in human prefrontal cortex across the postnatal lifespan,"Abstract Brain aging is a major risk factor for numerous diseases, including cerebrovascular diseases and neurodegenerative disorders, posing a significant threat to human health. Currently, the continuous changes of different cell types in human brain tissue throughout an individual's life course have not been fully elucidated. Here we describe the continuous changes in the transcriptomes of different cell types and their subpopulations in the prefrontal cortex (PFC) across the postnatal lifespan. We integrated single-nucleus RNA sequencing (snRNA-seq) data of the PFC from 158 healthy individuals aged 19–101 years across 15 datasets and constructed a PFC aging atlas of 587,878 nuclei. We found that the ages of 30s and 50s are the two most significant periods of brain transcriptome changes in adulthood. Synaptic development, integration, and transmission are generally downregulated during aging. Different subpopulations of various cell types undergo age-related transitions and participate in the brain aging process at different time points. The increase in apoptotic signals and the production of inflammatory factors in astrocytes of elderly individuals accelerate brain aging. Microglia are mainly in a homeostatic state in the early stage, which is beneficial to the normal function of the CNS, and mainly in an activated state in the later stage, showing an increase in the release of inflammatory factors and chemotaxis. The activation of microglia may be related to the abnormal development of synapses and dendritic spines, as well as the abnormal myelination. Abnormally activated microglia are involved in the occurrence and development of Alzheimer's disease (AD) and multiple sclerosis (MS) in elderly individuals. The function of trans-blood-brain-barrier transport in endothelial cells is significantly downregulated with age. Based on aging-related plasma proteomics data, FUT9 was identified as a plasma biomarker related to brain aging. Our study clarifies the temporal differences and potential connections in the aging of different cell types in the PFC, providing a reference for the selection of specific cell types and time windows for future anti-CNS aging interventions.",2025,2025-09-23,Preprint,,https://europepmc.org/article/PPR/PPR1089225,True,0,,True,True,True,True
doi:10.21203/rs.3.rs-9926831/v1,doi:10.21203/rs.3.rs-9926831/v1,europepmc,europepmc,PPR:PPR1246756,10.21203/rs.3.rs-9926831/v1,,,Correspondence Between Neocortical Laminar Proportions and Human Physiological Transformation Ages,"Abstract Recent multi-omics and neuroimaging studies indicate that human physiology does not change uniformly across adulthood but instead exhibits discrete, population-level inflection points. In parallel, the human neocortex is organized into a conserved six-layer laminar architecture established during prenatal and early postnatal development. Although these domains - lifespan physiology and cortical structure - are typically treated as independent, the present study explores whether proportional relationships in neocortical lamination may align with the temporal spacing of physiological transition ages. Using published cytoarchitectonic measurements of neocortical layer thicknesses, proportional normalized boundaries were derived and mapped onto the human lifespan. These predicted boundaries were compared with age-associated inflection points identified in longitudinal and cross-sectional multiomic, multimodal ageing-clock studies, and studies on structural brain topology. The analysis reveals a close numerical correspondence between laminar proportions and established physiological transformation ages. Statistical correlation, regression, and Monte-Carlo analyses indicate that this alignment is unlikely to arise from arbitrary monotonic sequences, though it remains sensitive to variation in reported layer-thickness measurements. The findings do not imply a causal relationship but suggest that long-timescale physiological transitions may reflect broader developmental constraints established early in ontogeny. The results motivate further cross-species, cross-dataset, and longitudinal investigations into whether spatial patterning in cortical development may scale to temporal patterning across the lifespan.",2026,2026-06-05,Preprint,,https://europepmc.org/article/PPR/PPR1246756,True,0,,True,True,True,True
doi:10.21474/ijar01/22182,doi:10.21474/ijar01/22182,semantic_scholar,semantic_scholar,9412ef0fbf4ef1267893138a8c600471bc389aa8,10.21474/ijar01/22182,,,REVIEW ON PRAKRITI-BASED PERSONALIZED MEDICINE: INTEGRATING AYURVEDA AND GENOMICS,"The personalized medicine is transforming the present day clinical practice, by customizing the interventions based on individual biological differences.Tailor-made health systems based on personalized approach and Prakriti have been suggested in the ancient Indian system of medicine, Ayurveda where Prakriti is an individuals body constitution which comprises three doshas Vata, Pita and Kapha in relative proportions of these. Modern genomics and molecular biology, in recent years have supplied scientific bases to this age-old concept, and have entified associations between Prakriti types and genetic make-up, metabolic activity of the individual as well as immunological profile and disease predisposition. In this article, we critically examine the inclusion of Prakriti-based classification as crossways into genomic science and its implications in predictive, preventive, and personalized medicine. We also address recent findings on genome wide associations, transcriptomics, epigenetics and pharmacogenomics validating Prakriti as a biologically representative endophenotype. The integration of Ayurveda and modern omics technologies seems a successful journey towards future precision medicine.",2025,2025-11-30,JournalArticle; Review,,https://www.semanticscholar.org/paper/9412ef0fbf4ef1267893138a8c600471bc389aa8,False,0,,True,False,True,False
doi:10.21873/cdp.10564,doi:10.21873/cdp.10564,pubmed,pubmed,42388591,10.21873/cdp.10564,42388591,PMC13321975,CDKN2A mRNA Over-expression Is Associated With CD8+ T Cell Exclusion and IDO1-Mediated Adaptive Immune Resistance in Gastric Adenocarcinoma.,"Cellular senescence, mediated by CDKN2A-encoded p16 INK4a , generates a senescence-associated secretory phenotype (SASP) that may promote immune evasion in solid tumors. Recent immunohistochemical studies have identified associations between p16 INK4a over-expression and CD8+ T cell exclusion in gastric adenocarcinoma, but transcriptomic validation and mechanistic characterization remain limited. We analyzed 386 gastric adenocarcinoma samples from The Cancer Genome Atlas (TCGA-STAD) cohort, stratifying patients by CDKN2A mRNA expression using z-score thresholds: Loss (z +1.0; n=76). Immune cell infiltration was estimated with quanTIseq deconvolution. SASP factor expression (IDO1, TGFB1, NT5E) and correlations with immune populations were assessed using Kruskal-Wallis tests, pairwise Wilcoxon rank-sum tests, and Spearman correlation analyses. CDKN2A over-expression was significantly associated with CD8+ T cell depletion ( p =0.024) and IDO1 up-regulation ( p =0.015) compared to wild-type tumors, validating prior immunohistochemical findings. However, TGFB1 ( p =0.56) and NT5E ( p =0.75) showed no significant differential expression. Paradoxically, IDO1 correlated positively with CD8+ T cell infiltration, as did TGFB1, suggesting reactive up-regulation rather than primary exclusion. Overall survival did not differ significantly across expression groups ( p =0.3), nor did stratification by chromosomal instability (CIN p =0.76) or microsatellite instability (MSI p =0.73) molecular subtypes reveal prognostic associations. This transcriptomic analysis confirms the association between CDKN2A over-expression and an immunosuppressive microenvironment characterized by CD8+ T cell depletion and IDO1 up-regulation. The strong positive correlation between IDO1 and CD8+ T cells supports an adaptive immune resistance model, wherein IDO1 is induced via interferon-gamma signaling as a reactive checkpoint rather than functioning as a primary T cell exclusion factor. These findings suggest that CDKN2A-over-expressing gastric adenocarcinomas may benefit from combination immunotherapy strategies incorporating IDO1 inhibition.",2026,2026-07-01,Journal Article,eng,https://pubmed.ncbi.nlm.nih.gov/42388591/,False,0,,True,True,True,True
doi:10.2337/db18-0290,doi:10.2337/db18-0290,europepmc,europepmc;pubmed;scopus,MED:31506343,10.2337/db18-0290,31506343,PMC6868468,Epigenome-Wide Association Study of Incident Type 2 Diabetes in a British Population: EPIC-Norfolk Study.,"Epigenetic changes may contribute substantially to risks of diseases of aging. Previous studies reported seven methylation variable positions (MVPs) robustly associated with incident type 2 diabetes mellitus (T2DM). However, their causal roles in T2DM are unclear. In an incident T2DM case-cohort study nested within the population-based European Prospective Investigation into Cancer and Nutrition (EPIC)-Norfolk cohort, we used whole blood DNA collected at baseline, up to 11 years before T2DM onset, to investigate the role of methylation in the etiology of T2DM. We identified 15 novel MVPs with robust associations with incident T2DM and robustly confirmed three MVPs identified previously (near to TXNIP , ABCG1 , and SREBF1 ). All 18 MVPs showed directionally consistent associations with incident and prevalent T2DM in independent studies. Further conditional analyses suggested that the identified epigenetic signals appear related to T2DM via glucose and obesity-related pathways acting before the collection of baseline samples. We integrated genome-wide genetic data to identify methylation-associated quantitative trait loci robustly associated with 16 of the 18 MVPs and found one MVP, cg00574958 at CPT1A , with a possible direct causal role in T2DM. None of the implicated genes were previously highlighted by genetic association studies, suggesting that DNA methylation studies may reveal novel biological mechanisms involved in tissue responses to glycemia.",2019,2019-09-10,"Research Support, N.I.H., Intramural; Research Support, Non-U.S. Gov't; research-article; Journal Article; Research Support, N.I.H., Extramural",eng,https://europepmc.org/article/MED/31506343,False,2,,True,True,True,True
doi:10.26599/1671-5411.2023.11.004,doi:10.26599/1671-5411.2023.11.004,pubmed,openalex;pubmed,38098466,10.26599/1671-5411.2023.11.004,38098466,PMC10716614,"Flattening the biological age curve by improving metabolic health: to taurine or not to taurine, that' s the question.","The aging population is an important issue around the world especially in developed countries. Although medical advances have substantially extended life span, the same cannot be said for the duration of health span. We are seeing increasing numbers of elderly people who are frail and/or have multiple chronic conditions; all of these can affect the quality of life of the elderly population as well as increase the burden on the healthcare system. Aging is mechanistically related to common medical conditions such as diabetes mellitus, ischemic heart disease, cognitive decline, and frailty. A recently accepted concept termed 'Accelerated Biological Aging' can be diagnosed when a person's biological age-as measured by biomarkers of DNA methylation-is older than their corresponding chronological age. Taurine, a conditionally essential amino acid, has received much attention in the past few years. A substantial number of animal studies have provided a strong scientific foundation suggesting that this amino acid can improve cellular and metabolic health, including blood glucose control, so much that it has been labelled one of the 'longevity amino acids'. In this review article, we propose the rationale that an adequately powered randomized-controlled-trial (RCT) is needed to confirm whether taurine can meaningfully improve metabolic and microbiome health, and biological age. This trial should incorporate certain elements in order to provide the much-needed evidence to guide doctors, and also the community at large, to determine whether this promising and inexpensive amino acid is useful in improving human metabolic health.",2023,2023-11-28,Journal Article,eng,https://pubmed.ncbi.nlm.nih.gov/38098466/,False,1,,True,True,True,True
doi:10.31435/ijitss.1(49).2026.5188,doi:10.31435/ijitss.1(49).2026.5188,semantic_scholar,semantic_scholar,c0f8b5382e963918cd2b2823ae387083887b1741,10.31435/ijitss.1(49).2026.5188,,,THE ROLE OF EMERGING TECHNOLOGIES IN ANTI-AGING MEDICINE: FROM GUT MICROBIOME ANALYSIS TO PERSONALIZED SUPPLEMENTATION,"Aging is a complex, multifactorial biological process driven by interconnected molecular and cellular mechanisms, including genomic instability, mitochondrial dysfunction, chronic inflammation, cellular senescence, and alterations of the gut microbiome. Growing evidence from geroscience supports the concept that aging is not merely inevitable but can be modulated by targeted interventions acting on these core pathways. This review examines the role of emerging technologies in anti-aging medicine, with a particular focus on how advances in molecular profiling, gut microbiome analysis, artificial intelligence, and digital health are transforming the field toward precision-based strategies. We summarize current knowledge on key biological drivers of aging, including inflammaging, mitochondrial decline, and microbiome dysbiosis, and discuss their overlap with age-related diseases such as cancer, neurodegeneration, and metabolic disorders. Furthermore, we highlight technological innovations enabling the identification of biomarkers of biological age, development of immune and inflammatory aging clocks, and application of machine learning for personalized nutrition and supplementation. Special attention is given to individualized interventions involving dietary modulation, microbiome-targeted therapies, and bioactive compounds such as polyphenols, NAD⁺ boosters, spermidine, omega-3 fatty acids, and curcumin. Finally, we explore future directions, including computational drug discovery, synthetic biology–based microbiome engineering, and programmable digital health ecosystems. Together, these advances illustrate a paradigm shift from generalized anti-aging approaches toward integrated, data-driven, and personalized strategies aimed at extending healthspan and improving resilience to age-related disease. Materials and Methods: A structured literature review was conducted using the PubMed database as the sole source of scientific evidence. Articles published within the last five years were included to ensure the use of up-to-date data relevant to the rapidly evolving field of anti-aging medicine. The search focused on peer-reviewed original studies, systematic reviews, and high-quality narrative reviews related to aging mechanisms, gut microbiome analysis, synthetic biology, digital health, wearable technologies, artificial intelligence, precision nutrition, and personalized supplementation strategies. Studies were selected based on relevance to the topic “The Role of Emerging Technologies in Anti-Aging Medicine: From Gut Microbiome Analysis to Personalized Supplementation”, scientific rigor, and translational applicability. Articles addressing molecular pathways of aging, microbiome modulation, biomarker-guided interventions, and technology-driven personalization approaches were prioritized.",2026,2026-03-30,JournalArticle; Review,,https://www.semanticscholar.org/paper/c0f8b5382e963918cd2b2823ae387083887b1741,False,0,,True,True,True,True
doi:10.3389/falgy.2026.1789143,doi:10.3389/falgy.2026.1789143,semantic_scholar,semantic_scholar,03b913c9f00cfa685b12f0254b0df0bce0a6447f,10.3389/falgy.2026.1789143,42058623,13121337,The AhR–TLR4 axis in non-IgE-mediated Cow's milk allergy: a systematic review with integrated multi-omics corroboration,"Background & aims Non-IgE-mediated cow's milk allergy (non-IgE-CMPA) is the most prevalent form of CMPA in infancy; however, its pathogenesis is still poorly understood, which impedes the development of targeted nutritional strategies. Recent evidence suggests a connection between gut dysbiosis and immune dysregulation. Therefore, this systematic review, incorporating multi-omics corroboration, sought to clarify a pathogenic axis driven by dysbiosis and involving the aryl hydrocarbon receptor (AhR) and Toll-like receptor 4 (TLR4). Furthermore, the review aimed to evaluate related predictive biomarkers and potential therapeutic approaches. Methods We synthesized evidence from 39 studies of infants (0–3 years) with physician-confirmed non-IgE-CMPA, following PRISMA guidelines. To visually corroborate key mechanistic pathways at cellular resolution, we performed an integrative analysis of publicly available single-cell RNA sequencing datasets from pediatric intestinal biopsies. Results Non-IgE-mediated CMPA exhibits a distinct gut dysbiosis signature, characterized by decreased Bifidobacterium and increased Enterobacteriacea. This dysbiosis is associated with reduced microbial AhR ligands and TLR4 pathway in intestinal epithelial cells. A B/E ratio <0.5 at 3 months of age predicted persistent allergy (HR = 1.9, AUC = 0.82). scRNA-seq data confirmed IEC-specific upregulation of TLR4 co-receptors (CD14, LY96), activation of the NLRP3 inflammasome, and reduced expression of intestinal barrier integrity markers. Synbiotic intervention (LGG + HMOs) was associated with a 67% resolution of symptoms. Conclusion Early-life gut dysbiosis may disrupt AhR–TLR4 crosstalk, leading to NLRP3-mediated inflammation and barrier dysfunction in non-IgE-mediated CMPA. Bradford Hill criteria suggest a causal relationship for this pathway. Furthermore, the B/E ratio holds promise for early risk stratification, and synbiotics represent a potential mechanism-guided nutritional strategy for restoring microbial-immune homeostasis. Systematic Review Registration https://www.crd.york.ac.uk/prospero/view/CRD42025104533, PROSPERO CRD420251045333.",2026,2026-04-14,Review; JournalArticle,,https://www.semanticscholar.org/paper/03b913c9f00cfa685b12f0254b0df0bce0a6447f,False,0,,True,False,True,False
doi:10.3389/fcimb.2026.1799859,doi:10.3389/fcimb.2026.1799859,semantic_scholar,semantic_scholar,804922cfbef9e7fde03debd24bc82108b9209ad7,10.3389/fcimb.2026.1799859,42022809,13095817,"Gut microbiota and metabolome signatures in preterm infants with high versus low risk for neurodevelopmental impairment: a prospective, matched, longitudinal multi-omics study","Preterm birth is a leading global cause of neurodevelopmental impairment (NDI), yet early predictive biomarkers remain elusive. The gut microbiome, developing in parallel with the brain and communicating via the microbiota-gut-brain axis, holds potential as a source of such biomarkers. However, specific longitudinal multi-omics signatures predictive of NDI risk in preterm infants are poorly defined. We conducted a prospective, matched, longitudinal study of 60 preterm infants, classified at 3 months corrected age (CA) into high-risk (HR, n=30) or low-risk (LR, n=30) groups for NDI based on combined motor (TIMP) and neurological (GMs) assessments. Fecal samples from birth (meconium) and 3 months CA underwent shotgun metagenomic sequencing and untargeted metabolomics. Groups were rigorously matched for gestational age, birth weight, sex, and clinical exposures. While α- and β-diversity did not differ between groups, profound taxonomic and functional divergence emerged. At 3 months CA, the LR gut was enriched with Akkermansia muciniphila, whereas the HR gut was dominated by Klebsiella variicola. Functional metagenomics revealed a dysbiotic HR trajectory, enriching pathways for bacterial virulence, stress response, and—notably—multiple pathways annotated for human neurodegenerative diseases, contrasting with LR expansion of core biosynthesis. Metabolomics confirmed a dysfunctional HR state, showing impaired amino acid metabolism and aberrant neuroactive pathway enrichment. Critically, meconium features correlated with 3-month neurobehavioral scores, demonstrating ultra-early predictive potential. Integrated networks at 3 months directly linked Akkermansia muciniphila and co-varying glycerophospholipids to superior neurodevelopmental scores, forming a beneficial “Akkermansia-lipid” axis, while Klebsiella variicola and triterpenoids formed a dysbiotic hub. Our study defines a high-risk gut ecosystem trajectory in preterm infants, characterized by early commensal depletion, pathobiont expansion, and a functional shift towards inflammation and neuroinflammation. These signatures offer novel targets for early risk prediction and microbiome-targeted interventions.",2026,2026-04-07,JournalArticle,,https://www.semanticscholar.org/paper/804922cfbef9e7fde03debd24bc82108b9209ad7,False,0,,True,False,True,False
doi:10.3389/fgene.2014.00113,doi:10.3389/fgene.2014.00113,pubmed,openalex;pubmed,24822056,10.3389/fgene.2014.00113,24822056,PMC4013453,A symbiotic liaison between the genetic and epigenetic code.,"With rapid advances in sequencing technologies, we are undergoing a paradigm shift from hypothesis- to data-driven research. Genome-wide profiling efforts have given informative insights into biological processes; however, considering the wealth of variation, the major challenge still remains in their meaningful interpretation. In particular sequence variation in non-coding contexts is often challenging to interpret. Here, data integration approaches for the identification of functional genetic variability represent a possible solution. Exemplary, functional linkage analysis integrating genotype and expression data determined regulatory quantitative trait loci and proposed causal relationships. In addition to gene expression, epigenetic regulation and specifically DNA methylation was established as highly valuable surrogate mark for functional variance of the genetic code. Epigenetic modification has served as powerful mediator trait to elucidate mechanisms forming phenotypes in health and disease. Particularly, integrative studies of genetic and DNA methylation data have been able to guide interpretation strategies of risk genotypes, but also proved their value for physiological traits, such as natural human variation and aging. This Review seeks to illustrate the power of data integration in the genomic era exemplified by DNA methylation quantitative trait loci. However, the model is further extendable to virtually all traceable molecular traits.",2014,2014-05-01,Journal Article; Review,eng,https://pubmed.ncbi.nlm.nih.gov/24822056/,False,1,,True,True,True,True
doi:10.3389/fgene.2025.1559510,doi:10.3389/fgene.2025.1559510,pubmed,pubmed;scopus,40529811,10.3389/fgene.2025.1559510,40529811,PMC12170653,Genetic profiling and precision skin care: a review.,"Skin aging is a multifaceted biological phenomenon driven by intrinsic and extrinsic factors, including genetics, hormonal changes, metabolic shifts, and environmental influences. Notably, genetic factors play a significant role, explaining up to 60% of the variability in how individuals age. Genes such as elastin (ELN), filaggrin (FLG), and melanocortin 1 receptor (MC1R) play pivotal roles in processes like elasticity, hydration, and pigmentation, directly impacting both intrinsic and extrinsic aging pathways. Understanding these genetic mechanisms is crucial for advancing personalized anti-aging products and therapies, particularly given the significant variability among individuals and ethnic groups. This review explores the current state of knowledge regarding the genetic determinants of skin aging, highlighting recent discoveries and proposing functional pathways for targeted interventions. Future directions are discussed to highlight the transformative potential of these innovations in clinical and aesthetic dermatology. While genetic factors may account for up to 60% of skin aging variability in specific populations, this figure should be interpreted with caution. It primarily reflects heritability under controlled conditions and does not negate the significant influence of modifiable lifestyle and environmental factors on skin and overall aging.",2025,2025-06-03,Journal Article; Review,eng,https://pubmed.ncbi.nlm.nih.gov/40529811/,False,1,,False,True,True,False
doi:10.3389/fimmu.2025.1662942,doi:10.3389/fimmu.2025.1662942,semantic_scholar,semantic_scholar,315c5c357841023835b94bca66e582e709ee4d9e,10.3389/fimmu.2025.1662942,40881708,12380862,Elevated NK and T cell-associated cytokines in plasma are associated with serological response to influenza vaccination,"Introduction Numerous pre-vaccination factors are known to be associated with differential responses to influenza vaccination, including age, prior infection, vaccination history, immune cell frequencies, and transcriptomic profiles. However, plasma chemokines and cytokines are relatively unexplored. Given that older individuals have generally higher levels of inflammatory molecules in circulation, termed inflammaging, and also respond poorly to vaccination, plasma immune profiles likely play a role in effective response to influenza vaccination. Methods A cohort of 100 people were sampled pre- (Day 0) and post-vaccination (Day 7) with the inactivated, quadrivalent Fluzone construct in the autumn of 2019 (UGA4). Plasma chemokines and cytokines were quantified by 38-plex Luminex assay, with ultrasensitive quantification of additional analytes by Single Molecule Array Technology (Simoa) assay. Antibodies against individual strains of influenza and serological response to vaccination were determined by Day 0 hemagglutination inhibition (HAI) titer and change in HAI titers from Day 0 to Day 28, respectively. Results Age was strongly associated with pre-vaccination HAI titers and differences in plasma analytes, but not changes in HAI titers post-vaccination. High plasma levels of eotaxin (CCL11) and MDC (CCL22) pre-vaccination were associated respectively with ineffective and effective serological response to vaccination. Increasing plasma levels of IFN-γ, IL-17A, and IL-15 from Day 0 to Day 7 post-vaccination were associated with effective serological response to vaccination. Discussion In conclusion, plasma chemokines and cytokine levels prior to or in the first few days post-influenza vaccination may be predictive of serological responses to vaccination, with changes in IFN-γ, IL-17A, and IL-15 post-vaccination possibly indicative of the activation of cell-mediated immunity. These findings support the need for larger, high-resolution studies exploring the role of plasma proteomics in serological responses to influenza vaccination.",2025,2025-08-13,JournalArticle,,https://www.semanticscholar.org/paper/315c5c357841023835b94bca66e582e709ee4d9e,False,0,,True,False,True,False
doi:10.3389/fmed.2024.1426261,doi:10.3389/fmed.2024.1426261,openalex,europepmc;openalex;pubmed;scopus,https://openalex.org/W4403778990,10.3389/fmed.2024.1426261,,,Proteome-wide Mendelian randomization provides novel insights into the pathogenesis and druggable targets of osteoporosis,"Background: With the aging population, the prevalence and impact of osteoporosis are expected to rise, and existing anti-osteoporosis agents have limitations due to adverse events. This study aims to discover novel drug targets for osteoporosis. Methods: The protein data were obtained from the latest proteome-wide association studies (PWAS) including 54, 219 participants. The osteoporosis data were extracted from a GWAS meta-analysis, characterized by heel bone mineral density (HBMD) comprising 426,824 individuals. Mendelian randomization (MR) was the primary approach used to establish genetic causality between specific traits. Summary-data-based MR (SMR), colocalization analysis, heterogeneity test, and external validation were applied to ensure the findings were reliable. The underlying mechanisms behind these causal associations were investigated by additional analyses. Finally, the druggability of the identified proteins was assessed. Results: After Bonferroni correction, a total of 84 proteins were found to have a genetic association with osteoporosis. With strong colocalization evidence, proteins such as ACHE, HS6ST1, LRIG1, and LRRC37A2 were found to negatively influence HBMD, whereas CELSR2, CPE, FN1, FOXO1, and FSHB exhibited a positive association with HBMD. No significant heterogeneity was found. Additionally, CELSR2, FN1, FSHB, HS6ST1, LRIG1, and LRRC37A2 were replicated in the external validation. The effect of FSHB on HBMD was more pronounced in females compared to males. Interestingly, ACHE, LRIG1, FN1, and FOXO1 were observed to partially act on HBMD through BMI. Phewas analysis indicated that CPE and FOXO1 did not have genetic associations with any phenotypes other than osteoporosis. FN1 was highlighted as the most significant protein by protein-protein interaction network analysis. Conclusion: In conclusion, this study offers valuable insights into the role of specific proteins in the development of osteoporosis, and underscores potential therapeutic targets. Future studies should emphasize exploring these causal relationships and elucidating their underlying mechanisms.",2024,2024-10-25,article,en,https://openalex.org/W4403778990,False,3,genomics_plus_other,True,True,True,True
doi:10.3389/fmicb.2025.1725031,doi:10.3389/fmicb.2025.1725031,europepmc,europepmc;pubmed;scopus,MED:41568050,10.3389/fmicb.2025.1725031,41568050,PMC12816256,Comparative study of milk microbiota and metabolome in long-lived dairy cows with different persistent production capacities.,"Improving dairy cow lifespan is essential for sustainable livestock production. The milk microbiome and metabolome are closely associated with mammary gland health and influence the persistent productivity of dairy cows. However, the characteristics of the milk microbiome and metabolome underlying persistent productivity remain unknown. In this study, 16S rRNA sequencing and untargeted metabolomics were applied to evaluate the milk microbiome and milk metabolome composition of long-lived, high-yielding cows (LH) and long-lived, low-yielding cows (LL). The results showed that no significant differences were observed in the α - and β -diversity of milk microbiota between the two groups ( p > 0.05). However, the community assembly processes differed significantly. The LH group exhibited significantly higher levels of homogeneous selection, drift (and others) ( p p UCG-005 , Prevotellaceae UCG-003 , Ruminococcus , unclassified f Oscillospiraceae , norank f Fodinicurvataceae , and unclassified f Ruminococcaceae were significantly enriched (LDA > 2, p Escherichia coli infection were significantly enriched in the LL group (LDA > 2, p 2, p Prevotellaceae UCG-003 and UCG-005 (| r | > 0.50, p E. coli infection (| r | > 0.50, p < 0.05). The accumulation of omega-3 PUFAs in milk may help maintain the homeostasis of mammary microbial environment and promote mammary health. These results provide novel insights into the microbial and metabolic signatures underlying persistent productivity, offering potential targets for nutritional and microbial interventions to enhance dairy cow longevity.",2025,2026-01-06,research-article; Journal Article,eng,https://europepmc.org/article/MED/41568050,False,2,,True,True,True,True
doi:10.3389/fnagi.2026.1771904,doi:10.3389/fnagi.2026.1771904,openalex,openalex,https://openalex.org/W7133484489,10.3389/fnagi.2026.1771904,,,"Diet, gut microbiome, and cognition in neurodegeneration: a review and methodological framework","The gut microbiome influences brain function through the gut-brain axis via synthesis of neurotransmitters, production of metabolites affecting epithelial barrier integrity and immune modulation and signaling through the vagus nerve. In humans, microbiome diversity reflects healthy aging and predicts survival, while dysbiosis is increasingly implicated in neurodegenerative conditions including Alzheimer's disease, Parkinson's disease, multiple sclerosis, and ALS. Fecal transplant studies in germ-free mice demonstrate that microbiome alterations are sufficient to induce cognitive and neuropathological phenotypes, supporting causality in preclinical models. Genetic risk factors and environmental exposures affect both neurodegeneration risk and microbiome composition. In this review, we synthesize evidence from human cohorts and preclinical models on the gut-brain axis in cognitive health and disease. We then present a methodological framework for diet-microbiome-cognition research, addressing causal inference through mediation analysis, supervised approaches for deriving diet scores, validation strategies, and individual heterogeneity. This framework can guide development of microbiome-targeted dietary interventions to improve cognitive outcomes.",2026,2026-03-04,article,en,https://openalex.org/W7133484489,False,0,metabolomics_plus_microbiomics,True,True,True,True
doi:10.3389/fnut.2018.00117,doi:10.3389/fnut.2018.00117,semantic_scholar,semantic_scholar,72850bfe4eae39dff14648a2bee6247a46853dc0,10.3389/fnut.2018.00117,30555829,6281760,Challenges in Personalized Nutrition and Health,"Personalized nutrition and approaches employed Personalized nutrition refers to tailored nutritional recommendations aimed at the promotion, maintenance of health and prevention against diseases (1). These recommendations take into account differential responses to certain individualized food-derived nutrients that arise due to the interaction between nutrients and biological processes (2). These include the interactions between internal factors such as genetics, microbiome, metabolome interactions as well as external factors such as dietary habits and physical activity (3). In contrast to precision medicine defined by the Precision Medicine Initiative (https://obamawhitehouse.archives.gov/node/333101) as an approach toward the treatment and prevention of disease for an individual, the goal of personalized nutrition is to promote the health and well-being through diet. A balanced diet promotes good health as it provides adequate amounts of energy, proteins, vitamins, minerals, essential fats, micro, and macronutrients for the metabolic needs of the body to function properly at each stage of the lifespan. The absence of balanced food and nutrition security leads to health problems such as diabetes, obesity, and malnutrition (4). Although, the importance of nutrition and beneficial effects of food are well established, the mechanisms underlying their role in disease prevention or health benefits are incompletely understood (5, 6). Further, there exists an inter-individual response to dietary intervention due to which a sub population may benefit more than others. This underlying variability can be attributed to genetics, age, gender, lifestyle, environmental exposure, gut microbiome, epigenetics, metabolism nutrition derived from diet, and foods. The inter-individual variability to treatments and nutritional recommendations is largely reflected in biomarker values (7). Reductionist approaches fail to demonstrate how the cellular and molecular responses due to food produce health benefits (6). Current approaches used to study the inter-individual response to diet include–omics technologies such as genomics, metabolomics, proteomics integrated with the systems biology programs. These approaches are focused on integrating and analyzing complex datasets generated during dietary intervention association studies (3, 8, 9). Systems biology approaches are impacting the field of nutrition (10–12) and immunology (13), however, significant challenges still remain in the translation and application of these advances to human studies (9). A comprehensive systems-wide mechanistic understanding of the interplay between nutrition and health benefits requires the knowledge of network dynamics in the context of health, pre-disease, and disease states. This requirement gives rise to the demand for new approaches and methods that could not only quantify the effects of dietary interventions in healthy individuals but also facilitate comparison to diseased patients (6).",2018,2018-11-29,Editorial,,https://www.semanticscholar.org/paper/72850bfe4eae39dff14648a2bee6247a46853dc0,False,0,,True,True,True,True
doi:10.3389/fped.2015.00017,doi:10.3389/fped.2015.00017,semantic_scholar,semantic_scholar,3eb27936ce95070f3608c6bc09485947b377c8f7,10.3389/fped.2015.00017,25798435,4350424,The Human Neonatal Gut Microbiome: A Brief Review,"The field of genomics has expanded into subspecialties such as metagenomics over the course of the last decade and a half. The development of massively parallel sequencing capabilities has allowed for increasingly detailed study of the genome of the human microbiome, the microbial super organ that resides symbiotically within the mucosal tissues and integumentary system of the human host. The gut microbiome, and particularly the study of its origins in neonates, has become subtopics of great interest within the field of genomics. This brief review seeks to summarize recent literature regarding the origins and establishment of the neonatal gut microbiome, beginning in utero, and how it is affected by neonatal nutritional status (breastfed versus formula fed) and gestational age (term versus preterm). We also explore the role of dysbiosis, a perturbation within the fragile ecosystem of the microbiome, and its role in the origin of select pathologic states, specifically, obesity and necrotizing enterocolitis (NEC) in preterm infants. We discuss the evidence supporting enteral pre- and pro-biotic supplementation of commensal organisms such as Bifidobacterium and Lactobacillus in the neonatal period, and their role in the prevention and amelioration of NEC in premature infants. Finally, we review directions to consider for further research to promote human health within this field.",2015,2015-03-05,Review; JournalArticle,,https://www.semanticscholar.org/paper/3eb27936ce95070f3608c6bc09485947b377c8f7,False,0,,True,False,True,False
doi:10.3389/fpls.2020.589005,doi:10.3389/fpls.2020.589005,pubmed,pubmed;scopus,33281848,10.3389/fpls.2020.589005,33281848,PMC7688992,Elucidation of the miR164c-Guided Gene/Protein Interaction Network Controlling Seed Vigor in Rice.,"MicroRNAs (miRNAs) play important roles in various aspects of plant physiology and metabolism. The expression level of miR164c is negatively correlated with seed vigor in rice ( Oryza sativa L.); however, the mechanism of seed vigor regulation by miR164c remains unknown. Anti-aging capacity is an important indicator of seed vigor. Here, we report an miR164c-guided gene/protein interaction network that regulates the anti-aging ability of rice seeds. Seeds of the wild-type (WT) rice cultivar ""Kasalath"" and its transgenic derivatives, miR164c-silenced line (MIM164c) and miR164c overexpression line (OE164c), with significant differences in anti-aging capacity, showed significant differences in gene and protein expression levels. The differentially expressed genes (DEGs) or proteins were significantly enriched in six metabolic functional categories related to seed vigor, including ""stress response,"" ""protein processing in endoplasmic reticulum (ER),"" ""embryo development,"" ""serine-type endopeptidase inhibitor,"" ""energy metabolism,"" and ""other."" Differences in the expression levels of genes or proteins related to energy metabolism, serine endopeptidase, and stress response in seeds under normal storage conditions may be associated with anti-aging capacity. The results of gene/protein interaction analyses suggest that miR164c first targets PSK5 , and the PSK5 protein then interacts with the ubiquitin-associated gene RPS27AA , which simultaneously impacts the genes/proteins in the six above-mentioned functional categories. Expression levels of some of the key genes and proteins in the interaction network were verified by real-time fluorescence quantitative PCR (RT-qPCR) and multiple reaction monitoring mass spectrometry (MRM-MS), respectively. Thus, the present study provides new insights into the miRNA-mediated gene and protein interaction network that regulates seed vigor.",2020,2020-11-12,Journal Article,eng,https://pubmed.ncbi.nlm.nih.gov/33281848/,False,1,,False,True,True,False
doi:10.3389/frph.2026.1747031,doi:10.3389/frph.2026.1747031,semantic_scholar,semantic_scholar,34d2400456289c691552e83bf60028e7f12afb2a,10.3389/frph.2026.1747031,42157969,13180925,Multi-omics Mendelian randomization identifies mitochondrial genes associated with immune microenvironment signatures in endometriosis,"Background Endometriosis is a complex gynaecological disorder that affects 10%–15% of reproductive-age women and is characterized by chronic inflammation, pelvic pain, and infertility. Although mitochondrial dysfunction is implicated in endometriosis pathogenesis, the causal relationships between mitochondrial genes and endometriosis remain unclear. This study aims to elucidate these relationships through multiomics bioinformatics analysis and experimental validation. Methods We analysed 1,133 mitochondrial-related genes from the MitoCarta3.0 database, incorporating eQTL, pQTL, and mQTL data from the eQTLGen, DECODE, and Brisbane databases. Two-sample Mendelian randomization and summary data Mendelian randomization were performed using FinnGen endometriosis GWAS data to establish causal relationships. Protein–protein interaction networks were constructed, followed by GO/KEGG functional enrichment analysis. Machine learning algorithms, including LASSO, random forest, and Boruta, were applied to the GSE51981 and GSE7305 datasets for feature gene selection. Single-sample gene set enrichment analysis was used to assess correlations with immune cells. Additionally, immunohistochemical validation was performed on endometrial samples from endometriosis patients and controls. Results Mendelian randomization revealed 128 mitochondrial genes with significant causal relationships to endometriosis that were significantly enriched in the steroid biosynthesis, fatty acid elongation, and mitochondrial gene expression pathways. Five key feature genes (PHYH, GPD2, C12orf65, MRPS6, and RPL21) were selected, with GPD2 and MRPS6 demonstrating preliminary predictive value (AUC > 0.6) in both the training and validation cohorts. These genes were significantly associated with macrophages and NK cells, suggesting that mitochondrial dysfunction may contribute to endometriosis through immune modulation. Immunohistochemical validation confirmed high expression of the marker genes GPD2 and MRPS6, which was consistent with the transcriptomic findings. Conclusions This study systematically elucidated the causal roles of mitochondrial genes in endometriosis, identifying GPD2 and MRPS6 as potential exploratory biomarkers and therapeutic targets. These findings provide a foundation for precision diagnostics and targeted therapeutic strategies for endometriosis management.",2026,2026-05-04,JournalArticle,,https://www.semanticscholar.org/paper/34d2400456289c691552e83bf60028e7f12afb2a,False,0,,True,False,True,False
doi:10.3390/app16125899,doi:10.3390/app16125899,openalex,openalex;scopus;semantic_scholar,https://openalex.org/W7164577290,10.3390/app16125899,,,Biotechnology Applied to Forensic Sciences,"Forensic biotechnology is a rapidly evolving interdisciplinary field integrating molecular biology, genomics, and data science to address complex investigative challenges. Its applications span diverse domains, including criminalistics, food authentication, environmental monitoring, and bioterrorism preparedness. Advanced technologies such as Next-Generation Sequencing (NGS), CRISPR-Cas biosensors, and Artificial Intelligence (AI) play pivotal roles in modern diagnostics. NGS and eDNA revolutionize genetic profiling and ecological tracking, while microbiome analysis provides crucial insights into post-mortem intervals, cause of death, and geolocation. Simultaneously, CRISPR-based methods enable ultra-rapid pathogen detection, nanobiotechnology facilitates portable Lab-on-a-Chip (LOC) DNA analysis, and AI-driven algorithms optimize the interpretation of complex genomic mixtures and epigenetic age estimation. Despite these breakthroughs, significant challenges persist, including the strict legal admissibility of novel methodologies, the “black-box” dilemma in AI, ethical concerns regarding genetic privacy, and the critical need for global standardization. This review critically examines current biotechnological progress and future prospects, emphasizing the necessity of interdisciplinary collaboration to ensure reliable, accurate, and ethically sound forensic practices.",2026,2026-06-11,article,en,https://openalex.org/W7164577290,False,2,genomics_plus_other,True,True,False,False
doi:10.3390/biomedicines10081805,doi:10.3390/biomedicines10081805,europepmc,europepmc;pubmed;scopus,MED:36009354,10.3390/biomedicines10081805,36009354,PMC9404854,Concerted Regulation of Glycosylation Factors Sustains Tissue Identity and Function.,"Glycosylation is a fundamental cellular process affecting human development and health. Complex machinery establishes the glycan structures whose heterogeneity provides greater structural diversity than other post-translational modifications. Although known to present spatial and temporal diversity, the evolution of glycosylation and its role at the tissue-specific level is poorly understood. In this study, we combined genome and transcriptome profiles of healthy and diseased tissues to uncover novel insights into the complex role of glycosylation in humans. We constructed a catalogue of human glycosylation factors, including transferases, hydrolases and other genes directly involved in glycosylation. These were categorized as involved in N-, O- and lipid-linked glycosylation, glypiation, and glycosaminoglycan synthesis. Our data showed that these glycosylation factors constitute an ancient family of genes, where evolutionary constraints suppressed large gene duplications, except for genes involved in O-linked and lipid glycosylation. The transcriptome profiles of 30 healthy human tissues revealed tissue-specific expression patterns preserved across mammals. In addition, clusters of tightly co-expressed genes suggest a glycosylation code underlying tissue identity. Interestingly, several glycosylation factors showed tissue-specific profiles varying with age, suggesting a role in ageing-related disorders. In cancer, our analysis revealed that glycosylation factors are highly perturbed, at the genome and transcriptome levels, with a strong predominance of copy number alterations. Moreover, glycosylation factor dysregulation was associated with distinct cellular compositions of the tumor microenvironment, reinforcing the impact of glycosylation in modulating the immune system. Overall, this work provides genome-wide evidence that the glycosylation machinery is tightly regulated in healthy tissues and impaired in ageing and tumorigenesis, unveiling novel potential roles as prognostic biomarkers or therapeutic targets.",2022,2022-07-27,research-article; Journal Article,eng,https://europepmc.org/article/MED/36009354,False,2,,True,True,True,True
doi:10.3390/cancers16081551,doi:10.3390/cancers16081551,semantic_scholar,semantic_scholar,40c4916d1b2324863c3bf1499e6f4118c438604f,10.3390/cancers16081551,38672633,11049251,Molecular Landscape and Therapeutic Strategies against Colorectal Cancer,"Simple Summary Colorectal cancer (CRC) is the second leading cause of cancer deaths worldwide. Genetic alterations promote cancer development and its spread to distant sites. Medications that counteract the effects of these alterations/mutations, called targeted therapies, are used to treat CRC. Immunotherapy, another class of medications that promotes immune system mediated recognition and destruction of cancer cells, is used for treatment of a small subset of CRC patients. Here we review the current state of knowledge and ongoing research into biomarkers, targeted therapy, and immunotherapy for CRC treatment. Abstract Colorectal cancer (CRC) is the second leading cause of cancer deaths worldwide. Although the overall incidence of CRC is decreasing, the incidence of young-onset CRC, characterized by a diagnosis of CRC before age 50, is increasing. Outcomes for CRC patients are improving, partly due to comprehensive molecular characterization of tumors and novel therapeutic strategies. Advances in genomic and transcriptomic analyses using blood- and tumor-tissue-based sequencing have facilitated identification of distinct tumor subtypes harboring unique biological characteristics and therapeutic vulnerabilities. These insights have led to the development and incorporation of targeted therapies and immunotherapy in CRC treatment. In this review, we discuss the molecular landscape and key oncogenes/tumor suppressors contributing to CRC tumorigenesis, metastasis, and therapeutic resistance. We also discuss personalized therapeutic strategies for subsets of CRC patients and provide an overview of evolving novel treatments being evaluated in clinical trials.",2024,2024-04-01,Review; JournalArticle,,https://www.semanticscholar.org/paper/40c4916d1b2324863c3bf1499e6f4118c438604f,False,0,,True,False,True,False
doi:10.3390/cells15131177,doi:10.3390/cells15131177,semantic_scholar,semantic_scholar,2f1c5648c1342cc609fe7f07f7020803bdea7202,10.3390/cells15131177,42439654,13359767,Emerging New Pathways in Malignant Neoplasms and Neurodegenerative Disorders: Perspectives for Therapeutics,"Highlights What are the main findings? The inverse cancer–neurodegeneration relationship is not uniform; it varies by cancer type and neurodegenerative diagnosis, with stronger inverse patterns for AD and PD/Lewy body spectrum disorders, reduced overall cancer prevalence reported in FTLD, and melanoma representing an important exception in PD. Cancer and neurodegeneration may reflect divergent aging-related pathway trajectories, involving PI3K–AKT–mTOR, p53/DNA damage responses, IGF/MAPK, BCL-2, proteostasis/autophagy, senescence/SASP signaling, and transcriptomic/genetic programs that can shift toward malignant proliferation or neurodegenerative vulnerability. What are the implications of the main findings? Pathology-resolved and cancer subtype-specific analyses are needed to distinguish true biological inverse relationships from survival bias, diagnostic ascertainment, treatment effects, and mixed dementia pathology. The cancer–neurodegeneration interface may reveal therapeutic opportunities, including oncology-derived kinase inhibitors, lysosomal modulators, epigenetic modulators, senolytics, and transcriptomic drug-repurposing strategies, but interventions must account for the trade-off between enhancing neuronal survival and increasing oncogenic risk. Abstract Neurodegenerative disorders such as Alzheimer’s disease (AD) and malignant neoplasms are among the most prevalent age-associated diseases worldwide. Although cancer is characterized by uncontrolled proliferation, resistance to apoptosis, and metabolic reprogramming, AD and other neurodegenerative disorders such as Lewy body disease (LBD) including Parkinson’s Disease (PD) and fronto-temporal lobar degeneration (FTLD) are defined by synaptic dysfunction, neuronal loss, neuroinflammation, and impaired proteostasis with misfolded protein aggregates. Despite these contrasting phenotypes, converging epidemiological and molecular data support an inverse relationship between cancer and neurodegenerative disorders, whereby a history of cancer is associated with reduced AD risk, whereas AD is linked to a lower incidence of multiple malignancies. These observations suggest that oncogenesis and neurodegeneration may represent divergent outcomes of shared biological processes dysregulated during aging. This conundrum likely reflects differential regulation of core cellular pathways governing cell survival, stress responses, metabolism, and genomic integrity but could also reflect the differential influence of aging pathways and secreted growth factors. Pro-survival and proliferative signaling pathways commonly activated in cancer, including PI3K–AKT–mTOR signaling, altered p53 function, enhanced DNA damage tolerance, and anabolic metabolism, are often impaired in AD, LBD and FTLD, where neurons exhibit heightened vulnerability to stress, mitochondrial dysfunction, defective autophagy, and activation of pro-apoptotic cascades. Conversely, tumor-suppressive mechanisms that restrain proliferation may protect against malignancy but increase susceptibility to degeneration in post-mitotic neurons. Aging-related processes such as cellular senescence, immune dysregulation, and loss of proteostasis may further exert divergent effects in oncogenesis and neurodegeneration. This review aims to clarify associations between specific cancer types and neurodegenerative disorders, examine shared and opposing selected molecular mechanisms linking specific cancers and neurodegeneration, and contextualize these relationships within broader aging pathways (e.g., cell senescence, proteostasis). By integrating epidemiological, mechanistic, and therapeutic perspectives, we highlight unifying biological principles and translational opportunities at the intersection of cancer, neurodegeneration, and aging.",2026,2026-06-29,Review; JournalArticle,,https://www.semanticscholar.org/paper/2f1c5648c1342cc609fe7f07f7020803bdea7202,False,0,,True,True,True,True
doi:10.3390/genes16080986,doi:10.3390/genes16080986,semantic_scholar,semantic_scholar,b6808ca1329471906818f3f028d169fbabc84c40,10.3390/genes16080986,40870034,12385487,Intron Retention: A Reemerging Paradigm in RNA Biology and Post-Transcriptional Gene Regulation,"For 40 years, Intron Retention (IR) was dismissed as splicing noise and is now recognized as a dynamic and evolutionarily conserved mechanism of post-transcriptional gene regulation. Unlike canonical splicing, which excises all introns from pre-mRNAs, IR selectively retains intronic sequences, albeit at seemingly random places; however, current research now reveals that this process is strategic in its retention. IR influences mRNA stability, localization, and translational potential. Retained introns can lead to nonsense-mediated decay, promote nuclear retention, or give rise to novel protein isoforms that contribute to expanding proteomic and transcriptomic profiles. IR is finely regulated by splice site strength, splicing regulatory elements, chromatin structure, methylation patterns, RNA polymerase II elongation rates, and the availability of co-transcriptional splicing factors. IR plays critical roles in cell-type and tissue-specific gene expression with observed patterns, particularly during neuronal, cardiac, hematopoietic, and immune development. It also functions as a molecular switch during cellular responses to environmental and physiological stressors such as hypoxia, heat shock, and infection. Dysregulated IR is increasingly associated with cancer, neurodegeneration, aging, and immune dysfunction, where it may alter protein function, suppress tumor suppressor genes, or generate immunogenic neoepitopes. Experimental and computational tools like RNA-seq, RT-PCR, IRFinder, and IntEREst have enabled transcriptome-wide detection and validation of IR events, uncovering their widespread functional roles. This review will examine current knowledge on the function, regulation, and detection of IR, and also summarize recent advances in understanding its role in both normal and pathophysiological settings.",2025,2025-08-01,Review; JournalArticle,,https://www.semanticscholar.org/paper/b6808ca1329471906818f3f028d169fbabc84c40,False,0,,True,True,True,True
doi:10.3390/ijms23010285,doi:10.3390/ijms23010285,europepmc,europepmc;pubmed;scopus,MED:35008708,10.3390/ijms23010285,35008708,PMC8745688,"Fundamental Clock of Biological Aging: Convergence of Molecular, Neurodegenerative, Cognitive and Psychiatric Pathways: Non-Equilibrium Thermodynamics Meet Psychology.","In humans, age-associated degrading changes, widely observed in molecular and cellular processes underly the time-dependent decline in spatial navigation, time perception, cognitive and psychological abilities, and memory. Cross-talk of biological, cognitive, and psychological clocks provides an integrative contribution to healthy and advanced aging. At the molecular level, genome, proteome, and lipidome instability are widely recognized as the primary causal factors in aging. We narrow attention to the roles of protein aging linked to prevalent amino acids chirality, enzymatic and spontaneous (non-enzymatic) post-translational modifications (PTMs SP ), and non-equilibrium phase transitions. The homochirality of protein synthesis, resulting in the steady-state non-equilibrium condition of protein structure, makes them prone to multiple types of enzymatic and spontaneous PTMs, including racemization and isomerization. Spontaneous racemization leads to the loss of the balanced prevalent chirality. Advanced biological aging related to irreversible PTMs SP has been associated with the nontrivial interplay between somatic (molecular aging) and mental (psychological aging) health conditions. Through stress response systems (SRS), the environmental and psychological stressors contribute to the age-associated ""collapse"" of protein homochirality. The role of prevalent protein chirality and entropy of protein folding in biological aging is mainly overlooked. In a more generalized context, the time-dependent shift from enzymatic to the non-enzymatic transformation of biochirality might represent an important and yet underappreciated hallmark of aging. We provide the experimental arguments in support of the racemization theory of aging.",2021,2021-12-28,review-article; Review; Journal Article,eng,https://europepmc.org/article/MED/35008708,False,3,,True,True,True,True
doi:10.3390/ijms26167876,doi:10.3390/ijms26167876,europepmc,europepmc;google_scholar;openalex;pubmed;scopus;semantic_scholar,MED:40869199,10.3390/ijms26167876,40869199,PMC12386583,Multi-Omics Reveals Molecular and Genetic Mechanisms Underlying Egg Albumen Quality Decline in Aging Laying Hens.,"As the laying cycle is prolonged, the egg albumen quality exhibits a declining trend. A Haugh unit (HU) is a standard measure of the albumen quality, which reflects viscosity and freshness. During the late laying period, the HU not only decreased significantly, but also exhibited greater variability among individuals. The magnum, as the primary site of albumen synthesis, plays a central role in this process; however, the mechanisms by which it regulates the albumen quality remain unclear. To address this, we obtained genomic and transcriptomic data from 254 individuals, along with single-cell RNA sequencing (scRNA-seq) data of the magnum tissue. Genome-wide association studies (GWAS) across five laying stages (66, 72, 80, 90, and 100 weeks of age) identified 77 HU-associated single-nucleotide polymorphisms (SNPs). Expression quantitative trait locus (eQTL) mapping linked these variants to the expression of 12 genes in magnum tissue. In addition, transcriptomic analysis using linear regression and random forest models identified 259 genes that significantly correlated with the HU. Single-cell RNA sequencing further revealed two key cell types, plasma cells and a subset of epithelial cells, marked by ADAMTSL1 and OVAL , which are functionally relevant to the HU. Through integrated Transcriptome-Wide Association Study (TWAS) and Summary-data-based Mendelian Randomization (SMR) analyses, we identified four robust regulators of the albumen quality: CISD1 , NQO2 , SLC22A23 , and CMTM6 . These genes are functionally involved in mitochondrial function, antioxidant defense, and membrane transport. Overall, our findings uncovered the genetic and cellular mechanisms underlying age-related decline in the albumen quality and identified potential targets for improving the egg quality in aging flocks.",2025,2025-08-15,research-article; Journal Article,eng,https://europepmc.org/article/MED/40869199,False,5,,True,True,True,True
doi:10.3390/ijms27146340,doi:10.3390/ijms27146340,europepmc,europepmc;openalex;pubmed,MED:42511683,10.3390/ijms27146340,42511683,,Integrative Analysis Coupled with In Vitro Validation Reveals <i>KAZN</i> and <i>SUPT3H</i> as Shared Negative Regulators in Osteosarcopenia.,"Osteosarcopenia, which is the coexistence of sarcopenia and osteoporosis, is being increasingly recognized as a systemic musculoskeletal aging syndrome. However, shared molecular regulators of bone-muscle deterioration remain unclear. In this study, we integrated bulk transcriptomic datasets from sarcopenic skeletal muscle and osteoporosis peripheral blood mononuclear cells to identify shared differentially expressed genes, followed by two-sample Mendelian randomization using osteoporosis genome-wide association study summary statistics to prioritize genes with potential causal relevance. Furthermore, diagnostic performance, functional enrichment, immune infiltration, single-cell RNA sequencing, regulatory network reconstruction, compound prediction, and siRNA-mediated validation were conducted in C2C12 and MC3T3-E1 cells. Overall, 122 shared differentially expressed genes were preliminarily screened, and KAZN and SUPT3H were tentatively proposed as candidate genes genetically associated with osteoporosis risk. Both genes were upregulated in the disease groups and exhibited weak to modest diagnostic performance. Furthermore, Kazn or Supt3h knockdown promoted myogenic differentiation in C2C12 cells as well as osteogenic differentiation and mineralization in MC3T3-E1 cells, supporting their roles as negative regulators of lineage differentiation. Moreover, functional analyses linked KAZN mainly to mitochondrial-related programs and SUPT3H to immune signaling, whereas single-cell analyses localized these genes to stromal, progenitor, and immune-related compartments. These hypothesis-generating findings suggest that KAZN and SUPT3H participate in shared bone-muscle dysfunction and generate candidate genes and mechanistic hypotheses for subsequent functional validation and translational research.",2026,2026-07-16,Journal Article,eng,https://europepmc.org/article/MED/42511683,False,2,,True,True,True,True
doi:10.3390/life13101988,doi:10.3390/life13101988,europepmc,europepmc;pubmed;scopus,MED:37895370,10.3390/life13101988,37895370,PMC10608440,Bioinformatics Analysis and Experimental Verification of Exercise for Aging Mice in Different Brain Regions Based on Transcriptome Sequencing.,"Purpose Physical exercise mitigates the effects of aging and cognitive decline. However, the precise neurobiological mechanisms underlying this phenomenon remain unclear. The primary aim of this study was to investigate the protective effect of exercise on age-related memory deficits in the prefrontal cortex (PFC) and hippocampus using bioinformatic analysis and biochemical verification. Methods Young and aging mice were subjected to natural feeding or treadmill exercise (12 m/min, 8 weeks). Cognitive function was accessed using the Barnes maze and novel object recognition. Bioinformatic analysis was performed to identify co-expressed genes in different groups and brain regions. The selected genes and pathways were validated using RT-qPCR. Results Regular exercise significantly ameliorated age-related cognitive deficits. Four up-regulated targets (Ifi27l2a, Irf7, Oas1b, Ifit1) and one down-regulation (Septin2) were reversed by exercise, demonstrating the underlying mechanisms of cognitive functions induced by aging with exercise in the hippocampus and PFC. The Gene Ontology terms and Kyoto Encyclopedia of Genes and Genomes pathway enrichment analyses indicated that the NOD-like receptor signaling pathway was inhibited in the neuroinflammation effects of exercise in aging mice in both brain regions. Conclusion Exercise enhances age-related learning and memory deficits. This beneficial effect may be attributed to the changes in five up/down-regulated genes and the NOD-like receptor signaling pathway in both the hippocampus and PFC. These findings establish the modulation of neuroinflammation as a pivotal molecular mechanism supporting exercise intervention in the brain aging process.",2023,2023-09-29,research-article; Journal Article,eng,https://europepmc.org/article/MED/37895370,False,2,,True,True,True,True
doi:10.3390/nu12123749,doi:10.3390/nu12123749,semantic_scholar,semantic_scholar,975817bc64feca831f721288bdc98893c8cf8220,10.3390/nu12123749,33291229,7762109,The Specific Carbohydrate Diet and Diet Modification as Induction Therapy for Pediatric Crohn’s Disease: A Randomized Diet Controlled Trial,"Background: Crohn’s disease (CD) is a chronic inflammatory intestinal disorder associated with intestinal dysbiosis. Diet modulates the intestinal microbiome and therefore has a therapeutic potential. The aim of this study is to determine the potential efficacy of three versions of the specific carbohydrate diet (SCD) in active Crohn’s Disease. Methods: 18 patients with mild/moderate CD (PCDAI 15–45) aged 7 to 18 years were enrolled. Patients were randomized to either SCD, modified SCD(MSCD) or whole foods (WF) diet. Patients were evaluated at baseline, 2, 4, 8 and 12 weeks. PCDAI, inflammatory labs and multi-omics evaluations were assessed. Results: Mean age was 14.3 ± 2.9 years. At week 12, all participants (n = 10) who completed the study achieved clinical remission. The C-reactive protein decreased from 1.3 ± 0.7 at enrollment to 0.9 ± 0.5 at 12 weeks in the SCD group. In the MSCD group, the CRP decreased from 1.6 ± 1.1 at enrollment to 0.7 ± 0.1 at 12 weeks. In the WF group, the CRP decreased from 3.9 ± 4.3 at enrollment to 1.6 ± 1.3 at 12 weeks. In addition, the microbiome composition shifted in all patients across the study period. While the nature of the changes was largely patient specific, the predicted metabolic mode of the organisms increasing and decreasing in activity was consistent across patients. Conclusions: This study emphasizes the impact of diet in CD. Each diet had a positive effect on symptoms and inflammatory burden; the more exclusionary diets were associated with a better resolution of inflammation.",2020,2020-12-01,JournalArticle,,https://www.semanticscholar.org/paper/975817bc64feca831f721288bdc98893c8cf8220,False,0,,True,False,False,False
doi:10.3390/nu18040597,doi:10.3390/nu18040597,semantic_scholar,semantic_scholar,9609fc756908925b1187f09bdd3630d29ed42116,10.3390/nu18040597,41754113,12943304,Stage-Dependent Metabolic Responses to Oral Nutritional Supplementation in Cancer Cachexia: A Single-Arm Pilot Study,"Background/Objectives: Cancer cachexia is a multifactorial syndrome characterized by involuntary weight loss and muscle wasting, leading to impaired quality of life and poor clinical outcomes. Although oral nutritional supplements (ONS) are recommended to support inadequate oral intake during chemotherapy, their effects on underlying metabolic alterations and gut microbiome composition, particularly across different stages of cachexia remain unclear. This single-arm pilot study aimed to evaluate the feasibility and metabolic effects of an 8-week ONS intervention in patients with cancer cachexia undergoing chemotherapy. Methods: This study was conducted at the Chungnam National University Hospital, Daejeon, Republic of Korea between January 2023 and October 2023. The primary endpoints were feasibility outcomes, including adherence, tolerability, attrition rate, and ONS-related adverse events. Secondary outcomes included body composition, physical performance, biochemical markers, quality of life, plasma GDF-15 levels, serum metabolomics, and gut microbiome composition. Assessment of secondary outcomes and multi-omics profiling was performed at baseline and after 8 weeks. Patients were stratified into severe and non-severe cachexia groups and analyzed. Results: A total of 10 patients (median age 65 years, range 42–76) participated. Primary cancer types included cholangiocarcinoma (n = 4), colorectal (n = 4), and gallbladder cancer (n = 2). Adherence was 82%, with excellent tolerability and no ONS-related adverse events. Body composition, quality of life, and gut microbiome showed no significant changes. Hand-grip strength and walking-speed were slightly improved after 8 weeks intervention (p = 0.014 for hand-grip strength; p = 0.021 for walking-speed, Wilcoxon signed-rank test) in overall cohort. Metabolomics identified 10 metabolites, predominantly fatty acids, with significant between-group differential responses (p < 0.05, Mann–Whitney U test). Non-severe cachexia patients showed reductions in circulating fatty acids following ONS, consistent with attenuated lipolysis and reduced endogenous fat mobilization, whereas severe cachexia patients demonstrated increases, suggesting limited metabolic responsiveness to nutritional intervention. Fatty acid metabolism emerged as the predominant discriminatory pathway. Conclusions: This study showed the feasibility of integrating ONS with multi-omics profiling. Our findings suggest that metabolic alterations might precede clinically detectable changes, potentially providing a rationale for early intervention. Specifically, certain fatty acids were identified as candidate biomarkers that warrant further validation in larger cohorts.",2026,2026-02-01,JournalArticle,,https://www.semanticscholar.org/paper/9609fc756908925b1187f09bdd3630d29ed42116,False,0,,True,False,True,False
doi:10.3390/reprodmed7010009,doi:10.3390/reprodmed7010009,semantic_scholar,semantic_scholar,8008f3864fa3a60de62e3f6e7db4a608dd865d9a,10.3390/reprodmed7010009,,,"Early to Mature, Early to Detect: Artificial Intelligence in the Risk Prediction and Diagnosis of Precocious Puberty","Background/Objectives: Precocious puberty (PP), defined as the onset of secondary sexual characteristics before 8 years in girls and 9 years in boys, is associated with psychosocial distress, compromised adult height, and long-term metabolic risk. Early identification remains challenging, as current diagnostic approaches are largely reactive and rely on invasive or resource-intensive testing. This narrative review examines how artificial intelligence (AI) can support earlier risk prediction and detection of PP through integration of clinical, hormonal, imaging, lifestyle, and environmental data. Methods: A narrative literature review was conducted using PubMed, Scopus, Embase, Web of Science, and Google Scholar to identify relevant studies published between 2005 and 2025. Eligible studies included original research and high-quality reviews that examined AI-based approaches, such as machine learning and deep learning, in pediatric endocrinology, particularly for the prediction or diagnosis of central or peripheral precocious puberty. Studies incorporating clinical, hormonal, radiological, lifestyle, environmental, or multi-omics data relevant to AI modeling were included. Results: AI models, including XGBoost, random forest, convolutional neural networks, and regression-based approaches, have demonstrated potential utility in predicting central precocious puberty using hormonal, imaging, and growth data. Reported applications include automated bone age assessment, lifestyle and dietary risk stratification, and exploratory use of wearable-derived behavioral data. However, progress is limited by small pediatric datasets, population bias, limited interpretability, and unresolved ethical challenges related to privacy, consent, and equity. Conclusions: Artificial intelligence represents a promising decision-support approach for earlier, non-invasive, and individualized risk assessment in precocious puberty. Future progress will depend on the integration of longitudinal, multimodal data, the development of ethical models, and interdisciplinary collaboration among pediatric endocrinologists, data scientists, and public health stakeholders.",2026,2026-02-13,JournalArticle; Review,,https://www.semanticscholar.org/paper/8008f3864fa3a60de62e3f6e7db4a608dd865d9a,False,0,,True,False,False,False
doi:10.3748/wjg.v27.i18.2054,doi:10.3748/wjg.v27.i18.2054,semantic_scholar,semantic_scholar,471aeed77eb31333baa19ee01e7dab9a01939d15,10.3748/wjg.v27.i18.2054,34025064,8117736,Role of microbial dysbiosis in the pathogenesis of esophageal mucosal disease: A paradigm shift from acid to bacteria?,"Genomic sequencing, bioinformatics, and initial speciation (e.g., relative abundance) of the commensal microbiome have revolutionized the way we think about the “human” body in health and disease. The interactions between the gut bacteria and the immune system of the host play a key role in the pathogenesis of gastrointestinal diseases, including those impacting the esophagus. Although relatively stable, there are a number of factors that may disrupt the delicate balance between the luminal esophageal microbiome (EM) and the host. These changes are thought to be a product of age, diet, antibiotic and other medication use, oral hygiene, smoking, and/or expression of antibiotic products (bacteriocins) by other flora. These effects may lead to persistent dysbiosis which in turn increases the risk of local inflammation, systemic inflammation, and ultimately disease progression. Research has suggested that the etiology of gastroesophageal reflux disease-related esophagitis includes a cytokine-mediated inflammatory component and is, therefore, not merely the result of esophageal mucosal exposure to corrosives (i.e., acid). Emerging evidence also suggests that the EM plays a major role in the pathogenesis of disease by inciting an immunogenic response which ultimately propagates the inflammatory cascade. Here, we discuss the potential role for manipulating the EM as a therapeutic option for treating the root cause of various esophageal disease rather than just providing symptomatic relief (i.e., acid suppression).",2021,2021-05-14,Review; JournalArticle,,https://www.semanticscholar.org/paper/471aeed77eb31333baa19ee01e7dab9a01939d15,False,0,,True,False,True,False
doi:10.4049/jimmunol.202.supp.139.17,doi:10.4049/jimmunol.202.supp.139.17,semantic_scholar,semantic_scholar,e8af6a2b545c4073c84d6c9e35daa741373507d3,10.4049/jimmunol.202.supp.139.17,,,Novel approaches for studying cell-mediated immune responses to influenza vaccination in humans,"Vaccination is the most cost-effective public health intervention strategy in the prevention of the spread of infectious diseases. Unfortunately, each year, a substantial proportion of individuals do not respond or respond poorly to vaccination due to age, nutrition, pre-existing medical conditions, vaccine mismatch, or other unknown reasons. To investigate this further, we propose studying the mechanisms and molecular signatures associated with immunogenicity and the efficacy of influenza vaccination in different populations. The priming environment, induced by the innate immune system is crucial for initiating and fine-tuning antigen-specific adaptive immune responses. Comprehensive antibody panels have been developed to identify the new paradigms in the innate priming environment, focusing on NK, innate lymphoid cells and γδ T cells by flow cytometry in PBMC from vaccine recipients. The specific functions of these cells are then analyzed using single cell sorting and high-throughput transcriptomic and proteomics analysis. To further probe the adaptive response, we have successfully developed receptor binding site mutant HA (H1, H3, B) and HA stem (group 1 and 2) probes that are conjugated to fluorochromes to enumerate and characterize HA-specific B cells. M2e antigen probes are under development. Combining cell sorting, single cell molecular analyses, and the Illumina MiSeq system, paired heavy and light chains of B cell receptors (BCR) from isolated antigen specific B cells are sequenced to dissect antibody diversity. Through these novel approaches, we aim to identify and characterize critical host factors that can be exploited to develop as novel adjuvants and strategies for more effective influenza vaccines.",2019,2019-05-01,,,https://www.semanticscholar.org/paper/e8af6a2b545c4073c84d6c9e35daa741373507d3,False,0,,True,False,True,False
doi:10.4103/agingadv.agingadv-d-25-00049,doi:10.4103/agingadv.agingadv-d-25-00049,semantic_scholar,semantic_scholar,4b593705099b9fd99698396e555bcbc51557113d,10.4103/agingadv.agingadv-d-25-00049,,,Multi-target modulation of glycation-driven skin aging by bioactive compounds of medicinal plants: A narrative review,"Skin aging is a complex biological process driven by the interplay of intrinsic genetic factors and extrinsic environmental stressors. Among the underlying mechanisms, non-enzymatic glycation and the progressive accumulation of advanced glycation end products are widely acknowledged as central contributors to skin aging. Upon binding to their primary receptor, receptor for advanced glycation end products, advanced glycation end products activate multiple critical signaling pathways—including mitogen-activated protein kinase, nuclear factor-kappa B, protein kinase C, and Wnt/β-catenin—triggering oxidative stress, chronic inflammation, degradation of the extracellular matrix, and cellular senescence. These molecular events collectively lead to hallmark phenotypic features of aged skin, such as wrinkle formation, loss of elasticity, and uneven pigmentation. In recent years, medicinal plants have demonstrated considerable promise in targeting glycation-related pathways, leveraging their inherent advantages of multi-component composition, multi-target engagement, and systemic regulation. This review outlines the fundamental process of non-enzymatic glycation and its pathological implications in skin aging, with a focused analysis of the advanced glycation end products and their receptors mediated signaling network. Furthermore, it integrates current evidence on how representative medicinal plants, including Astragalus membranaceus , Panax ginseng , Angelica sinensis , Platycodon grandiflorum , Leonurus japonicus , and Psoralea corylifolia , and their bioactive constituents exert anti-skin aging effects through the modulation of these pathways. Accumulating studies indicate that medicinal plants can achieve synergistic anti-aging outcomes via diverse mechanisms, such as suppressing early glycation reactions, disrupting the interactions of advanced glycation end products and their receptors, attenuating oxidative stress and inflammatory cascades, enhancing collagen biosynthesis, and restoring stem cell functionality. With advancements in three-dimensional skin models, organoid systems, network pharmacology, artificial intelligence-assisted drug discovery, and novel delivery platforms such as nanocarriers and hydrogels, medicinal plant-based anti-aging research is transitioning toward greater precision, integration, and modernization. Future efforts should prioritize multi-omics data integration, the establishment of standardized evaluation frameworks, and in-depth investigations of emerging mechanisms such as the “gut microbiota–skin axis.” Such endeavors will accelerate the innovative translation of medicinal plants into clinically viable interventions, offering safe, effective, and natural strategies to support healthy aging.",2026,2026-05-23,JournalArticle; Review,,https://www.semanticscholar.org/paper/4b593705099b9fd99698396e555bcbc51557113d,False,0,,True,True,True,True
doi:10.4161/cc.10.24.18832,doi:10.4161/cc.10.24.18832,europepmc,europepmc;pubmed;scopus;semantic_scholar,MED:22157189,10.4161/cc.10.24.18832,22157189,,Adult stem cells: simply a tool for regenerative medicine or an additional piece in the puzzle of human aging?,"Adult stem cells have taken center stage in current research related to regenerative medicine and pharmacogenomic studies seeking new therapeutic interventions. As we learn more about these cells, it is becoming apparent that the next big leap in our understanding of adult stem cell biology and adult stem cell aging will depend on the integration of approaches from various disciplines. Major advances and technological breakthroughs at the crossroad of fields such as biomaterials, genomics, epigenomics, and proteomics will enable the design of better tools to model human diseases, and warrant safe usage of adult stem cells in the clinic.",2011,2011-12-15,Journal Article,eng,https://europepmc.org/article/MED/22157189,False,3,,True,True,True,True
doi:10.5075/epfl-thesis-7352,doi:10.5075/epfl-thesis-7352,openalex,openalex,https://openalex.org/W2564219954,10.5075/epfl-thesis-7352,,,"Mitochondrial unfolded protein response, its molecular mechanism and physiological impact","Mitochondria are the main producers of ATP, the energy currency of the cell, and they perform a wide array of other fundamental functions. These organelles are essential not only for cellular metabolism, but also for organismal physiology and lifespan. A recently discovered mitochondrial unfolded protein response (UPRmt) maintains the mitochondrial proteostasis by managing protein quality control (PQC) network during proteotoxic stress. Recent findings show that activation of this repair pathway improves mitochondrial function and is associated with increased longevity. My thesis aims to expand the knowledge about the UPRmt by exploring its molecular mechanism and impact on mitochondrial stress induced longevity. We performed three studies: Identification of two epigenetic UPRmt regulators (chapter 2). In collaboration with Prof. Dillinâ s laboratory (UCB, USA), we identified the conserved histone demethylases jmjd-1.2/PHF8 and jmjd-3.1/JMJD3 as positive regulators of UPRmt and longevity in response to mitochondrial electron transport chain (ETC) dysfunction across species. A systems genetics analysis of data from the BXD mouse genetic reference population (GRP) further indicates conserved roles of the mammalian orthologs of these demethylases in longevity and UPRmt signaling. These findings illustrate an evolutionary conserved epigenetic mechanism that determines the rate of aging, downstream of mitochondrial perturbations. Relation between UPRmt and TCA cycle (chapter 3). We investigated the effects of genetic perturbations of the TCA cycle on the UPRmt and lifespan. We found that downregulation of several TCA cycle enzymes induces UPRmt, but they have divergent effects on lifespan. Restricting the knockdown of these genes to early larval development stages had positive effects on longevity, which was dependent on UPRmt. We analysed the transcriptomes of C. elegans with knockdown of these TCA cycle genes and compared them with those obtained after the knockdown of other mitochondrial genes, which are known to induce the UPRmt. We identified a core set of transcripts, which change in common and which likely represent a signature of mitochondrial dysfunction associated with UPRmt induction. Bioinformatic analysis of UPRmt (chapter 4). In two collaborative studies, we investigated the UPRmt using newly collected data from the BXD mouse GRP. In the first study, we quantified the transcriptome and proteome from 40 strains of the BXD mouse GRP on two different diets. Integrated molecular profiles were used to characterize the UPRmt, which shows strikingly variant responses at the transcript and protein level that are conserved between C.elegans, mice and humans. In the second study, whole genomes of BXD GRP strains were sequenced to detect sequence variants, which were then used to find novel associations within a high coverage phenome of various traits. One of the novel associations included a missense mutation in fumarate hydratase that controls variation in the UPRmt in both mouse and C. elegans. In summary, our work characterized novel epigenetic regulators of UPRmt and associated mitochondrial stress induced longevity, described the connection between the UPRmt and the TCA cycle, and illustrated the conservation of UPRmt in a mouse GRP. These results expand the knowledge about the UPRmt and promote further investigation of its role in longevity and mitochondrial diseases.",2016,2016-01-01,article,en,https://openalex.org/W2564219954,False,0,transcriptomics_plus_downstream,True,True,True,True
doi:10.5483/bmbrep.2025-0216,doi:10.5483/bmbrep.2025-0216,pubmed,europepmc;pubmed;scopus,41407319,10.5483/bmbrep.2025-0216,41407319,PMC12867180,Precision geronutrition: personalized nutritional strategies to extend healthy lifespan.,"Aging is a multifactorial and heterogeneous biological process, where chronological age alone does not accurately reflect an individual's functional or physiological state. The emerging discipline of precision geronutrition integrates the principles of geroscience with precision nutrition, aiming to delay the onset of age-related functional decline by modulating fundamental molecular mechanisms, such as nutrient-sensing pathways (mTOR, AMPK, and sirtuins), inflammaging, and oxidative stress. A major barrier to progress has been the absence of validated biomarkers that can quantify biological aging and assess intervention efficacy. Recent advances in biological aging clocks, in particular DNA methylation-based epigenetic clocks, provide powerful tools to objectively measure biological age, and evaluate the impact of nutritional interventions. This review discusses how personalized dietary strategies, guided by multi-omics data (genomic, metabolomic, and microbiome profiles), can decelerate aging trajectories. We propose that individualized daily nutrition, aligned with an individual's unique biological characteristics, represents a targeted and actionable approach to extend healthspan. The integration of dynamic aging clocks into nutritional intervention frameworks will be essential to transition from a diseaseoriented model to a preventive, healthspan-centered paradigm. Future challenges include large-scale clinical validation, standardization of aging biomarkers, cost reduction, and translation into public health and clinical applications. [BMB Reports 2026; 59(1): 51-59].",2026,2026-01-01,Review; Journal Article,eng,https://pubmed.ncbi.nlm.nih.gov/41407319/,False,2,,True,True,True,True
doi:10.6084/m9.figshare.31882750,doi:10.6084/m9.figshare.31882750,openalex,openalex,https://openalex.org/W7143044250,10.6084/m9.figshare.31882750,,,Pathway-Level TWAS Reveals Immune-Plasticity-Aging Mechanisms in Cannabis Use Disorder and Explains Epidemiological Associations,"Cannabis use disorder (CUD) is highly comorbid with psychiatric illness, especially major depressive disorder, and has also been linked in observational studies to testicular germ cell tumors and chronic kidney disease. Those somatic associations, however, often do not persist in Mendelian randomization analyses. To clarify the biology behind these patterns, we carried out a transcriptome-wide association study using S-PrediXcan meta-Z scores derived from the European-ancestry CUD genome-wide association study summary statistics reported by Levey et al. (2023) and GTEx version 8 expression models for brain, kidney cortex, and testis tissues. We tested 19 curated gene sets covering immune function, synaptic plasticity, glial markers, cellular aging, and alcohol metabolism and response, and we included DisGeNET sets for testicular germ cell tumors and chronic kidney disease as negative controls. We also examined pathway proximity to bipolar disorder, major depressive disorder, obsessive-compulsive disorder, and schizophrenia at detailed, broad, and gene-level resolutions.The HLA complex gene set was the only pathway that reached statistical significance in brain tissue, with a Stouffer Z of 4.26 and a permutation p value of .042, and the signal was driven mainly by class II loci. Glutamatergic signaling and long-term potentiation showed positive trends, as did telomere-maintenance genes, whereas synapse-pruning and complement sets were null or negative. Across all levels of comparison, the strongest molecular similarity was between CUD and major depressive disorder. Alcohol-metabolism gene sets were null in brain but strongly depleted in kidney tissue. The negative-control sets for testicular germ cell tumors and chronic kidney disease were uniformly null.Overall, the findings suggest that polygenic risk for CUD is concentrated in brain immune and plasticity pathways that overlap with those implicated in depression. The peripheral metabolic depletion and microglial signal raise the possibility that compensatory heavier alcohol use and downstream organ stress may help explain some epidemiological associations. This framework helps separate genomic overlap from non-genomic routes to comorbidity and organ risk. Functional follow-up will be needed to test these hypotheses. Keywords: cannabis use disorder, transcriptome-wide association study, HLA complex, synaptic plasticity, telomere maintenance, comorbidity, Mendelian randomization",2026,2026-01-01,preprint,,https://openalex.org/W7143044250,True,1,genomics_plus_other,True,True,True,True
doi:10.64898/2025.12.10.693526,doi:10.64898/2025.12.10.693526,semantic_scholar,semantic_scholar,cc300dbb5ce6d214c98b4047f09d357fa33aea01,10.64898/2025.12.10.693526,41415359,12709483,Mechanoepigenetic Targeting of Histone Methyltransferase EZH2 Increases Potential of Scalable Manufacturing in Human Derived Primary Mesenchymal Stromal Cells,"Manufacturing clinical grade mesenchymal stromal cells (MSCs) remains a major bottleneck for cell-based therapies, as extensive in-vitro expansion on standard tissue-culture plastic (TCP) drives loss of stemness, reduced immunomodulatory activity, and diminished therapeutic efficacy. Although substrate stiffness is known to influence MSC fate through mechanotransduction, the epigenetic mechanisms linking mechanical stress to progressive phenotypic drift remain poorly defined. A mechano-epigenetic pathway is identified in this work, centered on the histone methyltransferase EZH2 - that governs chromatin remodeling and loss of stemness during serial passaging. Multi-omics, high-resolution imaging, and functional assays show that MSCs expanded on mechanically stiff TCP accumulate H3K27me3 repressive chromatin mark, lose SWI/SNF -ARID1A chromatin- remodeling foci, and exhibit an altered chromatin accessibility profile. Pharmacological inhibition of EZH2 with GSK343 selectively reduced H3K27me3, restored ARID1A-containing SWI/SNF organization, and preserved MSC morphology and expression of canonical stemness markers (CD73, CD90, CD105) even at later passage. ATAC-seq analysis revealed that GSK343 rebalanced chromatin accessibility, reopening TEAD/YAP-responsive regulatory regions while repressing accessibility at lineage- priming and senescence-associated sites. RNA-seq demonstrated that GSK343 maintained transcriptional programs associated with immunomodulation, migration, and trophic signaling, while suppressing hyperproliferative and senescence-associated genes that are characteristic of late-passage MSCs. Proteomic profiling of MSC secretomes further showed that GSK343 attenuated pro-fibrotic ECM factors and senescence- linked proteins while enhancing angiogenic and reparative mediators. Functionally, conditioned media from GSK343-treated MSCs significantly increased primary chondrocyte proliferation, demonstrating preserved therapeutic potency. Together, these findings establish EZH2 as a central mediator of stiffness-induced epigenetic drift in human MSCs and demonstrate that EZH2 inhibition can maintain the stemness without compromising their expansion ability. This work provides a foundational strategy for mechano-epigenetic engineering of MSCs and highlights EZH2 inhibition as a scalable, manufacturing-compatible approach to preserve potency for regenerative medicine applications. SIGNIFIANCE STATEMENT Primary mesenchymal stem/ stromal cells (MSC) derived from bone marrow are currently under numerous clinical trials for regenerative medicine and cancer treatment. Despite showing tremendous potential for their differentiation, trophic and immunomodulatory properties, their efficacy in clinical endpoint is limited. The traditional cell culture condition in cell culture flask limits their clinical translation by changing the MSC phenotype with serial passaging, a critical step required for harvesting a clinically appropriate number of cells. This work discovered the precise epigenetic mechanism involving histone methylation responsible for such changes in MSC phenotype. By inhibiting the histone methylation by GSK343, this study showed that MSC phenotype can be maintained over serial passaging as demonstrated by microscopy, multi-omics, and in vitro functional assays.",2025,2025-12-12,JournalArticle,,https://www.semanticscholar.org/paper/cc300dbb5ce6d214c98b4047f09d357fa33aea01,False,0,,True,False,False,False
doi:10.64898/2026.02.21.26346696,doi:10.64898/2026.02.21.26346696,openalex,europepmc;openalex;pubmed,https://openalex.org/W7131425416,10.64898/2026.02.21.26346696,,,Human IL-34 Deficiency Primes Microglia Toward Alzheimer’s Disease-Associated States,"Abstract Background Genome-wide association studies (GWAS), with independent replication in large European consortia, have identified a common nonsense variant in IL-34 (Y213X) as a genetic risk factor for late-onset Alzheimer’s disease (AD). However, the biological consequences of this IL-34 mutation in humans, its prevalence in the population, and the mechanisms by which IL-34-Y213X alters microglial homeostasis, cerebrospinal fluid (CSF) proteomic networks, and amyloid pathology remain poorly understood. Methods We combined human genetics, cerebrospinal fluid (CSF) and serum proteomics, transcriptomics, large-scale phenome-wide association analyses, and preclinical experimental models to define the impact of human IL-34 deficiency. IL-34 concentrations were first quantified in CSF and serum from deeply phenotyped AD cohorts stratified by the common IL-34-Y213X nonsense variant. IL-34 levels and IL-34-Y213X status were then integrated with unbiased CSF proteomic networks and AD biomarkers. Transcriptomic profiling of purified microglia from IL-34 knockout mice was performed to assess disease-associated microglial programs. Using APP/PS1 mice lacking IL-34, we examined the effects of IL-34 deficiency on microglial survival, tiling, and plaque encapsulation. Finally, we performed postmortem analyses of temporal cortex from AD patients carrying IL-34-Y213X to assess microglial density, spatial organization, and plaque-associated responses. Findings IL-34-Y213X was a strong, dose-dependent loss-of-function (LOF) allele that reduced IL-34 levels by up to 2.5 standard deviations in CSF and serum and was common in multiple populations. IL-34 deficiency reshaped CSF proteomic networks, downregulating axon guidance and microglial support modules while upregulating inflammatory and extracellular matrix signatures, and showed pleiotropic associations with neurological, inflammatory, and metabolic traits. Transcriptomic analysis of sorted microglia from healthy 9-month-old IL-34KO compare to wild-type mice revealed a profound pro-inflammatory and disease-associated microglial transcriptional program enriched for disease-associated microglia (DAM) signatures, inflammatory pathways, and AD risk genes including APOE, CLU, and CASS4 . In APP/PS1 mice, genetic IL-34 deletion selectively depleted homeostatic gray-matter microglia, disrupted microglial tiling, and impaired plaque encapsulation, resulting in altered amyloid structure and enhancing neuritic injury. Concordantly, AD patients homozygous for IL-34-Y213X displayed markedly reduced cortical microglial density and increased microglial spatial dispersion, indicating a breakdown of the microglial network organization in the human brain. Interpretation A common human IL-34 LOF variant creates a naturally occurring model of IL-34 deficiency that links microglial survival, CSF network signatures, and amyloid pathology in both mice and humans. Importantly, IL-34 deficiency alone is sufficient to induce inflammatory, AD-associated microglial states beyond simply reducing microglial number. These findings identify IL-34/CSF1R signaling as a critical determinant of microglial resilience and a potential upstream pathway linking human genetic variation to AD susceptibility, highlighting IL-34-dependent pathways as promising targets for disease modification. Funding This work was supported by grants from the Spanish Ministerio de Ciencia, Innovación y Universidades/FEDER/UE (PID2024-157400OB-I00) and FORTALECE program (FORT23/00008; Instituto de Salud Carlos III, Spain) to RRL and JLV, ISCIII of Spain co-financed by FEDER funds (European Union) through grants PI24/00308 (JV) and CIBERNED collaborative grant 2022/01 to JV, PID2023-147125OB-I00 and CEX2023-001386-S (Severo Ochoa Programme) to SMTBC. A.R. is supported by STAR Award. University of Texas System. Tx, United States, The South Texas ADRC. National Institute of Aging. National Institutes of Health. USA. (P30AG066546), the Keith M. Orme and Pat Vigeon Orme Endowed Chair in Alzheimer’s and Neurodegenerative Diseases (2024-2025) and Patricia Ruth Frederick Distinguished Chair for Precision Therapeutics in Alzheimer’s and Neurodegenerative Diseases (2025-2028). AR is also supported by the Agency for Innovation and Entrepreneurship (VLAIO) grant N° PR067/21 for the HARPONE project and the ADAPTED project the EU/EFPIA Innovative Medicines Initiative Joint Undertaking Grant N° 115975 and CIBERNED (ISCIII).",2026,2026-02-25,preprint,en,https://openalex.org/W7131425416,True,2,genomics_plus_other;transcriptomics_plus_downstream,True,True,True,True
doi:10.64898/2026.05.06.723284,doi:10.64898/2026.05.06.723284,semantic_scholar,semantic_scholar,44e810ddf5d6ebff8a6dbbe0f5bc8e3968843fcd,10.64898/2026.05.06.723284,,,Temperate phage microdiversity reflects infant gut microbiome maturation independent of chronic undernutrition,"The assembly and maturation of the infant gut microbiome is a critical developmental process. Yet the dynamics of the viral community, particularly in the context of stunting (chronic malnutrition) remain underexplored. Leveraging longitudinal fecal metagenomes from Zimbabwean infants with normal and stunted growth trajectories, we characterized the development of the gut bacterial and temperate phage communities from birth to 18 moths old. We found that infant gut temperate phages target hallmark early-life bacterial taxa, such as Bifidobacteriaceae, and exhibit an age-dependent maturation that parallels bacterial succession. Notably, both bacterial and temperate phage alpha diversity increased with age. This contrasts with previous studies focused on the extracellular viral fraction and highlights a strong coupling between prophage early-life dynamics and during bacterial gut colonization. Using abundance-based maturation models, we identified successional phases of colonization for both bacteria and their associated temperate viral clusters. Importantly, a viral microdiversity maturation model provided a stronger prediction of chronological age than viral abundance-based model, revealing within-phage genomic variation as a key signal of virome assembly, particularly around weaning. Contrary to findings in wasting (or severe acute malnutrition), stunted growth trajectories were not associated with a significant delay in either bacterial or temperate phage maturation. These results demonstrate that viral genomic variation is a new, informative dimension of early-life gut microbial assembly and that stunting may not impair infants’ gut maturation process. Importance The early-life period represents a critical window for the establishment of the gut microbial communities, a process that is often affected by environmental factors such as diet. While severe acute malnutrition (SAM) is known to delay bacterial maturation, the impact of chronic, moderate undernutrition, such as stunting is poorly understood. Stunting is a highly prevalent global health condition with irreversible consequences on long-term host health, yet its implications on gut microbiome assembly remain unclear. Our study provides novel insights into the maturation of temperate phages, which to prime the infant gut by colonizing alongside their bacterial hosts and acting as drivers of bacterial evolution via lysogeny. By demonstrating that viral strain-level (genomic) variation captures a stronger age-related signal than viral abundance, we identified an underexplored dimension of microbial assembly. The finding that stunting, in contrast to SAM, does not impact microbial maturation provides essential context for public health interventions and future studies addressing this condition.",2026,2026-05-10,,,https://www.semanticscholar.org/paper/44e810ddf5d6ebff8a6dbbe0f5bc8e3968843fcd,False,0,,True,False,True,False
doi:10.64898/2026.07.10.737625,doi:10.64898/2026.07.10.737625,pubmed,europepmc;pubmed,42465266,10.64898/2026.07.10.737625,42465266,PMC13370508,Circulating extracellular vesicles in plasma carry accessible molecular signatures of aging in mice.,"Cells release membrane-bound extracellular vesicles into the bloodstream laden with proteins that may reflect their physiological state. How this circulating EV proteome changes across life remains poorly understood. Identifying molecular signatures of aging in accessible biofluids could facilitate earlier intervention and monitoring of age-related disease. Many circulating aging proteome studies rely on affinity-based platforms which suffer from poor cross-species translation, ambiguous signal attribution, and inconsistent agreement between platforms. Here, we present a characterization of the aging plasma EV proteome from a cross-sectional cohort of 86 male and female C57BL/6J mice (5-31 months). We leveraged a species-agnostic EV enrichment (Mag-Net) and mass spectrometry to detect 2,575 protein groups from 15,969 peptides. Protein abundance heterogeneity increased with age and the abundance of 272 proteins were significantly correlated with chronological age including established senescence and frailty markers. Proteins increasing with age were enriched in genome maintenance pathways, while those decreasing were associated with the extracellular matrix organization and lipid metabolism. Notably, several of the strongest age-increased proteins converged on Alzheimer's and Parkinson's disease pathology. We observed sexual divergence in the aging EV proteome not previously characterized at this resolution. A proteomic clock built from this data accurately predicts chronological age, and peptide-level analysis reveals aging signals invisible at protein-level. These findings demonstrate that EV-enriched plasma proteomics can identify known aging markers, reveal novel sex-specific age-related changes, and generate predictive models of chronological age. This study provides a species-agnostic foundation for proteomic clocks that complement epigenetic approaches to monitor aging and evaluate healthspan.",2026,2026-07-10,Journal Article; Preprint,eng,https://pubmed.ncbi.nlm.nih.gov/42465266/,True,1,,True,True,True,True
doi:10.7150/ijms.104437,doi:10.7150/ijms.104437,semantic_scholar,scopus;semantic_scholar,44a470f8e6b0d5767da98e5a09a6b876f96fe225,10.7150/ijms.104437,39781526,11704698,Global trends and risk factors in gastric cancer: a comprehensive analysis of the Global Burden of Disease Study 2021 and multi-omics data,"Background: Gastric cancer (GC) remains a significant global health challenge. This study aimed to comprehensively analyze GC epidemiology and risk factors to inform prevention and intervention strategies. Methods: We analyzed the Global Burden of Disease Study 2021 data, conducted 16 different machine learning (ML) models of NHANES data, performed Mendelian randomization (MR) studies on disease phenotypes, dietary preferences, microbiome, blood-based markers, and integrated differential gene expression and expression quantitative trait loci (eQTL) data from multiple cohorts to identify factors associated with GC risk. Results: Global age-standardized disability-adjusted life year rates (ASDR) for GC declined from 886.24 to 358.42 per 100,000 population between 1990 and 2030, with significant regional disparities. Despite this decline, total disability-adjusted life years show a concerning upward trend from 2015, rising from approximately 22.9 million to a projected 24.3 million by 2030. The slope index of inequality shifted from 87 in 1990 to -184 in 2021, indicating a reversal in GC burden distribution, with higher ASDR now associated with lower socio-demographic index countries. The ML models analysis identified higher levels of clinical characteristics such as phosphorus, calcium, eosinophils percent, and triglycerides, as well as lower levels of iron and monocyte percent, may be associated with an increased risk of GC. MR analyses revealed causal associations between GC risk and disease phenotypes such as Helicobacter pylori infection, chronic gastritis, obesity, depression, and dietary preferences such as dairy and processed meats. Gut microbiome analysis showed associations with microbiome such as Phascolarctobacterium and Ruminococcaceae species. Blood-based markers analysis identified protective and risk effects for cortisol, glutamate, nicotinamide, Natural Killer %lymphocyte, CD4-CD8- T cell Absolute Count, Phosphatidylcholine (16:0_18:1), and Interleukin-1-alpha. Integrated genomic analysis identified 10 genes significantly associated with GC risk, with strong evidence for colocalization in genes such as CCR6 and PILRB. Conclusions: This systematic analysis reveals complex global trends in GC burden and identifies novel clinical, disease phenotypes, dietary preferences, microbial, blood-based, and genetic risk factors. These findings provide potential targets for improved risk stratification, prevention, and intervention strategies to reduce the global burden of GC.",2025,2025-01-01,JournalArticle,,https://www.semanticscholar.org/paper/44a470f8e6b0d5767da98e5a09a6b876f96fe225,False,1,,True,False,True,False
doi:10.7554/elife.85415,doi:10.7554/elife.85415,europepmc,europepmc;pubmed;scopus;semantic_scholar,MED:37314162,10.7554/elife.85415,37314162,PMC10292844,Reciprocal interactions between alveolar progenitor dysfunction and aging promote lung fibrosis.,"Aging is a critical risk factor in idiopathic pulmonary fibrosis (IPF). Dysfunction and loss of type 2 alveolar epithelial cells (AEC2s) with failed regeneration is a seminal causal event in the pathogenesis of IPF, although the precise mechanisms for their regenerative failure and demise remain unclear. To systematically examine the genomic program changes of AEC2s in aging and after lung injury, we performed unbiased single-cell RNA-seq analyses of lung epithelial cells from uninjured or bleomycin-injured young and old mice, as well as from lungs of IPF patients and healthy donors. We identified three AEC2 subsets based on their gene signatures. Subset AEC2-1 mainly exist in uninjured lungs, while subsets AEC2-2 and AEC2-3 emerged in injured lungs and increased with aging. Functionally, AEC2 subsets are correlated with progenitor cell renewal. Aging enhanced the expression of the genes related to inflammation, stress responses, senescence, and apoptosis. Interestingly, lung injury increased aging-related gene expression in AEC2s even in young mice. The synergistic effects of aging and injury contributed to impaired AEC2 recovery in aged mouse lungs after injury. In addition, we also identified three subsets of AEC2s from human lungs that formed three similar subsets to mouse AEC2s. IPF AEC2s showed a similar genomic signature to AEC2 subsets from bleomycin-injured old mouse lungs. Taken together, we identified synergistic effects of aging and AEC2 injury in transcriptomic and functional analyses that promoted fibrosis. This study provides new insights into the interactions between aging and lung injury with interesting overlap with diseased IPF AEC2 cells.",2023,2023-06-14,"research-article; Journal Article; Research Support, N.I.H., Extramural",eng,https://europepmc.org/article/MED/37314162,False,3,,True,True,True,True
no-doi:1ca2a56573d9a5378d67faf6,no-doi:1ca2a56573d9a5378d67faf6,europepmc,europepmc,PMC:PMC6845463,,,PMC6845463,SYSTEMS LEVEL UNDERSTANDING OF AGING,"Abstract Aging is a complex trait is controlled by multiple genetic and environmental factors. Genome-wide screens in invertebrate organisms have led to the identification of hundreds of genes, whose deletion or knockdown can dramatically increase lifespan. Many of these genes represent conserved signaling pathways and biological processes suggesting that they might be involved in the regulation of mammalian aging. Nevertheless, the mechanistic basis by which the majority of these long-lived gene deletions extend lifespan remains poorly understood. Using yeast Saccharomyces cerevisiae as a model system, we employ systems biology network analysis of transcriptomic and protein expression data to build a detailed translational regulatory network of aging in yeast and identify genetic interactions among various aging pathways. Through these studies we expect to gain understanding how the regulatory networks are perturbed with aging, which could provide important insights into human disorders associated with the old age.",2019,2019-11-01,Abstract,eng,https://europepmc.org/article/PMC/PMC6845463,False,0,,True,True,True,True
no-doi:526915c71596f3132886d8fd,no-doi:526915c71596f3132886d8fd,google_scholar,google_scholar,t3WrxhVjNOcJ,,,,Multi-omic characterization of brain changes in the vascular endothelial growth factor family during aging and Alzheimer's disease,"… This study provides a comprehensive molecular picture of the VEGF signaling family in 
cognitive aging and AD and critical insight towards the biomarker and therapeutic potential of …",2023,2023-01-01,,,https://www.sciencedirect.com/science/article/pii/S0197458023000192,False,0,,True,True,False,False
no-doi:848763db6d54c92c2bf9563a,no-doi:848763db6d54c92c2bf9563a,europepmc,europepmc;pubmed;scopus;semantic_scholar,MED:35698609,,35698609,PMC9173848,"Functional Medicine Past, Present, and Future .","Embedded within the Functional Medicine model is the potential for reversibility of altered function. This perspective is inherently different from the Mendelian concept of genetics, which is grounded in the construct of dominate and recessive genetic characteristics. Mendel's work was obviously groundbreaking, but it has also contributed to a deterministic mindset about disease. Many people-even today-believe that health and disease are locked into the genes of every individual. Modern genomic research continues to reveal that the concept of genetic determinism can be (and should be) challenged. The functional interaction of our lifestyle, diet, environment, behavior, and social structure with our genome and epigenome greatly determines our health outcomes. It has been discovered that our aging epigenome can even be rejuvenated. The epigenomic structure is also a powerful predictor of disease outcome and life expectancy. As our understanding of genetic and epigenetic expression patterns grows, the implications for personalized Functional Medicine intervention programs are truly revolutionary.",2022,2022-05-01,Editorial,eng,https://europepmc.org/article/MED/35698609,False,3,,True,True,True,True
no-doi:bcfb5e3ed10d25934e86ecbe,no-doi:bcfb5e3ed10d25934e86ecbe,pubmed,pubmed,39355415,,39355415,PMC11441584,A Pilot Study Evaluating the Feasibility and Efficacy of an In-Home Resonance-Based Electromagnetic Field Protection Device on Improving Markers of Health and Cognitive Function Among a Sample of Healthy Adults.,"The dramatic increase in exposure to non-native sources of electromagnetic fields (EMF) in recent years has given rise to numerous human health concerns. The near pervasive exposure to radiofrequency (RF) emanating from wireless technologies inside the home (e.g., cell phones, wireless routers, ""Smart"" devices) and outside of the home (e.g., cell towers, automobiles, computers at work, tablets at school) is particularly troubling. While epidemiological studies are somewhat conflicting to date, RF exposure is currently classified by the World Health Organization as a Class 2B carcinogen. Mechanisms of activity of the deleterious effects of RF exposure on human health include the generation of excessive oxidative stress, chronic inflammation, and disruption of the production of melatonin and other hormones, all of which are believed to be due largely to the activation of voltage-gated calcium channels (VGCC). Mitigation strategies are currently generally limited to wireless device hygiene (e.g., hard-wired ethernet, turning off wireless routers at night, keeping cellphones away from the body) and metal-based shielding in the home, which can be expensive and not feasible for many. The goal of this pilot and feasibility trial was to evaluate the feasibility and preliminary signs of efficacy of an in-home resonance-based electromagnetic field protection device (BluShield) on various physiological and patient-reported outcomes commonly affected by excessive RF exposure. A sample of relatively healthy adults was enrolled in a single arm, 12-week pilot and feasibility study. The intervention consisted of plugging in the BluShield device at home or at the participant's residence when traveling. Outcomes included laboratory panels assessing overall physiological health (CBC & CMP), blood markers related to inflammation, oxidative stress, DNA damage, and cellular senescence (Jinfiniti), a high-resolution genome-wide assessment of DNA methylation (TruDiagnostic), a validated questionnaire to assess cognitive function (CNS - Vital Signs), a wearable device to assess sleep and other physiological parameters (Oura ring), and a single-item assessment of overall health. Outcomes were compared before and after the intervention with paired t tests or Wilcoxon signed rank tests, depending upon the distribution of data. 25 participants enrolled in the study. All participants reported compliance with the EMF mitigation device throughout the course of the study, and no adverse events were reported. There were limited changes in conventional labs (decrease in glucose, increase in monocytes; P < .04]), but modest improvement in self-reported health ( P = .02), improvements on numerous domains of the CNS - Vital Signs questionnaire (Composite Memory, Cognitive Flexibility, Executive Function, and Processing Speed; P < .02), wearable device parameters (deep sleep, heart rate variability, resting heart rate, and body temperature; P < .04), and perhaps most interestingly, hypermethylation of genes involved in RF exposure (including a key VGCC gene [ CACNA1G ]; P = .000045). The use of the BluShield is feasible and revealed improvements in some markers of sleep, cognitive function, and overall health. These improvements may be due in part to suppression of VGCC activity, which previous literature has demonstrated is activated by RF exposure and can generate oxidative stress and inflammation. An RF mitigation strategy should focus primarily on limiting modifiable exposures within the home, and the device appears to be a promising component of a comprehensive approach.. Controlled studies are needed to mitigate potential sources of confounding in this single-arm pilot study. A specific focus among populations with excessive RF exposures that are not modifiable within the home, such as those living in high-density urban settings, in close proximity to cell towers, or certain occupational hazards, also appears warranted.",2024,2024-09-01,Journal Article,eng,https://pubmed.ncbi.nlm.nih.gov/39355415/,False,0,,True,True,True,True
no-doi:f80e971df8b8808384af3c1e,no-doi:f80e971df8b8808384af3c1e,europepmc,europepmc,PMC:PMC8181944,,,PMC8181944,Short-Term Effects on Gene-Expression and on DNA-Methylation at the Genome-Wide Level of the Iberian Ham Intake and Compared With Orange Intake: A Crossover Randomized Trial,"Abstract Objectives Diet regulates gene expression and methylation profiles by several mechanisms. However, studies analyzing the simultaneous effect of specific foods on gene-expression and DNA methylation at the genome-wide level are very scarce. Therefore our aims were: To study the short-term transcriptomics and epigenomcis effects at the genome-wide level of the Iberian ham intake compared with orange intake in the same subjects. Methods We carried out a cross-over randomized trial (registered at ISRCTN17906849) in 33 healhty volunteers (aged 18–50 years and 50% females) of European ancestry. After 12h fasting, participants were randomly allocated to eat 67.5 g of Iberian ham (100% pure iberian breed and 100% acorn fed) or 500 g of peeled oranges (Citrus reticulata) depening on the intervention group. After a washout period, subjects were crossed over to the alternate treatment arm. Blood samples were taken at 0-h and at 4-h to isolate DNA and RNA from leukocytes. A random sample of 16 participants was selected for omics analyses (gene expression with the. GeneChip Human Gene 2.0 ST Array, and the EPIC-Illumina array (850K) for methylation). Eight arrays (2 times and 2 treatments per 2 omics) were obtained for each participant. Differences in gene expression and methylation (4 h vs baseline) were analyzed for Iberian ham, oranges and combined. Kyoto Encyclopedia of Genes and Genomes (KEGG) was used for pathway enrichment analysis. Results The top-ranked genes differentially expressed P Conclusions A short-term intake of Iberian ham or oranges results in differences in gene expression as well as in DNA-methylation. Funding Sources CIBEROBN-06/03/035, PROMETEO-17/2017 APOSTD/2019/136), P1–1B2013–54 and COGRUP/2016/06",2021,2021-06-01,Abstract,eng,https://europepmc.org/article/PMC/PMC8181944,False,0,,True,False,True,False
