record_id,canonical_id,source,provenance_sources,source_record_id,doi,pmid,pmcid,title,abstract,year,publication_date,document_type,language,url,is_preprint,duplicate_count,query_branches,local_multiomics_match,local_aging_match,local_causal_anchor_match,local_three_block_match
doi:10.1002/1878-0261.70164,doi:10.1002/1878-0261.70164,pubmed,pubmed;scopus;semantic_scholar,41247227,10.1002/1878-0261.70164,41247227,PMC13238722,Transcriptional network analysis of PTEN-protein-deficient prostate tumors reveals robust stromal reprogramming and signs of senescent paracrine communication.,"Among the extensive genomic alterations in prostate cancer, phosphatase and tensin homolog (PTEN) deletion stands out as one of the most consistently observed events. PTEN loss in prostate tumors is primarily associated with cancer-cell proliferation and survival through the activation of the phosphoinositide 3-kinase (PI3K)-protein kinase B (AKT)-mechanistic target of rapamycin (mTOR) (PI3K-AKT-mTOR) signaling pathway. However, the use of PTEN as a robust biomarker in clinical practice is hampered by its complex epigenetic, transcriptional and post-translational regulation. In situ protein assessment by immunohistochemistry (IHC) captures PTEN protein status, but it does not report on associated tumor microenvironment remodeling. Here, we undertook an approach that combined PTEN immunoreactivity analysis with high-throughput transcriptional analysis to gain insights into the downstream functional effects of PTEN protein loss in primary tumors. Our extensive bioinformatic analyses highlighted stromal remodeling as a prominent cancer cell-extrinsic process associated with PTEN loss. By extending our transcriptomic computational strategy to Pten loss-driven murine prostate cancer, we validated the causal role of Pten in the stromal reaction observed in clinical specimens. Mechanistically, we provide experimental evidence for the activation of a paracrine program that encompasses enhanced transforming growth factor beta (TGF-β) signaling and that is compatible with the secretome of PTEN-deficient senescent cancer cells. Finally, our findings enable the sub-stratification of tumors with PTEN loss based on their senescence-associated stroma remodeling program to distinguish indolent from aggressive cases. Our study provides relevant biological context to the cellular and molecular alterations unleashed upon PTEN protein loss in prostate cancer.",2025,2025-11-17,Journal Article,eng,https://pubmed.ncbi.nlm.nih.gov/41247227/,False,2,,True,False,True,False
doi:10.1002/advs.202515370,doi:10.1002/advs.202515370,semantic_scholar,semantic_scholar,ff09b0276610972e7af6f7e6a50cb2611af03d3f,10.1002/advs.202515370,41144719,12822443,Medicago Sativa L. Saponin‐Driven Lactobacillus Intestinalis Restores Intestinal Stemness in Naturally Aged Mice via the Bile Acid‐FXR‐Wnt Signaling Axis,"Aging is recognized as a significant risk factor for chronic diseases. The decline in intestinal stem cells function is a critical contributor to intestinal aging, resulting in impaired intestinal homeostasis and increased vulnerability to age‐related diseases. Medicago sativa L. (alfalfa) saponin are plant‐derived bioactive compounds that are shown to have benefits in regulating oxidative stress and gut microbiota. However, the potential of alfalfa saponin (AS) to modulate intestinal aging and enhance intestinal stemness to maintain homeostasis remains insufficiently explored. In this study, the effects of AS on intestinal stemness in naturally aged mice and its underlying mechanisms involving gut microbiota regulation are examined. Antibiotic‐mediated depletion of intestinal bacteria and fecal microbiota transplantation are employed to determine the specific role of the gut microbiota in mediating the effects of AS. Comprehensive multi‐omics analyses revealed that AS significantly increased the abundance of Lactobacillus intestinalis (L. intestinalis). Notably, L. intestinalis is found to possess bile acids metabolic capabilities, producing ursodeoxycholic acid, which functions as an FXR antagonist to activate the Wnt signaling pathway and enhance intestinal stemness, thereby supporting intestinal homeostasis. These findings are validated in both intestinal organoids and naturally aged mice models. This study provides the first identification of a complete functional axis by which the metabolites of AS and L. intestinalis modulate intestinal stemness to mitigate intestinal aging, offering insights for the development of innovative natural product‐based therapeutic strategies to promote healthy aging.",2025,2025-10-27,JournalArticle,,https://www.semanticscholar.org/paper/ff09b0276610972e7af6f7e6a50cb2611af03d3f,False,0,,True,True,True,True
doi:10.1002/alz70855_096281,doi:10.1002/alz70855_096281,semantic_scholar,semantic_scholar,b44257d97578706c2eeefc4438c7281e67d8e682,10.1002/alz70855_096281,,12725527,Interrogating conserved transcriptomic signatures of cognitive resilience in the frontal cortex,"Development of effective drugs for Alzheimer's Disease (AD) is challenging, likely due in part to poor recapitulation of AD in animal models. We developed the genetically diverse AD‐BXD mouse model, a panel of reproducible strains that exhibit variation in age at onset and extent of cognitive decline observed in human AD. Using multi‐modal data (genomic, protein, behavior) from this model, we have uncovered new genes and pathways mediating cognitive resilience to AD. For example, we recently reported a resilience gene expression signature in excitatory intratelencephalic neurons (Telpoukhovskaia et al., 2023, bioRxiv).",2025,2025-12-01,JournalArticle,,https://www.semanticscholar.org/paper/b44257d97578706c2eeefc4438c7281e67d8e682,False,0,,True,False,True,False
doi:10.1002/brb3.71466,doi:10.1002/brb3.71466,europepmc,europepmc;pubmed;scopus,MED:42087557,10.1002/brb3.71466,42087557,PMC13144760,MicroRNA-Mediated Regulation of Brain Aging Hallmarks: Implications for Neurodegeneration and Neural Recovery.,"Purpose Aging is a progressive biological process characterized by the decline of cellular and tissue homeostasis, increasing vulnerability to chronic diseases, especially neurodegeneration. This review examines the role of microRNAs (miRNAs) in brain aging by linking them to the updated hallmarks of aging and key neurobiological processes. Method This is an integrative literature review of studies on brain aging, neurodegeneration, and miRNA-mediated regulation. Evidence was synthesized from transcriptomic analyses, experimental studies, and research on circulating systemic factors, including extracellular vesicle-associated miRNAs and plasma proteins. The review focuses on miRNA involvement in genomic stability, nutrient sensing, proteostasis, autophagy, mitochondrial function, telomere maintenance, epigenetic regulation, and cellular senescence. Finding miRNAs regulate multiple aging-related pathways, including DNA repair, IGF-1/AKT/mTOR signaling, proteostasis, autophagy, and mitochondrial homeostasis. In aging brains, transcriptomic data consistently show reduced expression of genes involved in synaptic plasticity, metabolism, and maintenance, alongside increased inflammatory and immune signaling. Circulating systemic factors and extracellular vesicle miRNAs also influence brain aging, affecting neuroplasticity, cognitive function, and regenerative capacity. These mechanisms contribute to neuroinflammation, synaptic dysfunction, myelin impairment, and neurovascular unit disruption. Conclusion miRNAs are key regulators of brain aging and neurodegeneration and hold promise as biomarkers and therapeutic targets. However, clinical application is limited by disease heterogeneity, context-dependent effects, off-target activity, and challenges in central nervous system delivery. Further research is needed to support safe and effective miRNA-based interventions.",2026,2026-05-01,review-article; Review; Journal Article,eng,https://europepmc.org/article/MED/42087557,False,2,,True,True,True,True
doi:10.1002/dev.22222,doi:10.1002/dev.22222,pubmed,pubmed,34964497,10.1002/dev.22222,34964497,,Cumulative risks predict epigenetic age in adult survivors of extremely low birth weight.,"Long-term sequelae of extremely low birth weight (ELBW; ≤1000 g) may contribute to accelerated biological aging. This hypothesis was examined by analyzing a range of risk factors with a molecular age marker in adults born at ELBW or normal birth weight (NBW; ≥2500 g). DNAm age-the weighted average of DNA methylation at 353 cytosine-phosphate-guanine (CpG) sites from across the genome-was derived from a sample of 45 ELBW (M age = 32.35 years) and 47 NBW control (M age = 32.44 years) adults, using the Illumina 850k BeadChip Array. At two assessments undertaken 9 years apart (at 23 and 32 years), cumulative risks were summed from six domains with potential to affect physiological and psychological health: resting respiratory sinus arrhythmia, blood pressure, basal cortisol, grip strength, body mass index, and self-esteem. At age 32 years, cumulative risks were differentially associated with epigenetic age in ELBW survivors (interaction, p < 0.01). For each additional risk factor they possessed, ELBW survivors (B = 1.43) were biologically 2.16 years older than NBW adults (B = -0.73), by the fourth decade of life. Developmental change, epigenetic maintenance, and intervention targets are discussed.",2021,2021-12-01,"Journal Article; Research Support, Non-U.S. Gov't",eng,https://pubmed.ncbi.nlm.nih.gov/34964497/,False,0,,True,True,True,True
doi:10.1002/humu.22178,doi:10.1002/humu.22178,openalex,openalex,https://openalex.org/W2042374033,10.1002/humu.22178,,,General Olfactory Sensitivity Data-base: A Unique Knowledgebase for the least Explored of our Major Senses,"Altered olfaction is associated with many genetic syndromes (e.g., Kalman syndrome), with prevalent neurological and neurodevelopmental disorders (e.g. Alzheimer and Parkinson diseases, schizophrenia, and autism) and with non-genetic factors such as aging, menstrual cycle, trauma, infections, medications and chemical exposure. Despite this, the molecular dissection of human defective smelling is still in its infancy (Clin Genet 81, 210–215, 2012). In this issue, Keydar et al. (Hum. Mutat 34:32–41) present a unique resource for human olfactory research: General Olfactory Sensitivity Database. GOSdb (http://genome.weizmann.ac.il/GOSdb) integrates data from the literature and other databases about functional in vitro studies, mouse gene knockouts, and human genetic disorders with associated olfactory phenotypes, the few known human genomic regions implicated in isolated congenital lack of olfaction (anosmia), and published transcriptome and proteome data related to olfactory tissues. These data are combined with RNA-Seq transcriptome profiling of human and mouse olfactory epithelium, of single olfactory sensory neurons, and of mouse olfactory bulb. The resulting ranked lists of candidate auxiliary olfactory genes cover a variety of biological functions. The associated known genomic variants for the top scoring candidates should be extremely helpful for researchers who are focusing on the genetics of normal and abnormal olfaction. However, olfactory dysfunction may not be evident unless specific functional tests are employed. Therefore, GOSdb should also be a site to visit for those who engage in global genomic screening and next generation sequencing of neurological and neurodevelopmental disorders, where olfactory dysfunction may be an often hidden part of the clinical spectrum.",2012,2012-12-20,article,en,https://openalex.org/W2042374033,False,0,genomics_plus_other;transcriptomics_plus_downstream,True,True,True,True
doi:10.1002/jcsm.12827,doi:10.1002/jcsm.12827,europepmc,europepmc;pubmed;scopus,MED:34704401,10.1002/jcsm.12827,34704401,PMC8718088,H19X-encoded miR-322(424)/miR-503 regulates muscle mass by targeting translation initiation factors.,"Background Skeletal muscle atrophy is a debilitating complication of many chronic diseases, disuse conditions, and ageing. Genome-wide gene expression analyses have identified that elevated levels of microRNAs encoded by the H19X locus are among the most significant changes in skeletal muscles in a wide scope of human cachectic conditions. We have previously reported that the H19X locus is important for the establishment of striated muscle fate during embryogenesis. However, the role of H19X-encoded microRNAs in regulating skeletal mass in adults is unknown. Methods We have created a transgenic mouse strain in which ectopic expression of miR-322/miR-503 is driven by the skeletal muscle-specific muscle creatine kinase promoter. We also used an H19X mutant mouse strain in which transcription from the locus is interrupted by a gene trap. Animal phenotypes were analysed by standard histological methods. Underlying mechanisms were explored by using transcriptome profiling and validated in the two animal models and cultured myotubes. Results Our results demonstrate that the levels of H19X microRNAs are inversely related to postnatal skeletal muscle growth. Targeted overexpression of miR-322/miR-503 impeded skeletal muscle growth. The weight of gastrocnemius muscles of transgenic mice was only 54.5% of the counterparts of wild-type littermates. By contrast, interruption of transcription from the H19X locus stimulates postnatal muscle growth by 14.4-14.9% and attenuates the loss of skeletal muscle mass in response to starvation by 12.8-21.0%. Impeded muscle growth was not caused by impaired IGF1/AKT/mTOR signalling or a hyperactive ubiquitin-proteasome system, instead accompanied by markedly dropped abundance of translation initiation factors in transgenic mice. miR-322/miR-503 directly targets eIF4E, eIF4G1, eIF4B, eIF2B5, and eIF3M. Conclusions Our study illustrates a novel pathway wherein H19X microRNAs regulate skeletal muscle growth and atrophy through regulating the abundance of translation initiation factors, thereby protein synthesis. The study highlights how translation initiation factors lie at the crux of multiple signalling pathways that control skeletal muscle mass.",2021,2021-10-26,"Research Support, Non-U.S. Gov't; research-article; Research Support, U.S. Gov't, Non-P.H.S.; Journal Article; Research Support, N.I.H., Extramural",eng,https://europepmc.org/article/MED/34704401,False,2,,True,True,True,True
doi:10.1002/mco2.333,doi:10.1002/mco2.333,semantic_scholar,europepmc;pubmed;scopus;semantic_scholar,43b61801306e217c68030b22b610f30789fc9efd,10.1002/mco2.333,37502611,10369159,Senescence‐based colorectal cancer subtyping reveals distinct molecular characteristics and therapeutic strategies,"Abstract Cellular senescence has been listed as a hallmark of cancer, but its role in colorectal cancer (CRC) remains unclear. We comprehensively evaluated the transcriptome, genome, digital pathology, and clinical data from multiple datasets of CRC patients and proposed a novel senescence subtype for CRC. Multi‐omics data was used to analyze the biological features, tumor microenvironment, and mutation landscape of senescence subtypes, as well as drug sensitivity and immunotherapy response. The senescence score was constructed to better quantify senescence in each patient for clinical use. Unsupervised learning revealed three transcriptome‐based senescence subtypes. Cluster 1, characterized by low senescence and activated proliferative pathways, was sensitive to chemotherapeutic drugs. Cluster 2, characterized by intermediate senescence and high immune infiltration, exhibited significant immunotherapeutic advantages. Cluster 3, characterized by high senescence, high immune, and stroma infiltration, had a worse prognosis and maybe benefit from targeted therapy. We further constructed a senescence scoring system based on seven senescent genes through machine learning. Lower senescence scores were highly predictive of longer disease‐free survival, and patients with low senescence scores may benefit from immunotherapy. We proposed the senescence subtypes of CRC and our findings provide potential treatment interventions for each CRC senescence subtype to promote precision treatment.",2023,2023-07-26,JournalArticle,,https://www.semanticscholar.org/paper/43b61801306e217c68030b22b610f30789fc9efd,False,3,,True,True,True,True
doi:10.1002/ptr.70003,doi:10.1002/ptr.70003,pubmed,pubmed,40542687,10.1002/ptr.70003,40542687,,Epigenetic Insights Into Aging: Emerging Roles of Natural Products in Therapeutic Interventions.,"Aging is a significant contributor to numerous diseases and presents serious challenges to public health. Consequently, investigating the underlying mechanisms of aging and developing effective interventions to combat its effects have become increasingly important, as achieving healthy aging has emerged as a growing priority. A primary characteristic of aging is the epigenetic changes that occur within the genome. Epigenetic regulation, functioning as a reversible mechanism, closely links gene composition to phenotype and plays a crucial role in reversing aging in response to environmental stimuli. Epigenetics involves modifying phenotype or gene expression by regulating posttranscriptional levels without altering the DNA sequence. These mechanisms are vital to the aging process and are anticipated to become key targets for delaying aging and improving or preventing age-related diseases in the future. Recent studies have indicated that natural product therapy has emerged as one of the most promising strategies for mitigating the effects of aging. The application of natural products acting via the epigenetic regulation in therapy is particularly flexible and controllable, facilitating practical use while reducing the risk of drug resistance and enhancing host immune responses. This article reviews the current research status and advancements in epigenetic pathways within the realm of anti-aging drugs, proposing future research directions and potential development trends. The aim is to provide a reference for researchers in the field of epigenetics while offering ideas and suggestions for subsequent studies.",2025,2025-06-21,Journal Article; Review,eng,https://pubmed.ncbi.nlm.nih.gov/40542687/,False,0,,True,True,True,True
doi:10.1007/978-3-319-77932-4_27,doi:10.1007/978-3-319-77932-4_27,semantic_scholar,semantic_scholar,29deacc1fec0c51bef06b228b7c73e2bf09068c1,10.1007/978-3-319-77932-4_27,30051400,6768431,Sex-specific physiology and cardiovascular disease,"Sex differences in cardiovascular diseases can be classified as those which are specific to one sex and those that differ in incidence, prevalence, etiology, symptomatology, response to treatment, morbidity and mortality in one sex compared to the other. All sex differences in cardiovascular conditions have their basis in the combined expression of genetic and hormonal differences between women and men. This chapter addresses how advances in understanding basic mechanisms of hormone responses, imaging diagnostics, integration of genomics and proteomics have advanced diagnosis and improved outcomes for cardiovascular conditions, apart from those related to pregnancy, that are more prevalent in women. These conditions include occlusive and non-occlusive coronary artery disease, microvascular nonocclusive ischemic disease, spontaneous coronary artery dissection, diseases of the cardiac muscle including heart failure and takotsubo cardiomyopathy, and conditions related to neurovascular dysregulation including hot flashes and night sweats associated with menopause and effects of exogenous hormones on vascular function. Improvement in technologies allowing for noninvasive assessment of neuronally mediated vascular reactivity will further improve our understanding of the basic etiology of the neurovascular disorders. Consideration of sex, hormonal status, and pregnancy history in diagnosis and treatment protocols will improve prevention and outcomes of cardiovascular disease in women as they age.",2018,,Review; JournalArticle,,https://www.semanticscholar.org/paper/29deacc1fec0c51bef06b228b7c73e2bf09068c1,False,0,,True,False,True,False
doi:10.1007/s00198-016-3825-y,doi:10.1007/s00198-016-3825-y,semantic_scholar,semantic_scholar,5d15efba7540eb287b2673a62cb4ef139a259d44,10.1007/s00198-016-3825-y,27844135,5779619,Cytosolic proteome profiling of monocytes for male osteoporosis,"SummaryIn male Caucasians with discordant hip bone mineral density (BMD), we applied the subcellular separation and proteome profiling to investigate the monocytic cytosol. Three BMD-associated proteins (ALDOA, MYH14, and Rap1B) were identified based on multiple omics evidence, and they may influence the pathogenic mechanisms of osteoporosis by regulating the activities of monocytes.IntroductionOsteoporosis is a serious public health problem, leading to significant mortality not only in aging females but also in males. Peripheral blood monocytes (PBMs) play important roles in bone metabolism by acting as precursors of osteoclasts and producing cytokines important for osteoclast development. The first cytosolic sub-proteome profiling analysis was performed in male PBMs to identify differentially expressed proteins (DEPs) that are associated with BMDs and risk of osteoporosis.MethodsHere, we conducted a comparative proteomics analysis in PBMs from Caucasian male subjects with discordant hip BMD (29 low BMD vs. 30 high BMD). To decrease the proteome complexity and expand the coverage range of the cellular proteome, we separated the PBM proteome into several subcellular compartments and focused on the cytosolic fractions, which are involved in a wide range of fundamental biochemical processes.ResultsOf the total of 3796 detected cytosolic proteins, we identified 16 significant (P < 0.05) and an additional 22 suggestive (P < 0.1) DEPs between samples with low vs. high hip BMDs. Some of the genes for DEPs, including ALDOA, MYH14, and Rap1B, showed an association with BMD in multiple omics studies (proteomic, transcriptomic, and genomic). Further bioinformatics analysis revealed the enrichment of DEPs in functional terms for monocyte proliferation, differentiation, and migration.ConclusionsThe combination strategy of subcellular separation and proteome profiling allows an in-depth and refined investigation into the composition and functions of cytosolic proteome, which may shed light on the monocyte-mediated pathogenic mechanisms of osteoporosis.",2016,2016-11-14,JournalArticle,,https://www.semanticscholar.org/paper/5d15efba7540eb287b2673a62cb4ef139a259d44,False,0,,True,True,True,True
doi:10.1007/s10238-024-01403-2,doi:10.1007/s10238-024-01403-2,semantic_scholar,semantic_scholar,0b05119ba0a402585c5fc4cda8c1b2f76bc11b2a,10.1007/s10238-024-01403-2,39249163,11383843,Toxicity profiles of immune checkpoint inhibitors in nervous system cancer: a comprehensive disproportionality analysis using FDA adverse event reporting system,"Background: Immune-related adverse events (irAEs) always occur during treatment with immune checkpoint inhibitors (ICIs). Patients with nervous system cancer (NSC) may gain clinical benefit from ICIs, but irAEs in NSC patients are rarely examined. Therefore, our study systematically summarized reports of irAEs in NSC. Methods: We obtained information from the FDA adverse event reporting system from the first quarter (Q1) of 2013 to the fourth quarter (Q4) of 2022. We examined use of a combination of ICIs and chemotherapy (ICI_Chemo) or chemotherapy only (ICI_Chemo) for patients with NSC. Multiple disproportionality analyses were applied to assess irAEs. Multiomics data from the gene expression omnibus (GEO) database were analyzed to explore potential molecular mechanisms associated with irAEs in NSC patients. Results: Fourteen irAEs were identified in 8,357 NSC patients after removing duplicates; the top five events were seizure, confused state, encephalopathy, muscular weakness and gait disturbance. Older patients were more likely to develop irAEs than were younger patients. From the start of ICIs_Chemo to irAE occurrence, there was a significant difference in the time to onset of irAEs between age groups. irAEs may occur via mechanisms involving the inflammatory response, secretion of inflammatory mediators, and aberrant activation of pathologic pathways. Conclusions: This study helps to characterize irAEs in NSC patients treated with ICIs. We combined GEO database analysis to explore the potential molecular mechanisms of irAEs. The results of this study provide a basis for improving the toxic effects of ICIs in NSC patients.",2024,2024-09-09,JournalArticle,,https://www.semanticscholar.org/paper/0b05119ba0a402585c5fc4cda8c1b2f76bc11b2a,False,0,,True,False,False,False
doi:10.1007/s10654-016-0224-9,doi:10.1007/s10654-016-0224-9,semantic_scholar,semantic_scholar,3cfdabdfc32e6efeb76dd7960e488879a11a816f,10.1007/s10654-016-0224-9,28070760,5233749,The Generation R Study: design and cohort update 2017,"The Generation R Study is a population-based prospective cohort study from fetal life until adulthood. The study is designed to identify early environmental and genetic causes and causal pathways leading to normal and abnormal growth, development and health from fetal life, childhood and young adulthood. This multidisciplinary study focuses on several health outcomes including behaviour and cognition, body composition, eye development, growth, hearing, heart and vascular development, infectious disease and immunity, oral health and facial growth, respiratory health, allergy and skin disorders of children and their parents. Main exposures of interest include environmental, endocrine, genomic (genetic, epigenetic, microbiome), lifestyle related, nutritional and socio-demographic determinants. In total, 9778 mothers with a delivery date from April 2002 until January 2006 were enrolled in the study. Response at baseline was 61%, and general follow-up rates until the age of 10 years were around 80%. Data collection in children and their parents includes questionnaires, interviews, detailed physical and ultrasound examinations, behavioural observations, lung function, Magnetic Resonance Imaging and biological sampling. Genome and epigenome wide association screens are available. Eventually, results from the Generation R Study contribute to the development of strategies for optimizing health and healthcare for pregnant women and children.",2016,2016-12-01,JournalArticle,,https://www.semanticscholar.org/paper/3cfdabdfc32e6efeb76dd7960e488879a11a816f,False,0,,True,False,True,False
doi:10.1007/s11357-012-9485-8,doi:10.1007/s11357-012-9485-8,pubmed,pubmed,23229445,10.1007/s11357-012-9485-8,23229445,PMC3776097,Effects of Sirt1 on DNA methylation and expression of genes affected by dietary restriction.,"Changes in DNA methylation across the life course may contribute to the ageing process. We hypothesised that some effects of dietary restriction to extend lifespan and/or mitigate against features of ageing result from changes in DNA methylation, so we determined if genes that respond to dietary restriction also show age-related changes in DNA methylation. In support of our hypothesis, the intersection of lists of genes compiled from published sources that (1) were differentially expressed in response to dietary restriction and (2) showed altered methylation with increased age was greater than expected. We also hypothesised that some effects of Sirt1, which may play a pivotal role in beneficial effects of dietary restriction, are mediated through DNA methylation. We thus measured effects of Sirt1 overexpression and knockdown in a human cell line on DNA methylation and expression of a panel of eight genes that respond to dietary restriction and show altered methylation with age. Six genes were affected at the level of DNA methylation, and for six expressions were affected. In further support of our hypothesis, we observed by DNA microarray analysis that genes showing differential expression in response to Sirt1 knockdown were over-represented in the complied list of genes that respond to dietary restriction. The findings reveal that Sirt1 has effects on DNA methylation across the genome and affects, in particular, the expression of genes that respond to dietary restriction. Sirt1-mediated effects on DNA methylation and, consequently, gene expression may thus be one of the mechanisms underlying the response to dietary restriction.",2012,2012-11-16,"Journal Article; Research Support, Non-U.S. Gov't",eng,https://pubmed.ncbi.nlm.nih.gov/23229445/,False,0,,True,True,True,True
doi:10.1007/s11357-026-02265-0,doi:10.1007/s11357-026-02265-0,europepmc,europepmc;pubmed;scopus,MED:42053910,10.1007/s11357-026-02265-0,42053910,,A telomere-lipid-immunity axis linking viral integration to autoimmune disease risk.,"Autoimmune diseases rise steeply with biological aging, reflecting progressive failure of immune regulation. Inherited chromosomally integrated human herpesvirus 6 (iciHHV-6) represents a unique lifelong viral exposure in which the viral genome is embedded within host telomeres, potentially altering leukocyte telomere length (LTL), a core biomarker of immune aging. Circulating metabolites may further modify these viral-telomeric interactions. We analyzed 156,927 UK Biobank participants free of autoimmune disease at baseline. Baseline iciHHV-6 carrier status, LTL, and plasma metabolomic profiles were related to incident autoimmune disease during follow-up. Mediation and interaction models were used to test whether LTL and various metabolomic pathways mediated or modified viral effects. Over follow-up, 7.8% of participants developed autoimmune disease and 1.3% were iciHHV-6 carriers. iciHHV-6 was not directly associated with autoimmune disease despite higher baseline comorbidity. Longer LTL was independently protective overall, especially for rheumatoid arthritis, although it was positively associated with multiple sclerosis. iciHHV-6 carriers had longer LTL, yielding a small but significant indirect protective effect on autoimmune risk. LTL also modified viral effects, with stronger protection among iciHHV-6-positive individuals, suggesting telomere length buffers adverse viral-immune interactions. Metabolomic analyses showed that triglyceride-rich lipoproteins and proinflammatory lipids were associated with shorter LTL and higher autoimmune risk, whereas omega-3 fatty acids, albumin, and HDL phospholipids were protective. Lipidomic pathways mediated a substantial portion of the LTL-autoimmune association and modified viral effects. These findings identify a telomere-lipid-immunity axis linking lifelong viral integration, metabolic aging, and autoimmune susceptibility, highlighting biological aging pathways as targets for autoimmune disease prevention.",2026,2026-04-29,Journal Article,eng,https://europepmc.org/article/MED/42053910,False,2,,True,True,True,True
doi:10.1007/s12263-015-0508-9,doi:10.1007/s12263-015-0508-9,europepmc,europepmc;pubmed;scopus;semantic_scholar,MED:26608884,10.1007/s12263-015-0508-9,26608884,PMC4659783,Systems biology approaches to study the molecular effects of caloric restriction and polyphenols on aging processes.,"Worldwide population is aging, and a large part of the growing burden associated with age-related conditions can be prevented or delayed by promoting healthy lifestyle and normalizing metabolic risk factors. However, a better understanding of the pleiotropic effects of available nutritional interventions and their influence on the multiple processes affected by aging is needed to select and implement the most promising actions. New methods of analysis are required to tackle the complexity of the interplay between nutritional interventions and aging, and to make sense of a growing amount of -omics data being produced for this purpose. In this paper, we review how various systems biology-inspired methods of analysis can be applied to the study of the molecular basis of nutritional interventions promoting healthy aging, notably caloric restriction and polyphenol supplementation. We specifically focus on the role that different versions of network analysis, molecular signature identification and multi-omics data integration are playing in elucidating the complex mechanisms underlying nutrition, and provide some examples on how to extend the application of these methods using available microarray data.",2015,2015-11-25,research-article; Journal Article,eng,https://europepmc.org/article/MED/26608884,False,3,,True,True,True,True
doi:10.1007/s13238-021-00894-z,doi:10.1007/s13238-021-00894-z,europepmc,europepmc;openalex;pubmed;scopus,MED:35023014,10.1007/s13238-021-00894-z,35023014,PMC9233726,"Unveiling E2F4, TEAD1 and AP-1 as regulatory transcription factors of the replicative senescence program by multi-omics analysis.","Senescence, a stable state of growth arrest, affects many physiological and pathophysiological processes, especially aging. Previous work has indicated that transcription factors (TFs) play a role in regulating senescence. However, a systematic study of regulatory TFs during replicative senescence (RS) using multi-omics analysis is still lacking. Here, we generated time-resolved RNA-seq, reduced representation bisulfite sequencing (RRBS) and ATAC-seq datasets during RS of mouse skin fibroblasts, which demonstrated that an enhanced inflammatory response and reduced proliferative capacity were the main characteristics of RS in both the transcriptome and epigenome. Through integrative analysis and genetic manipulations, we found that transcription factors E2F4, TEAD1 and AP-1 are key regulators of RS. Overexpression of E2f4 improved cellular proliferative capacity, attenuated SA-β-Gal activity and changed RS-associated differentially methylated sites (DMSs). Moreover, knockdown of Tead1 attenuated SA-β-Gal activity and partially altered the RS-associated transcriptome. In addition, knockdown of Atf3, one member of AP-1 superfamily TFs, reduced Cdkn2a (p16) expression in pre-senescent fibroblasts. Taken together, the results of this study identified transcription factors regulating the senescence program through multi-omics analysis, providing potential therapeutic targets for anti-aging.",2022,2022-01-12,"Research Support, Non-U.S. Gov't; research-article; Journal Article",eng,https://europepmc.org/article/MED/35023014,False,3,,True,True,True,True
doi:10.1016/j.abst.2023.10.002,doi:10.1016/j.abst.2023.10.002,europepmc,europepmc;pubmed;scopus;semantic_scholar,MED:38435677,10.1016/j.abst.2023.10.002,38435677,PMC10901744,Taurine as a biomarker for aging: A new avenue for translational research.,"The physiologic and irreversible process of ageing is accompanied by a wide range of structural and functional shifts at multiple different levels. It is also suggested that variations in the blood concentrations of metabolites, hormones, and micronutrients may play a role in the ageing process. Recently, Singh et al. 1,2 investigated a study on Taurine shortage as a driver and biomarker of ageing and its impact on a healthy lifespan. 2 They further proposed that functional abnormalities in numerous organs associated with age-related illnesses have been linked to early-life Taurine insufficiency. Taurine deficiency in the elderly and the possible benefits of Taurine supplements One of the reasons for decreasing Taurine concentration is the loss of endogenous synthesis, which may contribute to the decrease in Taurine levels seen in the elderly. While it was previously believed that the liver was responsible for most Taurine synthesis in humans, new research suggests that other organs or common intermediates may play a larger role. The authors experimented with and analysed a life-span examination of various organisms, for example, mice to assess the impacts of Taurine supplementation. They also analysed after the administration of oral Taurine supplementation in conjunction with other interventions using multi-omics data sets (RNA sequencing, metabolomics etc.) across different species.",2023,2023-01-01,review-article; Review; Journal Article,eng,https://europepmc.org/article/MED/38435677,False,3,,True,True,True,True
doi:10.1016/j.arcmed.2024.103033,doi:10.1016/j.arcmed.2024.103033,pubmed,pubmed;scopus,38955096,10.1016/j.arcmed.2024.103033,38955096,,Towards a Novel Frontier in the Use of Epigenetic Clocks in Epidemiology.,"Health problems associated with aging are a major public health concern for the future. Aging is a complex process with wide intervariability among individuals. Therefore, there is a need for innovative public health strategies that target factors associated with aging and the development of tools to assess the effectiveness of these strategies accurately. Novel approaches to measure biological age, such as epigenetic clocks, have become relevant. These clocks use non-sequential variable information from the genome and employ mathematical algorithms to estimate biological age based on DNA methylation levels. Therefore, in the present study, we comprehensively review the current status of the epigenetic clocks and their associations across the human phenome. We emphasize the potential utility of these tools in an epidemiological context, particularly in evaluating the impact of public health interventions focused on promoting healthy aging. Our review describes associations between epigenetic clocks and multiple traits across the life and health span. Additionally, we highlighted the evolution of studies beyond mere associations to establish causal mechanisms between epigenetic age and disease. We explored the application of epigenetic clocks to measure the efficacy of interventions focusing on rejuvenation.",2024,2024-07-01,Journal Article; Review,eng,https://pubmed.ncbi.nlm.nih.gov/38955096/,False,1,,True,True,True,True
doi:10.1016/j.arr.2026.103247,doi:10.1016/j.arr.2026.103247,europepmc,europepmc;pubmed;scopus;semantic_scholar,MED:42413700,10.1016/j.arr.2026.103247,42413700,,AI-driven advances in vascular aging research: From mechanisms to precision medicine.,"Vascular aging is a fundamental contributor to the development of chronic diseases and has emerged as a critical focus in biomedical research. With the rapid advancement of artificial intelligence (AI), new opportunities have arisen to enhance the precision and efficiency of vascular aging studies. AI techniques, particularly those applied to large-scale multi-omics and medical imaging data, enable the identification of novel biomarkers and the development of robust models to quantify the rate and extent of vascular aging. For example, AI has been successfully deployed for multi-omics biomarker discovery, automated quantification of coronary plaque and calcium scoring from CT imaging, and the development of vascular aging clocks based on retinal images or photoplethysmography (PPG). These approaches facilitate early detection, individualized risk assessment, and potential intervention strategies. This review provides a comprehensive overview of current AI applications in vascular aging, spanning from basic mechanistic research to clinical risk prediction. It also discusses future directions and key challenges, including the need for external validation, algorithmic fairness, domain adaptation, and model interpretability, emphasizing the transformative role of AI in advancing precision medicine for vascular health.",2026,2026-07-07,Review; Journal Article,eng,https://europepmc.org/article/MED/42413700,False,3,,True,True,True,True
doi:10.1016/j.bbrc.2026.153511,doi:10.1016/j.bbrc.2026.153511,semantic_scholar,semantic_scholar,7a08f3c63b05f1675c68c883d2716c4917440103,10.1016/j.bbrc.2026.153511,41747446,,The emerging landscape of lncRNAs in gastric cancer immunity: From immune escape to ferroptosis and metabolic reprogramming.,"Gastric cancer (GC) remains a major global health challenge, particularly in East Asia, and the clinical impact of immune checkpoint inhibitors is limited by prevalent immune evasion and heterogeneous tumor immune microenvironments (TIME). Long noncoding RNAs (lncRNAs) have rapidly emerged as critical regulators of these processes, functioning far beyond their originally presumed nonfunctional roles. Through intricate interactions with chromatin regulators, RNA-binding proteins, microRNAs, metabolic enzymes, and RNA modification machinery, lncRNAs orchestrate diverse pathways that collectively shape antitumor immunity in GC. Recent studies have revealed that lncRNAs modulate PD-L1 expression, govern the recruitment and polarization of immunosuppressive cells such as regulatory T cells and M2 macrophages, and alter cytokine and chemokine signaling to create immune-tolerant niches. In parallel, ferroptosis-related, metabolism-associated, and hypoxia-responsive lncRNAs-such as AC129507.1, CBSLR, NR_033928, and HCP5-link metabolic rewiring with immune suppression by regulating lipid peroxidation, glutamine utilization, fatty acid oxidation, and redox homeostasis. Additional layers of immune modulation arise from autophagy-, senescence-, and apoptosis-associated lncRNAs, which influence immunogenic cell death, stress adaptation, and inflammatory secretomes. Epitranscriptomic regulation, including m6A- and m5C-dependent modulation of lncRNA stability and function, further integrates p53 signaling with immune control. Together, these findings establish lncRNAs as master regulators of immune escape, therapeutic resistance, and TIME remodeling in gastric cancer. Advances in multi-omics profiling and RNA-targeted drug delivery now offer promising avenues to exploit lncRNAs as biomarkers for prognosis and immunotherapy response, as well as therapeutic targets capable of sensitizing tumors to ICIs, ferroptosis induction, and metabolic interventions. Continued mechanistic and translational research will be essential to fully harness the potential of lncRNA-directed precision immunotherapy for gastric cancer.",2026,2026-02-01,Review; JournalArticle,,https://www.semanticscholar.org/paper/7a08f3c63b05f1675c68c883d2716c4917440103,False,0,,True,False,True,False
doi:10.1016/j.canlet.2025.217614,doi:10.1016/j.canlet.2025.217614,semantic_scholar,semantic_scholar,47db2f47a0565836cf1f66386045264b70439cfa,10.1016/j.canlet.2025.217614,40054656,,Targeting p53 for Immune Modulation: Exploring Its Functions in Tumor Immunity and Inflammation.,"p53, often referred to as the ""guardian of the genome,"" is a critical regulator of cellular responses to stress. p53 plays a dual role in tumor suppression and immune regulation. In addition to its well-known functions of maintaining genomic stability and inducing apoptosis, p53 orchestrates a complex interaction between innate and adaptive immune responses. This involvement contributes to pathogen clearance, immune surveillance, and immunogenic cell death (ICD). This review explores the influence of p53 on immune dynamics, detailing its effects on macrophages, dendritic cells, natural killer cells (NK), T cells, and B cells. This review explains how mutations in p53 disrupt immune responses, promoting tumor immune evasion, and highlights its regulation of inflammatory cytokines and pattern recognition receptors. Furthermore, p53's role in ICD marks it as a key player in antitumor immunity, which has significant implications for cancer immunotherapy. The review also discusses the role of p53 in inflammation, autoimmune diseases, and chronic infections, revealing its dual function in promoting and suppressing inflammation through interactions with NF-κB signaling. Therapeutically, approaches that target p53, including wild-type p53 reactivation and combination therapies with immune checkpoint inhibitors, show considerable promise. Advances in high-throughput technologies, such as single-cell RNA sequencing and CRISPR screens, provide new insights into the immunological functions of p53, including its role in microbiome-immune interactions and immune senescence. This comprehensive review highlights the importance of incorporating immunological insights from p53 into innovative therapeutic strategies, addressing existing knowledge gaps, and paving the way for personalized medicine.",2025,2025-03-01,Review; JournalArticle,,https://www.semanticscholar.org/paper/47db2f47a0565836cf1f66386045264b70439cfa,False,0,,True,False,True,False
doi:10.1016/j.cellsig.2014.11.026,doi:10.1016/j.cellsig.2014.11.026,europepmc,europepmc;pubmed;scopus,MED:25435428,10.1016/j.cellsig.2014.11.026,25435428,,"Sirtuin 7 in cell proliferation, stress and disease: Rise of the Seventh Sirtuin!","Sirtuin 7 is a member of the sirtuin family of proteins. Sirtuins were originally discovered in yeast for its role in prolonging replicative lifespan. Until recently SIRT7 happened to be the least studied sirtuin of the seven mammalian sirtuins. However, a number of recent breakthrough reports have provided significant clarity to SIRT7 biology. SIRT7 is now seen as a vital regulator of rRNA and protein synthesis for maintenance of normal cellular homeostasis. Proteins like p53, H3K18, PAF53, NPM1 and GABP-β1 are the known substrates for the deacetylase activity of SIRT7, thereby making it a key mediator of many cellular activities. Studies using in vitro based assays and also knockout mice have revealed a role of SIRT7 in certain disease pathologies as well. High expression of SIRT7 has been reported in few cancer types and is steadily propelling SIRT7 towards an oncogene status. The role of SIRT7 as a pro-survival adaptor molecule in conditions of cellular stress has recently emerged in view of the fact that SIRT7 can regulate molecules like HIF and IRE1α. Additionally, SIRT7 plays a key role in maintenance of the epigenome as it caused the deacetylation of histone (H3K18) and global proteomics studies have shown its interaction with many chromatin remodelling complexes such as B-WICH and other proteins. Lately, the role of SIRT7 in hepatic lipid metabolism has been debated. This review attempts to summarize these recent findings and present the role of SIRT7 as an important cellular regulator.",2015,2014-11-27,"Research Support, Non-U.S. Gov't; Review; Journal Article",eng,https://europepmc.org/article/MED/25435428,False,2,,True,True,True,True
doi:10.1016/j.cels.2025.101509,doi:10.1016/j.cels.2025.101509,pubmed,pubmed;scopus,41713399,10.1016/j.cels.2025.101509,41713399,,We wait for disease to shout-What if we listened when biology whispered?,"Most diseases are not caused by large-effect single factors but by the cumulative impact of small, context-dependent perturbations arising from genetic variants, personal behavior, or environmental exposures, a phenomenon we term the ""long tail"" of biology. Early disease signals often differ from late-stage biomarkers and evolve across demographic, lifestyle, and environmental contexts. Shifting medicine from reactive treatment to proactive health requires detecting and interpreting these signals. This requires longitudinal, multimodal data collection; non-invasive, scalable biosensing platforms; new technologies for interrogating biological complexity; and AI models capable of contextual, mechanistic reasoning. We propose an ""N-of-1 analyzer"" framework to track divergence from personal baselines across analytes, relationships, networks, and trajectories, interpreted through digital-twin simulations and knowledge-grounded foundational models. This framework enables early, individualized insights into disease risk and system decline, offering a path toward scalable precision prevention. Regulatory innovations will have to evolve, embracing complexity instead of reducing it to the mean.",2026,2026-02-18,Journal Article; Review,eng,https://pubmed.ncbi.nlm.nih.gov/41713399/,False,1,,False,False,True,False
doi:10.1016/j.csbj.2025.12.032,doi:10.1016/j.csbj.2025.12.032,pubmed,pubmed;scopus,41550140,10.1016/j.csbj.2025.12.032,41550140,PMC12810573,Oxidative stress-driven transcriptomic remodeling in human astrocytes reveals network signatures associated with neurodegenerative and cardiovascular processes.,"Astrocytes are central to brain homeostasis, supporting neuronal metabolism, synaptic activity, and the blood-brain barrier. With aging, these glial cells undergo molecular and functional changes that weaken support functions and promote neuroinflammation, contributing to neurodegeneration. Yet the systems-level mechanisms by which astrocytes respond to aging-related stressors remain poorly defined in human models. Because aging also heightens risk for cardiovascular disease, cognitive impairment, type 2 diabetes, and systemic inflammation, clarifying shared astrocytic pathways is critical for understanding brain-body crosstalk. Using an in vitro human astrocyte model exposed to sublethal oxidative stress (10 µM H₂O₂) as a proxy for age-related cellular stress, we profiled transcriptomic changes and identified differentially expressed genes across antioxidant defenses, proteostasis, transcriptional regulation, vesicular trafficking, and inflammatory signaling. We then performed network-prioritization analyses on a curated human protein-protein interactome: one seeded with the astrocyte oxidative stress responsive genes and six with phenotype-associated gene sets (Alzheimer's disease, cardiovascular disease, cognitive impairment, type 2 diabetes, oxidative stress, and inflammation). Intersecting the top 5 % scoring genes from each run yielded a 127-gene core shared across all seven, enriched for proteostasis, DNA repair, mitochondrial regulation, and telomere and nuclear envelope maintenance. Structure-guided analyses highlighted vulnerable interfaces, including lamin A/C-lamin B1, α-actinin-filamins, 14-3-3 dimers, and aminoacyl-tRNA synthetase assemblies, where pathogenic variants are predicted to destabilize or aberrantly stabilize protein interactions. Structure-based interface predictions also highlight potential interactions between amyloid precursor protein (APP) and valosin-containing protein (VCP), and between p53 and 14-3-3ζ, potentially linking proteostasis and stress signaling. Together, these analyses identify a conserved astrocyte-centered network signature that may relate neurodegenerative and cardiovascular processes, and prioritize structurally testable candidates for biomarker and intervention hypothesis testing.",2025,2025-12-31,Journal Article,eng,https://pubmed.ncbi.nlm.nih.gov/41550140/,False,1,,False,True,True,False
doi:10.1016/j.ebiom.2024.105476,doi:10.1016/j.ebiom.2024.105476,semantic_scholar,semantic_scholar,5d480928449ca9108bf963c674a36e451a4ea82d,10.1016/j.ebiom.2024.105476,39615461,11648121,Homozygous variant in translocase of outer mitochondrial membrane 7 leads to metabolic reprogramming and microcephalic osteodysplastic dwarfism with moyamoya disease,"Summary Background Impaired mitochondrial protein import machinery leads to phenotypically heterogeneous diseases. Here, we report a recurrent homozygous missense variant in the gene that encodes the translocase of outer mitochondrial membrane 7 (TOMM7) in nine patients with microcephaly, short stature, facial dysmorphia, atrophic macular scarring, and moyamoya disease from seven unrelated families. Methods To prove the causality of the TOMM7 variant, mitochondrial morphology, proteomics, and respiration were investigated in CRISPR/Cas9-edited iPSCs-derived endothelial cells. Cerebrovascular defects and mitochondrial respiration were also examined in CRISPR/Cas9-edited zebrafish. Findings iPSC-derived endothelial cells with homozygous TOMM7 p.P29L showed increased TOM7 stability, enlarged mitochondria, increased senescence, and defective tube formation. In addition, proteomic analysis revealed a reduced abundance of mitochondrial proteins involved in ATP synthesis or coordinating TCA cycle and gluconeogenesis. Moreover, mitochondrial respiration was slightly decreased while ATP production from glycolysis was significantly increased. Furthermore, deletion of tomm7 in zebrafish caused craniofacial and cerebrovascular defects that recapitulated human phenotypes. Notably, homozygous iPSCs differentially expressed genes involved in glycolysis and response to hypoxia. Finally, the metabolic imbalance was evidenced by decreased oxygen consumption, increased level of hexokinase 2, and enhanced glycolysis in endothelial cells derived from the patient's iPSCs. Interpretation These results revealed the essential role of TOMM7 in balancing cellular sources of energy production at both proteomic and transcriptomic levels and provided the molecular mechanisms through which TOMM7 p.P29L variant leads to an autosomal recessive microcephalic osteodysplastic dwarfism with moyamoya disease. Funding This work is supported by 10.13039/100020595National Science and Technology Council grants and 10.13039/501100004844National Cheng Kung University Hospital.",2024,2024-11-29,JournalArticle,,https://www.semanticscholar.org/paper/5d480928449ca9108bf963c674a36e451a4ea82d,False,0,,True,False,True,False
doi:10.1016/j.envint.2025.109630,doi:10.1016/j.envint.2025.109630,openalex,europepmc;openalex;pubmed;scopus;semantic_scholar,https://openalex.org/W4411540684,10.1016/j.envint.2025.109630,,,Meet-in-the-middle meets multi-omics identifying molecular signatures of environmental drivers of childhood overweight,"BACKGROUND: Obesity is a multi-cause chronic disease recognized across the lifespan, with childhood obesity prevalence rising over the past decades. Although exposome-wide association studies have identified early-life environmental drivers of child obesity, and explored the multi-omics signatures of the exposome of children, it is understudied whether the combined effects of multiple exposures are potentially mediated by multi-omics. METHODS: Within the Human Early Life Exposome (HELIX) project, 1041 mother-child pairs were surveyed for a wide range of environmental exposures including over 354 prenatal and childhood exposures. Multi-omics molecular features were measured during childhood, encompassing the blood methylome and transcriptome, plasma proteins and urinary and serum metabolites. Exposome and multi-omics features were integrated into latent factors by Multi-omics Factor Analysis, based on which structural equation modelling was used to assess whether multi-omics mediated associations between exposome and child body mass index (BMI). RESULTS: Key findings included: (i) prenatal nutrition, exercise, and passive smoking influencing BMI via DNA methylation of HOXA5 and Tenascin XB; (ii) childhood exposure to PCBs and phenols linked with BMI through inflammation and coagulation pathways; and (iii) childhood PCB and dietary exposures associated with BMI via immune pathways. CONCLUSIONS: This novel untargeted workflow elucidated biological mechanisms linking environmental exposures to child obesity, potentially supporting targeted public health interventions.",2025,2025-06-23,article,en,https://openalex.org/W4411540684,False,4,epigenomics_plus_downstream;explicit_multiomics;transcriptomics_plus_downstream,True,True,True,True
doi:10.1016/j.exger.2016.12.010,doi:10.1016/j.exger.2016.12.010,europepmc,europepmc;pubmed;scopus,MED:27986499,10.1016/j.exger.2016.12.010,27986499,,Targeting chromatin aging - The epigenetic impact of longevity-associated interventions.,"A rapidly growing body of evidence has shown that chromatin undergoes radical alterations as an organism ages, but how these changes relate to aging itself is an open question. It is likely that these processes contribute to genomic instability and loss of transcriptional fidelity, which in turn drives deleterious age-related phenotypes. Interventions associated with increased healthspan and longevity such as reduced insulin/IGF signalling (IIS), inhibition of mTOR and energy depletion resulting in SIRT1/AMPK activation, all have beneficial effects which ameliorate multiple facets of age-associated decline. The impact of these interventions on the epigenome is less certain. In this review we highlight the potential of these interventions to act directly upon the epigenome and promote a youthful chromatin landscape, maintaining genetic and transcriptional memory throughout the lifecourse. We propose that this is a fundamental mechanism through which these interventions are able to curtail the incidence of age-related disease. By revisiting these well characterised interventions, we may be able to identify targetable effectors of chromatin function and use this knowledge to enhance healthspan and longevity in human populations through the measured application of dietary and small molecule interventions.",2017,2016-12-13,"Research Support, Non-U.S. Gov't; Journal Article",eng,https://europepmc.org/article/MED/27986499,False,2,,True,True,True,True
doi:10.1016/j.foodres.2025.116673,doi:10.1016/j.foodres.2025.116673,europepmc,europepmc;pubmed;scopus;semantic_scholar,MED:40484562,10.1016/j.foodres.2025.116673,40484562,,Prebiotic roles and anti-aging effects of xylo-oligosaccharide: Keystone responsive bacteria and their metabolic interactions.,"Xylo-oligosaccharide (XOS), a prebiotic oligosaccharide, has been reported to exert the beneficial effects on the host, primarily by modulating the gut microbiota and associated metabolism. However, the specific microbes, their metabolic interactions and mechanistic insights remain understudied. In this study, we aim to investigate the response of gut microbiota to XOS at the fine-grained level using combined approaches of microbiome sequencing, genomic analyses, and metabolomic analyses based on in vitro fecal fermentation using healthy human fecal samples. The results showed that XOS significantly altered the composition of the gut microbiota and enriched numerous bacterial taxa, such as Blautia, Bifidobacterium longum subsp. longum, and Faecalibacterium prausnitzii. Functional genomic analyses further confirmed that specifically identified XOS-responsive bacteria harbored varied XOS-utilizing capacities, consistent with the levels of their abundance elevation. The fecal metabolomics analysis revealed that XOS intervention significantly altered the metabolic profile (γ-aminobutyric acid, serotonin, and inosine). The microbe-microbe and microbe-metabolite interaction networks consistently identified three independent groups, potentially representing different levels of XOS degradation and/or other response mechanisms. Finally, the beneficial effects of XOS on the gut microbiota and metabolism were confirmed by the alleviation D-galactose-induced aging in mouse model. This study supports the role of XOS as prebiotics and highlights the potential of XOS in alleviating host aging-associated phenotypes in a D-galactose-induced aging mouse model in terms of improvements on cognitive function, inflammatory markers, and oxidative stress levels.",2025,2025-05-19,Journal Article,eng,https://europepmc.org/article/MED/40484562,False,4,,True,True,True,True
doi:10.1016/j.gpb.2015.09.003,doi:10.1016/j.gpb.2015.09.003,semantic_scholar,semantic_scholar,452b97fbd23f57c255bf63bcac5e95da2a1a3841,10.1016/j.gpb.2015.09.003,26433001,4610968,Autoimmune Diseases in the Bioinformatics Paradigm,"Autoimmune diseases (AIDs) consist of a group of physiological disorders with highly diversified pathogenesis and clinical manifestations [1], which affect more than 5% of the population worldwide [2]. So far, the etiology of the AIDs is still poorly understood, whereas it is generally believed that autoimmune disorder results from a complex interaction of genetic and epigenetic variations, as well as triggering environmental factors [3]. Because of the varied phenotypes in different individuals of one AID and sometimes shared manifestations among patients with different AIDs, precise diagnoses, prognosis, and effective treatment are hard to achieve. In the last decade, with the explosion of multi-omics technologies, such as genomics, transcriptomics, epigenetics, proteomics, and metabolomics, the new high-throughput approaches have been widely applied in the studies of AIDs and led to the discovery of various biomarkers with the potential to facilitate the precise medicine in a big data paradigm. In this special issue, we aimed to give an overview on the most recent progress of biomarker studies on some of the important autoimmune-related diseases, such as systemic lupus erythematosus (SLE), psoriasis, systemic sclerosis (SSc), and primary Sjogren’s syndrome (pSS). Dr. Tianfu Wu’s group [4] provided a comprehensive review on the diagnostic biomarkers of psoriasis, a chronic skin disease that affects around more than 7.2 million people solely within the US in 2013 [5]. The biomarker discovery is especially essential for this disease due to the heterogeneous therapeutic reactions among individuals and the lack of cure, thus precise medicine might be achieved through understanding of individuals’ immune responses. The efforts of identifying suitable psoriasis biomarkers have been continuously made using different methods, including conventional analyses and omics approaches (genomics, transcriptomics, proteomics, and metabolomics), with the fast-developing technologies as reviewed in this paper. The prevalence of pSS is hard to be estimated due to the inconsistent classification criteria of the disease. It also varies largely among surveys in different age groups, ethnicities, and geographical regions with an obvious bias in female population [6]. Because of the phenotypic variances, diagnostic biomarkers, especially non-invasive biomarkers, are valuable for the early definitive diagnosis. Dr. Song-Guo Zheng’s group [7] reviewed the recent progress of recruiting interferon type I and Fms-like tyrosine kinase 3 ligand as the pSS biomarkers, as well as the potential to find microRNA biomarkers using genomics approaches. SSc is a chronic multisystem AID with an estimated prevalence in the US to be around 240 cases/million adults [8]. With the recent blooming of the microRNA studies, the epigenetic effects on SSc have been extensively studied in the transforming growth factor-β (TGF-β) pathway. Dr. Xiaoxiao Zuo’s group [9] conducted an in-depth review specifically focused on the epigenetic regulation on SSc and pointed out the promising direction for new SSc biomarkers. SLE is the prototypic AID predominately affecting woman with the production of various autoantibodies as one of the major clinical manifestations. Proteomic microarray, as a powerful high throughput autoantibody screening approach, has been extensively utilized for identification of autoantibodies associated with pathogenesis of SLE. A review from Dr. Quan-Zhen Li’s group [10] discussed the most recent progresses on the application of autoantigen microarrays for profiling of autoantibodies in SLE and their potential application as biomarkers for early diagnosis and therapeutic intervention. The review from Dr. Haitao Niu’s group [11], on the other hand, focused on using next-generation sequencing (NGS) technology to identify biomarkers for several AIDs, such as SLE, SSc, and rheumatoid arthritis (RA). Other than the review articles on various AIDs, Dr. Yigang Tong [12] also highlighted a recently-published study on the altered microbiomes in RA patients, which could potentially serve as a biomarker for disease diagnosis and treatment response [13]. Two original articles are included to enlarge the scope of this special issue: Dr. Bruce Budowle [14] introduced their work on short tandem repeat of Y-chromosome using the massively parallel sequencing and Dr. Changqing Zeng’s group [15] reported the genome-wide characteristics of esophageal squamous cell carcinoma. The multiple omics technologies have greatly facilitated the discovery of biomarkers and improved our knowledge of the etiopathology of AIDs. In the meantime, the advances in high-throughput screening technologies offered excellent opportunities to identify new biomarkers potentially useful for early diagnosis, prognosis, and even prediction of therapeutic responses. Given the high complexities of the immune system and diversification of AIDs, the exploration of novel biomarkers and their underlying molecular mechanism will continue to be hot topics in the study of AIDs. Putting these articles together in this special issue might be helpful to reveal the intercommunication of the AIDs in the new bioinformatics and big data picture and may shed light on other less-studied AIDs or the discovery of universal biomarkers. In addition, novel biomarkers, especially the non-invasive biomarkers, are greatly demanded. Methodologically, application of the state-of-art novel technologies, such as NGS, as well as high-throughput proteomics and metabolomics approaches, in combination with various data analysis platforms, would greatly facilitate the discovery of multiple disease biomarkers and assessment of genes, proteins, metabolites, and network analysis of complex pathways implicated in the specific AID conditions. Comprehensive understanding of the relationship between the biomarkers and AIDs will not only provide valuable tools for disease prediction, early diagnosis, and prognosis, but also shed light on the identification of novel therapeutic target for treatment of the diseases.",2015,2015-08-01,JournalArticle; Review,,https://www.semanticscholar.org/paper/452b97fbd23f57c255bf63bcac5e95da2a1a3841,False,0,,True,False,True,False
doi:10.1016/j.ijrobp.2021.07.274,doi:10.1016/j.ijrobp.2021.07.274,semantic_scholar,semantic_scholar,d8f8dcb009e2a8b7e858fad91d376f35322d6849,10.1016/j.ijrobp.2021.07.274,34700436,,Clinical and Genomic Determinants of Survival in Ugandan Women With Cervical Cancer.,"PURPOSE/OBJECTIVE(S) Cervical cancer is the most common malignancy affecting Ugandan women. While its incidence is declining in much of the world, rates are rising in Uganda. The primary purpose of this study is to examine clinical factors associated with survival in a group of Ugandan women with cervical cancer. MATERIALS/METHODS Publicly available data from a recently published study examining genomic, transcriptomic and epigenomic factors in tumors from Ugandan women with cervical cancer were obtained for analysis. The association between clinical and molecular features with survival were analyzed using logistic regression. RESULTS Clinical data was available for 212 women with a median age of 48.0 years. Seventy-four women (34.9%) were pre-menopausal, 33 (15.5%) were peri-menopausal, 102 (48.1%) were post-menopausal and 3 (1.4%) had unknown menopausal status. Median number of pregnancies and spontaneous abortions were 7 and 1, respectively. Ninety women (42.5%) were HIV-positive, 121 (57.1%) were HIV-negative and one (0.5%) had unknown HIV status. HIV-positive women were significantly younger than HIV-negative (P < 0.001). Most had squamous cell carcinoma (86.8%) and were histologic grade 2 (G2) or G3 (90.5%). The most common FIGO stages (2009) were IIB (34.9%) and IIIB (32.1%). The most common HPV types were HPV16 (35.8%) and HPV18 (26.6%). Initial therapy was chemoradiation for 34 (16.4%) women, chemotherapy only for 20 (9.7%) women and radiation only for 83 (40.1%) women. The most common systemic agent was cisplatin. Median external beam radiation dose was 45 Gy. Eighty-five women received brachytherapy as part of their treatment, most commonly low-dose rate brachytherapy (62.4%). With median follow up of 383.5 days, 114 (57.6%) women were deceased and 84 (42.4%) were alive. Median overall survival for deceased patients was 319 days. HIV status was independently associated with survival (P < 0.001). This remained true when controlled for treatment modality, HPV clade and age. A history of 2 or 3 spontaneous abortions and new tumor events were also negatively associated with survival (P = 0.029, 0.048 and 0.022, respectively) even when controlled for FIGO stage. Incorporation of brachytherapy in treatment was positively associated with survival when controlled for stage and HIV status (both P < 0.001). Of 104 genes analyzed, only a mutation in TRRAP was found to be associated with survival when controlled for HIV status (P = 0.045). CONCLUSION Determining factors associated with survival may provide novel venues for intervention to improve outcomes for women with cervical cancer in Uganda. Analysis of clinical and molecular features associated with survival in Ugandan women with cervical cancer revealed that HIV positivity and history of 2 or 3 spontaneous abortions are negatively associated with survival, even though HIV-positive women were younger on average. Inclusion of brachytherapy and mutations in the TRRAP gene are associated with improved survival in this patient population.",2021,2021-11-01,JournalArticle,,https://www.semanticscholar.org/paper/d8f8dcb009e2a8b7e858fad91d376f35322d6849,False,0,,True,False,True,False
doi:10.1016/j.jaci.2022.04.015,doi:10.1016/j.jaci.2022.04.015,semantic_scholar,semantic_scholar,87e746388dfd8016196fc157ef952f999650cf9f,10.1016/j.jaci.2022.04.015,33518284,9163808,News Beyond Our Pages,"clarified the underpinnings of post-acute se-quelae of COVID-19 (PASC) through extensive multi-omic analyses of a longitudinal cohort of over 300 subjects. PASC was associated with type 2 diabetes mellitus, autoantibody levels, la-tent reactivation of Epstein-Barr virus, and degree of SARS-CoV-2 viremia at the time of initial infection. Interestingly, even sub-clinical baseline autoantibody production was found to signifi-cantly reduce anti-SARS-CoV-2 antibody production. Additionally, PASC patients with gastrointesti-nal symptoms exhibited a unique expansion of cytotoxic T cells during recovery. Finally, subjects were stratified into 4 distinct immune endotypes. Collectively, these findings have identified long COVID-associated biological and immunologic factors, the majority of which are detectable at the time of initial diagnosis, that may inform future interventional trials. attribution tor (AHR). Notably, loss of AHR signaling impaired the ability of eosinophils to adhere to extracel-lular matrix and increased both their longevity and propensity for degranulation. Importantly, eosinophil-specific lack of AHR broadly affected intestinal immunity, including T cell compart-ment composition during both ho-meostasis and helminth infection. These findings demonstrate that AHR signaling mediates small intestine eosinophil tissue adap-tion and warrant further study in other immune cell populations.",2021,2021-01-01,JournalArticle,,https://www.semanticscholar.org/paper/87e746388dfd8016196fc157ef952f999650cf9f,False,0,,True,True,True,True
doi:10.1016/j.jare.2026.02.010,doi:10.1016/j.jare.2026.02.010,semantic_scholar,semantic_scholar,b0604d5c2c02421af7fc58d9a64447a3b8db0d18,10.1016/j.jare.2026.02.010,41687771,,Osteoblastic USP26 regulates B lymphopoiesis by endogenous tryptophan metabolites.,"INTRODUCTION Bone loss is associated with declines in immune function. Osteoblasts, as key regulators of bone formation and the bone marrow niche, may orchestrate this coupled deterioration, but the underlying molecular mechanisms require further elucidation. OBJECTIVES This study aims to explore the molecular mechanisms by which functional degeneration of osteoblasts leads to immune decline in osteoporosis. METHODS Immune cell populations in peripheral blood were analyzed in both osteoporotic patients and mice. USP26 expression was assessed in senescent osteoblasts and bones. Bone formation, B lymphopoiesis, and susceptibility to sepsis were evaluated in mice with osteoblast-specific conditional knockout of Usp26. A combination of transcriptomics, targeted metabolomics, and in vivo/in vitro experiments involving tryptophan metabolite supplementation and inhibition were performed to identify associated niche metabolic factors. Finally, the therapeutic potential of USP26 restoration was evaluated by administering USP26-modified, bone-targeting exosomes in osteoporotic and septic mouse models. RESULTS In this study, we have identified the downregulation of USP26 in osteoblasts as a critical mechanism bridging bone loss and immune dysfunction. Mechanistically, the reduced USP26 levels impede osteoblast differentiation while facilitating the ubiquitin-mediated degradation of interleukin-4-induced protein 1 (IL4I1). This impairment collapses the tryptophan metabolic axis, specifically reducing the production of the endogenous tryptophan-derived indole metabolite, indole-3-acetic acid (IAA) and compromising B lymphopoiesis. Consistent with this, we observe the mice with USP26 deficiency in osteoblasts died earlier in sepsis conditions with decreased B cells. The bone-targeted delivery of USP26 in osteoporotic mice via engineered exosomes restored bone formation, rescued B cell production and improved infection resistance. CONCLUSION Our findings establish osteoblastic USP26 as a dual regulator of bone formation and immune activation, indicating that modulating osteoblast function and targeting the USP26/IL4I1-AHR signaling axis may represent a promising therapeutic strategy for treating immune deficiency associated with age-related bone loss in clinical settings.",2026,2026-02-01,JournalArticle,,https://www.semanticscholar.org/paper/b0604d5c2c02421af7fc58d9a64447a3b8db0d18,False,0,,True,False,True,False
doi:10.1016/j.jep.2023.117575,doi:10.1016/j.jep.2023.117575,semantic_scholar,semantic_scholar,0771384b7ff3873e8498e974c79e075a5d6b29d2,10.1016/j.jep.2023.117575,38103846,,Effects of Banxia Baizhu Tianma Decoction in alleviating atherosclerosis based on the regulation of perivascular adipose.,"ETHNOPHARMACOLOGICAL RELEVANCE The occurrence and development of atherosclerosis, a common chronic inflammatory vascular disease, are closely related to cardiovascular and cerebrovascular diseases. Banxia Baizhu Tianma Decoction (BBTD) is a representative traditional Chinese medicine formula that resolves phlegm, disperses wind, invigorates the spleen and eliminates dampness and is also a commonly used clinical medication for treating vascular diseases. AIM OF THE STUDY To explore the pharmacological mechanisms of BBTD in alleviating atherosclerosis, the present study was carried out by conducting an integrative analysis of aortic and perivascular adipose tissue (PVAT) proteomics and metabolomics. MATERIALS AND METHODS Eight-week-old ApoE-/- mice were randomly divided into the BBTD group and the model group, and nine age-matched C57BL/6J (C57) mice were used as the control group (n = 9). The C57 mice were fed a standard diet, while the ApoE-/- mice were fed a high-fat, high-cholesterol diet for 12 weeks. Mice in the BBTD group were transgastrically administered BBTD at a dose of 17.8 g/kg/day for 8 weeks, while the model group and control group mice received an equivalent volume of saline by gavage. Histomorphology of the aortas and PVAT was assessed by HE staining, oil red O staining, Masson staining, and α-SMA and CD68 immunohistochemical methods. An integrative analysis of aortic proteomics, PVAT proteomics and PVAT metabolomics was conducted to study the pharmacological mechanisms of BBTD. RESULTS Compared to the model group, mice treated with BBTD had thicker fibrous caps, increased collagen content, less erosion of smooth muscle cells and infiltration of macrophages, as well as a relatively low inflammatory response level, suggesting that BBTD treatment reduced plaque vulnerability. Omics analysis suggested that BBTD treatment demonstrated anti-atherosclerotic effects and increased plaque stability in the aorta by activating the TGF-beta pathway. Simultaneously, BBTD inhibited PVAT inflammation levels (decreased the levels of MCP and IL-6). Proteomics and metabolomics of PVAT suggested that the targets of BBTD included upregulation of the α-linolenic acid metabolic pathway and downregulation of multiple inflammatory pathways, such as the NF-kappa B signalling pathway, primary immunodeficiency and Th17 cell differentiation in PVAT. CONCLUSIONS BBTD reduces the vulnerability of atherosclerotic plaques and inhibits the inflammatory phenotype of perivascular adipose tissue.",2023,2023-12-01,JournalArticle,,https://www.semanticscholar.org/paper/0771384b7ff3873e8498e974c79e075a5d6b29d2,False,0,,True,False,False,False
doi:10.1016/j.jid.2022.04.021,doi:10.1016/j.jid.2022.04.021,semantic_scholar,semantic_scholar,fa709cde55d759033162a0f73b23d5b69173ddf1,10.1016/j.jid.2022.04.021,35577104,,Genome-wide integration of genetic and genomic studies of atopic dermatitis: Insights into genetic architecture and pathogenesis.,"Atopic dermatitis (AD) is a common heterogeneous, chronic, itching, and inflammatory skin disease. Genetic studies have identified multiple AD susceptibility genes. However, the genetic architecture of AD has not been elucidated. Here, we conducted a large-scale meta-analysis of AD (35,647 cases and 1,013,885 controls) to characterize the genetic basis of AD. The heritability of AD in different datasets varied from 0.6% to 7.1%. We identified 31 previously unreported genes by integrating multi-omics data. Among the 31 genes, MCL1 was identified as a potential treatment target for AD by mediating gene-drug interactions. Tissue enrichment analyses and phenome-wide association study (PheWAS) provided strong support for the role of the hemic and immune systems in AD. Across 1,207 complex traits and diseases, genetic correlations indicated that AD shared links with multiple respiratory phenotypes. The phenome-wide Mendelian randomization analysis (MR-PheWAS) revealed that the age of onset of diabetes exhibited a positive causal effect on AD (IVW beta = 0.39, s.e.m. = 0.09, P = 2.77×10-5). Overall, these results provide important insights into the genetic architecture of AD and will lead to a more thorough and complete understanding of the molecular mechanisms underlying AD.",2022,2022-05-01,JournalArticle,,https://www.semanticscholar.org/paper/fa709cde55d759033162a0f73b23d5b69173ddf1,False,0,,True,False,True,False
doi:10.1016/j.jprot.2015.07.010,doi:10.1016/j.jprot.2015.07.010,pubmed,pubmed,26206181,10.1016/j.jprot.2015.07.010,26206181,,Proteomic analysis reveals novel common genes modulated in both replicative and stress-induced senescence.,"Cellular senescence causes profound changes in gene expression profile. In this study, we used a combined 2D-DIGE and nanoLC-ESI-LIT-MS/MS approach to evaluate the proteomic changes occurring both in replicative and stress-induced senescence of human IMR90 cells. Twenty protein spots were identified as shifting their quantitative representation in the same direction (over- or down-represented) in both conditions of senescence, which were associated with 25 sequence entries. Dedicated experiments demonstrated that the decreased representation of a set of these proteins is associated with the down-regulation of the corresponding mRNAs, indicating that the regulation of these genes during the senescence process occurs at a transcriptional level. We also performed functional studies by silencing nine of these genes in young cells, which demonstrated that RNA interference-mediated knockdown of LEPRE1, LIMA1/EPLIN, MAGOHA and MAGOHB induces a premature senescent phenotype in IMR90 cells. Chromatin immunoprecipitation experiments indicated that the reduced expression of these four genes is associated with changes in the histone methylation pattern of their promoters, as proved by the occurrence of increased repressive H3K27me3 along with decreased active H3K4me3 marks, respectively. Cellular senescence, a stable form of cell cycle arrest, is recognized as a phenomenon related to aging and age-related pathologies as well as interfering with tumor progression. Gene expression changes are closely associated with the onset of senescence but the molecular pathways regulating this process are still poorly understood. By using proteomics coupled to functional studies, we here show that both replicative and stress-induced senescence share quantitative modification of four novel proteins, in addition to others already reported in the literature. When ectopically down-regulated, corresponding four genes induce a premature senescence in young cells. The observed parallelism concerning the down-regulation of these genes both in vitro and in vivo senescent cells may foresee a possible biomarker role of the corresponding proteins in monitoring the progression of both aging and age-related diseases. In conclusion, these results for the first time highlight a possible role of LEPRE1, LIMA1/EPLIN, MAGOHA and MAGOHB in the biology of cellular senescence/aging, thus contributing to gain a deeper knowledge of the molecular mechanisms involved in the senescence program.",2015,2015-07-20,"Journal Article; Research Support, Non-U.S. Gov't",eng,https://pubmed.ncbi.nlm.nih.gov/26206181/,False,0,,True,True,True,True
doi:10.1016/j.mad.2025.112068,doi:10.1016/j.mad.2025.112068,europepmc,europepmc;pubmed;scopus;semantic_scholar,MED:40324540,10.1016/j.mad.2025.112068,40324540,PMC12151592,Transcriptomic and epigenomic signatures of liver metabolism and insulin sensitivity in aging mice.,"Age-related declines in insulin sensitivity and glucose metabolism contribute to metabolic disease. Despite the liver's central role in glucose homeostasis, a comprehensive phenotypic characterization and concurrent molecular analysis of insulin resistance and metabolic dysfunction in the aging liver is lacking. We characterized hepatic insulin resistance and mitochondrial metabolic defects through metabolic cage, hyperinsulinemic-euglycemic clamp, and tracer studies paired with transcriptomic and DNA methylation analyses in young and aged male mice. Aged mice exhibited benchmark measures of whole body and liver insulin resistance. Aged mice showed lower pyruvate dehydrogenase flux, decreased fatty acid oxidation and citrate synthase fluxes, and increased pyruvate carboxylase flux under insulin-stimulated conditions. Molecular analysis revealed age-related changes in metabolic genes Pck1, Socs3, Tbc1d4, and Enpp1. Unsupervised network analysis identified an intercorrelated phenotype module (ME-Glucose), RNA module, and DNA methylation module. The DNA methylation module was enriched for lipid metabolism pathways and TCF-1 binding, while the RNA module was enriched for MZF-1 binding and regulation by miR-155-5p. Protein-protein interaction network analysis revealed interactions between module genes and canonical metabolic pathways, highlighting genes including Ets1, Ppp1r3b, and Enpp3. This study reveals novel genes underlying age-related hepatic insulin resistance as potential targets for metabolic interventions to promote healthy aging.",2025,2025-05-03,"research-article; Journal Article; Research Support, N.I.H., Extramural",eng,https://europepmc.org/article/MED/40324540,False,3,,True,True,True,True
doi:10.1016/j.mod.2004.11.011,doi:10.1016/j.mod.2004.11.011,pubmed,pubmed,15804566,10.1016/j.mod.2004.11.011,15804566,,Functional analysis of seven genes encoding eight translation initiation factor 4E (eIF4E) isoforms in Drosophila.,"The Drosophila genome-sequencing project has revealed a total of seven genes encoding eight eukaryotic initiation factor 4E (eIF4E) isoforms. Four of them (eIF4E-1,2, eIF4E-3, eIF4E-4 and eIF4E-5) share exon/intron structure in their carboxy-terminal part and form a cluster in the genome. All eIF4E isoforms bind to the cap (m7GpppN) structure. All of them, except eIF4E-6 and eIF4E-8 were able to interact with Drosophila eIF4G or eIF4E-binding protein (4E-BP). eIF4E-1, eIF4E-2, eIF4E-3, eIF4E-4 and eIF4E-7 rescued a yeast eIF4E-deficient mutant in vivo. Only eIF4E-1 mRNAs and, at a significantly lower level, eIF4E3 and eIF4E-8 are expressed in embryos and throughout the life cycle of the fly. The transcripts of the remaining isoforms were detected from the third instar larvae onwards. This indicates the cap-binding activity relies mostly on eIF4E-1 during embryogenesis. This agrees with the proteomic analysis of the eIF4F complex purified from embryos and with the rescue of l(3)67Af, an embryonic lethal mutant for the eIF4E-1,2 gene, by transgenic expression of eIF4E-1. Overexpression of eIF4E-1 in wild-type embryos and eye imaginal discs results in phenotypic defects in a dose-dependent manner.",2004,2004-12-08,"Journal Article; Research Support, Non-U.S. Gov't",eng,https://pubmed.ncbi.nlm.nih.gov/15804566/,False,0,,True,False,True,False
doi:10.1016/j.nbd.2018.07.021,doi:10.1016/j.nbd.2018.07.021,pubmed,pubmed;scopus,30031157,10.1016/j.nbd.2018.07.021,30031157,PMC8112192,"Effects of aging, hypertension and diabetes on the mouse brain and heart vasculomes.","The emerging concept of the vasculome suggests that microvessels contribute to function and dysfunction in every organ. In the brain, aging and comorbidities such as hypertension and diabetes significantly influence a wide variety of neurodegenerative and cerebrovascular disorders, but the underlying mechanisms are complex and remain to be fully elucidated. Here, we hypothesize that aging, hypertension and diabetes perturb gene networks in the vasculome. Microvascular endothelial cells were isolated from mouse brain and heart, and their transcriptomes were profiled with microarrays. For aging, we compared 5 mo vs 15 mo old C57BL6 male mice. For hypertension, we compared 4 mo old normotensive BPN vs hypertensive BPH male mice. For diabetes, we compared 3 mo old diabetic db/db mice with their matching C57BLKS controls. Four overall patterns arose from these comparative analyses. First, organ differences between brain and heart were larger than effects of age and co-morbidities per se. Second, across all conditions, more genes were altered in the brain vasculome compared with the heart. Third, age, hypertension and diabetes perturbed the brain and heart vasculomes in mostly distinct ways, with little overlap. Fourth, nevertheless, a few common pathways were detected in the brain, expressed mostly as a suppression of immune response. These initial drafts of the brain and heart vasculomes in the context of aging and vascular comorbidities should provide a framework for designing future investigations into potential targets and mechanisms in CNS disease.",2018,2018-07-19,"Journal Article; Research Support, N.I.H., Extramural",eng,https://pubmed.ncbi.nlm.nih.gov/30031157/,False,1,,False,True,True,False
doi:10.1016/j.pestbp.2026.107058,doi:10.1016/j.pestbp.2026.107058,europepmc,europepmc;pubmed;scopus,MED:42034403,10.1016/j.pestbp.2026.107058,42034403,,Multi-time point transcriptomics and metabolomics reveals toxic responses of imidacloprid exposure in Aquatica leii (Coleoptera: Lampyridae).,"Imidacloprid (IMI), a neonicotinoid insecticide, is broadly applied in crop protection during plant growth. However, its strong water solubility and stability allow it to be transported into aquatic systems via rainfall, drainage, spray drift, and other pathways, causing severe damage to aquatic invertebrates. Limited information exists on the physiological, transcriptional, and metabolic mechanisms of IMI toxicity to aquatic fireflies. The present study investigated how multi-time-point acute IMI stress affected physiology, transcription, and metabolism in Aquatica leii, and confirmed the 96-h LC50 of IMI to A. leii at 10 μg/L. Superoxide Dismutase (SOD), Catalase (CAT) and Peroxidase (POD) activities, together with Malondialdehyde (MDA) content, began to rise within hours following acute IMI stress, peaked within 48 h, and then began to decline. According to transcriptomic analysis, there were much more differentially expressed genes (DEGs) as IMI concentrations climbed. According to bioinformatics analyses, the expression of most DEGs related to the ""Longevity regulating pathway - multiple species"" progressively increased, peaked at 48 h, and then declined following IMI stress. Metabolomic analysis showed regulation of energy metabolism in A. leii larvae under IMI exposure, including amino acid, carbohydrate, lipid, and nucleotide metabolism, with carbohydrate metabolism mobilized during early-stage stress and lipid metabolism during late-stage stress. Conjoint analysis revealed that IMI exposure perturbs purine metabolism in A. leii, compromising cellular repair and proliferative capacity and, together with concomitant CYP450 system disruption, contributing to underlying circadian rhythm disturbances. Collectively, the findings in the study assist in comprehending the toxic effects of IMI on A. leii from multiple perspectives.",2026,2026-03-09,Journal Article,eng,https://europepmc.org/article/MED/42034403,False,2,,True,True,True,True
doi:10.1016/j.phymed.2026.158628,doi:10.1016/j.phymed.2026.158628,semantic_scholar,europepmc;pubmed;semantic_scholar,a4f58aa66a9b42dbd87d45db7bc901b2c979fed1,10.1016/j.phymed.2026.158628,42531833,,Poricoic acid a ameliorates ulcerative colitis via AMPK/PPARγ pathway-dependent cellular senescence inhibition and concomitant gut microbiota-metabolome modulation.,"BACKGROUND Ulcerative colitis (UC) is an intractable inflammatory bowel disorder characterized by persistent intestinal inflammation and impaired gut barrier integrity. Its pathogenesis is multifactorial, involving gut microbiota dysbiosis, metabolic dysfunction, and cellular senescence. Current therapeutic regimens remain limited, underscoring an urgent need for innovative agents that target these interrelated pathological cascades. PURPOSE This study aimed to evaluate the pharmacological effects of poricoic acid A (PAA) on DSS-induced senescence in intestinal epithelial cells and in a murine model of ulcerative colitis (UC), as well as the underlying molecular mechanisms. METHODS We established a DSS-stimulated senescent intestinal epithelial cell model and a DSS-induced UC mouse model. Multi-omics and bioinformatics strategies, including network pharmacology, transcriptome profiling, gut metagenomics, and intestinal targeted metabolomics, were combined with molecular docking to predict candidate signaling axes. Subsequent pharmacological inhibition and siRNA-mediated silencing assays were performed to validate core pathways functionally. RESULTS PAA robustly suppressed DSS-induced senescence and inflammatory responses in intestinal epithelial cells. In vivo assays verified that PAA alleviated UC-related manifestations, including body weight loss, rectal hemorrhage, and colonic histological injury. Joint network pharmacology and transcriptomic screening identified the AMPK/PPARγ as the core pathway mediating PAA's bioactivity. Mechanistic experiments confirmed that PAA directly bound and activated PPAR, further functionally triggering downstream AMPK/SirT1/PGC1α signaling. Blockade of AMPK via pharmaceutical antagonists or siRNA largely abolished PAA's anti-senescence and anti-inflammatory capacities; PPARγ suppression, in turn, secondary deactivated the AMPK and its downstream functional effectors. In mouse models, AMPK inhibition drastically compromised PAA's protective effects against UC. Moreover, PAA treatment of UC is closely associated with remodeling of the gut microbiome-metabolome axis and restoration of intestinal homeostasis. CONCLUSION PAA exerts potent anti-senescence, anti-inflammatory, and colon-protective effects in UC via activating the AMPK/PPARγ signaling pathway. Such beneficial activity may be associated with the normalization of gut microbiota-metabolome homeostasis. This work identifies novel molecular targets and a promising lead compound for the intervention of ulcerative colitis.",2026,2026-07-01,JournalArticle,,https://www.semanticscholar.org/paper/a4f58aa66a9b42dbd87d45db7bc901b2c979fed1,False,2,,True,True,True,True
doi:10.1016/j.psj.2026.106811,doi:10.1016/j.psj.2026.106811,semantic_scholar,semantic_scholar,644116900b1b94261d3b2fae66ae13f627570137,10.1016/j.psj.2026.106811,41916059,13068545,Integrated analysis of transcriptome and metabolomic uncover molecular mechanisms of ovarian aging in laying hens,"Ovarian aging shortens the productive lifespan and diminishes economic value of poultry, yet its mechanisms are unclear. This study investigated ovarian aging using transcriptomics and metabolomics. Result suggested that the number of primitive, primary, and secondary follicles significantly reduced in aged hens, while atretic follicles increased. Ovaries showed fibrosis with increased collagen deposition, and the thickness of follicle granulosa cell layers was remarkably reduced, exhibiting a disorganized and loose structure. The mitochondria of granulosa cells in aged hens exhibited vacuolation and sparse cristae. Additionally, antioxidant (GSH-Px, SOD) and reproductive hormone (AMH, E2) levels were significantly lower in aged hens (p < 0.05). Transcriptomic analysis revealed altered pathways including PPAR, ECM-receptor interaction, and cytokine-cytokine receptor interaction in aging ovaries. Metabolomic profiling further implicated biosynthesis of unsaturated fatty acids and purine metabolism pathways in aging ovaries. Integrated analysis revealed that FABP4 was a critical mediator linking lipid metabolism and inflammation, and it showed a negative correlation with conjugated linoleic acids (CLA) and cis-4,7,10,13,16,19-docosahexaenoic acid (DHA), suggesting therapeutic potential of their dietary supplementation. To understand how lipid metabolism dysregulation induced ovarian aging, the expression of key genes was assessed by qRT-PCR. The expression of senescence markers (p16, p21, p53), apoptosis-related genes (Bax/Bcl-2) (p < 0.001), autophagy-related gene (p62) (p < 0.01) and inflammation-related genes (IL6, TNFα, NOS2) (p < 0.01) in aged hens signifficantly increased, while the expression of autophagy-related genes (LC3B/LC3A) decreased (p < 0.05). This work provides a theoretical basis for strategies to delay ovarian aging and improve reproductive efficiency.",2026,2026-03-01,JournalArticle,,https://www.semanticscholar.org/paper/644116900b1b94261d3b2fae66ae13f627570137,False,0,,True,True,False,False
doi:10.1016/j.semcdb.2018.04.013,doi:10.1016/j.semcdb.2018.04.013,semantic_scholar,semantic_scholar,9c8b8e0c8cc046600d4e1de855cee3fd2afe4e9a,10.1016/j.semcdb.2018.04.013,29727725,7039696,DNA Damage and Tissue Repair: What We Can Learn From Planaria,"Faithful renewal of aging and damaged tissues is central to organismal lifespan. Stem cells (SCs) generate the cellular progeny that replenish adult tissues across the body but this task becomes increasingly compromised over time. The age related decline in SC-mediated tissue maintenance is a multifactorial event that commonly affects genome integrity. The presence of DNA damage in SCs that are under continuous demand to divide poses a great risk for age-related disorders such as cancer. However, performing analysis of SCs with genomic instability and the DNA damage response during tissue renewal present significant challenges. Here we introduce an alternative experimental system based on the planaria flatworm Schmidtea mediterranea to address at the organismal level studies intersecting SC-mediated tissue renewal in the presence of genomic instability. Planaria have abundant SCs (neoblasts) that maintain high rates of cellular turnover and a variety of molecular tools have been developed to induce DNA damage and dissect how neoblasts respond to this stressor. S. mediterranea displays high evolutionary conservation of DNA repair mechanisms and signaling pathways regulating adult SCs. We describe genetically induced-DNA damage models and highlight body-wide signals affecting cellular decisions such as survival, proliferation, and death in the presence of genomic instability. We also discuss transcriptomic changes in the DNA damage response during injury repair and propose DNA repair as key component of tissue regeneration. Additional studies using planaria will provide insights about mechanisms regulating survival and growth of cells with DNA damage during tissue renewal and regeneration.",2018,2018-05-03,Review; JournalArticle,,https://www.semanticscholar.org/paper/9c8b8e0c8cc046600d4e1de855cee3fd2afe4e9a,False,0,,True,True,True,True
doi:10.1016/j.tig.2022.08.005,doi:10.1016/j.tig.2022.08.005,openalex,openalex,https://openalex.org/W4296301762,10.1016/j.tig.2022.08.005,,,Insights from multi-omics integration in complex disease primary tissues,"Genome-wide association studies (GWAS) have revealed the genetic basis of complex diseases. Integrative studies investigating multi-omics data of disease-relevant primary tissues are needed to refine these insights.By highlighting recent integrative multi-omics studies in relevant tissues of four distinct complex diseases (type 2 diabetes, osteoarthritis, Alzheimer’s disease, and systemic lupus erythematosus), we outline the usefulness of this approach across complex disease types.Multi-omics approaches have extended our biological understanding (e.g., functional interpretation of GWAS signals, construction of new molecular maps) and revealed potential clinically relevant insights (e.g., patient stratification, biomarker identification). Genome-wide association studies (GWAS) have provided insights into the genetic basis of complex diseases. In the next step, integrative multi-omics approaches can characterize molecular profiles in relevant primary tissues to reveal the mechanisms that underlie disease development. Here, we highlight recent progress in four examples of complex diseases generated by integrative studies: type 2 diabetes (T2D), osteoarthritis, Alzheimer’s disease (AD), and systemic lupus erythematosus (SLE). High-resolution methodologies such as single-cell and spatial omics techniques will become even more important in the future. Furthermore, we emphasize the urgent need to include as yet understudied cell types and increase the diversity of studied populations. Genome-wide association studies (GWAS) have provided insights into the genetic basis of complex diseases. In the next step, integrative multi-omics approaches can characterize molecular profiles in relevant primary tissues to reveal the mechanisms that underlie disease development. Here, we highlight recent progress in four examples of complex diseases generated by integrative studies: type 2 diabetes (T2D), osteoarthritis, Alzheimer’s disease (AD), and systemic lupus erythematosus (SLE). High-resolution methodologies such as single-cell and spatial omics techniques will become even more important in the future. Furthermore, we emphasize the urgent need to include as yet understudied cell types and increase the diversity of studied populations. Complex diseases are driven by a combination of multiple environmental and genetic factors. Due to their high prevalence (e.g., osteoarthritis: 40% over the age of 70 years [1.Cui A. et al.Global, regional prevalence, incidence and risk factors of knee osteoarthritis in population-based studies.EClinicalMedicine. 2020; 29–30100587Abstract Full Text Full Text PDF PubMed Scopus (327) Google Scholar]; diabetes: 6.28% of the world population [2.Khan M.A.B. et al.Epidemiology of type 2 diabetes - global burden of disease and forecasted trends.J. Epidemiol. Glob. Health. 2020; 10: 107-111Crossref PubMed Google Scholar]), complex diseases represent a substantial burden for public health systems [3.Vos T. et al.Global burden of 369 diseases and injuries in 204 countries and territories, 1990–2019: a systematic analysis for the Global Burden of Disease Study 2019.Lancet. 2020; 396: 1204-1222Abstract Full Text Full Text PDF PubMed Scopus (4846) Google Scholar]. In the context of an aging population, this burden is predicted to increase in the future, underlining the importance of developing effective and personalized treatment methods, including discovery of novel drug targets (especially for drugs that have been approved in another context, referred to as drug repurposing), the identification of biomarkers, and improved patient stratification [4.Zeggini E. et al.Translational genomics and precision medicine: moving from the lab to the clinic.Science. 2019; 365: 1409-1413Crossref PubMed Scopus (86) Google Scholar]. GWAS have identified genetic risk loci implicated in complex diseases and have provided much-needed insights into their complex genetic architecture [5.Buniello A. et al.The NHGRI-EBI GWAS Catalog of published genome-wide association studies, targeted arrays and summary statistics 2019.Nucleic Acids Res. 2019; 47: D1005-D1012Crossref PubMed Scopus (1935) Google Scholar]. However, translating genetic findings into clinical applications remains challenging across complex diseases. Issues include the strong linkage disequilibrium between variants on risk haplotypes (the actual causal variant of a risk locus often remains elusive) or the identification of effector genes of risk variants, particularly for variants in noncoding regions (see Glossary). Multi-omics data of human primary tissues provide molecular profiles of disease-relevant cell types, thus revealing insights beyond those derived from genetic studies. This molecular information will contribute to overcoming current challenges in translational efforts of complex diseases (Figure 1, Key figure). Briefly, omics data can be integrated with GWAS results to identify target genes of risk variants using causal inference (e.g., Mendelian randomization [6.Hemani G. et al.The MR-Base platform supports systematic causal inference across the human phenome.eLife. 2018; 7e34408Crossref PubMed Scopus (1872) Google Scholar] or colocalization approaches [7.Giambartolomei C. et al.Bayesian test for colocalisation between pairs of genetic association studies using summary statistics.PLoS Genet. 2014; 10e1004383Crossref PubMed Scopus (1036) Google Scholar,8.Giambartolomei C. et al.A Bayesian framework for multiple trait colocalization from summary association statistics.Bioinformatics. 2018; 34: 2538-2545Crossref PubMed Scopus (113) Google Scholar]). Furthermore, omics data can improve risk variant characterization, especially for those residing in noncoding sequence. Indeed, computational intersections of GWAS with datasets generated using functional genomics techniques [e.g., chromatin immunoprecipitation followed by sequencing (ChIP-seq), assay for transposase-accessible chromatin using sequencing (ATAC-seq), etc.] have found that for some complex traits, risk variants tend to reside and are enriched within regulatory sequence [9.Boer C.G. et al.Deciphering osteoarthritis genetics across 826,690 individuals from 9 populations.Cell. 2021; 184: Full Text Full Text PDF PubMed Scopus Google et al.A genome-wide association with individuals new risk loci for Alzheimer’s Genet. 2021; PubMed Scopus Google A. et variant on in human and their for 2020; PubMed Scopus Google Scholar]. studies have been by recent in that molecular across such as on chromatin and or Furthermore, of genetic regulatory across human 2020; PubMed Google et integrated of in the human PubMed Scopus Google et analysis of human PubMed Scopus Google and the A. et al.The Scopus Google Scholar] have molecular thus of molecular datasets of disease-relevant tissues across multi-omics et approaches to PubMed Scopus Google Scholar] and provide insights into the between risk factors and data for omics have generated omics data as for for functional studies of GWAS in the a of of genetic variants on and of across from of individuals of genetic regulatory across human 2020; PubMed Google in with a to functional in human and on of the and analysis of functional in of the human by the PubMed Scopus Google to the current chromatin and and data of in the human and 2020; PubMed Scopus Google Scholar]. and human data of human tissues or cell types cell types from thus in and et analysis of human PubMed Scopus Google is an that to of human tissues single-cell A. et al.The Scopus Google Scholar]. recent and a single-cell for human cell types of tissues or a single-cell of Scholar]. data data from more of are that provide is a platform for genetic and data relevant for et al.The to multi-omics PubMed Scopus Google Scholar]. datasets for is a 2 data are including omics and data from human et the regulatory of human 2021; Full Text Full Text PDF PubMed Scopus Google Scholar] and the et chromatin cell and regulatory of diabetes Genet. 2021; PubMed Scopus Google the is an that data et al.The a for data on Alzheimer’s disease and Genet. 2020; Google Scholar]. have generated omics data as for for functional studies of GWAS in the a of of genetic variants on and of across from of individuals of genetic regulatory across human 2020; PubMed Google Scholar]. in with a to functional in human and on of the and analysis of functional in of the human by the PubMed Scopus Google to the current chromatin and and data of in the human and 2020; PubMed Scopus Google Scholar]. and human data of human tissues or cell types cell types from thus in and et analysis of human PubMed Scopus Google Scholar]. is an that to of human tissues single-cell A. et al.The Scopus Google Scholar]. recent and a single-cell for human cell types of tissues or a single-cell of Scholar]. data data from more of Furthermore, are that provide is a platform for genetic and data relevant for et al.The to multi-omics PubMed Scopus Google Scholar]. datasets for is a 2 data are including omics and data from human et the regulatory of human 2021; Full Text Full Text PDF PubMed Scopus Google Scholar] and the et chromatin cell and regulatory of diabetes Genet. 2021; PubMed Scopus Google Scholar]. the is an that data et al.The a for data on Alzheimer’s disease and Genet. 2020; Google Scholar]. In approaches have been to primary of disease-relevant types that from or primary disease-relevant can provide novel insights into disease mechanisms that have been identified using tissues or to multi-omics data with approach to molecular data with a disease is to for between and This is to the approach in In to genetic studies, in are to causal in disease as are by diseases the in molecular or or chromatin be risk factors of the identify that are in the disease of approaches that data across multiple omics have been et approaches to PubMed Scopus Google Scholar]. is the of and data of to identify genetic variants that of a trait loci on a genome-wide et approaches to PubMed Scopus Google Scholar]. can be with GWAS results to identify molecular (e.g., effector risk variants their in disease-relevant In the context of complex these effector genes represent drug targets et drug targets with genetic as to be of the of genetic for drug mechanisms on the of drug Genet. 2019; PubMed Scopus Google Scholar]. multi-omics information from C. et inference for regulatory factors in multi-omics 2021; PubMed Scopus Google Scholar] or from multi-omics for to et a framework for of single-cell 2020; PubMed Scopus Google Scholar]. approach to molecular data with a disease is to for between and This is to the approach in In to genetic studies, in are to causal in disease as are by diseases the in molecular or or chromatin be risk factors of the identify that are in the disease of In approaches that data across multiple omics have been et approaches to PubMed Scopus Google Scholar]. is the of and data of to identify genetic variants that of a trait loci on a genome-wide et approaches to PubMed Scopus Google Scholar]. can be with GWAS results to identify molecular (e.g., effector risk variants their in disease-relevant In the context of complex these effector genes represent drug targets et drug targets with genetic as to be of the of genetic for drug mechanisms on the of drug Genet. 2019; PubMed Scopus Google Scholar]. multi-omics information from C. et inference for regulatory factors in multi-omics 2021; PubMed Scopus Google Scholar] or from multi-omics for to et a framework for of single-cell 2020; PubMed Scopus Google Scholar]. This into disease primary tissues are across disease Here, tissues disease can be relevant to relevant to tissues the can be more relevant to In this we recent insights into four complex diseases provided by multi-omics studies on disease-relevant primary (Figure and disease-relevant tissues and distinct is a clinically disease for relevant are to is a for tissues are challenging to and are in is a disease that the a complex that can be studied is an disease with patient GWAS for type 2 diabetes, osteoarthritis, Alzheimer’s disease, and systemic lupus have revealed insights into the architecture of osteoarthritis, and the to individuals with and A. et genetic of type 2 diabetes the of for discovery and Genet. PubMed Scopus Google Scholar]. the of osteoarthritis, the GWAS individuals and with more of [9.Boer C.G. et al.Deciphering osteoarthritis genetics across 826,690 individuals from 9 populations.Cell. 2021; 184: Full Text Full Text PDF PubMed Scopus Google individuals et al.A genome-wide association with individuals new risk loci for Alzheimer’s Genet. 2021; PubMed Scopus Google Scholar]. recent GWAS for Alzheimer’s disease individuals in a of C. et insights into the genetic of Alzheimer’s disease and Genet. PubMed Scopus Google Scholar]. studies individuals of GWAS been in individuals of are of et of loci for systemic lupus 2021; PubMed Scopus Google of approach types and molecular omics in disease-relevant tissues in multi-omics chromatin single-cell of 2 chromatin chromatin chromatin chromatin lupus chromatin single-cell in a new GWAS have revealed insights into the architecture of osteoarthritis, and In the to individuals with and A. et genetic of type 2 diabetes the of for discovery and Genet. PubMed Scopus Google Scholar]. the of osteoarthritis, the GWAS individuals and with more of [9.Boer C.G. et al.Deciphering osteoarthritis genetics across 826,690 individuals from 9 populations.Cell. 2021; 184: Full Text Full Text PDF PubMed Scopus Google Scholar]. individuals et al.A genome-wide association with individuals new risk loci for Alzheimer’s Genet. 2021; PubMed Scopus Google Scholar]. recent GWAS for Alzheimer’s disease individuals in a of C. et insights into the genetic of Alzheimer’s disease and Genet. PubMed Scopus Google Scholar]. studies individuals of GWAS been in individuals of are of et of loci for systemic lupus 2021; PubMed Scopus Google Scholar]. is a complex disease more [2.Khan M.A.B. et al.Epidemiology of type 2 diabetes - global burden of disease and forecasted trends.J. Epidemiol. Glob. Health. 2020; 10: 107-111Crossref PubMed Google Scholar] and is by of and and of and A. et type 2 diabetes loci to using and Genet. 2018; PubMed Scopus Google et genome-wide association of type 2 diabetes in PubMed Scopus Google Scholar]. mechanisms in developing include from the and the to from tissues et of type 2 diabetes 2020; Scopus Google Scholar]. genetic risk loci have been implicated in to with to noncoding A. et type 2 diabetes loci to using and Genet. 2018; PubMed Scopus Google et genome-wide association of type 2 diabetes in PubMed Scopus Google Scholar]. of these variants of risk et discovery and risk in type 2 diabetes across 2021; Google increase the risk of developing on this studies of across multiple of are to into molecular to efforts have to a are multi-omics studies to tissues of have been Furthermore, are as a to high in to of the multi-omics studies on can on the mechanisms of in et studied the of noncoding variants on the of genes in from A. et variant on in human and their for 2020; PubMed Scopus Google Scholar]. This identified trait loci in that to in of the with and data revealed of in chromatin and and of the with variants from or trait GWAS identified variants with a potential causal highlighting and the effector genes A. et variant on in human and their for 2020; PubMed Scopus Google Scholar]. with in in a by et et chromatin and of type 2 diabetes 2019; 10: PubMed Scopus Google Scholar]. generated a of chromatin architecture of using and and identified target genes of risk variants in by highlighting the variant the locus as a potential causal variant for and with in et chromatin and of type 2 diabetes 2019; 10: PubMed Scopus Google Scholar]. have been to in a from et et chromatin architecture insights into the genetics of type 2 Genet. 2019; PubMed Scopus Google Scholar]. with and from the identified in variants effector genes for or risk loci with the risk variant in and and by an of these risk variants in risk genetic risk especially for individuals with by and et chromatin architecture insights into the genetics of type 2 Genet. 2019; PubMed Scopus Google Scholar]. a et the and genome-wide and chromatin causal variants for the and loci et of human data regulatory mechanisms type 2 diabetes 2018; Scopus Google Scholar]. et regulatory in the using in of with published and GWAS data et chromatin cell and regulatory of diabetes Genet. 2021; PubMed Scopus Google Scholar]. identified cell and that genetic risk is variant on of on of the with cell risk variant the locus to have on cell chromatin et chromatin cell and regulatory of diabetes Genet. 2021; PubMed Scopus Google Scholar]. the studies have studied multi-omics in from of from et from the from to et of human cell type 2 2021; PubMed Scopus Google Scholar]. the and in with in from revealed in with with genes in in and Furthermore, the identified association of of the the and with of as potential et of human cell type 2 2021; PubMed Scopus Google Scholar]. this that more to be the of in a of cell or these studies highlight the importance of multi-omics approaches in the regulatory mechanisms genetic risk variants in efforts that data types the et the regulatory of human 2021; Full Text Full Text PDF PubMed Scopus Google Scholar] and et chromatin cell and regulatory of diabetes Genet. 2021; PubMed Scopus Google Scholar] with association studies of risk et of new risk loci for type 2 diabetes and in a Genet. 2020; PubMed Scopus Google Scholar] the for a understanding of is a complex that tissues of et a disease of the as an PubMed Scopus Google Scholar]. is the of GWAS have revealed genetic risk loci [9.Boer C.G. et al.Deciphering osteoarthritis genetics across 826,690 individuals from 9 populations.Cell. 2021; 184: Full Text Full Text PDF PubMed Scopus Google Scholar]. remains genetic variants and genes osteoarthritis and in the a relevant types are to can be Furthermore, osteoarthritis, as disease of the tissues of in the osteoarthritis: and PubMed Scopus Google Scholar]; multi-omics studies can reveal mechanisms osteoarthritis across molecular public data have yet types to recent multi-omics studies that on primary tissues can provide for osteoarthritis studies have on molecular of tissues in A. et osteoarthritis a 2020; PubMed Scopus Google G. et into the molecular of osteoarthritis in human 34: PubMed Scopus Google Scholar]). of multi-omics studies have integrated data types in regions of et of and as osteoarthritis risk genes the identification and of novel trait 2019; PubMed Scopus Google et and analysis of trait loci to novel osteoarthritis genetic risk 2019; Full Text Full Text PDF PubMed Scopus Google E. et and analysis with as a target of osteoarthritis 2021; PubMed Scopus Google et analysis of the osteoarthritis locus to the 2020; Full Text Full Text PDF PubMed Scopus Google Scholar] or et and of patient reveal genes and in PubMed Scopus Google et al.A molecular trait locus for 2021; PubMed Scopus Google et sequencing data an of osteoarthritis 2019; PubMed Scopus Google et of knee in 2018; PubMed Scopus Google et of osteoarthritis in primary Genet. Full Text Full Text PDF PubMed Scopus Google G. et al.A molecular of and in Genet. PubMed Scopus Google Scholar]. et integrated with molecular data and of types in and osteoarthritis as as from that the in of et al.A molecular trait locus for 2021; PubMed Scopus Google Scholar]. In the genetic variants that are with or trait loci the genome-wide molecular of these these with results of GWAS for osteoarthritis revealed effector genes in osteoarthritis primary tissues and GWAS some of these genes with of include for of tissues and et of new targets for osteoarthritis genome-wide of Genet. 2019; PubMed Scopus Google thus for the identified colocalization to be In the of with osteoarthritis identified genes to the and revealed an of the in and an of to that the enriched in (e.g., with findings in molecular osteoarthritis studies et and of patient reveal genes and in PubMed Scopus Google et sequencing data an of osteoarthritis 2019; PubMed Scopus Google et of knee in 2018; PubMed Scopus Google Scholar] or in osteoarthritis et analysis the of human 2019; PubMed Scopus Google these results provide for in osteoarthritis Furthermore, these results integrated in an analysis that disease in osteoarthritis the molecular et studied and data in and osteoarthritis from et sequencing data an of osteoarthritis 2019; PubMed Scopus Google Scholar]. identified and to osteoarthritis integrated these results using of individuals with and data and a approach and pairs on and and osteoarthritis predicted and between generated a on and of revealed for in is or in osteoarthritis This the in osteoarthritis these recent multi-omics data studies of primary have revealed between omics and have a understanding of the mechanisms biological across molecular and disease in is a complex disease and the of et al.The of disease and PubMed Scopus Google Scholar]. of include an of and in the et al.The and of and in the of with Alzheimer’s PubMed Scopus Google et on for the of Alzheimer’s a PubMed Scopus Google Scholar]. is to be driven by causal genetic variants et of Alzheimer’s disease an 2020; PubMed Scopus Google and genetic association studies have provided insights into complex genetic architecture et al.A genome-wide association with individuals new risk loci for Alzheimer’s Genet. 2021; PubMed Scopus Google C. et insights into the genetic of Alzheimer’s disease and Genet. PubMed Scopus Google Scholar]. However, some challenges are the identification of molecular mechanisms to primary relevant in the is challenging and to In the is an and complex that of including cell types in an Multi-omics studies can to as as cell molecular mechanisms molecular profiles are in public data (e.g., efforts are extended by multi-omics studies that provide insights into using single-cell for by single-cell chromatin and chromatin et causal variants risk loci for Alzheimer’s and Genet. 2020; PubMed Scopus Google Scholar] or and single-cell chromatin et single-cell analysis of and in the human 2018; PubMed Scopus Google Scholar] in et extended to et chromatin and of Alzheimer’s Genet. 2021; PubMed Scopus Google Scholar]. chromatin and of of of human single-cell This identified cell regulatory genes in (e.g., the genes and in cell type in cell (e.g., and a integrative approach to identify of revealed of targets in underlining the of this in In recent multi-omics studies in data identified molecular in such as of and et integrated multi-omics approach with Alzheimer’s Genet. 2020; PubMed Scopus Google et causal identify as a of Alzheimer’s 2020; PubMed Scopus Google and of to be a drug target et of multi-omics data and potential for Alzheimer’s 2021; Full Text Full Text PDF PubMed Scopus Google Scholar]. et provided molecular insights into using et molecular in Alzheimer’s disease 2020; Full Text Full Text PDF PubMed Scopus Google Scholar]. integrated and profiles and revealed to of omics data genes and and (e.g., and in the molecular of to mechanisms in et in and profiles of Res. 2019; PubMed Scopus Google Scholar]. the of integrative multi-omics approaches extended our insights into the and cell type is an disease multiple and is by the of to T. et al.A functional in the of is with to systemic lupus erythematosus in Genet. PubMed Scopus Google Scholar]. can be in of include cell or cell A. et of PubMed Scopus Google Scholar]. more risk loci have been identified in GWAS et of loci for systemic lupus 2021; PubMed Scopus Google Scholar]. challenges to patient including clinical (e.g., disease clinical and in profiles or type et in systemic lupus erythematosus for new 2021; Full Text Full Text PDF PubMed Scopus Google Scholar]. This patient disease treatment as as drug development. the drug improved treatment in a of with more et and of in systemic lupus a PubMed Scopus Google Scholar]. Multi-omics studies can to identify patient with molecular or thus to a understanding of Due to the for diseases and recent multi-omics studies have from on single-cell in et cell molecular and genetic to Scopus Google biomarker identification et risk in with 2021; Full Text Full Text PDF PubMed Scopus Google and understanding disease-relevant molecular mechanisms et of regulatory that lupus disease multi-omics 2020; Full Text Full Text PDF PubMed Scopus Google et and in systemic lupus 2018; PubMed Scopus Google Scholar]. single-cell data of more from and et cell molecular and genetic to Scopus Google Scholar]. This cell into and and identified and cell patient stratification into molecular thus insights into recent integrated profiles from and as as from and and and from et of regulatory that lupus disease multi-omics 2020; Full Text Full Text PDF PubMed Scopus Google Scholar]. the and identified genes in genes with data from of genes and revealed (e.g., including genes identified in and T. et al.A human to PubMed Scopus Google Scholar] identified regulatory from to genes in et in on data to their disease a et risk in with 2021; Full Text Full Text PDF PubMed Scopus Google Scholar]. patient of of a risk risk and thus as a biomarker high and identified in that enriched in (e.g., genes 2 with genes in of thus insights into the between and with in years highlighting as a clinically relevant these multi-omics studies revealed molecular mechanisms and patient of multi-omics data our molecular mechanisms that underlie disease in relevant In this we recent insights into four complex integrative multi-omics diseases of the importance of integrative approaches across the of complex diseases. some have to be in the (see (Figure have of information are especially in multi-omics studies. However, in population and disease-relevant cell types cell to disease single-cell and spatial multi-omics techniques that more will provide of the of disease-relevant cell types, thus information beyond the of this that genetic with single-cell targeted are to on the functional genomics of complex diseases et genetic in 2020; PubMed Scopus Google Scholar]. will an important in the will new and sequencing are (e.g., to our to disease on of the or regions or to et human sequencing and Genet. 2020; PubMed Scopus Google Scholar]. sequencing can current of types relevant for diseases are to (e.g., tissues for osteoarthritis, tissues for to this is the of are in of human that of their human et a novel in disease 2021; PubMed Scopus Google Scholar]. to systems such as (e.g., in biological genetic diversity as et a novel in disease 2021; PubMed Scopus Google et systems for human and 2020; PubMed Scopus Google Scholar]. have been generated for some complex for et al.A human of Alzheimer’s 2020; PubMed Scopus Google Scholar]. challenges include the of disease and the on the treatment particularly in disease identification of such clinically relevant studies that clinical and multi-omics data across disease in we highlight the importance of and studies. and molecular studies, to have that have been to individuals of This the of findings and a in our understanding of disease [4.Zeggini E. et al.Translational genomics and precision medicine: moving from the lab to the clinic.Science. 2019; 365: 1409-1413Crossref PubMed Scopus (86) Google Scholar]. studies across and can a more of genetic and molecular and the of precision to individuals Integrative multi-omics approaches in primary disease-relevant tissues have to a understanding of complex diseases. current is to these in of and molecular yet disease-relevant cell types be in these cell types be in public data can we and the of more population in genetic and multi-omics can we novel techniques such as single-cell and spatial omics and across multiple molecular to improve our understanding of and disease-relevant we the challenges by these novel yet disease-relevant cell types be in these cell types be in public data can we and the of more population in genetic and multi-omics can we novel techniques such as single-cell and spatial omics and across multiple molecular to improve our understanding of and disease-relevant we the challenges by these novel are to and for their are of that more a that chromatin and to genome-wide chromatin profiles and with sequencing to identify for (e.g., to that more and of a genome-wide of chromatin to insights into that chromatin with with a that sequencing of or thus approach that a to to and of biological (e.g., the are to and a are to the are to applications including molecular and a genome-wide of regions that with to insights into and noncoding variants to their target genetic variants that are with a often to genetic variants with a molecular such as of a of a or a that chromatin with single-cell genome-wide of chromatin in single-cell that data of is relevant be in a single-cell such as that are or of a cell type the effector genes of risk variants can be variants are in noncoding regions of the the variants in regions these variants can have a regulatory on the of a target as can reside in functional such as or noncoding treatment of the to and sequencing to the in a to",2022,2022-09-19,article,en,https://openalex.org/W4296301762,False,0,epigenomics_plus_downstream;explicit_multiomics;genomics_plus_other,True,True,True,True
doi:10.1016/j.xgen.2024.100541,doi:10.1016/j.xgen.2024.100541,pubmed,pubmed,38663408,10.1016/j.xgen.2024.100541,38663408,PMC11099345,Characterization of the genetic determinants of context-specific DNA methylation in primary monocytes.,"To better understand inter-individual variation in sensitivity of DNA methylation (DNAm) to immune activity, we characterized effects of inflammatory stimuli on primary monocyte DNAm (n = 190). We find that monocyte DNAm is site-dependently sensitive to lipopolysaccharide (LPS), with LPS-induced demethylation occurring following hydroxymethylation. We identify 7,359 high-confidence immune-modulated CpGs (imCpGs) that differ in genomic localization and transcription factor usage according to whether they represent a gain or loss in DNAm. Demethylated imCpGs are profoundly enriched for enhancers and colocalize to genes enriched for disease associations, especially cancer. DNAm is age associated, and we find that 24-h LPS exposure triggers approximately 6 months of gain in epigenetic age, directly linking epigenetic aging with innate immune activity. By integrating LPS-induced changes in DNAm with genetic variation, we identify 234 imCpGs under local genetic control. Exploring shared causal loci between LPS-induced DNAm responses and human disease traits highlights examples of disease-associated loci that modulate imCpG formation.",2024,2024-04-24,"Journal Article; Research Support, N.I.H., Extramural; Research Support, Non-U.S. Gov't",eng,https://pubmed.ncbi.nlm.nih.gov/38663408/,False,0,,True,True,True,True
doi:10.1016/s0027-5107(01)00079-3,doi:10.1016/s0027-5107(01)00079-3,pubmed,pubmed,11295154,10.1016/s0027-5107(01)00079-3,11295154,,The role of folic acid and Vitamin B12 in genomic stability of human cells.,"Folic acid plays a critical role in the prevention of chromosome breakage and hypomethylation of DNA. This activity is compromised when Vitamin B12 (B12) concentration is low because methionine synthase activity is reduced, lowering the concentration of S-adenosyl methionine (SAM) which in turn may diminish DNA methylation and cause folate to become unavailable for the conversion of dUMP to dTMP. The most plausible explanation for the chromosome-breaking effect of low folate is excessive uracil misincorporation into DNA, a mutagenic lesion that leads to strand breaks in DNA during repair. Both in vitro and in vivo studies with human cells clearly show that folate deficiency causes expression of chromosomal fragile sites, chromosome breaks, excessive uracil in DNA, micronucleus formation and DNA hypomethylation. In vivo studies show that Vitamin B12 deficiency and elevated plasma homocysteine are significantly correlated with increased micronucleus formation. In vitro experiments indicate that genomic instability in human cells is minimised when folic acid concentration in culture medium is >227nmol/l. Intervention studies in humans show: (a) that DNA hypomethylation, chromosome breaks, uracil misincorporation and micronucleus formation are minimised when red cell folate concentration is >700nmol/l folate; and (b) micronucleus formation is minimised when plasma concentration of Vitamin B12 is >300pmol/l and plasma homocysteine is <7.5micromol/l. These concentrations are achievable at intake levels in excess of current RDIs i.e. more than 200-400microgram folic acid per day and more than 2microgram Vitamin B12 per day. A placebo-controlled study with a dose-response suggests that based on the micronucleus index in lymphocytes, an RDI level of 700microgram/day for folic acid and 7microgram/day for Vitamin B12 would be appropriate for genomic stability in young adults. Dietary intakes above the current RDI may be particularly important in those with extreme defects in the absorption and metabolism of these Vitamins, for which ageing is a contributing factor.",2001,2001-04-18,Journal Article; Review,eng,https://pubmed.ncbi.nlm.nih.gov/11295154/,False,0,,True,True,True,True
doi:10.1017/s0029665125102036,doi:10.1017/s0029665125102036,semantic_scholar,semantic_scholar,2bb2ae72581e52b0ad407a9e148900a5072d027d,10.1017/s0029665125102036,41424069,,"Probiotics, prebiotics, and synbiotics to counteract sarcopenia: Where are we now and what challenges need to be faced?","Sarcopenia, the age-related decline in muscle mass and strength, is a contributor to frailty and reduced quality of life. Emerging evidence suggests an emerging role of the gut microbiome in modulating skeletal muscle through microbial species and metabolites, such as short-chain fatty acids (SCFAs), potentially influencing glucose profile, inflammation, nutrient absorption, and protein metabolism. This review considers the potential of probiotics, prebiotics, and synbiotics as interventions to mitigate sarcopenia based on animal and human studies, while providing a critique of present barriers that need to be addressed. Preclinical models, including germ-free mice and faecal microbiota transplantation, demonstrate that gut microbiota from healthy or young donors may enhance overall muscle health via reductions in inflammatory and muscle atrophy markers. Limited human studies show that probiotics such as Lactobacillus and Bifidobacterium could improve branched chain amino acid (BCAA) bioavailability and potentially sarcopenia indices, although findings have been inconsistent. Particularly, challenges including inconsistent microbial assessments, lack of dietary control, and interindividual variability due to diet, age, genetics, comorbidities, and medications may hinder progress in this field. Delivery methods (e.g., capsules, fermented foods, or fortified products) could further complicate efficacy through probiotic stability and dietary restrictions in older adults. Standardized protocols (e.g., Strengthening The Organization and Reporting of Microbiome Studies (STORMS) checklist), and multi-omics approaches may be critical to address these limitations and identify microbial signatures linked to sarcopenia outcomes. While preclinical evidence highlights mechanistic pathways pertinent to amino acid metabolism, translating findings to humans requires rigorous experimental trials.",2025,2025-12-22,Review; JournalArticle,,https://www.semanticscholar.org/paper/2bb2ae72581e52b0ad407a9e148900a5072d027d,False,0,,True,False,True,False
doi:10.1021/acs.jafc.5c16026,doi:10.1021/acs.jafc.5c16026,semantic_scholar,semantic_scholar,32e244bcf1db1ef7edb1a97d7198a346c332cf44,10.1021/acs.jafc.5c16026,41680097,,Multiomics Analysis: Maternal Valine Intake during Protein Restriction Improves Fetal Intestinal Health in Pigs via IgA Homing.,"Protein restriction, while beneficial for maternal healthspan, poses risks to offspring development during lactation. This study investigated whether valine (Val) supplementation in maternal low-protein diets (LPDs) alleviates offspring developmental deficits via a gut-mammary axis. Maternal LPD impaired offspring growth, jejunal morphology, and barrier integrity while reducing levels of secretory immunoglobulin A (sIgA) and related immune mediators in both piglet jejunum and sow mammary gland. LPD suppressed CCL28-mediated sIgA homing to the mammary gland, which was restored by optimal Val supplementation (Val/Lys ratio: 0.88%). Val elevated serum valine metabolites and corrected LPD-induced depletion of beneficial genera in milk and the offspring gut, promoting microbial colonization. Thus, Val regulates sIgA immunity and microbial composition via the lactational axis to enhance the intestinal health of offspring under maternal protein restriction.",2026,2026-02-12,JournalArticle,,https://www.semanticscholar.org/paper/32e244bcf1db1ef7edb1a97d7198a346c332cf44,False,0,,True,True,True,True
doi:10.1021/pr300760p,doi:10.1021/pr300760p,europepmc,europepmc;pubmed;scopus,MED:23106691,10.1021/pr300760p,23106691,PMC3519430,Proteomic profile identifies dysregulated pathways in Cornelia de Lange syndrome cells with distinct mutations in SMC1A and SMC3 genes.,"Mutations in cohesin genes have been identified in Cornelia de Lange syndrome (CdLS), but its etiopathogenetic mechanisms are still poorly understood. To define biochemical pathways that are affected in CdLS, we analyzed the proteomic profile of CdLS cell lines carrying mutations in the core cohesin genes, SMC1A and SMC3. Dysregulated protein expression was found in CdLS probands compared to controls. The proteomics analysis was able to discriminate between probands harboring mutations in the different domains of the SMC proteins. In particular, proteins involved in the response to oxidative stress were specifically down-regulated in hinge mutated probands. In addition, the finding that CdLS cell lines show an increase in global oxidative stress argues that it could contribute to some CdLS phenotypic features such as premature physiological aging and genome instability. Finally, the c-MYC gene represents a convergent hub lying at the center of dysregulated pathways, and is down-regulated in CdLS. This study allowed us to highlight, for the first time, specific biochemical pathways that are affected in CdLS, providing plausible causal evidence for some of the phenotypic features seen in CdLS.",2012,2012-11-05,"Research Support, Non-U.S. Gov't; research-article; Journal Article; Research Support, N.I.H., Extramural",eng,https://europepmc.org/article/MED/23106691,False,2,,True,True,True,True
doi:10.1038/s12276-024-01195-1,doi:10.1038/s12276-024-01195-1,pubmed,openalex;pubmed,38480902,10.1038/s12276-024-01195-1,38480902,PMC10985101,Dysregulated CREB3 cleavage at the nuclear membrane induces karyoptosis-mediated cell death.,"Cancer cells often exhibit resistance to apoptotic cell death, but they may be vulnerable to other types of cell death. Elucidating additional mechanisms that govern cancer cell death is crucial for developing new therapies. Our research identified cyclic AMP-responsive element-binding protein 3 (CREB3) as a crucial regulator and initiator of a unique cell death mechanism known as karyoptosis. This process is characterized by nuclear shrinkage, deformation, and the loss of nuclear components following nuclear membrane rupture. We found that the N-terminal domain (aa 1-230) of full-length CREB3 (CREB3-FL), which is anchored to the nuclear inner membrane (INM), interacts with lamins and chromatin DNA. This interaction maintains a balance between the outward force exerted by tightly packed DNA and the inward constraining force, thereby preserving INM integrity. Under endoplasmic reticulum (ER) stress, aberrant cleavage of CREB3-FL at the INM leads to abnormal accumulation of the cleaved form of CREB3 (CREB3-CF). This accumulation disrupts the attachment of CREB3-FL to the INM, resulting in sudden rupture of the nuclear membrane and the onset of karyoptosis. Proteomic studies revealed that CREB3-CF overexpression induces a DNA damage response akin to that caused by UVB irradiation, which is associated with cellular senescence in cancer cells. These findings demonstrated that the dysregulation of CREB3-FL cleavage is a key factor in karyoptotic cell death. Consequently, these findings suggest new therapeutic strategies in cancer treatment that exploit the process of karyoptosis.",2024,2024-03-13,Journal Article,eng,https://pubmed.ncbi.nlm.nih.gov/38480902/,False,1,,True,True,True,True
doi:10.1038/s41392-025-02468-5,doi:10.1038/s41392-025-02468-5,semantic_scholar,semantic_scholar,26824f14eefbe02c252dff154e8bf4a869476e5d,10.1038/s41392-025-02468-5,41253762,12627565,Pyruvate kinase M2-mediated histone lactylation alters three-dimensional genomic architecture in polycystic ovary syndrome,"Polycystic ovary syndrome (PCOS) is a frequent endocrine and metabolic imbalance that typically occurs in women of reproductive age. Its molecular pathophysiology is yet unknown, especially the ovarian cellular metabolic inefficiency that causes the transcriptional dysregulation of key genes linked to PCOS. Here, we discovered that one transcriptional-like regulator that causes PCOS is nuclear pyruvate kinase M2 (nPKM2). Using multiomics techniques, we show that enhanced lactylation of histone 3 on lysine residues 9 and 18 is linked to nPKM2 binding to the genome, changing the three-dimensional architecture of the genome. Genomic compartment switching, topologically associated domain fusion, and novel enhancer–promoter interactions subsequently enhance the expression of PCOS-related genes, including CYP17A1 and CYP11A1. In mice, ectopic expression of Pkm2 in female GCs consistently presented PCOS-like traits, such as interrupted estrous cycles, hyperandrogenism, and so on. Importantly, whole-organ tracing imaging directly unfolded the number of small follicles, which increased highly in Pkm2-tdtomato transgene mice compared with control. Furthermore, pharmacological inhibition of the nuclear accumulation of PKM2 mitigated PCOS-like symptoms in mice and restored a wild-type-like transcriptome. This study demonstrates the important function of PKM2-mediated histone lactylation in regulating the three-dimensional chromatin architecture and highlights PKM2 as a potential therapeutic target for PCOS treatment.",2025,2025-11-19,JournalArticle,,https://www.semanticscholar.org/paper/26824f14eefbe02c252dff154e8bf4a869476e5d,False,0,,True,False,True,False
doi:10.1038/s41419-025-08055-4,doi:10.1038/s41419-025-08055-4,europepmc,europepmc;openalex;pubmed;scopus,MED:41136383,10.1038/s41419-025-08055-4,41136383,PMC12552454,Insulin-degrading enzyme confers neuroprotection in Parkinson's disease by inhibiting the Hippo signaling pathway.,"Parkinson's disease (PD) is a progressive neurodegenerative disorder primarily marked by the degeneration of dopaminergic neurons and pathological α-synuclein (α-syn) accumulation. Although insulin-degrading enzyme (IDE) has been implicated in both type 2 diabetes mellitus and amyloid-protein clearance, its precise relevance to PD pathogenesis remains unclear. In this study, we show that IDE expression is reduced in the nigrostriatal region of aging homozygous A53T α-syn mice and in α-syn-overexpressing SH-SY5Y PD cells. Overexpression of IDE alleviated motor deficits, reduced pathological α-syn levels, and protected dopaminergic neurons in A53T α-syn mice. In SH-SY5Y PD model cells, IDE overexpression reduced α-syn-induced toxicity, whereas IDE knockdown exacerbated it. Integrated transcriptomic and proteomic analyses revealed that the Hippo signaling pathway serves as a major downstream target of IDE. Notably, inhibition of MST1/2, a pivotal Hippo kinase, recapitulated IDE's neuroprotective effects by diminishing α-syn pathology and neuronal apoptosis. Hence, IDE confers neuroprotection partly via suppression of the Hippo signaling pathway, and pharmacological targeting of the IDE-Hippo axis may represent a promising therapeutic strategy for PD.",2025,2025-10-24,research-article; Journal Article,eng,https://europepmc.org/article/MED/41136383,False,3,,True,True,True,True
doi:10.1038/s41467-023-37729-w,doi:10.1038/s41467-023-37729-w,semantic_scholar,europepmc;google_scholar;openalex;pubmed;scopus;semantic_scholar,b15a6da8cb4fb0b0f18cd0e0dfa07e10be9f9d7b,10.1038/s41467-023-37729-w,37076473,10115892,Multi-omic underpinnings of epigenetic aging and human longevity,"Biological aging is accompanied by increasing morbidity, mortality, and healthcare costs; however, its molecular mechanisms are poorly understood. Here, we use multi-omic methods to integrate genomic, transcriptomic, and metabolomic data and identify biological associations with four measures of epigenetic age acceleration and a human longevity phenotype comprising healthspan, lifespan, and exceptional longevity (multivariate longevity). Using transcriptomic imputation, fine-mapping, and conditional analysis, we identify 22 high confidence associations with epigenetic age acceleration and seven with multivariate longevity. FLOT1 , KPNA4 , and TMX2 are novel, high confidence genes associated with epigenetic age acceleration. In parallel, cis-instrument Mendelian randomization of the druggable genome associates TPMT and NHLRC1 with epigenetic aging, supporting transcriptomic imputation findings. Metabolomics Mendelian randomization identifies a negative effect of non-high-density lipoprotein cholesterol and associated lipoproteins on multivariate longevity, but not epigenetic age acceleration. Finally, cell-type enrichment analysis implicates immune cells and precursors in epigenetic age acceleration and, more modestly, multivariate longevity. Follow-up Mendelian randomization of immune cell traits suggests lymphocyte subpopulations and lymphocytic surface molecules affect multivariate longevity and epigenetic age acceleration. Our results highlight druggable targets and biological pathways involved in aging and facilitate multi-omic comparisons of epigenetic clocks and human longevity. Here, the authors integrate genomic, bulk and single-cell transcriptomic, and metabolomic data sets to compare the biological underpinning of four epigenetic clocks and human longevity, offering novel insights into aging biology.",2023,2023-04-19,JournalArticle,,https://www.semanticscholar.org/paper/b15a6da8cb4fb0b0f18cd0e0dfa07e10be9f9d7b,False,5,,True,True,True,True
doi:10.1038/s41467-025-59682-6,doi:10.1038/s41467-025-59682-6,openalex,openalex,https://openalex.org/W4410533871,10.1038/s41467-025-59682-6,,,Chromogranin A deficiency attenuates tauopathy by altering epinephrine–alpha-adrenergic receptor signaling in PS19 mice,"Metabolic disorders such as insulin resistance and hypertension are potential risk factors for aging and neurodegenerative diseases. These conditions are reversed in Chromogranin A (CgA) knockout (CgA-KO) mice. CgA is known to be associated with protein aggregates in the brains of neurodegenerative diseases including Alzheimer's disease (AD). Here, we investigated the role of CgA in Tau pathogenesis in AD and corticobasal degeneration (CBD). CgA ablation in Tauopathy mice (PS19) (CgA-KO/PS19) reduced pathological Tau aggregation and spreading, extended lifespan, and improved cognitive function. Transcriptomic and metabolite analysis of mouse cortices revealed elevated alpha-1-adrenergic receptors (Adra1) expression and high Epinephrine (EPI) levels in PS19 mice compared to WT mice, mirroring observations in AD and CBD patients. CgA depletion in PS19 mice lowered cortical EPI levels and the expression of Adra1 back to normal. Treatment of WT hippocampal organotypic slice cultures with EPI or Adra1 agonist promoted, while an Adra1 antagonist inhibited Tau hyperphosphorylation and formation of neurofibrillary tangles, which is unaltered upon CgA depletion. These findings demonstrate the involvement of CgA in Tau pathogenesis and highlight the interplay between the EPI-Adra1 signaling pathway and CgA in Tauopathy.",2025,2025-05-20,article,en,https://openalex.org/W4410533871,False,0,transcriptomics_plus_downstream,True,True,True,True
doi:10.1038/s41514-025-00205-4,doi:10.1038/s41514-025-00205-4,openalex,europepmc;openalex;pubmed;scopus,https://openalex.org/W4409831932,10.1038/s41514-025-00205-4,,,Genetic determinants of proteomic aging,"Abstract Changes in the proteome and its dysregulation have long been known to be a hallmark of aging. We derived a proteomic aging trait using data on 1459 plasma proteins from 44,435 UK Biobank individuals measured using an antibody-based assay. This metric is strongly associated with four age-related disease outcomes, even after adjusting for chronological age. Survival analysis showed that one-year older proteomic age, relative to chronological age, increases all-cause mortality hazard by 13 percent. We performed a genome-wide association analysis of proteomic age acceleration (proteomic aging trait minus chronological age) to identify its biological determinants. Proteomic age acceleration showed modest genetic correlations with four epigenetic clocks ( R g = 0.17 to 0.19) and telomere length ( R g = −0.2). Once we removed associations that were explained by a single pQTL, we were left with three signals mapping to BRCA1 , POLR2A and TET2 with apparent widespread effects on plasma proteomic aging. Genetic variation at these three loci has been shown to affect other omics-related aging measures. Mendelian randomisation analyses showed causal effects of higher BMI and type 2 diabetes on faster proteomic age acceleration. This supports the idea that obesity and other features of metabolic syndrome have an adverse effect on the processes of human aging.",2025,2025-04-26,article,en,https://openalex.org/W4409831932,False,3,genomics_plus_other,True,True,True,True
doi:10.1038/s41586-024-07348-6,doi:10.1038/s41586-024-07348-6,pubmed,pubmed;scopus,38649488,10.1038/s41586-024-07348-6,38649488,PMC11062927,Multimodal cell atlas of the ageing human skeletal muscle.,"Muscle atrophy and functional decline (sarcopenia) are common manifestations of frailty and are critical contributors to morbidity and mortality in older people 1 . Deciphering the molecular mechanisms underlying sarcopenia has major implications for understanding human ageing 2 . Yet, progress has been slow, partly due to the difficulties of characterizing skeletal muscle niche heterogeneity (whereby myofibres are the most abundant) and obtaining well-characterized human samples 3,4 . Here we generate a single-cell/single-nucleus transcriptomic and chromatin accessibility map of human limb skeletal muscles encompassing over 387,000 cells/nuclei from individuals aged 15 to 99 years with distinct fitness and frailty levels. We describe how cell populations change during ageing, including the emergence of new populations in older people, and the cell-specific and multicellular network features (at the transcriptomic and epigenetic levels) associated with these changes. On the basis of cross-comparison with genetic data, we also identify key elements of chromatin architecture that mark susceptibility to sarcopenia. Our study provides a basis for identifying targets in the skeletal muscle that are amenable to medical, pharmacological and lifestyle interventions in late life.",2024,2024-04-22,"Journal Article; Research Support, Non-U.S. Gov't; Research Support, N.I.H., Extramural",eng,https://pubmed.ncbi.nlm.nih.gov/38649488/,False,1,,True,True,True,True
doi:10.1038/s41593-024-01754-9,doi:10.1038/s41593-024-01754-9,europepmc,europepmc;pubmed;scopus,MED:39266660,10.1038/s41593-024-01754-9,39266660,,DOR activation in mature oligodendrocytes regulates α-ketoglutarate metabolism leading to enhanced remyelination in aged mice.,"The decreased ability of mature oligodendrocytes to produce myelin negatively affects remyelination in demyelinating diseases and aging, but the underlying mechanisms are incompletely understood. In the present study, we identify a mature oligodendrocyte-enriched transcriptional coregulator diabetes- and obesity-related gene (DOR)/tumor protein p53-inducible nuclear protein 2 (TP53INP2), downregulated in demyelinated lesions of donors with multiple sclerosis and in aged oligodendrocyte-lineage cells. Dor ablation in mice of both sexes results in defective myelinogenesis and remyelination. Genomic occupancy in oligodendrocytes and transcriptome profiling of the optic nerves of wild-type and Dor conditional knockout mice reveal that DOR and SOX10 co-occupy enhancers of critical myelinogenesis-associated genes including Prr18, encoding an oligodendrocyte-enriched, proline-rich factor. We show that DOR targets regulatory elements of genes responsible for α-ketoglutarate biosynthesis in mature oligodendrocytes and is essential for α-ketoglutarate production and lipid biosynthesis. Supplementation with α-ketoglutarate restores oligodendrocyte-maturation defects in Dor-deficient adult mice and improves remyelination after lysolecithin-induced demyelination and cognitive function in 17-month-old wild-type mice. Our data suggest that activation of α-ketoglutarate metabolism in mature oligodendrocytes can promote myelin production during demyelination and aging.",2024,2024-09-12,Journal Article,eng,https://europepmc.org/article/MED/39266660,False,2,,True,True,True,True
doi:10.1038/s41598-023-41770-6,doi:10.1038/s41598-023-41770-6,pubmed,pubmed,37670098,10.1038/s41598-023-41770-6,37670098,PMC10480159,CRISPR imaging reveals chromatin fluctuation at the centromere region related to cellular senescence.,"The human genome is spatially and temporally organized in the nucleus as chromatin, and the dynamic structure of chromatin is closely related to genome functions. Cellular senescence characterized by an irreversible arrest of proliferation is accompanied by chromatin reorganisation in the nucleus during senescence. However, chromatin dynamics in chromatin reorganisation is poorly understood. Here, we report chromatin dynamics at the centromere region during senescence in cultured human cell lines using live imaging based on the clustered regularly interspaced short palindromic repeat/dCas9 system. The repetitive sequence at the centromere region, alpha-satellite DNA, was predominantly detected on chromosomes 1, 12, and 19. Centromeric chromatin formed irregular-shaped domains with high fluctuation in cells undergoing 5'-aza-2'-deoxycytidine-induced senescence. Our findings suggest that the increased fluctuation of the chromatin structure facilitates centromere disorganisation during cellular senescence.",2023,2023-09-05,"Journal Article; Research Support, Non-U.S. Gov't",eng,https://pubmed.ncbi.nlm.nih.gov/37670098/,False,0,,True,True,False,False
doi:10.1038/s41598-025-17390-7,doi:10.1038/s41598-025-17390-7,semantic_scholar,semantic_scholar,205831646c764e05a47a3ddc98dc4e2c4732949c,10.1038/s41598-025-17390-7,41038964,12491420,Aqueous extract of Acer truncatum leaves retards Drosophila melanogaster senescence by regulating amino acid metabolism and gut microbiota,"Acer truncatum is a unique tree species indigenous to northern China. The Chinese government approved the utilization of Acer truncatum leaves as a raw material for food. These leaves have been traditionally used in Inner Mongolia as a form of anti-aging medicine. However, the specific mechanism responsible for the anti-aging properties of Acer truncatum leaves remains unidentified. In this study, an aqueous extract of Acer truncatum leaves (AAL) was prepared and analyzed using UPLC-QTOF-MS/MS. the UPLC-MS/MS profile detected a total of 989 compounds in AAL, with 5 compounds of high concentration selected for quantitative analysis via UPLC-QTOF-MS/MS employing the internal standard method. Subsequently, Drosophila melanogaster served as a model organism to assess the impact of AAL on the lifespan and locomotor abilities. The results demonstrated a significant extension of the lifespan of D. melanogaster in response to AAL supplementation. Moreover, the addition of AAL to the medium enhanced the physical and anti-stress abilities of D. melanogaster, while preserving the integrity of their intestinal barrier. Gut microbiome analysis revealed that AAL administration positively influenced the structure and composition of gut microbes in aged D. melanogaster, notably reducing the prevalence of detrimental bacteria like Enterococcus and increasing beneficial bacteria such as Lactococcus. Metabolomic analysis annotated 30 potentially significant metabolites in AAL that contribute to delaying aging, predominantly associated with Phenylalanine metabolic pathways. Through a comprehensive multi-omics correlation analysis, a strong link was established between gut microbiota and metabolites following AAL treatment, highlighting how AAL prolongs the lifespan of D. melanogaster by modulating metabolic pathways via the gut microbiota. This study offers valuable insights into the anti-aging properties of AAL, emphasizing its ability to delay aging primarily through the regulation of metabolic pathways mediated by the gut microbiota and sets a foundation for the potential future application of AAL as a functional food.",2025,2025-10-02,JournalArticle,,https://www.semanticscholar.org/paper/205831646c764e05a47a3ddc98dc4e2c4732949c,False,0,,True,True,True,True
doi:10.1038/s41698-024-00647-1,doi:10.1038/s41698-024-00647-1,semantic_scholar,semantic_scholar,6bc4db128600d83b304b599e3b3b87b86ffa4609,10.1038/s41698-024-00647-1,39020083,11255257,Multi-omics machine learning to study host-microbiome interactions in early-onset colorectal cancer,"The incidence of early-onset colorectal cancer (eoCRC) is rising, and its pathogenesis is not completely understood. We hypothesized that machine learning utilizing paired tissue microbiome and plasma metabolome features could uncover distinct host-microbiome associations between eoCRC and average-onset CRC (aoCRC). Individuals with stages I–IV CRC (n = 64) were categorized as eoCRC (age ≤ 50, n = 20) or aoCRC (age ≥ 60, n = 44). Untargeted plasma metabolomics and 16S rRNA amplicon sequencing (microbiome analysis) of tumor tissue were performed. We fit DIABLO (Data Integration Analysis for Biomarker Discovery using Latent variable approaches for Omics studies) to construct a supervised machine-learning classifier using paired multi-omics (microbiome and metabolomics) data and identify associations unique to eoCRC. A differential association network analysis was also performed. Distinct clustering patterns emerged in multi-omic dimension reduction analysis. The metabolomics classifier achieved an AUC of 0.98, compared to AUC 0.61 for microbiome-based classifier. Circular correlation technique highlighted several key associations. Metabolites glycerol and pseudouridine (higher abundance in individuals with aoCRC) had negative correlations with Parasutterella, and Ruminococcaceae (higher abundance in individuals with eoCRC). Cholesterol and xylitol correlated negatively with Erysipelatoclostridium and Eubacterium, and showed a positive correlation with Acidovorax with higher abundance in individuals with eoCRC. Network analysis revealed different clustering patterns and associations for several metabolites e.g.: urea cycle metabolites and microbes such as Akkermansia. We show that multi-omics analysis can be utilized to study host-microbiome correlations in eoCRC and demonstrates promising biomarker potential of a metabolomics classifier. The distinct host-microbiome correlations for urea cycle in eoCRC may offer opportunities for therapeutic interventions.",2024,2024-07-17,JournalArticle,,https://www.semanticscholar.org/paper/6bc4db128600d83b304b599e3b3b87b86ffa4609,False,0,,True,False,True,False
doi:10.1038/s43587-022-00281-1,doi:10.1038/s43587-022-00281-1,semantic_scholar,semantic_scholar,3264a5dbd751ec6bf469e7d1acbf5dcf85acbb65,10.1038/s43587-022-00281-1,37118504,10154216,Complement C1q-dependent excitatory and inhibitory synapse elimination by astrocytes and microglia in Alzheimer’s disease mouse models,"Microglia and complement can mediate neurodegeneration in Alzheimer’s disease (AD). By integrative multi-omics analysis, here we show that astrocytic and microglial proteins are increased in TauP301S synapse fractions with age and in a C1q-dependent manner. In addition to microglia, we identified that astrocytes contribute substantially to synapse elimination in TauP301S hippocampi. Notably, we found relatively more excitatory synapse marker proteins in astrocytic lysosomes, whereas microglial lysosomes contained more inhibitory synapse material. C1q deletion reduced astrocyte–synapse association and decreased astrocytic and microglial synapses engulfment in TauP301S mice and rescued synapse density. Finally, in an AD mouse model that combines β-amyloid and Tau pathologies, deletion of the AD risk gene Trem2 impaired microglial phagocytosis of synapses, whereas astrocytes engulfed more inhibitory synapses around plaques. Together, our data reveal that astrocytes contact and eliminate synapses in a C1q-dependent manner and thereby contribute to pathological synapse loss and that astrocytic phagocytosis can compensate for microglial dysfunction. In this multi-omics study, the authors identified C1q-dependent synapse elimination by both astrocytes and microglia in Alzheimer’s mouse models. While astrocytes preferentially removed excitatory synapses, microglia preferred inhibitory synapses.",2022,2022-09-01,JournalArticle,,https://www.semanticscholar.org/paper/3264a5dbd751ec6bf469e7d1acbf5dcf85acbb65,False,0,,True,False,True,False
doi:10.1038/s44318-025-00521-1,doi:10.1038/s44318-025-00521-1,semantic_scholar,semantic_scholar,ada4d0876104338478363604934c47c55dc8f7fc,10.1038/s44318-025-00521-1,40976786,12583505,Telomeric DNA damage response mediates neurotoxicity of Aβ42 oligomers in Alzheimer’s disease,"Ageing is the major risk factor for Alzheimer’s disease (AD), the most common neurodegenerative disorder. DNA damage is a hallmark of ageing, particularly when occurring at telomeres, genomic regions vulnerable to oxidative damage and often challenging for the cell to repair. Here, we show that brains of 3xTg-AD mice, an established AD model characterized by amyloid-β (Aβ)-induced pathology, exhibit increased activation of DNA damage response (DDR) pathways at telomeres. Exposure of mouse primary hippocampal neurons to 42-residue Aβ (Aβ42) oligomers, a significant pathogenetic contributor to AD, triggers telomeric DDR by increasing the levels of reactive oxygen species caused by calcium imbalance. Antisense oligonucleotides targeting non-coding RNAs generated at damaged telomeres in vivo (in 3xTg-AD mice) and in vitro reduce neurotoxicity in iPSC-derived human cortical neurons and mouse primary neurons while inhibiting Aβ42-induced telomeric DDR, and restore transcriptional pathways altered by Aβ and found dysregulated in AD patients. These results unveil an unexpected role of telomeric DNA damage responses in Alzheimer’s disease pathogenesis, and suggest a novel target for the development of RNA-based therapies. DNA damage, particularly at telomeres, is a hallmark of ageing, which is also linked to Alzheimer’s disease. This study identifies telomeric DNA damage response (DDR) as a contributor to Alzheimer’s disease (AD) pathogenesis, suggesting a novel therapeutic approach for AD. High levels of telomeric DDR markers are detected in the brains of 3xTg-AD mice and in Aβ42-treated hippocampal neurons. Aβ42 triggers telomeric DDR by increasing the levels of reactive oxygen species resulting from calcium imbalance. Antisense oligonucleotides (ASOs) against telomeric damage-induced non-coding RNAs reduce Aβ42-induced neurotoxicity in iPSC-derived neurons and in primary hippocampal mouse neurons. Transcriptomic analyses of ASO-treated hippocampal mouse neurons reveal the restoration of pathways altered by Aβ and also found dysregulated in AD patients. High levels of telomeric DDR markers are detected in the brains of 3xTg-AD mice and in Aβ42-treated hippocampal neurons. Aβ42 triggers telomeric DDR by increasing the levels of reactive oxygen species resulting from calcium imbalance. Antisense oligonucleotides (ASOs) against telomeric damage-induced non-coding RNAs reduce Aβ42-induced neurotoxicity in iPSC-derived neurons and in primary hippocampal mouse neurons. Transcriptomic analyses of ASO-treated hippocampal mouse neurons reveal the restoration of pathways altered by Aβ and also found dysregulated in AD patients. Inhibition of DNA damage response by antisense oligonucleotides targeting telomeric damage-induced non-coding RNAs reduces Aβ42-induced neurotoxicity.",2025,2025-09-21,JournalArticle,,https://www.semanticscholar.org/paper/ada4d0876104338478363604934c47c55dc8f7fc,False,0,,True,True,True,True
doi:10.1039/d4fo03648d,doi:10.1039/d4fo03648d,semantic_scholar,semantic_scholar,a04f026ac90205e531a04d365b6ae866e448a8a6,10.1039/d4fo03648d,39292180,,Dietary eugenol ameliorates long-term high-fat diet-induced skeletal muscle atrophy: mechanistic insights from integrated multi-omics.,"Eugenol (EU), the major constituent of clove oil, possesses a range of bioactivities. Here, the therapeutic potential of oral EU for mitigating skeletal muscle wasting was investigated in a long-term high-fat diet (HFD)-induced obese mice model. Male C57BL/6J mice, aged six weeks, were assigned to either a chow or a HFD for 10 weeks. Subsequently, the weight-matched HFD-fed mice were allocated into two groups, receiving either 0.2% (w/w) EU supplementation or no supplementation for 14 weeks. Our findings revealed that EU supplementation enhanced grip strength, increased hanging duration, and augmented skeletal muscle mass. RNA sequencing analysis demonstrated that EU modified the gastrocnemius muscle transcriptomic profile, and the differentially expressed genes between HFD and EU groups were mainly involved in the HIF-1 signaling pathway, TCR signaling pathway, and cGMP-PKG signaling pathway, which is well-known to be related to skeletal muscle health. Untargeted metabolomics analysis further showed that EU supplementation significantly altered the nucleotide metabolism in the GAS muscle. Analysis of 16S rRNA sequencing demonstrated that EU supplementation ameliorated the gut dysbiosis caused by HFD. The alterations in gut microbiota induced by EU were significantly correlated with indexes related to skeletal muscle atrophy. The multi-omics analysis presented the robust interaction among the skeletal muscle transcriptome, metabolome, and gut microbiome altered by EU supplementation. Our results highlight the potential of EU in skeletal muscle atrophy intervention as a functional dietary supplement.",2024,2024-09-18,JournalArticle,,https://www.semanticscholar.org/paper/a04f026ac90205e531a04d365b6ae866e448a8a6,False,0,,True,False,True,False
doi:10.1073/pnas.1818348116,doi:10.1073/pnas.1818348116,semantic_scholar,semantic_scholar,c832d48c97c7636ee5673376010f258aa0d72da5,10.1073/pnas.1818348116,30910981,6500153,Cellular senescence in progenitor cells contributes to diminished remyelination potential in progressive multiple sclerosis,"Significance We identify cellular senescence occurring in neural progenitor cells (NPCs) from primary progressive multiple sclerosis (PPMS). In this study, senescent progenitor cells were identified within demyelinated white matter lesions in progressive MS (PMS) autopsy tissue, and induced pluripotent stem-derived NPCs from patients with PPMS were found to express cellular senescence markers compared with age-matched control NPCs. Reversal of this cellular senescence phenotype, by treatment with rapamycin, restored PPMS NPC-mediated support for oligodendrocyte (OL) maturation. Proteomic and histological analyses identify senescent progenitor cells in PMS as a source of high-mobility group box-1, which limits maturation and promotes transcriptomic changes in OLs. These findings provide evidence that cellular senescence is an active process in PMS that may contribute to limited remyelination in disease. Cellular senescence is a form of adaptive cellular physiology associated with aging. Cellular senescence causes a proinflammatory cellular phenotype that impairs tissue regeneration, has been linked to stress, and is implicated in several human neurodegenerative diseases. We had previously determined that neural progenitor cells (NPCs) derived from induced pluripotent stem cell (iPSC) lines from patients with primary progressive multiple sclerosis (PPMS) failed to promote oligodendrocyte progenitor cell (OPC) maturation, whereas NPCs from age-matched control cell lines did so efficiently. Herein, we report that expression of hallmarks of cellular senescence were identified in SOX2+ progenitor cells within white matter lesions of human progressive MS (PMS) autopsy brain tissues and iPS-derived NPCs from patients with PPMS. Expression of cellular senescence genes in PPMS NPCs was found to be reversible by treatment with rapamycin, which then enhanced PPMS NPC support for oligodendrocyte (OL) differentiation. A proteomic analysis of the PPMS NPC secretome identified high-mobility group box-1 (HMGB1), which was found to be a senescence-associated inhibitor of OL differentiation. Transcriptome analysis of OPCs revealed that senescent NPCs induced expression of epigenetic regulators mediated by extracellular HMGB1. Lastly, we determined that progenitor cells are a source of elevated HMGB1 in human white matter lesions. Based on these data, we conclude that cellular senescence contributes to altered progenitor cell functions in demyelinated lesions in MS. Moreover, these data implicate cellular aging and senescence as a process that contributes to remyelination failure in PMS, which may impact how this disease is modeled and inform development of future myelin regeneration strategies.",2019,2019-03-25,JournalArticle,,https://www.semanticscholar.org/paper/c832d48c97c7636ee5673376010f258aa0d72da5,False,0,,True,True,True,True
doi:10.1080/01621459.2021.1914634,doi:10.1080/01621459.2021.1914634,europepmc,europepmc;pubmed;scopus,MED:35989709,10.1080/01621459.2021.1914634,35989709,PMC9385159,Large-Scale Hypothesis Testing for Causal Mediation Effects with Applications in Genome-wide Epigenetic Studies.,"In genome-wide epigenetic studies, it is of great scientific interest to assess whether the effect of an exposure on a clinical outcome is mediated through DNA methylations. However, statistical inference for causal mediation effects is challenged by the fact that one needs to test a large number of composite null hypotheses across the whole epigenome. Two popular tests, the Wald-type Sobel's test and the joint significant test using the traditional null distribution are underpowered and thus can miss important scientific discoveries. In this paper, we show that the null distribution of Sobel's test is not the standard normal distribution and the null distribution of the joint significant test is not uniform under the composite null of no mediation effect, especially in finite samples and under the singular point null case that the exposure has no effect on the mediator and the mediator has no effect on the outcome. Our results explain why these two tests are underpowered, and more importantly motivate us to develop a more powerful Divide-Aggregate Composite-null Test (DACT) for the composite null hypothesis of no mediation effect by leveraging epigenome-wide data. We adopted Efron's empirical null framework for assessing statistical significance of the DACT test. We showed analytically that the proposed DACT method had improved power, and could well control type I error rate. Our extensive simulation studies showed that, in finite samples, the DACT method properly controlled the type I error rate and outperformed Sobel's test and the joint significance test for detecting mediation effects. We applied the DACT method to the US Department of Veterans Affairs Normative Aging Study, an ongoing prospective cohort study which included men who were aged 21 to 80 years at entry. We identified multiple DNA methylation CpG sites that might mediate the effect of smoking on lung function with effect sizes ranging from -0.18 to -0.79 and false discovery rate controlled at level 0.05, including the CpG sites in the genes AHRR and F2RL3. Our sensitivity analysis found small residual correlations (less than 0.01) of the error terms between the outcome and mediator regressions, suggesting that our results are robust to unmeasured confounding factors.",2022,2021-05-19,research-article; Journal Article,eng,https://europepmc.org/article/MED/35989709,False,2,,True,True,True,True
doi:10.1080/14737159.2023.2208750,doi:10.1080/14737159.2023.2208750,semantic_scholar,europepmc;pubmed;scopus;semantic_scholar,c54bef657e7f4a32732418e6c2bc622cecab2e4e,10.1080/14737159.2023.2208750,37140363,,Discovery of potential biomarkers for osteoporosis diagnosis by individual omics and multi-omics technologies,"ABSTRACT Introduction Global aging has made osteoporosis an increasingly serious public health problem. Osteoporotic fractures seriously affect the quality of life of patients and increase disability and mortality rates. Early diagnosis is important for timely intervention. The continuous development of individual- and multi-omics methods is helpful for the exploration and discovery of biomarkers for the diagnosis of osteoporosis. Areas covered In this review, we first introduce the epidemiological status of osteoporosis and then describe the pathogenesis of osteoporosis. Furthermore, the latest progress in individual- and multi-omics technologies for exploring biomarkers for osteoporosis diagnosis is summarized. Moreover, we clarify the advantages and disadvantages of the application of osteoporosis biomarkers obtained using the omics method. Finally, we put forward valuable views on the future research direction of diagnostic biomarkers of osteoporosis. Expert opinion Omics methods undoubtedly provide greatly contribute to the exploration of diagnostic biomarkers of osteoporosis; however, in the future, the clinical validity and clinical utility of the obtained potential biomarkers should be thoroughly examined. In addition, the improvement and optimization of the detection methods for different types of biomarkers and standardization of the detection process guarantee the reliability and accuracy of the detection results.",2023,2023-05-04,JournalArticle; Review,,https://www.semanticscholar.org/paper/c54bef657e7f4a32732418e6c2bc622cecab2e4e,False,3,,True,True,True,True
doi:10.1080/19490976.2025.2512900,doi:10.1080/19490976.2025.2512900,semantic_scholar,semantic_scholar,ea9bff6a56aed50ba6dac13fddaaf2af3541122a,10.1080/19490976.2025.2512900,40469055,12143707,Chikungunya virus drives gut microbiota shifts and IFN-Mediated intestinal repair: insights into microbiota-immune interplay,"ABSTRACT Chikungunya virus (CHIKV) infection causes joint damage and gastrointestinal clinical symptoms, including vomiting and diarrhea, particularly in elderly populations, reflecting the potential role of gut immunity in infection. However, the mechanisms by which CHIKV induces gastrointestinal diseases remain largely unexplored. This study investigated the characteristics of fecal and gut microbiota, gut metabolites, and gut immunity post-infection using multi-omics analysis. The role of gut microbiota was further validated through Oral antibiotic depletion (Abx). Importantly, a systematic comparison of age-dependent differences in gut microbiota composition and immune responses following CHIKV infection was conducted to elucidate the involvement of gut microbiota in CHIKV pathogenesis. CHIKV joint inoculation induces gastrointestinal infection and histological damage, drives fluctuations in gut microbiota, markedly increasing the abundance of Bacteroides fragilis and Prevotella sp. and upregulates conjugates of taurine and bile acids. CHIKV infection further exacerbates systemic inflammatory burden and activates intestinal interferon (IFN) signaling cascades, which supports gut repair and mucosal regeneration, but low antiviral responses to CHIKV infection compared with that of adult animals. Our results suggest that the gastrointestinal tract, along with its microbes and metabolites, modulates CHIKV infection in an age-dependent manner, providing critical insights for diagnosis, treatment, and novel therapeutic development.",2025,2025-06-05,JournalArticle,,https://www.semanticscholar.org/paper/ea9bff6a56aed50ba6dac13fddaaf2af3541122a,False,0,,True,False,True,False
doi:10.1089/omi.2016.0157,doi:10.1089/omi.2016.0157,europepmc,europepmc;google_scholar;pubmed;scopus;semantic_scholar,MED:28118095,10.1089/omi.2016.0157,28118095,,Multiomics Approach to Novel Therapeutic Targets for Cancer and Aging-Related Diseases: Role of Sld7 in Yeast Aging Network.,"Genome instability has long been implicated as a salient causal factor in aging and age-related diseases such as cancer and neurodegeneration. However, the molecular mechanisms associated with genome instability remain unclear. Recent studies suggest growth signaling in the organism Saccharomyces cerevisiae and in higher eukaryotes might affect oxidative stress and aging/age-related diseases by activating DNA replication stress that causes DNA damage. In this broader integrative biology and clinical context, MDM two binding protein (MTBP) is a binding protein that has a role in activation of the tumor suppressor protein p53. Clinical studies suggest that the increase in expression of MTBP leads to reduction in survival of breast cancer patients. The functional homolog of MTBP in yeast, Sld7, is a hitherto uncharacterized protein that decreases the affinity of Sld3 (Treslin/Ticrr in humans) toward Cdc45 in the cell cycle process of S. cerevisiae. To investigate the putative function of Sld7 in chronological aging and replicative life span, we applied a network biology approach, integrating interactome and transcriptome data of budding yeast. The cell cycle and chronological aging networks of proteins in budding yeast were reconstructed. Furthermore, through meta-analysis of cell cycle and chronological aging-associated transcriptome datasets, we constructed coexpression networks and identified coexpressed gene clusters. In this study, we propose a dual role for Sld7: it participates in macromolecular complex binding in the cell cycle and has oxidoreductase activity in chronological aging in budding yeast. These potential roles of Sld7 in yeast can offer new insights on the role of MTBP in humans and consequently might lead to novel strategies for treatment of cancers and aging-related diseases.",2017,2017-01-24,Journal Article,eng,https://europepmc.org/article/MED/28118095,False,4,,True,True,True,True
doi:10.1093/ajrccm/aamag162.2596,doi:10.1093/ajrccm/aamag162.2596,semantic_scholar,semantic_scholar,7e78a2d75f7ba31b25fb2038ae291837602850c9,10.1093/ajrccm/aamag162.2596,,,B77-19 Targeting HIF Pathway to Restore Epithelial Mesenchymal Homeostasis,"The hypoxia-inducible factor (HIF) pathway plays a pivotal role in the pathogenesis of lung fibrosis. In fibrotic lungs, HIF activation promotes the expression of profibrotic mediators such as connective tissue growth factor (CTGF) and transforming growth factor-beta (TGF-β), which drive fibroblast proliferation, myofibroblasts differentiation, excessive extracellular matrix (ECM) deposition and tissue remodeling. Despite these advances, the role of the HIF pathway in disrupting epithelial-mesenchymal homeostasis remains poorly understood. Elucidating the contribution of HIF signaling to alveolar epithelial dysfunction and fibroblast activation may uncover novel therapeutic opportunities. Targeting HIF or its downstream effectors represents a promising strategy to attenuate fibrotic remodeling and improve outcomes in patients with interstitial lung diseases. Three-dimensional (3D) human induced pluripotent stem cell-derived alveolar type 2 (iAT2; SFTPC+) cells were exposed to hypoxia, fibrotic stimuli, or co-cultured with human lung fibroblasts (hLFs). Pharmacological inhibitors of HIF1A and/or HIF2A were applied to iAT2 cultures and an aged murine bleomycin-induced pulmonary fibrosis model. Gene and protein expression levels of SFTPC, HIFs, and profibrotic markers were assessed using quantitative PCR, Western blotting, immunofluorescence microscopy, and flow cytometry. Chromatin accessibility and transcriptional changes were analyzed by RNA-seq and ATAC-seq. Exposure of iAT2 cells to hypoxia significantly reduced SFTPC expression, which remained suppressed even after reoxygenation. Transcriptomic and epigenomic analyses confirmed that hypoxia led to SFTPC silencing through chromatin condensation at its promoter locus. Pre-exposure of iAT2 cells to hypoxia potentiated TGF-β1-induced profibrotic responses in co-cultured hLFs. Treatment with HIF inhibitors mitigated these effects: HIF2A inhibition only restored SFTPC expression suppressed by hypoxia or TGF-β1-induced pseudohypoxia, while dual HIF1A/HIF2A blockade markedly reduced the profibrotic gene expression and enhanced SFTPC expression in iAT2-hLF co-cultures. In vivo, intraperitoneal administration of dual HIF1A/HIF2A inhibitors in aged mice significantly attenuated bleomycin-induced fibrosis and restored alveolar type 2 cell populations. These findings identify the HIF pathway as a central regulator of epithelial-mesenchymal imbalance in lung fibrosis. Dual inhibition of HIF1A and HIF2A effectively attenuates fibrotic remodeling while preserving alveolar epithelial integrity. Targeting HIF signaling to restore epithelial-mesenchymal homeostasis represents a promising therapeutic approach for idiopathic pulmonary fibrosis and related fibrotic lung diseases. This abstract is funded by: NIH",2026,2026-05-01,JournalArticle,,https://www.semanticscholar.org/paper/7e78a2d75f7ba31b25fb2038ae291837602850c9,False,0,,True,False,False,False
doi:10.1093/biolre/ioaf197,doi:10.1093/biolre/ioaf197,semantic_scholar,semantic_scholar,c27bed071ecb5381f28ce25a4bf38e815fa4984d,10.1093/biolre/ioaf197,40883896,,Insulin Resistance in PCOS: Pathophysiological Mechanisms of Menstrual Dysfunction and Evidence-Based Treatment Strategies.,"PURPOSE Polycystic ovary syndrome (PCOS) affects 5-10% of women of reproductive age, with insulin resistance (IR) playing a central role in its pathophysiology in up to 80% of cases. This review aims to elucidate the molecular mechanisms by which insulin resistance disrupts ovarian function, contributing to menstrual irregularities and hyperandrogenism. It also evaluates current and emerging therapeutic strategies, with an emphasis on individualized management. METHODS A comprehensive review of recent literature was conducted, focusing on molecular studies, clinical trials, and meta-analyses related to insulin signaling pathways in PCOS, as well as therapeutic interventions. Special attention was paid to ethnic variations, particularly in East Asian populations, and advances in genomic and metabolomic profiling. RESULTS PCOS is characterized by selective insulin resistance, wherein metabolic insulin signaling is impaired, but steroidogenic and mitogenic pathways remain responsive, promoting hyperandrogenism and anovulation. East Asian women exhibit significant insulin resistance despite lower BMI compared to Western populations. Insulin resistance in PCOS also increases cardiometabolic risks and psychological burden. While lifestyle modification, insulin sensitizers, and hormonal therapy remain first-line treatments, novel approaches such as microbiome-targeted therapies and anti-inflammatory agents show promise. CONCLUSION Understanding the complex interplay between insulin resistance and ovarian dysfunction is crucial for effective PCOS management. Integrating emerging molecular insights with digital health tools can facilitate personalized, multidisciplinary approaches that address both reproductive and metabolic aspects of PCOS, ultimately improving patient outcomes.",2025,2025-08-30,JournalArticle; Review,,https://www.semanticscholar.org/paper/c27bed071ecb5381f28ce25a4bf38e815fa4984d,False,0,,True,False,True,False
doi:10.1093/cdn/nzab059_016,doi:10.1093/cdn/nzab059_016,semantic_scholar,semantic_scholar,4675db1a3f7ae68ab24f1c084d52b747dd9cba46,10.1093/cdn/nzab059_016,,,Maternal and Child Supplementation With Small-Quantity Lipid-Based Nutrient Supplements Increases Child HDL Cholesterol Efflux Capacity,"The purpose of this secondary outcome analysis is to investigate whether small-quantity lipid-based nutrient supplements (SQ-LNS) alters lipid, protein or glycan composition, or the cholesterol efflux capacity (CEC), of high-density lipoprotein (HDL) particles in children in the International Lipid-Based Nutrient Supplements (iLiNS) DYAD trial in Ghana. Plasma samples were obtained from a subcohort of 80 children at 18 months of age from the iLiNS-DYAD-Ghana trial. Mothers were randomized to either iron and folic acid (IFA) in pregnancy and 200 mg/d calcium for 6 months postpartum or SQ-LNS (pregnancy and 6 months postpartum). Children in the SQ-LNS group received SQ-LNS from 6 to 18 months while children in the IFA group did not receive supplements. HDL was isolated from plasma by sequential ultracentrifugation followed by size-exclusion chromatography. Assay of cholesterol efflux was performed in vitro, and glycoproteomic and lipidomic composition were analyzed by mass spectrometry. The primary analysis was a comparison of the effects of intervention groups on HDL lipidome, proteome, and CEC. In the exploratory analysis, we compared the enrichment of glycopeptides in measured HDL-associated proteins between groups. Mean (±SD) HDL CEC was higher among children in the SQ-LNS vs. IFA group (20.9 ± 4.1% vs. 19.4 ± 3.3%; one-tailed p = 0.038). We found no differences in HDL lipidomic or proteomic composition between groups. Prenatal and postnatal SQ-LNS may improve the CEC of child HDL particles. These improvements may have a potential impact on child health outcomes. Supported by Bill & Melinda Gates Foundation grant to the University of California, Davis.",2021,2021-06-07,,,https://www.semanticscholar.org/paper/4675db1a3f7ae68ab24f1c084d52b747dd9cba46,False,0,,True,False,True,False
doi:10.1093/ehjci/ehaa946.3746,doi:10.1093/ehjci/ehaa946.3746,openalex,openalex,https://openalex.org/W3107502904,10.1093/ehjci/ehaa946.3746,,,"A novel senolytic drug, seno-7284 ameliorates aging phenotype and age-related cardiometabolic diseases","Abstract Background Cellular senescence occurs as a result of various genotoxic stresses and it plays a pivotal role in aging and age-related disorders. Recently, it was shown that elimination of senescent cells, so-called “senolysis” has the potential to become a promising novel therapy for age-related disorders in several mice models including cardiovascular diseases. However, there is no senolytic drug available in clinical settings currently. Purpose The present study was aimed to identify a novel senolytic reagent effective for cardiometabolic disease among compounds already available in clinical settings. Here we demonstrate that a compound called “seno-7284” exhibits senolytic effect in murine models of type 2 diabetes, atherosclerosis, progeroid and chronological aging. Methods We generated diet-induced obesity/diabetic mice model by imposing high-fat diet from 4-week-old for two months, atherosclerosis mice model by imposing western diet to ApoE homozygous knockout mice (ApoE-KO mice) from 4-week-old for 3 months. We administered seno-7284 mixed in the diet (0.03% w/w) to each mouse model for 1, 2 or 4 weeks. For the analysis, we carried out some physiological examinations including glucose tolerance test (GTT) and insulin tolerance test (ITT), then harvested tissue samples and took them to molecular biological analysis including real-time PCR, western blotting, RNA-sequence, etc. We also generated Zmpste24 homozygous knockout mice (Zmpste24-KO mice) as a progeroid mice model to measure their lifespan. Seno-7284 was administered to Zmpste24-KO mice from 12-week-old to the end of life. We also administrated seno-7284 to chronological aged mice at 1-year-old for 20 weeks and their physical function was examined with rotarod running test and hand-grip test. Results Seno-7284 reduced the accumulation of senescent cells in visceral adipose tissue of dietary obese mice as senescence-associated beta-galactosidase (SA-beta-gal) staining exhibits (Figure 1a). This effect results in ameliorating insulin tolerance (Figure 1b) and adipose tissue inflammation after 4-week administration of seno-7284. We also found administrating Seno-7284 for two weeks also reduced the accumulation of senescent cells in the atherosclerotic lesion in the aorta of ApoE-KO mice (Figure 1c) and inhibited advancing atherosclerosis (Figure 1d). Surprisingly, seno-7284 significantly improved the lifespan of Zmpste24 KO mice (Figure 1e). Seno-7284 also improved the physical function of chronologically aged mice by administrating it from 1-year-old for 20 weeks (Figure 1f). In-vitro studies didn't exhibit seno-7284 kills senescent cells directly, but further analysis including RNA-seq or metabolomic analysis speculated that seno-7284 stimulates endogenous senolytic function of NK-cells and CD8+ T-cells. Conclusion Our results indicate that seno-7284 would become a promising senolytic drug that exhibits novel therapeutic machinery for aging and age-related cardiometabolic diseases. Figure 1 Funding Acknowledgement Type of funding source: Public grant(s) – National budget only. Main funding source(s): Grant-in-Aid for Scientific Research (KAKENHI) C, Niigata University Tsukada medical research grant",2020,2020-11-01,article,en,https://openalex.org/W3107502904,False,0,transcriptomics_plus_downstream,True,True,True,True
doi:10.1093/eurheartj/ehaf433,doi:10.1093/eurheartj/ehaf433,openalex,openalex,https://openalex.org/W4413371135,10.1093/eurheartj/ehaf433,,,"Leducq-funded network: calcification-omics, molecular elucidation, and therapeutics (COMET)","Vascular calcification is a highly prevalent and clinically significant pathology affecting both women and men across all ages. It manifests in the intima or media of small and large arteries with genetic, age-associated, and metabolic diseases. Vascular calcification is among the strongest independent predictors of cardiovascular events, including myocardial infarction (MI), stroke, and peripheral arterial disease,1,2 and is often fatal in conditions such as calciphylaxis and rare genetic syndromes such as generalized arterial calcification of infancy.3,4 The global burden of vascular calcification is rising due to ageing populations and the increasing prevalence of diabetes and chronic kidney disease (CKD). However, despite its clinical relevance, no targeted therapies currently exist. Vascular calcification is regulated by both biological and physicochemical processes that drive calcium and phosphate mineral deposition within the extracellular matrix (ECM) of the vessel wall. Calcification can occur throughout the arterial tree, with distinct tissue-specific patterns and anatomical locations of the mineral that influence clinical outcomes. For instance, medial calcification causes arterial stiffening, contributing to pressure overload and organ damage, particularly to the heart and brain.5 In atherosclerotic intimal calcification, small, spotty calcium deposits correlate most strongly with plaque instability and poor prognosis, although both small and large deposits may contribute to plaque progression, erosion, and rupture.6,7 Once thought to be unmodifiable, vascular calcification is now recognized as a potentially reversible process. Mounting evidence suggests that halting or even reversing calcification could meaningfully improve cardiovascular health. Hence, the passion that drives the COMET investigators results from a simple central hypothesis: targeting vascular calcification may significantly reduce cardiovascular morbidity and mortality. Focused research over the last 20 years using in vitro models and animal and human studies has identified vascular smooth muscle cells (VSMCs) as central orchestrators of calcification. Endothelial cells (ECs), inflammatory cells, and adventitial fibroblasts also play important roles. Key mechanisms include the loss of calcification inhibitors (produced by VSMCs or circulating in the serum), osteochondrogenic differentiation of vascular cells, and the nucleation of mineral deposits on extracellular vesicles or the ECM. However, critical knowledge gaps remain, particularly regarding the identity of cell populations and key molecular regulators that drive or prevent calcification across different disease contexts. The heterogeneity of VSMCs and the tissue-specific nature of calcification represent major obstacles. Most existing studies focus narrowly on known transcription factors and signalling pathways, often reinforcing prevailing dogma and overlooking novel regulators. Emerging single-cell and spatial ‘omics’ technologies now offer unbiased, high-resolution insights into VSMC phenotypic plasticity both temporally and spatially. Integrating these multimodal datasets with large-scale human genetics will be essential to uncovering actionable targets and novel biological mechanisms. Equally underexplored is the composition of the mineral and how it is formed and modulated by chemical processes occurring in the ECM microenvironment. Ageing, a major risk factor for vascular calcification, alters ECM structure and function via enzymatic and non-enzymatic modifications, disrupting ECM-cell signalling, cell differentiation, and vascular remodelling.8 However, the causal relationships between specific ECM modifications and underlying cellular changes and calcification remain poorly defined. Recent multi-ancestry genome-wide meta-analyses have uncovered novel loci associated with coronary artery calcification.9,10 Yet, there remains a gap in identifying causal biomarkers to improve patient risk stratification across ancestry and sex. Furthermore, there is an urgent need for novel imaging agents that selectively bind distinct ECM components or mineral phases, enabling earlier and more precise detection. Progress in understanding the genesis and progression of vascular calcification demands an interdisciplinary approach—one that links biological and chemical insights and bridges basic science with clinical translation. The COMET network embodies this vision, bringing together an expert team of cardiologists, nephrologists, biotechnologists, biologists, bioinformaticians, and chemists to develop novel targeted therapies for patients suffering from calcification-related diseases. Led by Drs Rajeev Malhotra (North American co-ordinator; Mass General Brigham, Boston, MA, USA), Catherine M. Shanahan (European co-ordinator; King’s College London, London, UK), Clint L. Miller (University of Virginia, Charlottesville, VA, USA), Yabing Chen (Oregon Health & Sciences University, Portland, OR, USA), Melinda J. Duer (University of Cambridge, Cambridge, UK), Maryam Kavousi (University Medical Center Rotterdam, Rotterdam, The Netherlands), and Rafael Kramann (RWTH Aachen University, Aachen, Germany), COMET is uniquely positioned to tackle this complex pathology. The network is focused on several key priorities, critical to the development of new therapeutics: (i) defining culprit VSMC and EC sub-populations in different disease contexts, (ii) discovering new molecular targets and regulatory pathways, and (iii) understanding how the ageing ECM modulates cell phenotype and nidus formation in different vascular niches. COMET leverages genetic and multi-omic datasets, advanced physicochemical imaging, and in vitro and in vivo models to uncover how molecular, cellular, and matrix-level factors interact to drive the mineralization process (Figure 1). These data will inform both candidate-based and AI-enabled therapeutic strategies, applicable to rare genetic disorders and common cardiovascular diseases in the general population. Overview of workflow in the COMET network to identify causal regulators and modifiers of vascular calcification. The figure was created using BioRender Supported by the Leducq Foundation, COMET is committed to pushing the envelope forward in our understanding of vascular calcification and associated highly morbid and age-accelerated human diseases, such as MI, stroke, CKD, diabetes, and calciphylaxis. We are also strongly committed to training the next generation of scientists. This collaborative network provides a powerful training platform for emerging investigators to develop interdisciplinary expertise and skills required to make meaningful and lasting contributions in the fight against vascular calcification. All authors declare no disclosure of interest for this contribution. The research described in this paper is made possible by a Fondation Leducq Network of Excellence grant (#24CVD02) given to all co-authors, the COMET consortium.",2025,2025-06-06,article,en,https://openalex.org/W4413371135,False,0,explicit_multiomics,True,True,True,True
doi:10.1093/femsyr/fow106,doi:10.1093/femsyr/fow106,europepmc,europepmc;openalex;pubmed;scopus,MED:27956494,10.1093/femsyr/fow106,27956494,,Sch9p kinase and the Gcn4p transcription factor regulate glycerol production during winemaking.,"Grape juice fermentation is a harsh environment with many stressful conditions, and Saccharomyces cerevisiae adapts its metabolism in response to those environmental challenges. Many nutrient-sensing pathways control this feature. The Tor/Sch9p pathway promotes growth and protein synthesis when nutrients are plenty, while the transcription factor Gcn4p is required for the activation of amino acid biosynthetic pathways. We previously showed that Sch9p impact on longevity depends on the nitrogen/carbon ratio. When nitrogen is limiting, SCH9 deletion shortens chronological life span, which is the case under winemaking conditions. Its deletion also increases glycerol during fermentation, so the impact of this pathway on metabolism under winemaking conditions was studied by transcriptomic and metabolomic approaches. SCH9 deletion causes the upregulation of many amino acid biosynthesis pathways. When Gcn4p was overexpressed during winemaking, increased glycerol production was also observed. Therefore, both pathways are related in terms of glycerol production. SCH9 deletion increased the amount of the limiting enzyme in glycerol biosynthesis, glycerol-3-P dehydrogenase Gpd1p at the protein level. The impact on the metabolome of SCH9 deletion and GCN4 overexpression differed, although both showed a downregulation of glycolysis. SCH9 deletion downregulated the amount of most proteinogenic amino acids and increased the amount of lipids, such as ergosterol.",2017,2017-01-01,Journal Article,eng,https://europepmc.org/article/MED/27956494,False,3,,True,True,True,True
doi:10.1093/gerona/gly223,doi:10.1093/gerona/gly223,pubmed,pubmed,30256915,10.1093/gerona/gly223,30256915,PMC6612014,Effects of Vitamin D3 Supplementation on Epigenetic Aging in Overweight and Obese African Americans With Suboptimal Vitamin D Status: A Randomized Clinical Trial.,"We have previously shown that vitamin D supplementation increases telomerase activity, suggesting an anti-aging effect. In this study, we aim to test the hypothesis that vitamin D supplementation would slow down epigenetic aging, a new marker of biological aging. A randomized clinical trial was previously conducted among 70 overweight/obese African Americans with serum 25-hydroxyvitamin D [25(OH)D] < 50 nmol/L, who were randomly assigned into four groups of 600 IU/d, 2,000 IU/d, 4,000 IU/d of vitamin D3 supplements or placebo followed by 16-week interventions. Whole genome-wide DNA methylation analysis was conducted in 51 participants. DNA methylation ages were calculated according to the Horvath and the Hannum methods. Methylation-based age acceleration index (∆Age) is defined as the difference between DNA methylation age and chronological age in years. Mixed-effects models were used to evaluate the treatment effects. Fifty-one participants (aged 26.1 ± 9.3 years, 16% are male) were included in the study. After the adjustment of multi-covariates, vitamin D3 supplementation of 4,000 IU/d was associated with 1.85 years decrease in Horvath epigenetic aging compared with placebo (p value = .046), and 2,000 IU/d was associated with 1.90 years decrease in Hannum epigenetic aging (p value = .044). Serum 25(OH)D concentrations were significantly associated with decreased Horvath ∆Age only (p values = .002), regardless of treatments. Our results suggest that vitamin D supplementation may slow down Horvath epigenetic aging. But the effect on Hannum epigenetic aging is not conclusive. Large-scale and longer duration clinical trials are needed to replicate the findings.",2019,2019-01-01,"Journal Article; Randomized Controlled Trial; Research Support, Non-U.S. Gov't",eng,https://pubmed.ncbi.nlm.nih.gov/30256915/,False,0,,True,True,True,True
doi:10.1093/geroni/igae098.3660,doi:10.1093/geroni/igae098.3660,semantic_scholar,semantic_scholar,fa0e69d0546805f605adaa4f15a333ffa87b083c,10.1093/geroni/igae098.3660,,11692748,FROM GEROSCIENCE TO GEROTHERAPEUTICS: KUAKINI CENTER OF RESEARCH EXCELLENCE FOR TRANSLATIONAL RESEARCH ON AGING,"Abstract The primary aim of the Kuakini HHP Center of Excellence for Translational Research on Aging is to utilize geroscientific principles to improve human healthspan, including pharmacology-based gerotherapeutics. This research leverages an exceptional cohort of 8,006 American men of Japanese and Okinawan ancestry, aged 45-68 years at the baseline exam in 1965. Fourteen comprehensive clinical exams have been conducted. Over 500,000 biological samples and over 900 brains have been collected over six decades. The primary aim of our Center is to translate these largely NIH-funded resources into therapeutic innovations that modify aging’s biological pathways, potentially preventing or alleviating multiple age-related diseases and optimizing human healthspan. Our early-stage investigators have novel, recent data on risk factors for premature cognitive aging. Our research approach, with our biotech collaborators, has also contributed to a data science ecosystem with AI and ML-enabled insights on healthy aging from novel multi-omic studies and aging-related health outcomes from our human aging cohort. Key findings are consistent with the geroscience hypothesis and have identified specific pathways for targeted gerotherapeutic interventions, now in Phase 2 human trials, that may contribute to healthier human aging. This presentation will present the latest findings regarding the specific pathways, the molecular targets, and the gerotherapeutic agents that hold promise to mitigate major aging-related diseases, including sarcopenia and cognitive impairment.",2024,2024-12-01,JournalArticle,,https://www.semanticscholar.org/paper/fa0e69d0546805f605adaa4f15a333ffa87b083c,False,0,,True,True,True,True
doi:10.1093/gpnutr/woag008,doi:10.1093/gpnutr/woag008,openalex,openalex;semantic_scholar,https://openalex.org/W7155718093,10.1093/gpnutr/woag008,,,Deciphering the macular pigment–cognition axis through a systems biology and multi-omics lens for precision nutrition,"Abstract Background Macular pigment optical density (MPOD) is a robust, non-invasive biomarker of retinal and brain carotenoid status, reflecting tissue levels of the dietary xanthophylls lutein and zeaxanthin, which are essential for visual and cognitive health. Higher macular carotenoids consistently associate with superior cognitive performance across the lifespan, yet the biological mechanisms underlying this relationship remain poorly defined. Here, I argue that addressing this gap requires a systems biology framework integrating in vivo MPOD imaging with multi-omics technologies, nutritional profiling, and artificial intelligence–enabled analytics within a precision nutrition paradigm. Genomic, transcriptomic, proteomic, lipidomic, metabolomic, epigenomic, and microbiome data will provide complementary insights into carotenoid absorption, transport, tissue distribution, and molecular action in the brain. Integrating these layers with longitudinal cognitive and neuroimaging measures will enable causal inference, identify molecular mediators, and predict individual responsiveness to dietary interventions. Conclusions Taken together, this multi-omics framework promises to translate macular pigment research from associative observations into mechanistically informed, personalized strategies to support cognitive resilience across the lifespan.",2026,2026-04-01,article,en,https://openalex.org/W7155718093,False,1,epigenomics_plus_downstream;explicit_multiomics;genomics_plus_other;metabolomics_plus_microbiomics;proteomics_plus_downstream;transcriptomics_plus_downstream,True,True,True,True
doi:10.1093/humrep/deag047,doi:10.1093/humrep/deag047,semantic_scholar,semantic_scholar,cf6e2f58a534f34f9c1c157a1c71537a7ce752f5,10.1093/humrep/deag047,41903570,,Decoding serotonin in endometriosis: unveiling its role in disease pathogenesis via the gut-reproductive microbiota axis.,"STUDY QUESTION How can the potential mechanisms and targets of endometriosis be explored through multi-omics and multi-location approaches? SUMMARY ANSWER This exploration of the gut-reproductive axis in patients with endometriosis found that serotonin is elevated in endometriosis and promotes disease progression through enhanced cell proliferation and inflammation. WHAT IS KNOWN ALREADY Endometriosis is a common inflammatory disease. Recent studies indicate that peripheral serotonin, which is regulated by the gut microbiota, can promote the progression of irritable bowel syndrome and various cancers. STUDY DESIGN, SIZE, DURATION This cross-sectional study enrolled 22 endometriosis patients and 22 control patients with uterine fibroids (surgical cases, October 2022-June 2023). Samples of vaginal secretions, endometrial tissue, peritoneal lavage fluid, feces, and ectopic lesions were collected from both groups. For validation, serum samples were added from 20 additional endometriosis patients and 20 healthy reproductive-age volunteers. PARTICIPANTS/MATERIALS, SETTING, METHODS This study employed 16S rRNA gene sequencing to analyze the microbiota in the vagina, endometrial tissue, peritoneal fluid, and feces of patients with endometriosis and control groups, complemented by untargeted metabolomic analysis of peritoneal fluid. The results identified serotonin as a key metabolite and revealed specific bacterial species, shared between the reproductive and gastrointestinal tracts of endometriosis patients, which were significantly correlated with serotonin levels. Mendelian randomization analysis was conducted to explore the relationship between serotonin, these bacterial species, and endometriosis. Serum serotonin levels in endometriosis patients, BALB/C mouse models, and their respective controls were measured using ELISA. Immunohistochemistry and fluorescence staining were used to detect the expression of serotonin and its receptors in both ectopic and normal endometrium. The effects of serotonin on the biological behavior of various endometriosis cell models, including proliferation, migration, invasion, and apoptosis, were investigated using CCK8 assay, wound healing test, Transwell assay, apoptosis detection, ELISA, transcriptomics, and qPCR. The impact of serotonin on BALB/C mouse models was evaluated using H&E staining, flow cytometry, and ELISA. MAIN RESULTS AND THE ROLE OF CHANCE We identified a significant enrichment of Akkermansia muciniphila (a bacterium shared by the gut and reproductive tract) in endometriosis patients, which positively correlated with peritoneal serotonin levels; Mendelian randomization analysis linked both to elevated endometriosis risk. Serotonin levels were elevated in patients' serum (using mouse models) and in ectopic endometrium, in comparison to those of controls. In vitro, serotonin boosted endometriosis cell proliferation, migration, invasion, and inflammation, with upregulated IL-17/NF-κB pathways. In mice, serotonin treatment increased lesion growth, cell proliferation, and inflammation. LARGE SCALE DATA N/A. LIMITATIONS, REASONS FOR CAUTION (a) The relatively limited sample size, together with potential imbalance in endometriosis ASRM stage distribution and cesarean section rates, may restrict the generalizability of our findings. In addition, due to the requirement for peritoneal lavage fluid collection, the control group could not consist of entirely healthy women, which may have resulted in a more conservative estimation of group differences. Serum sex hormone levels were not assessed; however, strict inclusion criteria and uniform surgical timing were applied to minimize hormonal confounding. Future studies incorporating cycle-phase-standardized hormone measurements may provide additional insights. (b) Dietary information was not collected in this study, despite the known influence of diet on gut microbiota composition and serotonin metabolism. (c) The direct causal relationship between Akkermansia muciniphila and elevated serotonin levels remains to be established and warrants further validation using germ-free mouse models or fecal microbiota transplantation approaches. (d) The precise mechanisms by which the gut-reproductive tract microbiota axis regulates local and systemic serotonin synthesis remain unclear and require further investigation. WIDER IMPLICATIONS OF THE FINDINGS Our study is the first to utilize a multi-omics approach combined with a joint analysis of the female gut-reproductive tract axis across multiple loci, revealing and validating a significant increase in serotonin levels in patients with endometriosis. This change may be regulated by the gut-reproductive microbiota axis. These findings provide new insights into the pathogenesis of endometriosis and identify potential targets for prevention and treatment. STUDY FUNDING/COMPETING INTEREST(S) This study was funded by the Jilin Provincial Key Laboratory of Precision Infectious Diseases (Grant No. 20200601011JC), Key Laboratory of Health and Family Planning Commission of Jilin Province (Grant No. 3D5200117426). The authors declare that the research was conducted in the absence of any commercial or financial relationships that could be construed as a potential conflict of interest. TRIAL REGISTRATION NUMBER ChiCTR2300077490.",2026,2026-03-29,JournalArticle,,https://www.semanticscholar.org/paper/cf6e2f58a534f34f9c1c157a1c71537a7ce752f5,False,0,,True,False,True,False
doi:10.1093/ije/dyz073,doi:10.1093/ije/dyz073,openalex,openalex,https://openalex.org/W2952016493,10.1093/ije/dyz073,,,"Cohort Profile: Extended Cohort for E-health, Environment and DNA (EXCEED)","EXCEED aims to develop understanding of the genetic, environmental and lifestyle-related causes of health and disease. Cohorts like EXCEED, with broad consent to study multiple phenotypes related to onset and progression of disease and drug response, have a role to play in medicines development, by providing genetic evidence that can identify, support or refute putative drug efficacy or identify possible adverse effects.1 Furthermore, such cohorts are well suited to the study of multimorbidity. Multimorbidity describes the presence of multiple diseases or conditions in one patient, though definitions in the literature vary widely.2–4 It demands a holistic approach to optimize care and avoid iatrogenic complications, such as drug interactions. In the context of increasing specialisation of many health care systems and high health care use among people with multimorbidity, providing such care poses a complex challenge.5–7 In high-income countries, multimorbidity is particularly common among more deprived socioeconomic groups and may even be considered as the norm amongst older people,8,9 and an ageing global population and a growing burden of non-communicable diseases in low- and middle-income countries compound its global importance.10 An expert working group convened by the UK Academy of Medical Sciences recently highlighted the lack of available evidence relating to the burden, determinants, prevention and treatment of multimorbidity, and recommended the prioritisation of research on multimorbidity spanning the translational pathway from understanding of its biological mechanisms to health services research.11 Studies designed to investigate multimorbidity, rather than considering individual conditions in relative isolation, are therefore vital.6,7 Linkage to electronic health records (EHR) has enabled information on a broad range of diseases and risk factors to be studied in EXCEED and places multimorbidity at the study’s heart. The EHR linkage also facilitates longitudinal follow-up over an extended period, enabling, for example, the investigation of lifestyle factors and other exposures on healthy ageing and outcomes in later life. Combining wide-ranging data from EHR with genome-wide genotyping is also central to EXCEED’s purpose. In recent years, our understanding of which genes are associated with both rare and common diseases has advanced rapidly as available sample sizes for genome-wide association studies (GWAS) have grown rapidly.12 For example, there are now 279 genetic variants associated with lung function and chronic obstructive pulmonary disease (COPD).13–25 However in many cases, our understanding of the mechanisms through which these variants influence disease risk—and which could therefore be therapeutic targets—is relatively limited. An efficient design to inform this understanding is to stratify participants based on available study data on their health status (phenotype) or genetic risk factors (genotype), to thus recall them for further detailed investigations which would be impracticable across a whole cohort. EXCEED was purposely designed as a resource for recall-by-genotype sub-studies, and all participants have consented to be recalled on this basis. The study is led by the University of Leicester, in partnership with University Hospitals of Leicester NHS Trust and in collaboration with Leicestershire Partnership NHS Trust, local general practices and smoking cessation services. Recruitment to the cohort has taken place since 22 November 2013, primarily from the general population through general practices in Leicester City, Leicestershire and Rutland. In total, 10 156 participants have been recruited to 4 December 2018. Of these, 445 were recruited through smoking cessation services in Leicester City, Leicestershire and Rutland, 44 through targeted recruitment of those with a recorded diagnosis of COPD in their electronic primary care record and 117 through additional community-based recruitment focused on Leicester’s South Asian communities (see Figure 1). Although a recruitment target of 10 000 has now been reached, community-based recruitment particularly focusing on minority ethnic groups will continue subject to further funding. Recruitment methods and numbers. All tables in this paper present participants recruited via primary care or smoking cessation, whose data were collected and quality control undertaken at 4 December 2018 (9384 participants for questionnaire data, 8930 participants for primary care data). Quality control for the remaining questionnaires and linkage to primary care data are ongoing. Around 400 participants do not have questionnaire data but were recruited as consent and a saliva sample were provided. In the UK, over 98% of the population is registered with a National Health Service (NHS) general practitioner.26 For recruitment through primary care, all registered patients aged between 40 and 69 years in participating general practices were eligible for recruitment. Exclusion criteria were minimal: those receiving palliative care, those with learning disabilities or dementia and those whose records indicated they had declined consent for record sharing for research. All eligible patients identified through primary care were sent an initial letter with brief information about the study and a reply slip to indicate their interest. For participants recruited via smoking cessation services, the lower age limit was reduced to 30 years because of the higher risk of disease among smokers. Initial eligibility screening and information provision were either undertaken through electronic client records followed by a letter to the client (as in primary care) or face-to-face by a smoking cessation adviser during a routine appointment. Additionally, patients with a recorded diagnosis of COPD were invited from four local general practices with a higher prevalence of COPD, to boost the numbers available for a sub-study of respiratory disease. For this group, the lower age limit was 30 years, and all other exclusion criteria were identical to the main primary care recruitment. All those who responded to indicate they were interested in taking part were sent full written information on the study, in addition to a study consent form. Full information regarding participant consent can be found at [http://www.leicsrespiratorybru.nihr.ac.uk/our-research/our-research-studies/exceed]. All participants consent to follow-up of their electronic health care records for up to 25 years, to storage and analysis of their DNA sample and to being contacted for further studies on the basis of their genetic data (recall-by-genotype) or health status (recall-by-phenotype). They may also consent or decline to be contacted regarding genetic variants which may, in the future, be considered clinically relevant. Participants proceeded via one of two routes depending on their location and personal preference: a face-to-face appointment with a research professional, or by post. The flow of participants through the main primary care recruitment route is illustrated in Figure 2. Approximately 8% of those who received an initial invitation via primary care completed recruitment. Table 1 gives an overview of the demographic characteristics of the primary care population sampled, compared with the characteristics of those recruited to the study via primary care. Participants in the study were older and more likely to be female than the primary care population from which they were drawn. This reflects well-known patterns of participation in similar cohorts.27,28 The local primary care population includes a large proportion of minority ethnic groups, especially Asian and Asian British. These groups are under-represented among study participants, although the proportion of study participants of Asian and Asian British ethnicity (5%) is higher than many UK cohorts, including UK Biobank.28 This reflects experience of similar recruitment methods in other studies.29 Explanations for the under-representation of minority ethnic groups in medical research more generally include language barriers, inequitable access to health care services, cultural sensitivities and a lack of awareness of medical research and its purpose.30,31 Community-based recruitment has been introduced to EXCEED to improve representation of these groups. Recruitment via primary care. Demographic characteristics of the primary care population sampled for the study and those who participated (via the primary care recruitment route only) Primary care population is all patients within the eligible age range in the practices sampled, and includes those who were excluded at the next step (codes for palliative care, dementia, learning disability, or lack of consent to share data for research). Demographic characteristics of the primary care population sampled for the study and those who participated (via the primary care recruitment route only) Primary care population is all patients within the eligible age range in the practices sampled, and includes those who were excluded at the next step (codes for palliative care, dementia, learning disability, or lack of consent to share data for research). Participants have consented to follow-up through linkage to EHR for up to 25 years. Linkage to electronic primary care records (i.e. records from the participant’s general practice) is undertaken upon completion of recruitment at each practice and has been completed for 8930 participants to 4 December 2018. As participants are prospectively followed up, we expect losses due to deaths (to date less than 1% of participants), withdrawals (to date less than 0.1% of participants), relatively few losses due to house moves within the UK or changing general practitioner (as NHS patients retain the same NHS number and their electronic records move with them) and some losses due to emigration. Analyses of historical health care records to track disease development and progression may be subject to selection bias, in particular survivor bias. There are several phases of data collection, summarised in Table 2. Linked primary care data provide historical cohort data. Since the mid-1990s, prospectively recorded consultations enable the retrieval of information not only on symptoms for which participants have visited their general practitioner and diagnoses which have been made, but also on examination findings (including blood pressure readings and spirometry results, for example), laboratory test results, drug prescriptions and secondary care referrals. Major diagnoses documented on paper records before the mid-1990s were retrospectively coded at the time of computerization and so can also be retrieved. Summary of data collected at each phase symptoms diagnoses measurements, such as blood pressure and spirometry laboratory test results drug prescriptions secondary care referrals Questionnaire, including smoking and alcohol use DNA saliva sample admissions, accident and emergency attendances and outpatient appointments via hospital episode statistics Pathology data (East Midlands Pathology Service) Myocardial Ischaemia National Audit (MINAP) symptoms diagnoses measurements, such as blood pressure and spirometry laboratory test results drug prescriptions secondary care referrals Questionnaire, including smoking and alcohol use DNA saliva sample admissions, accident and emergency attendances and outpatient appointments via hospital episode statistics Pathology data (East Midlands Pathology Service) Myocardial Ischaemia National Audit (MINAP) Summary of data collected at each phase symptoms diagnoses measurements, such as blood pressure and spirometry laboratory test results drug prescriptions secondary care referrals Questionnaire, including smoking and alcohol use DNA saliva sample admissions, accident and emergency attendances and outpatient appointments via hospital episode statistics Pathology data (East Midlands Pathology Service) Myocardial Ischaemia National Audit (MINAP) symptoms diagnoses measurements, such as blood pressure and spirometry laboratory test results drug prescriptions secondary care referrals Questionnaire, including smoking and alcohol use DNA saliva sample admissions, accident and emergency attendances and outpatient appointments via hospital episode statistics Pathology data (East Midlands Pathology Service) Myocardial Ischaemia National Audit (MINAP) Baseline data collection for all participants included a self-completion questionnaire which collected detailed information on current and past smoking habits, smoking cessation attempts, e-cigarette and shisha usage, environmental tobacco smoke (second-hand smoke) exposure and alcohol use. For those recruited via a face-to-face appointment, this was undertaken during the appointment. Those participating by post completed the questionnaire online using their own computer, with a paper version available if necessary. Height, weight and waist circumference were either measured by a research professional or self-reported by postal participants. Those recruited face-to-face also had their hip circumference measured and, where feasible, underwent spirometric measurement of lung function. Finally, a saliva sample was collected from all participants either at their appointment or returned by post, for extraction of DNA. The samples are stored at the NIHR Biocentre (Milton Keynes, UK), providing industrial-scale laboratory information management and automated robotic systems which have been shown to facilitate efficient error-free sample storage and extraction from in the UK genome-wide data the UK are available for participants quality analysis of over 40 variants to the to primary care records will enable longitudinal of There is also linkage to other of health data admissions, accident and emergency attendances and outpatient appointments via hospital episode data (East Midlands Pathology and the Myocardial Ischaemia National Audit Table in our cohort is than for common health risk factors and This is similar to findings by other cohort For example, the proportion of participants who were or was lower than similar age groups in Health for where was for all from of risk factors and health of multiple by or of risk factors and health of multiple by or the proportion of EXCEED participants who smoke is lower than the and only to the age group and in the among smoking prevalence was prevalence among all age groups is or the other the proportion of people who smoking is also lower than in population This may be by and the if people had the EXCEED questionnaire included use in the of 4 more detailed information on smoking among current and The of both current and smoking but and smoking was less common amongst current than for our cohort is to that of similar age groups in Health for by current or may use more than one of so will not up to and for at for is current who have a at or number of may have more than one so will not up to for smokers. by current or may use more than one of so will not up to and for at for is current who have a at or number of may have more than one so will not up to for smokers. of participants are in the two deprived and are in the deprived For Leicester City, of the population are in the two deprived and only are in the deprived this reflects the whole Leicester not those aged and registered with the practices that to part in EXCEED, that the deprived communities are under-represented in the cohort. The Quality and introduced in aims to improve the quality of care patients are by practices for of care. of chronic conditions for management in primary care by is in Table The are based on presence of at time in the with further or For those conditions where the prevalence is in a prevalence in EXCEED is generally higher and in some For example, prevalence of in EXCEED was compared with This is likely to be due to our older since all of chronic conditions of participants with one at time of a in the Quality and for that is of all participants for primary care data were available of chronic conditions of participants with one at time of a in the Quality and for that is of all participants for primary care data were available The number of conditions individual is in Table found of our participants had a recorded for more than one This is in with findings from a large study of 000 in the by and who a similar approach to They found that of their population had a for more than one but this with among to and over in to further large studies have more of conditions to multimorbidity, but their to and found prevalence of multimorbidity between and across all with age to or more among to of participants with multiple chronic chronic conditions for management in primary care by the Quality and (see Table Of participants with primary care data. of participants with multiple chronic chronic conditions for management in primary care by the Quality and (see Table Of participants with primary care data. primary care diagnoses of one COPD, for which we had information from of COPD by presence of a COPD in primary care data compared with COPD by spirometry results that there is of COPD in EXCEED of those with COPD and of were of the proportion of COPD which is range from to over depending on the and population in a similar population to and found that of those with spirometric COPD had respiratory diagnosis at all and over had not been with The lower of in EXCEED of those with spirometric COPD had not received a COPD may be to recent in and to our use of primary care records rather than to for such include a among that COPD is a disease of of lack of or of and the of self-reported smoking status in of diagnosis of COPD as by COPD in primary care data and by For participants with primary care data and spirometry All are of diagnosis of COPD as by COPD in primary care data and by For participants with primary care data and spirometry All are the of EXCEED for or longitudinal studies of we some of the common available in the primary care data and the numbers of participants with one or more of these Table the of these For example, of participants have two or more of blood pressure and over have four or more blood pressure was and blood pressure was of participants with multiple of a for a measurement and and by of in of participants with multiple of a for a measurement and and by of in Summary of for participants have more than one of a the recent for each participant was of participants for were by of in Summary of for participants have more than one of a the recent for each participant was of participants for were by of in by (see Figure facilitates study of disease with a reduced risk of as with such sub-study has recalled EXCEED participants to part in a study the in COPD and in smoking and of and recall-by-genotype studies recall-by-genotype studies are to to a understanding of genetic variants which may be therapeutic by participants for detailed on the basis of the or of the recall-by-genotype may investigate disease disease progression or drug response, and though they could be in will be studies of this can provide evidence which is not to and to by lifestyle are also feasible, which do not on recall of participants but which could be undertaken and using stored biological samples and electronic data, and such could samples based on either or studies for example, to a treatment with a in participants with a genetic Linkage to EHR is a of EXCEED, the study of a range of risk factors and even where data have not been collected at or as a study UK general practice has had over years of These records have been further with the of the in which to records of several chronic of these the of to the chronic disease such as blood lung and these are to be recorded that registered patients have many within providing an to study in control of conditions such as or progression of diseases such as studies have some of these primary care example, recorded spirometry has shown compared with study more complex longitudinal example, related to healthy also be measured using The use of EHR can have and of diagnoses may and is particularly likely that the prevalence of many diseases will be as by a of COPD diagnoses in primary care data in EXCEED with COPD from spirometry the of and multiple of data (including examination results and over a of time can be to improve and the of diagnoses and other exposures and disease definitions have been example, definitions of COPD and in the EXCEED will further to this of In addition to disease status records of drug prescriptions and and can be to complex phenotypes that has not been possible to study The cohort recruited aged between 30 and 69 years, aged 40 or and therefore the study of a range of to health and disease in The of participants less to study the of disease before age This is by the of health care data from These records include data prospectively coded by primary care from the mid-1990s and will therefore include data from for those in age for in and are likely to be only they were from paper to electronic health care records in the and will therefore include such as but not more The are also from the but data will available through follow-up of those recruited at the older of the age the and ethnicity will influence of research findings to other population groups, and for some research in other cohorts may be ethnic groups, Leicester’s Asian and Asian British are under-represented in This reflects the recruitment methods to have extended recruitment to minority ethnic participant numbers and have our recruitment methods to for by recruitment at ethnic groups are also in the of samples with genome-wide data Although the has in recent years for Asian only of included in genome-wide association studies up to were from Asian This is in In UK only of participants are from Asian or Asian British ethnic groups, this group of the UK It is that representation of minority ethnic groups in studies if these communities are to the of in EXCEED aims to this The of EHR and genetic data for efficient and genetic studies has been highlighted by the of and The and of NHS health records further to this study In the to all primary and secondary care over of the longitudinal studies with a of data available in relatively few of the study also include consent from all participants to be contacted to in recall-by-genotype a of consent which is not in cohort studies are to be to identify and drug and to inform of in a the of cohort participants is for such include to further a study through study and and to participants where have In EXCEED, in addition to a study we are with our and group, including groups on consent studies genetic as clinically cohort studies may not to identify these but may them as this at the time of consent we participants would to be about clinically of participants that they would to be in this variants will be with the of University Hospitals Leicester NHS Trust and to participants on for NHS the for these over time and these can be by and will be of for EXCEED and other longitudinal cohort Participants have consented to their data being available to other and we for collaboration and data to the resource completion of a including a of the research. to access the resource will be for with the data access and with the of the which has participant to the data will be subject to completion of an and to being in to data or to use biological samples may be subject to additional are to the study management via EXCEED is a longitudinal cohort which facilitates investigation of genetic, environmental and lifestyle-related of a broad range of diseases and of multiple through data collected at and via electronic health care record Recruitment has taken place in Leicester, Leicestershire and since and is with 10 156 participants aged to The population of Leicester is and additional recruitment from Asian and minority ethnic communities is ongoing. Participants have consented to follow-up for up to 25 years through electronic health records available include lifestyle factors and alcohol and longitudinal health information from primary care with additional linkage to other EHR have consented to be contacted for recall-by-genotype and sub-studies, providing an resource for research. for collaboration and data access by the study management via The study has been by the University of Leicester, the NIHR Leicester the NIHR Leicester the Medical to the Trust to and a respiratory collaboration with a Medical at Health UK a in The EXCEED study the support of all participants and who have to the particularly the of the of Recruitment at the time of the study’s of",2019,2019-02-22,article,en,https://openalex.org/W2952016493,False,0,genomics_plus_other,False,True,False,False
doi:10.1093/jimmun/vkag141.032,doi:10.1093/jimmun/vkag141.032,semantic_scholar,semantic_scholar,07a52a90a90ce3336f32ea7b5c885849b2c65158,10.1093/jimmun/vkag141.032,,,Developmental and epigenetic remodeling of inflammation in the aging human innate immune system 2238939,"Epigenetic alterations and chronic inflammation are hallmarks of aging, shaped by lifelong exposure to environmental, infectious, and psychosocial stressors in humans. Advances in systems biology approaches enable interrogation of these processes directly in humans. We tested the hypothesis that aging reprograms hematopoietic stem cells (HSCs), producing myeloid progeny epigenetically poised for chronic inflammation. In two human cohorts, we assessed inflammation using in vitro stimulation and spectral flow cytometry. In selected individuals, we performed single-cell multiome (ATAC+RNA, scMultiome) sequencing of myeloid cells. Results were validated in publicly available single-cell multiome datasets. Myeloid cells from older adults showed a higher pro-inflammatory response to stimulation, which was associated with enhanced chromatin accessibility at AP-1 transcription factor motifs, reproducible across four independent datasets. Enhanced AP-1 accessibility led to transcriptional responses associated with inflammation. Because circulating myeloid cells are short-lived, we examined whether the epigenetic remodeling originates in myeloid precursors. Pseudotime trajectory analysis of scMultiome data supports this model, showing increased AP-1 accessibility in HSCs from older adults, pointing to an inflammatory origin in stem cells. To directly assess lineage output and clonal fitness of AP-1-poised HSCs, we leveraged mitochondrial DNA variants as natural barcodes for lineage tracing in humans. Clonotype analysis revealed a polyclonal increase, without selective expansion of AP-1hi HSCs. Nonetheless, AP-1hi HSCs produced a higher proportion of AP-1hi monocytes, though the effect was modest, suggesting that circulating inflammatory mediators reinforce epigenetic poising. Our results reveal a developmental origin of inflammatory poising in aging myeloid cells, with AP-1-remodeling as a molecular driver of innate immune aging, and potential target to treat inflammaging. University of Arizona Start-up Funds Immune Response Regulation: Cellular Mechanisms (IRC)",2026,2026-07-28,JournalArticle,,https://www.semanticscholar.org/paper/07a52a90a90ce3336f32ea7b5c885849b2c65158,False,0,,True,True,False,False
doi:10.1093/lifemedi/lnac018,doi:10.1093/lifemedi/lnac018,openalex,openalex,https://openalex.org/W4283689348,10.1093/lifemedi/lnac018,,,The secret of youth: how is systemic rejuvenation achieved at the single cell level?,"Heterochronic parabiosis (HP) refers to a condition in which two animals of different ages are surgically connected to share a common circulatory system. With the formation of microvessels at the connection site, the aged individual receives blood-borne factors from young individual, and vice versa, the young individual receives blood-borne factors from aged individual. Therefore, HP provides an opportunity to investigate how and what blood-borne factors could alter the health conditions in both young and more importantly aged organisms. In addition, the identification of rejuvenating factors in HP is a promising approach to delay the aging process and lead to therapeutic products to the reversal of aging or treatment of aging-related diseases. The development of HP has been seen as a great progress in the past century in the aging field and such advanced technologies have opened new avenue to address the long-lasting question of the molecular mechanism underlying aging and also identify new strategies for treating aging. First established in 1957 [1], the HP rodents have been served as a unique animal model to elucidate the effects of young and old blood on aging (Fig. 1). After that, aging-associated phenotype of skeletal muscle stem cells and hepatic cells were reported to be reversed in such model [2], providing proof of concept in rejuvenation of aged cells under the fused circulation system. Since then, the effects of HP on various tissues have been widely studied and to date, rejuvenative effects were reported in brain, vascular, and heart [2–5]. Meanwhile, several pro-aging or pro-rejuvenative factors have been identified in the circulation, such as growth and differentiation factor 11 (GDF11) [3, 4], C–C motif chemokine 11 (CCL11) [5] and β2 microglobulin (B2M) [6]. However, these studies have been focusing on only one or a few solid tissues, and the identified rejuvenating factors are only capable of reversing the aging-related phenotype in single cell types. As emerging studies have shown the immune system represents a key therapeutic target for slowing down aging [7], it remains largely unknown whether young blood rejuvenates aged hematopoietic stem and progenitor cells (HSPCs) that change the entire blood and immune system so as to establish a revified milieu. Similarly, it is also unclear whether there are potential systemic effects on stem cell maintenance and peripheral tissue/organ homeostasis conferred by the revitalized hematopoietic and immune system or blood-borne factors. As HSPCs and their differentiated blood and immune cell populations are highly heterogenous, and different cell types will likely be differently affected in HP, such an analysis calls for a higher resolution systemic approach. A graphical summary of the history of HP model and identification of blood-borne factors. To address these questions, Ma and colleagues took advantage of single-cell RNA sequencing (scRNA-seq) for global transcriptomic profiling to reveal the cellular heterogeneity and molecular changes in multiple tissues/organs in HP (Fig. 2A) [8]. While the molecular physiology of aging is varied across cell types and tissues and the niche environment of different cells and their communications are also dramatically different, scRNA-seq in a systematic level can largely facilitate our understanding of the rejuvenation paradigm. Similarly, in a parallel work, Róbert Pálovics et al. also applied scRNA-seq in 20 organs across the entire organism in HP and showed that young blood reversed global gene expression loss and increased the expression of genes encoding components of the electron transport chain [9]. Systemic investigation of the effects of blood-borne factors in HP model. (A) Single-cell transcriptomic sequencing analysis of 7 tissues/organs from HP depicts a systemic atlas of the effects of young blood on aging. (B) Blood-borne factors in young mice reset regulatory programs that enhances lymphoid differentiation potential of HSPCs in aged mice. MPC, myeloid progenitor cell; LPC, lymphoid progenitor cell. (C) Overexpression of identified rejuvenating factor Yy1 in aged HSPCs promoted their long-term engraftment ability, and Ccl3 overexpression increased T lymphopoietic differentiation potential of aged HSPCs. In the effort to analyze single-cell transcriptome across multiple tissues/organs in HP mice, including enriched HSPCs, bone marrow, peripheral blood, spleen, skin, liver, skeletal muscle and brain, Ma and colleagues acquired approximately 164 000 high-quality single-cell transcriptomes and annotated 108 major cell types for subsequent analyses. They focused on HSPCs because they found HSPCs are the most responsive to the changing environment (Fig. 2B). In HP, organismal exposure to young blood boosted lymphopoiesis program, rewired the continuum of HSPC differentiation to a younger state, and transcriptionally rescued hematopoietic stem cells (HSCs) compromised by aging, as manifested by the re-establishment of intercellular interactions through reactivation of cytokines and cytokine receptors upon exposure to young blood. Using the CD45 congenic mice to trace cell origins in the HP model, they also demonstrated that blood-borne factors from young mice rejuvenated HSPCs in the bone marrow of old mice while rejuvenation of the peripheral blood and spleen in aged mice is achieved mainly by replenishment of immune cells from young blood. The inclusion of experiments to distinguish aging/rejuvenation from cell crossover adds significant depth to this study, suggesting that, in HP, young mice could alter the hematopoietic and immune system of old mice through multiple mechanisms. Aging-associated progressive decline in regenerative capacity is primarily decided by tissue-resident stem cells whose overall status, in turn, relies on both the stem cells themselves and the surrounding niche cells. Therefore, this group also investigated the effects of HP on other organs and tissues besides the hematopoietic and immune systems. Not surprisingly, they found that aging-related changes in tissue-resident stem cells, to varying degrees, were reversed extrinsically by systemic factors in young blood. This result not only points out the cell-type specific mechanisms for revitalization but also suggests that blood-borne factors can induce systemic reversal of aging as a goal that we have been eager to accomplish in human beings. However, in this study, only skin, liver, skeletal muscle, and brain were selected for analysis. Therefore, it remains to be explored whether HP could exhibit similar effects on other tissues and organs. If so, the next question would be whether they require the same or different rejuvenation factors. In this study, Ma and colleagues revealed the underlying cellular mechanism of HP-mediated rejuvenation of aging systematically at the single cell level across multiple tissues. More importantly, they also identified candidate pro-youth factors that could be potentially applicable as intervention strategies for aging and aging-related diseases in the future. For example, their results suggest that chemokines and cytokines, such as Ccl3, Ccl4, Vegfa and Cxcl2, and Tnfaip3, Nfkbia and Nfkbiz, which belong to anti-inflammatory targets of the TNF-α pathway, are associated with HP-mediated rejuvenation of HSPCs. On the other hand, apoptosis- or senescence-associated secretory phenotype (SASP)-associated factors, such as the anti-inflammatory and NF-κB pathway inhibitory factor Gilz, were downregulated in old solid tissues upon exposure to young blood. Notably, introduction of Ccl3 in aged HSPCs enhanced their differentiation potential toward T cells in long-term engraftment (Fig. 2C). This outcome is exciting and meaningful as myeloid-biased differentiation is a hallmark of aged HSCs [10]. Therefore, these candidates and their functional validations add to the list of currently known rejuvenating factors and indicate that multiple factors may be necessary to result in the systemic aging reversal. Interestingly, chromatin organization and remodeling genes could not be rescued by exposure to young blood, while overexpression of Yy1, a key epigenetic regulator, enhanced the engraftment ability of aged mouse HSPCs (Fig. 2C), suggesting that aging memories are refractory to changing by environmental factors and requires other mechanism for rewriting. In summary, Ma and colleagues have demonstrated how the young systemic milieu impacts the aged milieu and vice versa in the HP model. This comprehensive state-of-the-art resource reveals how blood-borne factors exert profound effects on systemic and global regulation of the hematopoietic and immune systems as well as tissue homeostasis. Thus, this work opens new vistas to further explore the mechanisms underlying the mysterious pro-youth effects of young blood and identifies blood-borne factors as potential candidates for systemic rejuvenation. As human lifespan becomes longer, the demand to reverse aging and aging-related diseases also becomes greater. Besides HP, research on developing new aging-related interventions is quickly emerging, such as caloric restriction, gut microbiota transfer, and supplementation of nicotinamide mononucleotide, while the underlying mechanisms of different interventions may be complex and different. Therefore, more in-depth investigations into and a combination of these different interventions will, hopefully, lead to a long-awaited success in anti-aging therapy. The authors thank Pengbo Zhang for critical reading of this manuscript. This work was supported by National Natural Science Foundation of China (Grant No. 82100140). The manuscript was initiated and written by L.W., J.L., H.L., F.Z., and revised by L.W., J.L., H.L., M.Y., F.Z. The authors declare no competing interests.",2022,2022-06-28,article,en,https://openalex.org/W4283689348,False,0,epigenomics_plus_downstream,True,True,True,True
doi:10.1093/nar/gkw802,doi:10.1093/nar/gkw802,pubmed,pubmed,27634931,10.1093/nar/gkw802,27634931,PMC5159544,The lncRNA HOTAIR impacts on mesenchymal stem cells via triple helix formation.,"There is a growing perception that long non-coding RNAs (lncRNAs) modulate cellular function. In this study, we analyzed the role of the lncRNA HOTAIR in mesenchymal stem cells (MSCs) with particular focus on senescence-associated changes in gene expression and DNA-methylation (DNAm). HOTAIR binding sites were enriched at genomic regions that become hypermethylated with increasing cell culture passage. Overexpression and knockdown of HOTAIR inhibited or stimulated adipogenic differentiation of MSCs, respectively. Modification of HOTAIR expression evoked only very moderate effects on gene expression, particularly of polycomb group target genes. Furthermore, overexpression and knockdown of HOTAIR resulted in DNAm changes at HOTAIR binding sites. Five potential triple helix forming domains were predicted within the HOTAIR sequence based on reverse Hoogsteen hydrogen bonds. Notably, the predicted triple helix target sites for these HOTAIR domains were also enriched in differentially expressed genes and close to DNAm changes upon modulation of HOTAIR Electrophoretic mobility shift assays provided further evidence that HOTAIR domains form RNA-DNA-DNA triplexes with predicted target sites. Our results demonstrate that HOTAIR impacts on differentiation of MSCs and that it is associated with senescence-associated DNAm. Targeting of epigenetic modifiers to relevant loci in the genome may involve triple helix formation with HOTAIR.",2016,2016-09-14,Journal Article,eng,https://pubmed.ncbi.nlm.nih.gov/27634931/,False,0,,True,False,True,False
doi:10.1093/neuped/wuag026.141,doi:10.1093/neuped/wuag026.141,semantic_scholar,semantic_scholar,915ed52134a14d0b7d30fbe7687bb783e8a438e2,10.1093/neuped/wuag026.141,,,ID #419 Exploiting nuclear exportin-1 as a therapeutic vulnerability in atypical teratoid rhabdoid tumors,"Atypical teratoid rhabdoid tumor (ATRT) is an aggressive central nervous system tumor that mostly affects children under age 3. Current intensive, multimodal therapy results in profound treatment-related toxicities. Thus, there is a dire need for less toxic and improved therapies for children with ATRT. The identification of cancer dependencies can be utilized to determine novel therapeutic approaches. We identified exportin-1 (XPO1), a nuclear export protein that transports cargo proteins from the nucleus to the cytoplasm, as a novel dependency in ATRT. We harnessed an integrative approach utilizing in vitro ATRT models, drug assays, functional genomics, flow cytometry, transcriptomics, and in vivo intracranial xenograft models to systematically test the hypothesis that XPO1 is a therapeutic vulnerability in ATRT. RNA-sequencing data across pediatric brain tumor cell lines revealed that XPO1 is highly expressed in ATRT. We utilized CRISPR-Cas9 to knockout XPO1 expression in a panel of patient-derived ATRT cells and found significant defects in cell viability and neurosphere formation. Pharmacologic inhibition of XPO1 using six different selective inhibitors of nuclear export (SINEs) across multiple ATRT cell lines showed sub-10 nM IC50 values. XPO1 inhibition led to on target degradation of XPO1 protein levels. Moreover, ATRT cells treated with selinexor showed increased apoptosis by Annexin V flow cytometry and also demonstrated G1 cell cycle arrest. Transcriptomic analysis of ATRT cells with genetic and pharmacologic inhibition of XPO1 showed significant depletion of cell cycle gene sets, with concurrent upregulation of apoptosis and TP53 signaling pathways. Lastly, using in vivo intracranial xenograft models, the combination of selinexor, radiation, and cyclophosphamide led to a reduction of ATRT tumor size and significant increase in animal survival. We demonstrate that XPO1 is a therapeutic vulnerability in ATRT, and targeting XPO1 in combination with cytotoxic chemotherapy demonstrates high translational potential.",2026,2026-06-23,JournalArticle,,https://www.semanticscholar.org/paper/915ed52134a14d0b7d30fbe7687bb783e8a438e2,False,0,,True,False,True,False
doi:10.1093/qjmed/hcaf093,doi:10.1093/qjmed/hcaf093,openalex,europepmc;openalex;pubmed;scopus;semantic_scholar,https://openalex.org/W4409289792,10.1093/qjmed/hcaf093,,,Integrative genetic analysis to decode the causal effect of air pollution on accelerated aging,"BACKGROUND: The relationships between air pollutants and aging remain poorly understood due to the limitations of observational studies. AIM: Herein, we aimed to infer the causality between air pollutants (PM2.5, NO2, NOx, PM2.5-10 and PM10) and a comprehensive set of aging phenotypes (frailty index, face aging, GrimAge, HannumAge, PhenoAge, granulocyte proportions, intrinsic epigenetic age acceleration, longevity, healthspan, parental lifespan and telomere length) using integrative genetic analysis framework. DESIGN AND METHODS: A three-phase study design was used: phase one involved univariable and multivariable Mendelian randomization (MR) analyses; phase two used two-step MR to identify potential mediators among 4596 candidate multi-omics traits; phase three performed transcriptome-wide association studies (TWAS) followed by biological pathway enrichment and Bayesian colocalization analyses to explore the underlying mechanisms. RESULTS: A robust causal association between PM2.5 exposure and frailty was found across all univariable MR analyses, which remained robust even after controlling for lifestyle factors or air pollutants in the multivariable MR analyses. The causal effect remained significant in multivariable MR analyses after adjusting for other air pollutants or potential lifestyle factors. We identified several common mediators that potentially mediate the effect, with the B cell lymphoma-2 protein 1 being the most prominent mediator. Our TWAS identified 98 genes associated with both PM2.5 and frailty, with the MMAB gene showing the most significant association. CONCLUSIONS: This study provides robust genetic evidence supporting a causal link between PM2.5 exposure and frailty, highlighting the detrimental effects of air pollution on aging.",2025,2025-04-07,article,en,https://openalex.org/W4409289792,False,4,explicit_multiomics,True,True,True,True
doi:10.1095/biolreprod.114.118208,doi:10.1095/biolreprod.114.118208,openalex,openalex,https://openalex.org/W2327993901,10.1095/biolreprod.114.118208,,,WORLD OF REPRODUCTIVE BIOLOGY: A Little Seminal Fluid Goes a Long Way,"BOR–Papers in Press published 8 January 2014 DOI: 10.1095/biolreprod.114.117291 The hormone regimen used to bump up egg production during in vitro fertilization (IVF) may have an effect on the blood pressure of the resulting children, according to a new analysis. The study suggests that the hormone regimen, rather than other aspects of in vitro fertilization, such as embryo culture, underlies findings indicating that the cardiometabolic health of offspring is compromised. Three studies have reported elevated blood pressure in IVF children, though two studies have not seen such an effect. The two studies, however, showed other problems with cardiometabolic health, such as an increased risk of vascular dysfunction. Overall, the data hint that children born from IVF have poorer cardiometabolic outcomes than children conceived naturally—a difference that is not attributable to factors such as prematurity or low birth weight, which also occur more frequently in IVF offspring. In the two new analyses, Jorien Seggers et al. and Sacha La Bastide-Van Gemert et al. examined systolic blood pressure in 194 children conceived using different methods and crunched the data using two separate statistical approaches. Both analyses showed that children born from IVF following controlled ovarian hyperstimulation (a hormonal regimen that boosts ovulation rate) had higher blood pressure at age four than children born from modified natural-cycle IVF, which does not involve the same hormonal procedures. The difference was about 13 percentile points and was not due to factors such as weight of the mother. The data also hinted that IVF children conceived through ovarian hyperstimulation may also have slightly more subcutaneous fat, an indicator of poor metabolic health. The findings suggest that the hormonal boost of conventional IVF procedures may affect the health of the oocyte and ultimately the health of the resulting offspring. This conclusion was bolstered by the observation that there was no difference in blood pressure between children from modified natural-cycle IVF and children conceived naturally by subfertile couples, suggesting that the in vitro aspects of the procedure did not affect blood pressure. The researchers speculate that ovarian hyperstimulation might have epigenetic effects on the DNA of the oocyte, which undergoes epigenetic modifications during maturation. They point to studies in mice suggesting that ovarian hyperstimulation results in epigenetic disturbances, and studies in humans showing that IVF is associated with epigenetic modifications in phenotypically normal offspring. The findings raise many basic research questions, but also highlight the need for further clinical studies. The new studies also suffer from several drawbacks; for instance, there was a low number of study subjects, and the researchers could not rule out an effect due to the criteria used to select women to receive hyperstimulation versus natural-cycle IVF. Seggers J, Haadsma ML, La Bastide-Van Gemert S, Heineman MJ, Middelburg KJ, Roseboom TJ, Schendelaar P, Van den Heuvel ER, Hadders-Algra M. Is ovarian hyperstimulation associated with higher blood pressure in 4-year-old IVF offspring? Part I: multivariable regression analysis. Hum Reprod 2014; 29(3):502–509. La Bastide-Van Gemert S, Seggers J, Haadsma ML, Heineman MJ, Middelburg KJ, Roseboom TJ, Schendelaar P, Hadders-Algra M, Van den Heuvel ER. Is ovarian hyperstimulation associated with higher blood pressure in 4-year-old IVF offspring? Part II: an explorative causal inference approach. Hum Reprod 2014; 29(3):510–517. BOR–Papers in Press published 8 January 2014 DOI: 10.1095/biolreprod.114.117317 Geneticists have applied a pioneer DNA sequencing technique to determine the genetic makeup of single human oocytes. The DNA is collected from polar bodies extruded from the oocyte, showcasing the technique as a noninvasive way to screen an egg's genes prior to assisted reproduction. Current methods to assess oocyte or embryo DNA for assisted reproduction are limited. One common method involves removing a cell from the early embryo and checking its DNA for gross abnormalities, such as missing chromosomes. But this method of pre-implantation genetic diagnosis has drawbacks, including that it requires microsurgery of the embryo, there are concerns that it may disrupt development, and it has not been possible to simultaneously obtain both sequence data and information on aneuploidy. In the new study, Yu Hou et al. deployed a technique recently developed to sequence DNA from a single cell. The technique involves a unique step that enables uniform levels of DNA amplification, regardless of sequence, called multiple annealing and looping-based amplification cycles (MALBAC). MALBAC overcomes the problem of amplification bias that has plagued previous methods of single-cell sequencing. Using oocytes donated by eight healthy women, the researchers found that by sequencing the DNA of the polar bodies, they could predict the sequence of the DNA in the oocyte pronucleus. Using DNA information from the polar bodies, the researchers could accurately identify 91 to 95 percent of single nucleotide polymorphisms (SNPs) in the pronucleus in each donor. The technique also enabled the researchers to detect chromosomal abnormalities, such as extra or missing chromosomes and translocations. The cost of detecting these larger-scale changes is about the same as that of current methods of pre-implantation genetic diagnosis, the researchers say. Whole-genome sequencing, however, is much more costly and technologies will have to improve for that approach to become feasible on a large scale. Meanwhile, the researchers have begun a small clinical trial to determine whether the method improves the success rates of in vitro fertilization in women who have genetic diseases or who have suffered multiple miscarriages. The technique not only has clinical potential, but it also will enable researchers to answer longstanding basic research questions. For instance, in the current study, the researchers calculated that the average rate of chromosome crossover in the oocyte was 43 crossovers per haploid cell—about 1.65 times that of sperm. Hou Y, Fan W, Yan L, Li R, Lian Y, Huang J, Li J, Xu L, Tang F, Xie XS, Qiao J. Genome analyses of single human oocytes. Cell 2013; 155(7):1492–1506. BOR–Papers in Press published 15 January 2014 DOI: 10.1095/biolreprod.114.117648 A molecular complex has been identified that promotes the survival of oocytes. Deleting components of the cullin-ring finger ligase-4 (CRL4) complex leads to a phenotype in mice similar to primary ovarian insufficiency, a form of infertility in which women run out of oocytes before age 40. The Pten/Foxo3a pathway, which previous studies have homed in on, is a signaling pathway that affects ovarian aging. It keeps primordial follicles quiet, preventing them from prematurely activating and developing into mature oocytes. In the absence of this pathway, the pool of immature follicles is activated and rapidly depleted. CRL4 operates differently, in that it is required for development and maintenance of the oocytes in the primordial follicle population. Chao Yu et al. deleted components of this complex in oocytes in mice shortly after birth and, as a result, the oocytes underwent apoptosis and the ovaries shrank. By young adulthood, the primary follicle population was depleted in these mice—a phenotype closely resembling primary ovarian insufficiency. What is remarkable is that this loss in the ovarian reserve was not due to wholesale activation of the primordial follicle population, as occurs in mice deficient in Pten or Foxo3a. Rather, it resulted from the demise of the oocytes in these primary follicles. The researchers showed that CRL4 seems to function, at least in part, by binding to TET methylcytosine dioxygenases, which are known to regulate the activity of genes involved in oocyte development and maintenance. The binding of CRL4 to TET proteins fosters their ability to bind DNA and promote gene transcription. CRL complexes can function simply as scaffolding proteins, as in this study, but they are perhaps best known for seeding protein ubiquitination. Uncovering other substrates of CRL4 in the oocyte should help researchers to delve deeper into the question of what keeps oocytes alive through their many years of dormancy in the ovary. Yu C, Zhang YL, Pan WW, Li XM, Wang ZW, Ge ZJ, Zhou JJ, Cang Y, Tong C, Sun QY, Fan HY. CRL4 complex regulates mammalian oocyte survival and reprogramming by activation of TET proteins. Science 2013; 342(6165):1518–1521. BOR–Papers in Press published 22 January 2014 DOI: 10.1095/biolreprod.114.117887 The phenotypic effect of many genetic variants depends on whether they originated from an individual's mother or father, according to a new study in mice. The findings show that parent-of-origin effects are much more powerful than previously thought, modifying longstanding views of Mendelian inheritance. Geneticists are becoming more adept at assigning heritability to specific genetic variants—that is, at determining how much the variant contributes to a specific phenotypic trait. Richard Mott and colleagues have developed a sophisticated system for assessing heritability using a stock of mice with defined genetic heterogeneity that is amenable to genetic analysis. The researchers previously measured 97 phenotypic traits in this population and identified genetic loci associated with these traits, called quantitative trait loci (QTLs). The researchers have now assessed the contribution of parent-of-origin to the heritability of these traits. One way to measure heritability is to correlate the extent of allele-sharing between individuals with their phenotypic similarity. High heritability means high correlation. The authors then added another layer of analysis, which involved determining the parent-of-origin of identical alleles in a population. Using this method, the researchers found that almost all 97 traits showed parent-of-origin effects. The researchers also examined 837 QTLs linked to these traits and found that more than half showed different effects on heritability depending on whether they originated with the mother or the father. The researchers next drew a link between their observations and imprinting, in which the allele from either the mother or the father is silenced by methylation. Only a handful of genes—fewer than 100 in humans—are known to be imprinted. But could interactions with imprinted genes explain such surprisingly common parent-of-origin effects? In one experiment, the researchers closely examined offspring of crosses containing a knockout in a genomic region that showed parent-of-origin effects (this region did not contain imprinted genes). They observed widespread changes in gene expression that depended on the parental origin of the knockout. Moreover, some known imprinted genes had their expression altered. The authors propose that non-imprinted genes can modify the expression of imprinted genes, producing ripple effects on gene expression throughout the genome. As a result, the effect of most genes is dependent on whether they were inherited from the mother or the father. The findings have far-reaching implications. As just one example, the findings suggest that phenotypic similarity between siblings, particularly twins, is due not only to their similar genetic makeup, but also to their inheriting sets of genes from the same parent. Therefore, the new findings could at least partly explain why genome-wide association studies have generally produced estimates of heritability that are lower than those of sibling-based studies. This problem of “missing heritability” has long vexed geneticists, and is a major area of investigation. Further probing this question, as well as others—such as the molecular basis of the parent-of-origin effects observed in this study—will surely yield yet more surprises. Mott R, Yuan W, Kaisaki P, Gan X, Cleak J, Edwards A, Baud A, Flint J. The architecture of parent-of-origin effects in mice. Cell 2014; 156(1–2):332–342. BOR–Papers in Press published 29 January 2014 DOI: 10.1095/biolreprod.114.118208 Seminal fluid exerts an effect on the female reproductive tract and may influence the epigenetic programming of the early embryo, a new study in mice suggests. Previous studies have shown that seminal fluid contains signaling factors known to affect development. Some of these factors induce the female reproductive tract to synthesize molecules such as GM-CSF (granulocyte macrophage colony-stimulating factor), which is believed to affect embryo growth and promote immunologic tolerance. To investigate the role of seminal fluid, John Bromfield et al. surgically removed the seminal vesicle gland from males prior to mating. The researchers observed effects on multiple aspects of fertility and development; for instance, many of the embryos failed to develop past the eight-cell stage, and the placentas of the offspring were unusually heavy. Moreover, the adult offspring had high rates of obesity and hypertension, aberrant levels of metabolic hormones, and reduced glucose tolerance. The effect was most pronounced in male offspring, which are known to be more susceptible to various environmental perturbations during early embryonic development. Seminal fluid is known to protect DNA from oxidative damage, and there are hints that it may also affect the epigenetic status of sperm. But some of the phenotypes observed could also be due to the absence of seminal fluid's natural effect on the female reproductive tract. The researchers addressed this question in two ways. First, female mice were mated with males lacking seminal fluid. The researchers flushed out the resulting two-cell embryos and grew them in culture. This process rescued many of the early-stage defects, with a high rate of survival to the blastocyst stage. Second, the researchers transferred normal two-cell embryos into females mated with males that were surgically altered to not make seminal fluid or sperm. The adult male offspring were chubby—with 28 percent more central fat than control males, whose fathers produced seminal fluid—though some of the other metabolic changes were not evident. The effects were not observed when embryos were transferred at the blastocyst stage, suggesting that seminal fluid exerts its effects in the early cleavage stages. Seminal fluid seems to operate by affecting an abundance of factors in the oviduct known to affect embryonic development, such as GM-CSF and LIF (leukemia inhibitory factor). The researchers speculate that some of these factors convey epigenetic information to the embryo during the early cleavage stages, when the embryonic DNA is undergoing epigenomic reprogramming. The findings are consistent with emerging studies showing that a male's stress, chemical exposures, and dietary conditions can affect his offspring. Bromfield JJ, Schjenken JE, Chin PY, Care AS, Jasper MJ, Robertson SA. Maternal tract factors contribute to paternal seminal fluid impact on metabolic phenotype in offspring. Proc Natl Acad Sci U S A 2014; 111(6):2200–2205.",2014,2014-01-29,article,en,https://openalex.org/W2327993901,False,0,genomics_plus_other,True,True,True,True
doi:10.1096/fj.202503291rr,doi:10.1096/fj.202503291rr,semantic_scholar,semantic_scholar,a613f8d43c590d917583fd33fa2e7226002d9b34,10.1096/fj.202503291rr,41999263,13091186,Multi‐Omics and Machine Learning‐Uncovered FLT1‐Mediated Epithelial‐Endothelial Crosstalk in Cellular Senescence Driving Clear Cell Renal Cell Carcinoma Malignancy,"Clear cell renal cell carcinoma (ccRCC) is distinguished by the absence of definitive diagnostic markers and efficacious treatment modalities, factors that collectively contribute to its unfavorable clinical prognosis. The targeting of senescent cells has recently emerged as a promising therapeutic strategy. Nevertheless, the precise role of cellular senescence in the pathophysiology of ccRCC has yet to be comprehensively elucidated. This study sought to investigate the role of cellular senescence levels in ccRCC through comprehensive transcriptomic, proteomic, spatial transcriptomic, and single‐cell analyses. The study determined that elevated levels of cellular senescence contribute to a suppressed immune microenvironment, thereby exacerbating the prognosis for ccRCC patients. We utilized an extensive array of machine learning algorithms, in conjunction with multi‐omics technologies, validated through immunofluorescence, RT‐qPCR, and additional techniques, to collectively identify FLT1 as a pivotal single gene driving ccRCC progression. Our work reveals a FLT1‐centered network of related factors, where FLT1 acts as the core single gene, closely associated with key factors VEGFA and AKT1. This network mediates crosstalk between endothelial and epithelial cells: endothelial cells expressing FLT1 alone, AKT1 alone, or co‐expressing FLT1/AKT1 exhibited enhanced malignancy; among epithelial cells, proximal tubular epithelial cells with high VEGFA expression (a factor closely related to FLT1) represented the most aggressive subtype and acted as “pioneer cells” driving tumor progression. This FLT1‐centric mechanism is evolutionarily conserved, as validated in mouse single‐cell datasets. Clinically, ccRCC patients with low expression of the FLT1‐centered network (particularly low FLT1) showed better responses to immunotherapy. For patients with high FLT1 expression, a combination therapy targeting this network—screened via molecular docking and dynamics simulations—may improve prognosis. This includes FLT1 inhibitors (Sorafenib, Regorafenib, Lenvatinib), supplemented by AKT1 inhibitors (Capivasertib) and VEGFA inhibitors (Bevacizumab) to suppress FLT1‐associated malignant cell populations.",2026,2026-04-18,JournalArticle,,https://www.semanticscholar.org/paper/a613f8d43c590d917583fd33fa2e7226002d9b34,False,0,,True,True,True,True
doi:10.1097/cm9.0000000000003715,doi:10.1097/cm9.0000000000003715,openalex,openalex,https://openalex.org/W4411339724,10.1097/cm9.0000000000003715,,,Global challenges and development of heart transplantation: Wuhan Protocol development and clinical implementation,"Heart failure represents a growing pandemic as it affects ~64 million individuals globally,[1] and it has an annual incidence of 2 million cases per year, one-third of which are in China.[2,3] Of these, 10% progress to end-stage disease, for which cardiac transplantation remains the sole curative therapy. Despite this critical need, profound disparities persist: Only 6000 heart transplants are performed annually worldwide, with 30% of waitlisted patients dying annually while 35% of potential donor hearts are nonviable when transported over 500 miles due to cold ischemia limitations. These inefficiencies highlight the need for solutions that have the collective goal of equitable transplant access, such as drone-based organ delivery. Another challenge is the technical complexity of complicated transplant surgeries. Multiorgan en bloc transplants (e.g., heart–liver or heart–kidney) require precision in vascular anastomoses and ischemia time management. The risk of primary graft dysfunction (PGD) escalates in multiorgan cases, especially when preexisting organ failure. The incidence of postoperative complications following heart transplantation in patients with complex congenital heart diseases, such as double right ventricular outlets and transposition of large arteries, is high. This difference can be attributed to abnormal anatomical structures, increased pulmonary vascular resistance, immunosuppression, and infection risks. Of these, procedures that involve dextrocardia (right-sided heart) have the highest technical barriers. Dextrocardia highlights the need for anatomical ingenuity and advanced perioperative support, as mirrored anatomy complicates donor–recipient alignment. The rapid evolution of MCS technologies underscores global inequities in advanced heart failure care. While China has achieved a 20-fold expansion of extracorporeal membrane oxygenation (ECMO) centers over the last decade, the long-term ventricular assist device (VAD) adoption and application rate is low.[8] This dichotomy reflects larger global patterns: In low-income nations, MCS-related mortality rates are triple those of high-income countries (3.2:1 ratio), which is exacerbated by fragmented supply chains for device maintenance and a critical shortage of specialized intensivists. Pediatric heart failure management faces particularly dire constraints because no third-generation VADs are available. The HeartMate 3 remains the only option for children; however, its use is limited due to thoracic capacity and low-flow physiological demands. These disparities persist despite MCS’s proven potential, thus revealing an urgent need for cost-adaptive innovations, global training partnerships, and pediatric-focused device development. Wuhan Protocol: Addressing Global Challenges through Innovation: Wuhan Union Hospital (Hubei, China) has developed the ‘Wuhan Protocol’ to address current challenges in heart transplantation and improve the 10-year survival rate from 54.7% (The International Society for Heart and Lung Transplantation) to 73%: (1) an innovative donor heart preservation technique; (2) optimized surgical approaches for complex heart transplantation; (3) independently developed MCS systems (Extra-VAD, DuoCor, D-miniCor, and D-Shant); and (4) precision perioperative organ support. Innovative donor heart preservation technique: The current golden standard for donor heart preservation in Histidine-Tryptophan-Ketoglutarate/University of Wisconsin solutions is limited to a cold ischemia time of 4 h underwent intraoperative reperfusion (500 mL UW solution (The University of Wisconsin solution) at 4°C) before implantation. This established protocol effectively allowed safe CIT from 4 to 8 h.[9] The utilization rate of donor hearts preserved >4 h increased to 77.4%. Optimized surgical approaches for complex heart transplantation: Conventional heart transplantation techniques often fail to meet the surgical demands of complex congenital heart disease or situations involving donor–recipient anatomical or size mismatches. We pioneered the “left atrial precision volume adaptation” technique, which uses the anatomical location of the left atrial ridge to accommodate a point-to-point atrial cuff anastomosis. This strategy allows for accurate accommodation of the donor left atrium to the recipient anatomy to counter issues related to size mismatch. Auxiliary methods, such as enlarging the pericardial space and delaying closure of the chest, facilitate transplantation in difficult clinical situations. Using this method, we are able to change the acceptable donor-to-recipient body weight ratio from the standard international ratio of 2.0 to 6.5, thus substantially enlarging the number of potential donors. After considering anatomical challenges, we developed the “cardiac rotational positioning” technique in which the donor heart is rotated approximately 90° clockwise on the left atrial axis. The donor acquisition includes an en bloc harvest of the superior vena cava (SVC) with an extended inferior vena cava (IVC) to accommodate anatomical differences. The recipient cardiectomy with IVC is completed in continuity, leaving a long atrial cuff. The rotated positioning enhanced spatial orientation, hemodynamics, and enabled a 40% reduction in procedure time.[10] We completed the world’s largest series of 10 right-sided heart transplantations with a surgery success rate of 100%. Advancements in novel mechanical circulatory support devices development: MCS represents a pivotal advancement in heart failure management; it serves as a critical therapeutic option for end-stage patients requiring bridging or those who are ineligible for transplantation. For patients with advanced heart failure accompanied by cardiogenic shock, we developed Extra-VAD, an intelligent magnetically levitated extracorporeal ventricular assist device with a unique percutaneous implantation pathway. The 30-day post-transplant survival rate reached 88.9%, substantially surpassing outcomes associated with conventional ECMO bridging strategies domestically ( 10,000 hemodynamic data points per minute, including coronary perfusion pressure and cerebral oxygen saturation. Concurrent breakthroughs in hemocompatible materials, such as endothelialized nanocomposite coatings, demonstrate 80% reductions in platelet adhesion in preclinical models, substantially mitigating long-term MCS-associated morbidity. For pediatric patients, miniaturized pumps with impeller diameters as small as 10 mm, combined with expandable cannula designs, now support infants weighing under 3 kg, a pivotal advancement for a cohort historically excluded from durable mechanical support. Globally, collaborative efforts, such as National Institutes of Health funded pediatric VAD programs, are accelerating the translation of these innovations, ensuring equitable access to life-saving technologies across diverse clinical and socioeconomic contexts. Third, artificial intelligence (AI) is redefining post-transplant management through three synergistic innovations. An AI platform will integrate multi-dimensional biological data (genomic, proteomic, and real-time clinical metrics) to allow early prediction of critical post-transplant events, such as cardiogenic shock, PGD, and acute rejection. Moreover, the integration of continuous learning algorithms ensures ongoing optimization of predictive accuracy and therapeutic guidance as real-world evidence accumulates. Fourth, xenotransplantation will become more common. A 2022 breakthrough porcine-to-human heart transplant (57-day survival) exposed both progress and persisting hurdles. Although clustered regularly interspaced short palindromic repeats-mediated α-Gal knockout prevented hyperacute rejection, late-onset thrombotic microangiopathy and coagulopathy led to graft failure.[14] Strategies target these limitations through multi-gene editing (NOTCH2/CD46/SLA-I) to stabilize porcine endothelial function and inhibit platelet aggregation via αvβ3 integrin blockade during ex vivo perfusion. Concurrently, chimeric cell therapies combining porcine hematopoietic stem cells with recipient-derived regulatory T cells aim to induce immune tolerance, thus achieving 180-day rejection-free survival in non-human primates without immunosuppression. The Wuhan Protocol was established through decades of rigorous clinical refinement. It is a transformative cardiac transplantation framework that elevates outcomes by expanding the donor pool, overcoming technical barriers in complex transplantation, improving survival in MCS-bridged cases, and optimizing perioperative multi-organ precision support. Future real-world multicenter trials are needed to consolidate its evidence base. The Wuhan Protocol integrates theoretical and practical innovation to redefine the transplantation field in China and also offers a scalable model to advance global standards, ultimately making end-stage heart failure a treatable condition worldwide. Funding This work was supported by the National Natural Science Foundation of China (No. 82470423) and Hubei Provincial Natural Science Foundation Projects (No. JCZRYB202500142). Conflits of interest None.",2025,2025-06-17,article,en,https://openalex.org/W4411339724,False,0,genomics_plus_other;proteomics_plus_downstream,True,False,True,False
doi:10.1097/jbr.0000000000000140,doi:10.1097/jbr.0000000000000140,openalex,openalex,https://openalex.org/W4386221594,10.1097/jbr.0000000000000140,,,"A new ""single"" era of biomedicine and implications in disease research","In recent decades, single-cell (SC) technologies and applications have been a very hot topics in the field of biology and medicine. In fact, early studies involving a single cell were on the malignant process of acute nonlymphocytic leukemia and inherited or sporadic genetic disease in the 1980s. And since the RhD gene in a single cell from maternal plasma was detected by fluorescence-based polymerase chain reaction (PCR) in the 1990s, “SC biopsies”[1] were widely used for early diagnosis in clinical practice in the 2000s. Previous studies showed that SC RNA sequencing (scRNA-seq) was used to evaluate patterns of allelic gene expression at the allele-specific mRNA level, and SC genome analysis can be used for genetic diagnosis. Imprinted genes are linked to the etiology of some genetic syndromes and common diseases, such as cardiovascular diseases (CVDs), diabetes, and cancer. As a powerful tool, there are obvious advantages of scRNA-seq to identify imprinted genes in human and mouse models. Moreover, a combination of scRNA-seq and whole-genome sequencing can be used for the analysis of genomic imprinting in specific cell types and in different individuals. For example, a comparative analysis of scRNA-seq data helped to disclose the genetic mechanisms of Klinefelter syndrome and understand the causes of infertility.[2] Recently, Zhang et al integrated >1.3 million SC chromatin profiles from adult/fetal human tissues[3] and helped us interpret noncoding variants associated with complex traits and diseases. Currently, SC heteroplasmy and cell state have been assayed for the analysis of genetic diseases, and data from scRNA-seq have also been used as a standard control in clinical studies or for the evaluation of novel gene expression in vascular genetic diseases. Herein, this article thinks that a new “single” era of biomedicine has come and reviewed its application in both CVDs and coronavirus disease 2019 (COVID-19). A new “single” era in biomedicine SC techniques are essential for studying and understanding cell heterogeneity, cell differentiation, carcinogenesis, and other important cellular processes, and they have become very popular in recent years. With the development of cellular, chemical, and molecular biology techniques, such as SC, single molecule, single nucleus, single chromosome, and other related biotechnologies, there have been many novel breakthroughs in the field of life science and medicine. It can be said that a new “single” era of biomedicine has come. First, SC and single-molecule resolutions were used early for drug screening, the study of G protein–coupled receptor pharmacology, and RNA polymerases. However, some tools (such as transmission electron microscopy) and technologies (such as whole-genome amplification) are necessary, and many novel strategies are worthy of development, for example, SC meta-analysis and multiomics analysis for COVID-19 studies[4,5] and super-resolution microscopy with optical cell imaging of single-molecule electrochemical reactions in live cells.[6] Targeted SC and single-molecule sequencing have important implications in cancer for its diagnosis, treatment, and evolution,[7] and SC analysis and different omics techniques have been successfully translated to the fields of cancer, regenerative medicine, drug discovery and immunology, as well genomic blueprints.[8] These techniques include strategies for multiplex sequencing for chromatin interactions, named chromatin-interaction analysis via droplet-based and barcode-linked sequencing (named ChIA-Drop),[9] and assaying transcriptional activity.[10] Due to technological advances, single-molecule real-time sequencing is successfully used, and novel technologies, such as single-molecule fluorescence in situ hybridization (smFISH) and SMOOTH-seq (a novel third-generation sequencing platform-based SC whole-genome sequencing method, that is single-molecule real-time sequencing of long fragments amplified through transposon insertion), are also used in studies of viral infection and cell fates in single living cells[11,12] and have opened a new chapter in the field of biomedicine.[13] To date, SC technologies have been successfully used for the analysis of the molecular genetic mechanisms of complex diseases, diabetes risk, origins of cancer, and potential therapeutic targets.[14–18] Second, through single-chromosome technologies, after the development of synthetic organisms Syn 1.0 and Syn 3.0,[19,20] eukaryotic cells with a pair of chromosomes or the lone-chromosome yeast strain were artificially created by clustered regularly interspaced short palindromic repeats (CRISPR) technology.[21,22] The 16 chromosomes in yeast were synthesized into just one or two chromosomes, that is, all of the gene vectors “in parallel” were fused or chimerized and concatenated together into new chromosomes (Fig. 1). Novel chimeric chromosomes or new organisms of yeast have marked great success in biological structure and gene editing.Figure 1.: A new method for single chromosome. Here is a chromosome that has been restructured or chimerized through CRISPR-based gene-editing technology. It is easy to understand that the 16 chromosomes (16 C) in yeast cells were artificially fused or chimerized into only one chromosome (1 C). This new organism is also a novel chimeric gene vector. The author thinks that it’s also another classical example of combinatorial biomedicine, which was designed and developed according to previous studies done by the famous scientists.[ 21 , 22 ] CRISPR=clustered regularly interspaced short palindromic repeats.Chimeric vectors and chimeric gene therapy were just a good idea at the beginning of the 2000s, and they were also a promising direction. However, a perfect vector system had not been constructed at that time. Thus, new chromosomes created by CRISPR gene editing marked great success in the construction of chimeric vectors. Even if current chromosome fusion is not for gene therapy, it creates a method of restructuring or chimerizing vectors and still belongs to gene therapy. These methods are worthy of conduction in the field of biomedicine and will help to develop novel gene therapies and artificial life. However, how to assay, analyze, and apply this new artificial life of a single chromosome is still a developing hot topic. Currently, through SC cleavage under targets and tagmentation (CUT&Tag) (scCUT&Tag) technology for the analysis of chromatin regions, research in epigenomic landscapes and tumor treatment of the central nervous system has improved and been more successful.[23,24] Hence, it is also possible to use scCUT&Tag technology for the analysis of a single chromosome. Although there is rapid growth in experimental studies, gene therapy faces major challenges in its clinical translation. It is believed that a breakthrough in COVID-19 therapy will occur with the help of novel CRISPR technologies to tackle unprecedented variants of severe acute respiratory syndrome coronavirus 2 (SARS-CoV-2). DNA or RNA base editors directly convert one base or base pair into another, enabling the efficient installation of specific and precise point mutations in genomic DNA and RNA in nondividing cells.[25] Recent studies found that there are durable therapeutic responses after the induction of a single-nucleotide, loss-of-function mutation. These studies highlight adenine base editors for research and therapeutic applications in monogenic diseases.[26,27] When SC resolutions are integrated with other techniques (such as mass spectrometry or a machine learning approach) for increased sensitivity, the translational process in single cells can be precisely measured.[28] Integrating scRNA-seq with spatial transcriptomics can help to elucidate intercellular tissue dynamics.[13,29] Due to its combination with bioinformatics, computational biology, and spatial information, SC analysis of multiomics (genomes, epigenomes, transcriptomes, and proteomics) data is increasingly used by researchers.[30,31] Finally, with the combination of applications of other “single” cellular and molecular biotechnologies and biochemical strategies, such as C-H activation[32] and C-H functionalization,[33] as powerful platforms for molecular syntheses, more landmark achievements are expected in biomedicine. Scientists will open up a new “single” era for clinical medicine and life science (Table 1)[34–41] with the help of SC and single-molecule analysis of human diseases in the brain and heart.[42–44] Table 1 - SC and single-molecule technologies for analysis and research in biomedicine[34–41] Items SC technology Single-molecule technology Mass cytometryMass spectrometry A MC protocol for SC analysis of organoid signaling networksLive scMS: direct metabolomic analysis for plant cells RNA sequencing Massively parallel scRNA sequencing (MARS-seq2.0)An automated protocol for full-length scRNA sequencingSmall-RNA including miRNAs, fragments of tRNAs and snoRNAs sequencingstRNA sequencing in cancer applications Single-molecule RNA sequencing in cancer applications Omics analysis scOmics analysis(a high-throughput platform) Single-molecule detection for structural and functional cellular diversity Imaging scImaging: A new preclinical drug discovery platformDFM imagingFM imagingSEM imagingFor the clinical application of nanoparticles and nanomedicine Single-molecule imagingFor understanding the dynamic molecular mechanisms of cells in nanomedicineFor signaling pathways of single live cells in real-time at single-molecule and nanomedicine resolutionsFor the mechanism of RAD-51 nucleation and filament growth and RAD51 paralogue complex function Gene expression The novoSpaRc algorithm: A computational framework for spatial reconstruction of sc gene expression(https://pypi.org/project/novosparc)Sc qRT–PCR combined with high-throughput arrays for the analysis of gene expression profiles at a molecular level Other seq technologies scDNase-seq: A method of detecting genome-wide DHSsG&T-seq: Separation and parallel sequencing of the genomes and transcriptomes of single cellsscATAC-seq: For mouse CPCs marked by Nkx2-5 and Isl1 expression; for human immunophenotypic blood cells from fetal liver and bone marrow Other analyses SC Hi-C for genome-wide detection of chromatin interactions: a powerful method for snapshots of thousands of chromatin interactions that occur simultaneously in a single cellSCRAMFACS-based single-cell genomics Western blotting SC western blotting for direct measurement of proteins pH measurement SC pH monitoring in human lung cancer A549 cells CPCs=cardiac progenitor cells, DFM=dark-field microscopy, DHSs=DNase I hypersensitive sites, FACS=fluorescence-activated cell sorting, FM=fluorescence microscopy, G&T-seq=genomes and transcriptomes sequencing, MARS-seq2.0=massively parallel RNA single-cell sequencing, MC=mass cytometry, miRNAs=microRNAs, MS=mass spectrometry, qRT–PCR=quantitative real-time PCR, SC=single-cell, scDNase-seq=single-cell DNase sequencing, scOmics=single-cell Omics, SCRAM=SC restriction analysis of DNA methylation, SEM=scanning electron microscopy, seq=sequencing, snoRNAs=small nucleolar RNAs, stRNA sequencing=spatial transcriptome RNA sequencing, tRNAs=transfer RNAs. scRNA-seq and its role in precision medicine Currently, scRNA-seq is a novel high-throughput technique that enables the investigation of the entire transcriptome of a single cell, and it has rapidly gained popularity over the last few years for profiling the transcriptomes of thousands to millions of single cells. This technology is now being used to analyze experiments with complex designs, including biological replication experiments (Fig. 2). scRNA-seq can be used to elucidate intricate cellular networks and generate indices that will eventually enable the development of more targeted and personalized medications. At the same time, scRNA-seq is valuable for analyzing cellular heterogeneity. Cell composition accuracy is critical for analyzing cell–cell interaction networks from scRNA-seq data. Moreover, scRNA-seq platforms and methods can be developed for high-sensitivity gene detection, the detection of important cell–cell interactions and the expression of growth factors/interleukins in cell subsets, and improved understanding and atlas construction of lung biology at the SC level. It is easy to set up a real-time database for secure data management and an efficient investigation of the activation of gene sets on a SC basis.Figure 2.: Schematic workflow of scRNA-seq. FACS=fluorescence-activated cell sorting, LCM=laser capture microdissection, MARS-Seq=massively parallel RNA single-cell sequencing, SMART-Seq2=Switching Mechanism at 5′ end of RNA Template Sequencing 2, PCR=polymerase chain reaction, UMIs=unique molecular identifiers.With vital advances in SC technology, scRNA-seq provides an opportunity to accurately map the tissue architecture, characterize rare cell types, and define function at a SC level. For example, scRNA-seq was used to perform a detailed transcriptomic analysis of lymphoid-derived leukocytes to better understand the pathology of some diseases. scRNA-seq was used to compare cells from the brain to primary cultures to identify which cells as a therapeutic in lung In fact, scRNA-seq techniques have the opportunity to and the scRNA-seq of a of cells from many tumor helped to a cell transcriptome In recent efficient scRNA-seq methods have been enabling the transcriptome profiling of single cells in The of and the of targeted help personalized treatment for in clinical Herein, the of scRNA-seq has been in complex biological such as cancer, and the which cellular heterogeneity. For example, scRNA-seq is being for its potential in the development of precision for cancer. In the new era of precision medicine, the are to better understand the cellular and molecular mechanisms that to the of major diseases and to treatment, to identify novel therapeutic and to more and treatment SC For example, as an increasingly popular study scRNA-seq data are from to genes that are two of individuals. scRNA-seq technologies for cell However, SC transcriptomic of complex of cells, and and scRNA-seq techniques have cell that the cell composition of scRNA-seq Moreover, cell from scRNA-seq data are and there are in cell composition experimental to gene expression and the or of a cell an integrated on scRNA-seq and other techniques for the analysis of cell or tissue major cell types and can be scRNA-seq can be combined with to the cell atlas of some diseases. In fact, sequencing and multiomics have helped us more precisely in the last signaling pathways can be by scRNA-seq and data combined with interactions in the biological of cells. However, the of current analyses from scRNA-seq data on direct networks of from of with different With novel can from scRNA-seq data and complex networks at a analyses of the cellular transcriptomic and can more detailed molecular mechanisms of some diseases. of scRNA-seq in COVID-19 at SC has been a hot in biomedicine. However, current studies are and the and understanding of the of infection on the cardiovascular system and other the author the current and the related applications of SC technologies in both CVDs and Previous studies on SC technologies in from to (Table on blood diseases acute and brain diseases vascular and or brain disease infection and or inherited liver and other and cell or diseases In since signaling pathways are linked to the molecular mechanisms of human cancer, and the of the SC technologies also help to understand viral and the development of new diseases and cancer. Table 2 - Previous studies in which single-cell technologies were from to technologies scRNA-seq tissue of by cells et mass and mass spectrometry and technology and the of of and receptor et scRNA-seq and brain tumor The as a and et scRNA-seq and integrated pathways et profiling was by was by expression and differentiation, expression and et scRNA-seq infection and COVID-19 of cells and cellular early in infection and the of replication and responses et scRNA-seq and a major role in and be for early diagnosis, and treatment of and et transcriptional analysis and leukemia The of the are by of cell was a common associated with leukemia The biological pathways that and et scRNA-seq and tissue for human et transcriptome analysis infection and gene et scRNA-seq of of disease et scRNA-seq development and tumor in human was associated with and was specific for 2 et scRNA-seq and COVID-19 and and lung et scRNA-seq analyses infection cells viral replication Novel and cells et A single-cell analysis can disease and human tissue et organisms to proteins diseases vectors and gene therapy of inherited et transcriptomes A therapeutic et scRNA-seq and intercellular interactions et a single-cell A of cells, as cells Mass and analyses et and single-cell genomics and drug discovery et scRNA-seq for therapy et analysis cell and control et imaging nanomedicine The of and in et imaging of drug in In of the cellular of a of A et infection with the cells and et mass from mechanisms after et mass of both and cells cells and a human et for clinical of cancer and system et tumor cells, and of of of single cells, or 2 liver , cell or or DNA sequencing, RNA sequencing, fluorescence in situ and As research tools at the SC level, SC technologies, including into complex cardiovascular and brain and they can help to understand the molecular mechanisms of such as acute inherited or disease of with and as well as to develop novel therapeutic targets and for CVDs (Table To date, with the rapid development of SC technologies, great has been in applications in CVDs as well as cardiovascular biology and such as targeted diseases and vascular molecular and new mechanisms and Table - scRNA-seq for molecular mechanisms and novel therapeutic targets of SC technology targets and scRNA-seq molecular and and molecular novel cell state cell as a new of cells of et et et single-cell and transcriptomics and chromatin and clinical A and is and complex for better understanding of the role of and as a of cell genes and targets with direct functional et et et et et et et profiling as a molecular to after as a novel of the et et reconstruction in genes proteins and et et and A gene expression patterns tissue et et SC and of drug targets from multiomics et scRNA-seq and The entire and et scRNA-seq and Mass diseases by A potential therapeutic et SC transcriptional profiling The mechanism of is the of the gene of of the genes and the of a et scRNA-seq activation and and composition and specific cell types including cells, cells, and cells et et SC with specific biological cell gene of of variants a expression and potential progenitor genetic variants et et et cardiovascular conduction disease of with , studies, cells, cell RNA sequencing, cells. scRNA-seq for discovery As a hot in biomedicine, there are more studies on SC technologies in which to clinical research and provides new into the of on human including the For example, there are studies on COVID-19 on SC function is a common of its mechanisms are SC sequencing was used to that infection of cell types to and related in in COVID-19 SC transcriptional profiling was used to obvious of signaling with and that there were in COVID-19 in with This can be used to COVID-19 from The and receptor 2 are new therapeutic targets for COVID-19 by the which were and by a computational infection can in and cardiovascular in COVID-19 Thus, related mechanisms through the use of SC technologies is a vital for COVID-19 and human cardiovascular The cellular receptor or the critical for is more in the human the RNA sequencing was used to that expression in the human was in and in other cell types, and cells were more to clinical and in the of with COVID-19 This can the cardiovascular in The possible of in COVID-19 is infection of the as detected by the of expression of both and brain in were found to be in COVID-19 plasma was associated with and expression of and In scRNA-seq analysis was used to that cells in all cell types, and cells had the expression level and cell This will help to the of infection in the Although is the in responses linked with disease the SC transcriptomes of blood cells from COVID-19 showed that cellular and molecular responses were associated with COVID-19 Moreover, SC multiomics profiling of human cell and control of Integrating scRNA-seq with genome-wide studies et the of cells in severe scRNA-seq of cells was used to in cellular composition and gene expression acute associated with Zhang et found that in cell types, including cells and from scRNA-seq expression analysis for scRNA-seq is to gene expression in COVID-19 with severe To the of on cell in et used scRNA-seq of human and cells from and the transcriptome data and SC transcriptomes of cells from and COVID-19 and to the of cell et set up SC as a for the and of scRNA-seq data on cancer and COVID-19 a related analysis to a COVID-19 scRNA-seq it is easy to patterns with the and of SC transcriptome studies have in COVID-19 including and increased of For example, an analysis of the SC transcriptome and the in COVID-19 DNA as potential for COVID-19 in SC analysis and in important biological such as the and et also a SC atlas of the to COVID-19 and responses to and the together with profiling and et found that by early lung and transcriptional patterns and et the and the of COVID-19 the use of integrated SC transcriptome data This that a of cell a critical role in the In fact, the expression of of such as the genes and is in with and severe COVID-19 in In scRNA-seq data also showed that mechanisms the clinical of SC can be used to identify the molecular of and that are in critical Moreover, can complex data through analysis of SC In maternal infection the fetal system in the of At the same time, scRNA-seq that the to infection was the And with targets through and Moreover, scRNA-seq has been used to evaluate the to different platforms and In fact, SC technologies are not only tools for studying CVDs and CVDs research also tools for diseases, complex and For example, SC transcriptional profiling has applications in and fields and an essential role in biology to its precise In recent advances in the field of SC biology will understanding of it is believed that the and treatment of both CVDs and COVID-19 will be more more and more in the to the mechanisms and pathways through the use of novel Finally, will both CVDs and COVID-19 with new and strategies, including specific and technologies, if some major variants of These or combined “single” technologies have helped us not only to a SC map of human and architecture, gene and also to and analyze cell to cellular and molecular mechanisms and to new therapeutic targets for human in COVID-19 and as well as to cancer It can be said that this is a new “single” era of biomedicine and its current implications and research in both CVDs and as well as will open a new in in the new era of biomedicine, more novel techniques and related applications will help us to more and In fact, a sequencing from to in combined with DNA will identify novel molecular and cellular and molecular from this new targeted and sequencing at the SC that is will help to and treatment of and With the development of cellular, chemical, and molecular biological techniques, there will be more breakthroughs in life science and medicine in this new “single” era of biomedicine. As powerful tools and biological and molecular technologies, SC strategies can help to understand the molecular mechanisms of both COVID-19 and including or and as well as to develop novel therapeutic targets and studies highlight the new “single” era of biomedicine and its applications in CVDs and CVDs and COVID-19 research are only two of many which from of SC technologies, and there are many other applications The and editors are for on this in and and the of the for this was of are of is from the",2023,2023-06-30,article,en,https://openalex.org/W4386221594,False,0,epigenomics_plus_downstream;explicit_multiomics;genomics_plus_other;proteomics_plus_downstream;transcriptomics_plus_downstream,True,False,False,False
doi:10.1097/md.0000000000047376,doi:10.1097/md.0000000000047376,europepmc,europepmc;openalex;pubmed;scopus;semantic_scholar,MED:41630247,10.1097/md.0000000000047376,41630247,PMC12863820,Multi-omics data reveal causal associations of cellular senescence-related genes in rheumatoid arthritis: A summary-data-based Mendelian randomization and co-localization analysis.,"Rheumatoid arthritis (RA) is a complex autoimmune disease. Recently, cell senescence has been identified as a key factor in its pathogenesis. This study integrated multi-omics summary data and applied Mendelian randomization (MR) and co-localization analysis to systematically evaluate the causal relationships between cell senescence-related genes and RA. We collected summary data on blood methylation quantitative trait loci (mQTL), expression quantitative trait loci, and protein quantitative trait loci. The FinnGen database was the primary discovery dataset, validated by the UK Biobank and GWAS Catalog. We used the summary-data-based MR method to assess causal associations between the molecular traits of cell senescence-related genes and RA. Co-localization analysis was then performed to confirm shared genetic variants. After integrating multi-omics data on cell senescence-related mQTL and expression quantitative trait loci, we identified 5 key cell senescence-related genes potentially associated with RA: BCL2L1, DNMT3B, ERRFI1, NEK4, and RAF1. These genes demonstrated significant causal associations across multiple analyses. The mQTL signals based on summary-data-based MR analysis show that the genetically regulated methylation variations at the cg12873919 (odds ratio [OR] = 0.91, 95% CI [0.84-0.99]) and cg13989999 (OR = 0.90, 95% CI [0.82-1.00]) sites of the BCL2L1 gene are negatively associated with RA risk and may mediate disease risk by upregulating gene expression (OR = 0.82, 95% CI [0.76-0.88] and OR = 0.78, 95% CI [0.71-0.87]). Conversely, the mQTL effect size at the cg26432171 site of the RAF1 (OR = 1.17, 95% CI [1.02-1.33]) is positively associated with RA risk and is consistent with the upregulation of gene expression (OR = 1.83, 95% CI [1.49-2.25]), thereby enhancing RA susceptibility. Moreover, several sites in the DNMT3B gene (e.g., cg09149842) exhibited negative correlations with RA risk, suggesting that DNMT3B may play a critical role in RA pathogenesis by affecting gene expression. Methylation sites in ERRFI1 (cg13808198, cg22678073) and NEK4 (cg09524078) were also associated with RA risk, supporting their potential regulatory roles in RA. Co-localization analysis further validated the association between methylation sites and RA, particularly for BCL2L1, RAF1, DNMT3B, ERRFI1, and NEK4, where we identified shared causal signals with RA (posterior probability of H4 > 0.5). This study systematically evaluated the causal relationships between cell senescence-related genes and RA risk. These findings provide new insights into RA pathogenesis and reinforce the clinical value of these genes as potential therapeutic targets.",2026,2026-01-01,research-article; Journal Article,eng,https://europepmc.org/article/MED/41630247,False,4,,True,True,True,True
doi:10.1101/153205,doi:10.1101/153205,europepmc,europepmc;semantic_scholar,PPR:PPR26174,10.1101/153205,,,Doubling healthy lifespan using drug synergy,"Summary Pharmacological interventions that target human ageing would extend individual healthspan and result in dramatic economic benefits to rapidly ageing societies worldwide. For such interventions to be contemplated they need to comprise drugs that are efficacious when given to adults and for which extensive human safety data are available. Here we show that dramatic lifespan extension can be achieved in C.elegans by targeting multiple, evolutionarily conserved ageing pathways using drugs that are already in human use. By targeting multiple synergistic ageing pathways, we are able to slow ageing rate, double lifespan and improves healthspan while minimize developmental and fitness trade-offs. Moreover, we established that there is no synergistic benefit in a daf-2 or daf-7 background, implying the involvement of the TGFβ and IGF pathways in this synergy. Employing lipidomics and transcriptomics analysis we found lipid metabolism to be affected resulting in increased monounsaturated fatty acids (MUFA) and decrease membrane peroxidation index. Our best drug combination showed a conserved lifespan extension in fruit flies. To the best of our knowledge, this is the largest lifespan effect ever reported for any adult-onset drug treatment in C. elegans . This drug-repurposing approach, using drugs already approved for humans to target multiple conserved aging pathways simultaneously, could lead to interventions that prevent age-related diseases and overall frailty in a rapidly ageing population.",2017,2017-06-21,Preprint,,https://europepmc.org/article/PPR/PPR26174,True,1,,True,True,True,True
doi:10.1101/2020.12.21.423879,doi:10.1101/2020.12.21.423879,europepmc,europepmc,PPR:PPR255830,10.1101/2020.12.21.423879,,,Genome-wide reversal of glial and neurovascular cell transcriptomic aging signatures by GLP-1R agonism,"Pharmacological reversal of brain aging is a long-sought yet challenging strategy for the prevention and treatment of age-related neurodegeneration, due to the diverse cell types and complex cellular pathways impacted by the aging process. Here, we report the genome-wide reversal of transcriptomic aging signatures in multiple major brain cell types, including glial and mural cells, by glucagon-like peptide-1 receptor (GLP-1R) agonist (GLP-1RA) treatment. The age-related expression changes reversed by GLP-1RA encompass both shared and cell type-specific functional pathways that are implicated in aging and neurodegeneration. Concomitantly, Alzheimer’s disease (AD)-associated transcriptomic signature in microglia that arises from aging is reduced. These results show the feasibility of reversing brain aging by pharmacological means, provide mechanistic insights into the neurological benefits of GLP-1RAs in diabetic patients, and imply that GLP-1R agonism may be a generally applicable pharmacological intervention for patients at risk of age-related neurodegeneration.",2020,2020-12-22,Preprint,,https://europepmc.org/article/PPR/PPR255830,True,0,,True,True,True,True
doi:10.1101/2021.11.11.468322,doi:10.1101/2021.11.11.468322,semantic_scholar,semantic_scholar,7b58b4edfed66bd51504237049e319e6db18d230,10.1101/2021.11.11.468322,,,Integration of the Salmonella Typhimurium methylome and transcriptome following environmental or metabolic perturbation reveals DNA methylation and transcriptional regulation are largely decoupled,"Despite being in a golden age of prokaryotic epigenomics, little work has systematically examined the plasticity and functional impacts of the bacterial DNA methylome. Here, we leveraged SMRT sequencing to examine the m6A DNA methylome of two Salmonella enterica ser. Typhimurium strains: 14028s and a ∆metJ mutant with derepressed methionine metabolism, grown in Luria Broth or a media that simulates the intracellular environment. We find that the methylome is remarkably static-over 95% of adenosine bases retain their methylation status across conditions. Integration of methylation with transcriptomic data revealed no correlation between methylation and gene expression. Further, examining the transcriptome in ∆yhdJ bacteria, lacking the m6A methylase with the most dynamic methylation pattern in our dataset, revealed little evidence of YhdJ-mediated gene regulation. Curiously, despite G(m6A)TC motifs being particularly resistant to change across conditions, we found that the Dam methylase is required for the ∆metJ motility defect. This ∆;metJ motility defect may be partially driven by hypermethylation of the chemotaxis gene tsr. Together, these data redefine the S. Typhimurium epigenome as a highly stable system that has rare, but important, roles in transcriptional regulation. Incorporating these lessons into future studies will be critical as we progress through the epigenomic era.",2021,2021-11-12,,,https://www.semanticscholar.org/paper/7b58b4edfed66bd51504237049e319e6db18d230,False,0,,True,False,True,False
doi:10.1101/2022.09.26.509592,doi:10.1101/2022.09.26.509592,europepmc,europepmc,PPR:PPR551449,10.1101/2022.09.26.509592,,,Nature of epigenetic aging from a single-cell perspective,"Age-related changes in DNA methylation (DNAm) form the basis for the development of most robust predictors of age, epigenetic clocks, but a clear mechanistic basis for exactly what part of the aging process they quantify is lacking. Here, to clarify the nature of epigenetic aging, we juxtapose the aging dynamics of tissue and single-cell DNAm (scDNAm) with scDNAm changes during early development, and corroborate our analyses with a single-cell RNAseq analysis within the same multi-omics dataset. We show that epigenetic aging involves co-regulated changes, but it is dominated by the stochastic component, and this agrees with transcriptional coordination patterns. We further support the finding of stochastic epigenetic aging by direct tissue and single-cell DNAm analyses and modeling of aging DNAm trajectories with a stochastic process akin to radiocarbon decay. Finally, we describe a single-cell algorithm for the identification of co-regulated and stochastic CpG clusters showing consistent transcriptomic coordination patterns, providing new opportunities for targeting aging and evaluating longevity interventions.",2022,2022-09-28,Preprint,,https://europepmc.org/article/PPR/PPR551449,True,0,,True,True,True,True
doi:10.1101/2023.03.31.23288011,doi:10.1101/2023.03.31.23288011,europepmc,europepmc,PPR:PPR638799,10.1101/2023.03.31.23288011,,,Age modulates protein-outcome associations in deceased donor kidneys,"ABSTRACT Background Organ availability limits kidney transplantation, the best treatment for end-stage kidney disease. Globally, deceased donor acceptance criteria have been relaxed to include older donors, which comes with a higher risk of inferior posttransplant outcomes. Donor age, although negatively impacts transplant outcomes, lacks granularity in predicting graft dysfunction. Better donor kidney assessment and characterization of the biological mechanisms underlying age-associated donor organ damage and transplant outcomes is key to improving donor kidney utilisation and transplant longevity. Methods 185 deceased pretransplant biopsies (from brain and circulatory death donors aged 18-78 years) were obtained from the Quality in Organ Donation (QUOD) biobank and proteomic profiles were acquired by mass spectrometry. Machine learning exploration using prediction rule ensembles guided LASSO regression modeling of kidney proteomes that identified protein signatures and biological mechanisms associated with 12-m posttransplant outcome. Data modeling was validated on held-out data and contextualised against published spatially resolved kidney injury related transcriptomes. Results Our analysis highlighted that outcomes were best modeled using combination of donor age and protein abundance signatures, revealing 539 proteins with these characteristics. Modeled age:protein interactions demonstrated stronger associations with transplant outcomes than age and protein alone and revealed mechanisms of kidney injury including metabolic changes and innate immune responses correlated with poor outcome. Comparison to single-cell transcriptome data suggests protein-outcome associations to specific cell types. Conclusions Molecular signatures resulted from integration of donor age and proteomic profiles in deceased donor kidney biopsies offer the potential to develop improved pretransplant organ assessment and aid decisions on perfusion interventions.",2023,2023-03-31,Preprint,,https://europepmc.org/article/PPR/PPR638799,True,0,,True,True,True,True
doi:10.1101/2023.11.09.23298321,doi:10.1101/2023.11.09.23298321,semantic_scholar,semantic_scholar,f2ec32394bbf7226ac5381ce489cc90dc8c0603d,10.1101/2023.11.09.23298321,37986741,10659507,Concurrent RB1 loss and BRCA-deficiency predicts enhanced immunological response and long-term survival in tubo-ovarian high-grade serous carcinoma,"Background: Somatic loss of the tumour suppressor RB1 is a common event in tubo-ovarian high-grade serous carcinoma (HGSC), which frequently co-occurs with alterations in homologous recombination DNA repair genes including BRCA1 and BRCA2 (BRCA). We examined whether tumour expression of RB1 was associated with survival across ovarian cancer histotypes (HGSC, endometrioid (ENOC), clear cell (CCOC), mucinous (MOC), low-grade serous carcinoma (LGSC)), and how co-occurrence of germline BRCA pathogenic variants and RB1 loss influences long-term survival in a large series of HGSC. Patients and methods: RB1 protein expression patterns were classified by immunohistochemistry in epithelial ovarian carcinomas of 7436 patients from 20 studies participating in the Ovarian Tumor Tissue Analysis consortium and assessed for associations with overall survival (OS), accounting for patient age at diagnosis and FIGO stage. We examined RB1 expression and germline BRCA status in a subset of 1134 HGSC, and related genotype to survival, tumour infiltrating CD8+ lymphocyte counts and transcriptomic subtypes. Using CRISPR-Cas9, we deleted RB1 in HGSC cell lines with and without BRCA1 mutations to model co-loss with treatment response. We also performed genomic analyses on 126 primary HGSC to explore the molecular characteristics of concurrent homologous recombination deficiency and RB1 loss. Results: RB1 protein loss was most frequent in HGSC (16.4%) and was highly correlated with RB1 mRNA expression. RB1 loss was associated with longer OS in HGSC (hazard ratio [HR] 0.74, 95% confidence interval [CI] 0.66-0.83, P = 6.8 x10-7), but with poorer prognosis in ENOC (HR 2.17, 95% CI 1.17-4.03, P = 0.0140). Germline BRCA mutations and RB1 loss co-occurred in HGSC (P < 0.0001). Patients with both RB1 loss and germline BRCA mutations had a superior OS (HR 0.38, 95% CI 0.25-0.58, P = 5.2 x10-6) compared to patients with either alteration alone, and their median OS was three times longer than non-carriers whose tumours retained RB1 expression (9.3 years vs. 3.1 years). Enhanced sensitivity to cisplatin (P < 0.01) and paclitaxel (P < 0.05) was seen in BRCA1 mutated cell lines with RB1 knockout. Among 126 patients with whole-genome and transcriptome sequence data, combined RB1 loss and genomic evidence of homologous recombination deficiency was correlated with transcriptional markers of enhanced interferon response, cell cycle deregulation, and reduced epithelial-mesenchymal transition in primary HGSC. CD8+ lymphocytes were most prevalent in BRCA-deficient HGSC with co-loss of RB1. Conclusions: Co-occurrence of RB1 loss and BRCA mutation was associated with exceptionally long survival in patients with HGSC, potentially due to better treatment response and immune stimulation.",2023,2023-11-10,,,https://www.semanticscholar.org/paper/f2ec32394bbf7226ac5381ce489cc90dc8c0603d,False,0,,True,False,True,False
doi:10.1101/2024.05.03.592475,doi:10.1101/2024.05.03.592475,pubmed,europepmc;openalex;pubmed,40060387,10.1101/2024.05.03.592475,40060387,PMC11888174,Estropausal gut microbiota transplant improves measures of ovarian function in adult mice.,"Decline in ovarian function with age not only affects fertility but is also linked to a higher risk of age-related diseases in women ( e.g . osteoporosis, dementia). Intriguingly, earlier menopause is linked to shorter lifespan; however, the underlying molecular mechanisms of ovarian aging are not well understood. Recent evidence suggests the gut microbiota may influence ovarian health. In this study, we characterized ovarian aging associated microbial profiles in mice and investigated the effect of the gut microbiome from young and estropausal female mice on ovarian health through fecal microbiota transplantation. We demonstrate that the ovarian transcriptome can be broadly remodeled after heterochronic microbiota transplantation, with a reduction in inflammation-related gene expression and trends consistent with transcriptional rejuvenation. Consistently, these mice exhibited enhanced ovarian health and increased fertility. Using metagenomics-based causal mediation analyses and serum untargeted metabolomics, we identified candidate microbial species and metabolites that may contribute to the observed effects of fecal microbiota transplantation. Our findings reveal a direct link between the gut microbiota and ovarian health.",2025,2025-02-26,Journal Article; Preprint,eng,https://pubmed.ncbi.nlm.nih.gov/40060387/,True,2,,True,True,True,True
doi:10.1101/2024.09.12.612207,doi:10.1101/2024.09.12.612207,semantic_scholar,semantic_scholar,531c0fd9300ec5afe4301d10e74ab6602894ce8b,10.1101/2024.09.12.612207,,,Protective variant in PLCγ2 mitigates Alzheimer’s disease-associated pathologies via enhancing beneficial microglia functions,"Background PLCγ2-P522R (phospholipase C gamma 2, proline 522 to arginine) is a protective variant that reduces the risk for late onset Alzheimer’s disease. Recently, it was shown to decrease β-amyloid pathology in 5XFAD mouse model of AD. In this study, our goal was to investigate the protective functions of PLCγ2-P522R variant in a less aggressive mouse model of AD as well as to assess the underlying mechanisms at the molecular and cellular level using mouse and human microglia models. Methods The effects of the protective PLCγ2-P522R variant on microglia activation, AD-related β-amyloid and neuronal pathologies, as well as behavioral changes were investigated in PLCγ2-P522R knock-in mice crossbred with APP/PS1 AD model mice. Transcriptomic, proteomic, and functional studies were carried out in cultured and acutely isolated adult PLCγ2-P522R mouse microglia to study molecular mechanisms. Finally, microglia-like cell models generated from blood and skin biopsy samples of the PLCγ2-P522R variant carriers were employed to translate the key findings to human cells. Results Our results demonstrate that the PLCγ2-P522R variant reduced brain β-amyloid plaque burden of APP/PS1 mice. Simultaneously, PLCγ2-P522R variant increased non-proinflammatory microglia activation and microglia clustering around β-amyloid plaques, leading to reduced β-amyloid plaque-associated neuronal dystrophy. In cultured mouse primary microglia, PLCγ2-P522R variant decreased accumulation of large lipid droplets, reduced cell stress, and increased acute response to strong inflammatory stimuli. Transcriptomic and proteomic analyses in acutely isolated adult mouse microglia as well as in human monocyte-derived microglial cells showed that PLCγ2-P522R upregulates mitochondrial fatty acid oxidation and downregulates inflammatory/interferon signaling pathways. Accordingly, PLCγ2-P522R increased mitochondrial respiration in iPSC-derived microglial cells. Conclusions Together, these findings suggest that PLCγ2-P522R variant exerts protection against AD-associated β-amyloid and neuronal pathologies via enhancing microglial barrier formation around β-amyloid plaques and suppressing pro-inflammatory activation. Observed changes in fatty acid metabolism and mitochondrial flexibility as well as the downregulation of genes involved in inflammatory signaling pathways suggest that these protective effects of the PLCγ2-P522R variant are mediated through an anti-ageing mechanism.",2024,2024-09-14,,,https://www.semanticscholar.org/paper/531c0fd9300ec5afe4301d10e74ab6602894ce8b,False,0,,True,True,True,True
doi:10.1101/2025.01.02.630924,doi:10.1101/2025.01.02.630924,semantic_scholar,semantic_scholar,8fc2ca31dcbb99ff6b8b059608b64249b24b97df,10.1101/2025.01.02.630924,,,Comparative immuno-biology at clinical recognition of early multiple organ dysfunction syndrome in pediatric and adult patients using single-cell transcriptomics,"Globally, sepsis remains a major health issue, with Multiple Organ Dysfunction Syndrome (MODS) being a leading cause of mortality. MODS, a severe condition often seen in intensive care units, typically results from infections or trauma and involves complex pathophysiological processes requiring various clinical interventions. Although infections are the main triggers, the mechanisms driving MODS remain unclear. To investigate the transition of sepsis to MODS, we generated a single cell RNA sequencing dataset comprising 86,839 immune cells from pediatric sepsis patients at the clinical onset of MODS patients and age-matched controls, identifying 22 distinct cell types. A cluster of S100 genes, located in the same genomic region, was highly expressed in neutrophils in MODS patients, demonstrating strong diagnostic potential across cohorts (AUC=0.94– 0.99) and potential as therapeutic targets. We found that many B and T cells showed heightened inflammation and increased apoptotic activity during early MODS. Additionally, specific transcription regulators and surface proteins associated with inflammation and S100 regulations were uniquely expressed in MODS. Pseudotime analysis revealed distinct S100 gene expression patterns between controls and MODS. Cell-cell interaction analysis highlighted dendritic cells as key mediators, enhancing communication between plasma cells and Vδ T cells while activating inflammatory and immunosuppressive pathways. We also analyzed 116,803 immune cells from adult MODS patients, revealing stronger immune dysregulation compared to pediatric MODS, including altered S100 gene expression, and enhanced cell-cell interactions. These findings suggest that S100 genes may serve as a marker for MODS. Furthermore, insights gained from adult MODS could improve our understanding of rare pediatric MODS and contribute to the development of better therapeutics for all MODS patients.",2025,2025-01-02,,,https://www.semanticscholar.org/paper/8fc2ca31dcbb99ff6b8b059608b64249b24b97df,False,0,,True,False,True,False
doi:10.1101/2025.04.17.25326042,doi:10.1101/2025.04.17.25326042,openalex,europepmc;google_scholar;openalex;pubmed;semantic_scholar,https://openalex.org/W4409676964,10.1101/2025.04.17.25326042,,,Integrative multi-omics QTL colocalization maps regulatory architecture in aging human brain,"Abstract Multi-trait QTL (xQTL) colocalization has shown great promises in identifying causal variants with shared genetic etiology across multiple molecular modalities, contexts, and complex diseases. However, the lack of scalable and efficient methods to integrate large-scale multi-omics data limits deeper insights into xQTL regulation. Here, we propose ColocBoost , a multi-task learning colocalization method that can scale to hundreds of traits, while accounting for multiple causal variants within a genomic region of interest. ColocBoost employs a specialized gradient boosting framework that can adaptively couple colocalized traits while performing causal variant selection, thereby enhancing the detection of weaker shared signals compared to existing pairwise and multi-trait colocalization methods. We applied ColocBoost genome-wide to 17 gene-level single-nucleus and bulk xQTL data from the aging brain cortex of ROSMAP individuals (average N = 595), encompassing 6 cell types, 3 brain regions and 3 molecular modalities (expression, splicing, and protein abundance). Across molecular xQTLs, ColocBoost identified 16,503 distinct colocalization events, exhibiting 10.7(± 0.74)-fold enrichment for heritability across 57 complex diseases/traits and showing strong concordance with element-gene pairs validated by CRISPR screening assays. When colocalized against Alzheimer’s disease (AD) GWAS, ColocBoost identified up to 2.5-fold more distinct colocalized loci, explaining twice the AD disease heritability compared to fine-mapping without xQTL integration. This improvement is largely attributable to ColocBoost ’s enhanced sensitivity in detecting gene-distal colocalizations, as supported by strong concordance with known enhancer-gene links, highlighting its ability to identify biologically plausible AD susceptibility loci with underlying regulatory mechanisms. Notably, several genes including BLNK and CTSH showed sub-threshold associations in GWAS, but were identified through multi-omics colocalizations which provide new functional support for their involvement in AD pathogenesis.",2025,2025-04-20,preprint,en,https://openalex.org/W4409676964,True,4,explicit_multiomics,True,True,True,True
doi:10.1101/2025.08.05.668783,doi:10.1101/2025.08.05.668783,semantic_scholar,semantic_scholar,918159af5ece3475c778895bf2b9166fe8e63ee5,10.1101/2025.08.05.668783,,,"Deletion of KLHDC3, an E3 ubiquitin ligase complex substrate receptor, leads to obesity in mice","Protein ubiquitination is a critical post-translational modification that regulates protein stability and cellular homeostasis. KLHDC3 is a substrate recognition receptor within the recently identified C-terminal degron-mediated DesCEND ubiquitination pathway. It has been characterised to selectively bind proteins with C-terminal RxxxG motifs, targeting them for degradation. Unlike the well-characterised N-terminal degron pathway, the physiological roles of C-terminal degrons remain poorly understood. To investigate KLHDC3 function in vivo, we generated Klhdc3-deficient (Klhdc3-/-) mice. These mice exhibited sub-Mendelian birth rates and progressive postnatal lethality, with a median survival of 136 days and maximum survival observed of ∼1 year of age. Early growth retardation was apparent, followed by a normalisation of body mass with age. However, as Klhdc3-/- mice aged they developed pronounced obesity at the expense of lean mass, with some individuals reaching fat mass exceeding 50% of total body weight. Combined transcriptomic and proteomic analyses of Klhdc3-/- embryonic fibroblasts revealed significant changes in protein expression with minimal impact on transcript levels, consistent with KLHDC3’s role in post-translational regulation. Among the upregulated proteins, HINT1 was identified as a novel KLHDC3 substrate, possessing a C-terminal degron motif. Protein stability assays and immunoblotting confirmed HINT1 as a direct target of KLHDC3. These findings establish a new in vivo physiological role for the DesCEND pathway and highlight KLHDC3 as a key regulator of development, survival, and adiposity in mice.",2025,2025-08-05,,,https://www.semanticscholar.org/paper/918159af5ece3475c778895bf2b9166fe8e63ee5,False,0,,True,False,True,False
doi:10.1101/2025.10.03.680371,doi:10.1101/2025.10.03.680371,europepmc,europepmc;pubmed,PPR:PPR1095693,10.1101/2025.10.03.680371,,,Age-related microbiome metabolites alter RNA splicing and chromatin accessibility in the brain,"The gut microbiome generates diverse metabolites that can enter the bloodstream and alter host biology, including brain function. Hundreds of physiologically relevant, gut-brain signaling molecules likely exist; however, there has been no systematic, high-throughput effort to identify and validate them. Here, we integrate computational, in vitro , and in vivo approaches to pinpoint microbiome-derived metabolites whose blood levels change during aging, and that induce molecular changes in the mouse brain. First, we mine large-scale metabolomics datasets from human cohorts (each n ≥ 1200) to identify 30 microbiome-associated metabolites whose blood levels change with age. We then screen this panel in an in vitro transcriptomic assay to identify metabolites that perturb genes linked to age-related neurodegeneration. To assess in vivo relevance, we then test four metabolites in male mice by acute exposure, using multi-omic approaches to evaluate the metabolites’ impact on cellular functions in the brain. With RNA-seq, we confirm known effects of trimethylamine N-oxide (TMAO), including changes in mitochondrial pathways, and further discover its effects on the pathways of glycolysis, GABAergic signaling, and RNA splicing. Additionally, using both RNA- and ATAC-seq, we identify glycodeoxycholate (GDCA), a microbiome-derived secondary bile acid, as a potent regulator of chromatin accessibility and of genes involved in protecting the brain from age-related stressors. GDCA also acutely reduces locomotion in male but not female mice. In summary, we present a generalizable framework for identifying microbiome metabolites that impact host biology, and apply it to identify age-related microbial metabolites that affect processes related to brain aging and neurodegeneration.",2025,2025-10-05,Preprint,,https://europepmc.org/article/PPR/PPR1095693,True,1,,True,True,True,True
doi:10.1101/222554,doi:10.1101/222554,europepmc,europepmc;semantic_scholar,PPR:PPR23491,10.1101/222554,,,Identification of key pathways and metabolic fingerprints of longevity in C. elegans,"Impaired insulin/IGF-1 signaling (IIS) pathway and caloric restriction (CR) are two well-established interventions to prolong lifespan in worm C. elegans . However, a cross comparison of these longevity pathways using a multi-omics integration approach is lacking. In this study, we aimed to identify key pathways and metabolite fingerprints of longevity that are shared between IIS and CR worm models using a multi-omics integration approach. We generated transcriptomics and metabolomics data from two long-lived mutant worm strains, i.e. daf-2 (impaired IIS pathway) and eat-2 (CR model) and compared them with the N2 strain. Transcriptional profiling identified shared longevity signatures between the two strains, such as an upregulation of lipid storage and defense responses and downregulation of macromolecule synthesis and developmental processes. The shared longevity signatures revealed by metabolomics profiling included an increase in the levels of glycerol-3P, ademine, xanthine, and AMP, and a decrease in the levels of the amino acid pool, the C18:0 and C17:1 fatty acids. After we integrated transcriptomics and metabolomics data based on the annotations in KEGG, our results highlighted a downregulation of pyrimidine metabolism and upregulation of purine metabolism as a commonality between the two longevity mechanisms. Overall, our findings point towards the existence of shared metabolic pathways that are likely important for lifespan extension and provide novel insights into potential regulators and metabolic fingerprints for longevity.",2017,2017-11-21,Preprint,,https://europepmc.org/article/PPR/PPR23491,True,1,,True,True,True,True
doi:10.1104/pp.104.900230,doi:10.1104/pp.104.900230,openalex,openalex,https://openalex.org/W4256036796,10.1104/pp.104.900230,,,On the Inside,"Alternative RNA processing enables genes to produce a variety of mRNA and protein products, thus expanding the potential informational content of eukaryotic genomes. Recent evidence indicates a high incidence (up to 60%) of alternative splicing (AS) in the human genome, predominantly in the form of exon skip, whereas a minor form is of the type called intron retention (5%–16%). Plants are thought to exhibit less AS, and analyses of AS in Arabidopsis (Arabidopsis thaliana) and rice (Oryza sativa) indicate that intron retention is the most common type of AS in these species. Comparison of AS between different species can provide information about the evolution of AS, the conservation of mechanisms that control AS, and its biological consequences for a species. At the gene level, conservation of AS can provide insights into gene function and the evolutionary history of particular genes and their families. Ner-Gaon et al. (pp. 1632–1641) have developed an algorithm (based on EST pairs gapped alignment) that takes advantage of the relatively small intron and exon size in plants and directly compares pairs of ESTs to search for AS. EST pairs gapped alignment was first evaluated in Arabidopsis, rice, and tomato (Solanum lycopersicum), for which annotated genome sequences are available, and was shown to accurately predict splicing events. The method was then applied to 11 plant species that include 17 cultivars for which enough ESTs are available. The results show a large, 3.7-fold difference in AS frequencies between plant species, with Arabidopsis and rice in the lower range and lettuce (Lactuca sativa) and sorghum (Sorghum bicolor) in the upper range. Hence, compared to higher animals, plants show a much greater degree of variety in the frequency of alternatively spliced genes. In eudicots but not monocots, a correlation between genome size and AS frequency was detected, implying that in eudicots the mechanisms that lead to larger genomes are a driving force for the evolution of AS. Flavonoids, of which more than 6,000 have been identified, are plant secondary metabolites that are widespread throughout the plant kingdom. In nature, flavonoids act as UV light scavengers to protect against oxidative damage, as antimicrobial compounds to defend against pathogens, and as pigments in fruits, flowers, and seeds, where they have a function in attracting pollinators and seed dispersers to facilitate reproduction. Flavonoids are also present in pollen and pistils of many plant species, and there is increasing evidence that flavonoids may play a crucial role in fertility and sexual reproduction. For example, pollination experiments revealed that flavonoids in either the anther or pistil are essential for pollen tube growth, fertilization, and subsequent seed set. To obtain more insight into the role of flavonoids in reproduction and fruit development, Schijlen et al. (pp. 1520–1530) have blocked flavonoid biosynthesis in tomato by RNA interference (RNAi) suppression of the gene encoding chalcone synthase. The resulting transgenic fruits showed a strong decrease of total flavonoid levels and displayed an altered color. More importantly, the fruits were devoid of seeds. The observed parthenocarpic fruit development appeared to be pollination dependent. Fertilization, however, did not occur because chalcone synthase RNAi fruits displayed impaired pollen tube growth. Such seedless fruit phenotypes may prove to be of potential interest to consumers, processing industries, and breeding companies. Because the sites of transcription and translation are physically separated by the nuclear membrane, transcripts must be exported from the nucleus to the cytoplasm through the nuclear pore. The nuclear pore complex (NPC) is constructed from subcomplexes composed of approximately 30 proteins. A major ultrastructural feature of the NPC is the nuclear basket, a filamentous network of proteins that extends from the NPC into the nuclear matrix. The nuclear basket is thought to act as a scaffold for the assembly of various molecules involved in nuclear export. A component of the nuclear basket in vertebrates is TRANSLOCATED PROMOTER REGION (TPR), a large coiled-coil protein associated with inner basket filaments. In a screen for Arabidopsis mutants that suppress the expression of the floral inhibitor FLOWERING LOCUS C, Jacob et al. (pp. 1383–1390) have identified lesions in the Arabidopsis homolog of TPR (AtTPR). In addition to their early-flowering phenotype, attpr mutants display a number of other developmental abnormalities, including reduced size and fertility, occurrence of terminal flowers, and a disorganized cell morphology. A striking molecular phenotype of attpr mutants is the accumulation of polyadenylated (polyA) transcripts in the nucleus. A similar nuclear accumulation of polyA RNA has been reported for mutants in two other Arabidopsis NPC proteins, called SUPPRESSOR OF AUXIN RESISTANCE1 and 3 (SAR1 and SAR3). The nuclear accumulation of polyA RNA suggests that AtTPR is required for the efficient export of RNA from the nucleus. The authors also show that the effects of AtTPR on small RNA abundance and auxin signaling are similar to that of two other NPC-associated proteins, HASTY (HST) and SAR3. These data indicate that attpr, sar3, and hst have similar effects on development, and that early flowering, alterations in auxin sensitivity, and RNA levels may be general phenotypes associated with impaired nuclear pore function. Salicylic acid (SA) has been implicated as a key player in the responses of plants to a wide array of biotic and abiotic stress responses, including systemic acquired resistance. SA has also been demonstrated to reduce plant reproductive fitness, improve seed vigor under stress conditions, induce earlier flowering, and enhance senescence. Despite the apparent involvement of SA in these myriad plant responses, our knowledge of the signal transduction pathways activated by SA is fragmentary. Krinke et al. (pp. 1347–1359) now present evidence that phospholipid signaling may be involved in SA signal transduction. By means of radiolabeled phospholipids, the authors demonstrated that the addition of SA induced a rapid and early (in a few minutes) decrease in a pool of phosphatidylinositol (PI). This decrease paralleled an increase in PI 4-phosphate and PI 4,5-bisphosphate. These changes were inhibited by wortmannin, an inhibitor of type III PI 4-kinases, suggesting that PI 4-kinase is rapidly and transiently activated in response to SA in Arabidopsis suspension cells. The authors also examined the effects of wortmannin on the SA-induced transcriptome. A total of 774 genes were differentially expressed upon SA treatment. The response to SA of 112 of them was inhibited by concentrations of wortmannin sufficient to inhibit PI 4-kinase activity. Seedlings grown at high sugar concentrations show impaired development. This developmental arrest can be overcome by applying the ethylene precursor 1-aminocyclopropane-1-carboxylic acid. In keeping with these results, ethylene-insensitive seedlings are found to be more strongly inhibited by Glc in their development than wild-type plants. Moreover, previous studies of Arabidopsis have shown that high abscisic acid (ABA) levels enhance the sensitivity of seedling growth to Glc, and a light-responsive element of a Rubisco promoter responds negatively to both ABA and sugars. Based on the observed cross talk between ethylene, ABA, and sugar signaling in seedling development, Tholen et al. (pp. 1305–1315) have hypothesized that ethylene reduces the negative feedback of carbohydrates on photosynthetic gene expression. Previously, the authors observed a lower rate of whole-plant photosynthesis in ethylene-insensitive Arabidopsis plants containing a dominant-negative mutant allele of the ethylene receptor gene ETHYLENE RESPONSE1. In this study, they switched to a similar ethylene-insensitive version of tobacco (Nicotiana tabacum) because gas exchange can be measured more accurately due to its greater leaf size. They conclude that the inability to perceive ethylene results in an increased sensitivity to Glc, which may be mediated by a higher ABA concentration. This increased sensitivity to endogenous Glc has negative consequences for the Rubisco content and the photosynthetic capacity of these plants. Histone acetylation involves the transfer of acetyl groups from acetyl-CoA to the Lys residues of histones. The hyperacetylation of histones leads to a relaxation of chromatin structure and is associated with transcriptional activation, whereas hypoacetylation of histones induces chromatin compaction and gene repression. The SILENT INFORMATION REGULATOR2 (SIR2) family proteins, also known also as sirtuins, are NAD+-dependent histone deacetylases. Sir2 is involved in chromatin silencing in yeast and is associated with lifespan extension in yeast, worms, and flies. In this issue, Huang et al. (pp. 1508–1519) provide insights into the role of OsSRT1, one of the two SIR2-related genes found in rice. They demonstrate that OsSRT1 is a widely expressed nuclear protein with higher levels in rapidly dividing tissues. Phenotypic and molecular analyses of RNAi transgenic plants suggest that OsSRT1 is involved in the deacetylation of the histone H3 Lys-9 (H3K9) and that it is required for the transcriptional repression of transposable elements and apoptosis-related genes. TUNEL assays and molecular marker gene analysis demonstrated that cell death was induced in OsSRT1 RNAi plants. The TUNEL-positive signals detected in the nuclei of the RNAi leaf cells were indicative of DNA fragmentation similar to that which occurs during programmed cell death and the plant hypersensitive response. The overexpression of OsSRT1 enhanced tolerance to oxidative stress. To study whether the down-regulation of OsSRT1 affected gene expression, the authors compared the transcripts of the RNAi to the wild-type plants by microarray analysis. Such analyses revealed that the transcription of many transposons and retrotransposons as well as genes related to hypersensitive response and/or programmed cell death was activated in OsSRT1 RNAi plants. These findings suggest that OsSRT1 may function in safeguarding plants against genome instability and DNA damage.",2007,2007-07-01,article,en,https://openalex.org/W4256036796,False,0,epigenomics_plus_downstream;transcriptomics_plus_downstream,True,True,True,True
doi:10.1111/acel.12607,doi:10.1111/acel.12607,pubmed,pubmed,28514051,10.1111/acel.12607,28514051,PMC5506440,"The PPARγ-SETD8 axis constitutes an epigenetic, p53-independent checkpoint on p21-mediated cellular senescence.","Cellular senescence is a permanent proliferative arrest triggered by genome instability or aberrant growth stresses, acting as a protective or even tumor-suppressive mechanism. While several key aspects of gene regulation have been known to program this cessation of cell growth, the involvement of the epigenetic regulation has just emerged but remains largely unresolved. Using a systems approach that is based on targeted gene profiling, we uncovered known and novel chromatin modifiers with putative link to the senescent state of the cells. Among these, we identified SETD8 as a new target as well as a key regulator of the cellular senescence signaling. Knockdown of SETD8 triggered senescence induction in proliferative culture, irrespectively of the p53 status of the cells; ectopic expression of this epigenetic writer alleviated the extent doxorubicin-induced cellular senescence. This repressive effect of SETD8 in senescence was mediated by directly maintaining the silencing mark H4K20me1 at the locus of the senescence switch gene p21. Further in support of this regulatory link, depletion of p21 reversed this SETD8-mediated cellular senescence. Additionally, we found that PPARγ acts upstream and regulates SETD8 expression in proliferating cells. Downregulation of PPARγ coincided with the senescence induction, while its activation inhibited the progression of this process. Viewed together, our findings delineated a new epigenetic pathway through which the PPARγ-SETD8 axis directly silences p21 expression and consequently impinges on its senescence-inducing function. This implies that SETD8 may be part of a cell proliferation checkpoint mechanism and has important implications in antitumor therapeutics.",2017,2017-05-17,Journal Article,eng,https://pubmed.ncbi.nlm.nih.gov/28514051/,False,0,,True,True,True,True
doi:10.1111/acel.13982,doi:10.1111/acel.13982,pubmed,pubmed;scopus,37681451,10.1111/acel.13982,37681451,PMC10652311,Cross-species comparison illuminates the importance of iron homeostasis for splenic anti-immunosenescence.,"Although immunosenescence may result in increased morbidity and mortality, many mammals have evolved effective immune coping strategies to extend their lifespans. Thus, the immune systems of long-lived mammals present unique models to study healthy longevity. To identify the molecular clues of anti-immunosenescence, we first built high-quality reference genome for a long-lived myotis bat, and then compared three long-lived mammals (i.e., bat, naked mole rat, and human) versus the short-lived mammal, mouse, in splenic immune cells at single-cell resolution. A close relationship between B:T cell ratio and immunosenescence was detected, as B:T cell ratio was much higher in mouse than long-lived mammals and significantly increased during aging. Importantly, we identified several iron-related genes that could resist immunosenescence changes, especially the iron chaperon, PCBP1, which was upregulated in long-lived mammals but dramatically downregulated during aging in all splenic immune cell types. Supportively, immune cells of mouse spleens contained more free iron than those of bat spleens, suggesting higher level of ROS-induced damage in mouse. PCBP1 downregulation during aging was also detected in hepatic but not pulmonary immune cells, which is consistent with the crucial roles of spleen and liver in organismal iron recycling. Furthermore, PCBP1 perturbation in immune cell lines would result in cellular iron dyshomeostasis and senescence. Finally, we identified two transcription factors that could regulate PCBP1 during aging. Together, our findings highlight the importance of iron homeostasis in splenic anti-immunosenescence, and provide unique insight for improving human healthspan.",2023,2023-09-08,"Journal Article; Research Support, Non-U.S. Gov't",eng,https://pubmed.ncbi.nlm.nih.gov/37681451/,False,1,,False,True,True,False
doi:10.1111/acel.70201,doi:10.1111/acel.70201,semantic_scholar,semantic_scholar,58a58c08a4b61278aacc41f153bcd120800c071d,10.1111/acel.70201,,12341788,Additional Cover,"Cover legend: The cover image is based on the article Multi‐Omics Analysis Reveals Biomarkers That Contribute to Biological Age Rejuvenation in Response to Single‐Blinded Randomized Placebo‐Controlled Therapeutic Plasma Exchange by Matias Fuentealba et al., https://doi.org/10.1111/acel.70103.",2025,2025-08-01,JournalArticle,,https://www.semanticscholar.org/paper/58a58c08a4b61278aacc41f153bcd120800c071d,False,0,,True,True,False,False
doi:10.1111/acel.70650,doi:10.1111/acel.70650,pubmed,pubmed;scopus,42502257,10.1111/acel.70650,42502257,PMC13401687,Apiotrichum-Centered Fungal Interaction Network Disturbance Correlates With Increased Arterial Stiffness.,"The gut mycobiome plays an essential role in human health, yet its influence on the progression of arterial stiffness, a key feature of vascular aging, remains obscure. In this study, we aimed to investigate the involvement of intestinal fungi in the exacerbation of arterial stiffness. In total, 763 participants were invited for the brachial-ankle pulse wave velocity test to determine their status of arterial stiffness. The gut mycobiome was identified through internal transcribed spacer sequencing, host genetics were determined by genotyping arrays, and plasma metabolites were quantified using untargeted liquid chromatography-mass spectrometry. A less clustered but more communicative fungal community was found in individuals with elevated stiffness. Five driving fungal genera contributing to the shift of fungal interaction networks from normal to elevated stiffness, including Apiotrichum, Mycothermus, Flavocillium, Hyaloscypha, and Microscypha, were associated with arterial stiffness. Integrative analysis with metabolomics further demonstrated that organic acids, fatty acyls, and alkaloids mediated the effect of Apiotrichum, Mycothermus, and Microscypha on arterial stiffness. Moreover, alpha-1A adrenergic receptor, alpha-2B adrenergic receptor, cytochrome P450 Family 11 subfamily B member 2, angiotensin I converting enzyme, angiotensin II receptor type 1, matrix metallopeptidase 2, tumor necrosis factor, and rho-associated coiled-coil containing protein kinase 2 were identified as the key molecular transducers associated with increased Apiotrichum in arterial stiffness. Our study uncovers a strong association between disruption in gut fungi and the progression of elevated arterial stiffness, and highlights the potential of targeting the gut mycobiome for improving vascular health.",2026,2026-08-01,Journal Article,eng,https://pubmed.ncbi.nlm.nih.gov/42502257/,False,1,,False,True,True,False
doi:10.1111/cpr.70014,doi:10.1111/cpr.70014,google_scholar,google_scholar,DTytzKcNUAwJ,10.1111/cpr.70014,,,Multi‐Omics Reveal the Metabolic Changes in Cumulus Cells During Aging,"… Therefore, the metabolic intervention of metabolites from the arginine catabolic pathway 
to aged oocytes, such as phosphocreatine, deserves further exploration. However, there are …",2025,2025-01-01,,,https://onlinelibrary.wiley.com/doi/abs/10.1111/cpr.70014,False,0,,True,True,True,True
doi:10.1111/imr.13311,doi:10.1111/imr.13311,openalex,openalex,https://openalex.org/W4391512968,10.1111/imr.13311,,,Inborn errors of immunity illuminate mechanisms of human immunology and pave the road to precision medicine,"The Yellow Brick Road leads Dorothy through Oz to the Emerald City—a luminescent green metropolis where she hopes to meet the great and powerful Wizard. The Emerald City is the destination of Dorothy's journey, where desires become reality. Arguably, the “Emerald City” for most physician-scientists caring for patients with inborn errors of immunity (IEI) is to apply effective therapies that target the specific impaired cell type/pathway, while avoiding detrimental effects on the rest of the immune system and other tissues (Figure 1). That is, to use the right treatment, at the right time, for the right patient—precision medicine at its best. The journey to this Emerald City has always started with the patient's symptoms and history. However, the constellation of these clinical clues has significantly changed over time, making it more challenging to begin the odyssey down the yellow brick road. In 1952, Dr. Ogden Bruton started his journey with patients who had recurrent pneumonias. Along the road, he found that they lacked serum γ-globulins. He then discovered a causative single gene defect, inherited as a Mendelian trait with full penetrance. Finally, he arrived at the targeted destination of immunoglobulin replacement therapy.1 Today, neither the starting point nor the road that follows are as straight and smooth. As Bucciol et al. (1) describe in this issue, the wide availability and application of next-generation sequencing (NGS) methods, particularly whole exome/genome sequencing (WES/WGS), has significantly increased “the discovery rate” of additional IEI. The most recent International Union of Immunological Societies update (2022) included 55 novel monogenic gene defects, and one phenocopy due to autoantibodies discovered since January 2020, bringing the total number of IEI to 485.2 In some cases, distinct pathogenic variants at the same locus cause different IEI phenotypes (allelic heterogeneity; one gene, many phenotypes). In other cases, pathogenic variants in different genes governing one common pathway cause the same IEI (locus heterogeneity; many genes, one phenotype).3 Furthermore, as Vinh (2) discusses, IEI can also exemplify non-Mendelian basis of disease. While the overwhelming majority of IEI have been identified and mechanistically deciphered as monogenic, there are increasing reports of oligogenic IEI syndromes,4-8 wherein lesions in two or more distinct genes contribute to a clinical phenotype that has some features of the corresponding monogenic IEI disorders. Somatic mosaic mutations may lead to a milder or a more severe form of the disease, which may be influenced by the known pathogenicity of the mutation at the germline level.9 Alterations in gene expression such as DNA methylation and epigenetic modifications can also result in IEI. These new IEI expand beyond traditional boundaries, as recurrent infections are neither the only nor the most common clinical presentation. Clinical phenotypes as diverse as autoimmunity/inflammation, lymphoproliferation, malignancy, and severe allergy, involving multiple organs,10 have certainly expanded the breadth of IEI across medical and scientific fields. Consequently, the field of IEI has now adopted a “flying monkey's perspective” that now includes clinical subspecialties, where genetic etiology is not traditionally a cornerstone of the diagnostic work up. As we, clinical immunologists, strive to collaborate with other subspecialists to advocate for the importance of genetic testing and help with the interpretation of results, challenges surrounding cost and accessibility may deter genetic evaluation. We and others have published genetic testing recommendation guidelines11 to support the diagnostic odyssey and reduce delays in treatment. Now, with great power comes great responsibility—while use of WES/WGS has led to the discovery of many new IEI and confers the power to “quickly” diagnose rare disease (completed in a clinical lab in days to weeks), it also often reveals the much-dreaded list of variants of unknown significance or VUS. Raising the questions—Who should establish if a VUS impairs a specific immune process and identify the associated phenotype, a.k.a functional validation? Who should fund this work? How long will it take? And do we wait until we have proven causality to determine a treatment course? The answer is it depends. When VUS are found in genes known to be associated with IEI, validation may involve evaluating protein expression or more complex cellular functional analyses (via clinical studies or research protocols). For VUS in genes not previously associated with IEI, first there is a “triage” process to decide whether further work up should be pursued. Once “triaged,” functional validation of these VUS typically requires lengthy and labor-intensive research evaluations necessary to prove causality—which are not compatible with “real time” clinical decision making. Hence, novel technologies are required to improve the “triage” and evaluation processes—making a case for deep immune profiling.12 Hurabeille et al. (3) review emerging genomic tools to functionally assess candidate genetic variants. Functional genomics aims to understand the relationship between an organism's genome and its phenotype, which often display a hierarchical nature from molecular to organ-specific manifestations. High-throughput approaches to produce genetic variants, either with synthetic DNA sequences or direct endogenous genome editing has opened exciting avenues to study coding variants biochemically or using cell-based assays—improving speed of functional validation. In the era of WGS, noncoding variants are increasingly appearing, and their study necessitates a shift from the starting point of predictable amino acid consequence as can be determined in coding variants. Hurabeille et al. review how to determine the functional consequences of noncoding variants (i) utilizing natural genetic variation and CRISPR/Cas9 cellular engineering models, (ii) assessing chromatin accessibility, and (iii) applying multiplexed single-cell multiomic approaches. The IEI landscape today is quite different from that in 1952…As Dorothy would say, “Toto, I've a feeling we're not in Kansas anymore”. Although the discovery and characterization of IEI have become more complex in the intervening decades, we summarize below how the reviews in this issue illustrate how IEI continue to illuminate mechanisms of human immunology (Figure 2). The genetic theory of infectious disease formulated in the 1920s attempted to set the stage for a link between genes and immunity. But it was not until 1939, when Karl Diehl's and Otmar von Verschuer's studies of tuberculosis in monozygotic and dizygotic twins suggested that genetic factors contributed to tuberculosis susceptibility. Since then, several IEI underlying Mendelian Susceptibility of Mycobacterial Disease have been discovered;13 along with many other monogenic defects that reveal specific mechanisms of antimicrobial immunity. Though the genetic determinants of antimicrobial immunity were not spotlighted until the 1950s, the function of human immune cells in combating infectious organisms were highlighted in the early 1900s. Nobel awards to Metchnikoff and Ehrlich in 1908 showcased the importance of phagocytosis in immunity. Metchnikoff even went on to postulate that intracellular digestion is important to maintain a balance between host intestinal immunity and microbiota—a founding principle of why phagocyte defects may present with (sometimes very early onset) inflammatory bowel disease (IBD), as discussed in Zerbe et al. (4) In their review, the authors describe different genetic neutrophil defects as paradigms of pathways critical to bacterial and antifungal immunity and IBD. While the infectious complications and antimicrobial prophylactic and/or treatment regimens for these IEI are similar, the underlying mechanisms of their autoinflammatory complications are distinct. Hence, a “precision medicine” approach to their inflammatory conditions requires the genetic diagnosis. Neutrophil defects are not the only IEI that have enlightened antifungal immunity. Vinh (2) showed how the major molecular leap in understanding chronic mucocutaneous candidiasis (CMC) came with the genetic discovery of dominant-negative mutations in signal transducer and activator of transcription (STAT)3 in autosomal-dominant hyper-IgE syndrome (AD-HIES, also known as Job's syndrome).14, 15 From this, it was deduced that defects in the T helper-producing interleukin (IL)-17 (Th17) subset of T cells, caused by the mutant STAT3, underlie CMC. Grounded on the principle of pathophysiologic homogeneity, this Th17 finding was a “pillar” that enabled the identification of numerous other IEI marked by CMC, converging on defective IL-17-based responses.16-21 In their review, Asano et al. (5) focus on STAT1 gain-of-function (GOF), which accounts for approximately 50% of the genetic causality of CMC. STAT1 GOF patients show lower proportion of Th17 cells suggesting impaired differentiation.22 Further support for the central role of the IL-17 axis in the immunopathogenesis of CMC is the correlation between this infection and the presence of neutralizing auto-antibodies (auto-Abs) to these mediators (IL-17A, IL-17, IL-22), as in autoimmune polyendocrinopathy-candidiasis-ectodermal dystrophy (APECED) or in CMC-affected thymoma patients,23, 24 reviewed in Vinh (2) and Bastard et al (6). Moreover, production of such auto-Abs has been found to precede the infection, suggesting a causal role in the mycosis, rather than a consequence. Identifying the underlying etiology, whether it be a monogenic defect or a result of auto-Ab pathogenicity, determines distinct treatment paradigms, and once again highlights the importance of understanding the underlying immunogenetic mechanism in guiding precision medicine. IEI patients with unique clinical infectious symptomatology have also enlightened mechanisms of antiviral immunity. Gonench et al. (7) review how viral infections may present with unusual manifestations with atypical or compensatory inflammatory responses. They particularly highlight how the vaccine strain of rubella virus can cause inflammatory granulomas in the skin and sometimes other tissues. The time between inoculation and pathogenic effects can be between three weeks and decades. Rates of virus-associated malignancies are also increased in patients with IEI. With these various complications, viral infections represent a significant source of morbidity in patients with IEI. Targeted cellular antiviral therapies borrowed from hematopoietic bone marrow transplant (HSCT) research are currently being applied to treat chronic viremia in IEI with specific viral susceptibility.25, 26 The best-known case of IEI in popular culture is that of David Vetter (1971–1983), who had severe combined immunodeficiency (SCID) and lived in a sterile isolator for 12 years, known as the “bubble boy.” Since then, the SCID diagnostic, genetic etiology, and treatment landscape has dramatically changed as reviewed in Aranda et al. (8) Currently, 19 different genetic causes have been identified.2 Yet, for some (~6–10%)27 there is no known genetic basis. We can expect that this percentage will decrease yearly as additional IEI are discovered. For example, our group recently described how a hypomorphic LCK variant led to a SCID phenotype with autoinflammatory complications.28 Newborn screening (NBS) has led to decreased morbidity and mortality, as patients are diagnosed soon after birth and HSCT can be pursued to of infectious Furthermore, in gene reviewed by et al. and et al. the road for precision medicine with for As the number of causative genetic of SCID increased with our understanding of critical pathways in particularly T cells, as also from We and others describe how SCID has reveal the and of the of et al. review and defects in the which natural and The is the of the and of a diverse that to has been to be with the of infections and Hence, defects lead to increased of infection, and Immunological of in of for and have these patients a decrease in and increased expression of phenotypes with increased malignancy, and in the IEI associated with defects to from defective that of the and specific genes critical to For example, defects in long as the cause of SCID in have been recently identified as an IEI to in is a of the of transcription factors that the and of skin cells and and cells and in and of and the one gene, different phenotypes and the critical role of in different of In their review, Bastard et al. also show how different IEI central illuminate the mechanism of of auto-Abs that For example, more than of patients with IEI in the pathway neutralizing auto-Abs to In these is and expression of a critical of central is impaired in of even after HSCT in these further that of the of auto-Abs and patients to multiple viral In and his their the importance of the in and the role of the and in and published an in in the of where they showed that cells are required for T cells such as a and clinical went on to a set of clinical these two with syndrome viral had of In with viral infections even if they lacked et al. review how IEI have function and in and host as as disease, through the of due to et al. on a journey that with the first that germline mutations in caused by the discovery of other genetic in the and which the of of these in and For example, the function of has been by studies its important role in expression and et al. also how studies of have of (i) the between (ii) the their that are required for and of immunity and and (iii) pathway defects and their role in production in IEI. in IEI has been associated with common immunodeficiency et al. review how genetic epigenetic defects, and contribute to The authors review the of due to and defects in T cell and studies of from patients reveal that can either be or and of these tissues with show that patients with have the serum the serum and complications, autoimmune In patients only infectious complications display research group has also described phenotypes involving and that with in such as validation of these may for our to which patients will cell discussed in et al. is also by et al. who review how may a critical role in and of cells in the with have a that is to they have a that is in Furthermore, are associated with other defects and gene for these that may a critical role in of cells in the by of autoantibodies or T cells have the of In the these were autoinflammatory to from autoimmune disorders. They were by the identification of the genes defects caused in in in and in autoinflammatory syndrome The group of in et al. review a journey of which started from a case in and led to the of and with a of and The gene was in by intracellular that in monogenic disease, protein of disease, and their of targeted with that and of the variants known as associated autoinflammatory result in and of of leads to protein that causes the expression of Hence, are often a of reviews different IEI that underlie and the central role of in cellular function and immune defects in lead to an increased and have been to autoimmune disease as or how molecular understanding of rare mechanisms with more common disorders. is also in syndrome from can be applied to our understanding of of the most common genetic associated with et al. review the clinical manifestations of increased infections and in and how they are by specific immune cellular and/or functional These from increased and due to increased expression of of the genes on Along with the we have described in the cellular effects of this increased along with multiple and manifestations associated with such cellular In these clinical and phenotypes of with with of patients with STAT1 GOF or this pathway in a wide of Asano et al. (5) review how STAT1 GOF in the of and to and/or other In et al. recently that it is the of in STAT1 GOF that phenotypes associated with They showed that STAT1 GOF is by immune due to the of STAT1 through and Furthermore, they found that GOF were from the of autoimmune manifestations. These an new on the relationship between and STAT1 suggesting that the rather than is for immune same is reviewed by et al. who the review to other defects, their defects, and their causative in immune along with treatment in these disorders. in of one gene, multiple IEI of STAT1 can be in of and et al. review the of the use of in IEI in GOF and that cell function or are et al. review the first or patients may present with to of In the T cells are increased as to the subset and are and/or Th17 over et al. review how these organ-specific and how of methylation and phenotypes that in patients with may be inflammatory T Hence, or cellular approaches to improve or function a of precision medicine in IEI. as the number of novel IEI has have the genetic underlying defects described by our and the in of these very early as reviewed by et al. monogenic causes of have been identified and et al. review the different pathways described in and the in this Dr. Ogden not only described the first IEI, he set the for the first at precision of replacement that has to the of patients with immune Since then, new of and/or have and viral infections in IEI. complications of IEI have been with such as in the understanding of immune mechanisms of led to the and application of novel targeted and other These were then and for the treatment of IEI that involve of lymphoproliferation, and For example, have proven effective in the treatment of and other immune and this the for their use to treat immune in patients with STAT1 and as reviewed by et al. and Asano et al. (5) have also been in as reviewed by et al. and et al. review how a that to and has in the treatment of and most recently et al. review how in and have been to treat a protein of the of to the of in was also for use in and In an to treat stage can the clinical autoimmune symptomatology of patients with We have published on the correlation between the and of pathway of the etiology or the mechanism of of and the of patients with reveal the relationship between rare and common pathways in and of the challenges surrounding novel and for IEI are by the of these we are to a of the reviews the genetic and targeted for patients with is as a of cell The discovery of the role of in in multiple of by the clinical of the neutralizing for use in patients with only from of the target to of a clinical in and application of this was unique in involving a number of the first of targeted in the first clinical with in this disease and the first by a for patients with The use of these for the treatment of common autoimmune the of one of the of precision medicine. But the of these to treat rare IEI the of the specific molecular basis of an the of the pathway in patients with to patients with and who this the effects of the that patients with produce in These “the right treatment for the right But the Arguably, the time” to a treatment is to which is challenging in IEI the common in diagnosis. In the of for HSCT can now be to of And while HSCT is not it is first in IEI until of gene function gene approaches have been scientific and challenges along this road as highlighted by and et al. gene approaches for IEI were attempted through gene using or Although this has the of gene expression specific by the of over and of with of gene for SCID and on for many in gene for highlighted the critical importance of cells a in of the the for the of HSCT for With the shift of to in (i) cell culture and cells, (ii) over and (iii) have gene more for a number of with a number of patients long immune for SCID has been by the of making therapies for rare a major in this the known complications in some IEI with gene approaches and in gene editing with many therapies are now on endogenous genes as reviewed by et al. The major of this approach is that endogenous of gene expression is expression immune cell and et al. illustrate the of gene in several IEI, and The with gene editing approaches for medicine will be in approaches to that they will more than or in a new that is more of of Although gene typically hematopoietic cells for a the cells is an et al and et al. review one such for in T cells can be by a which the cells to approach is currently clinical As cellular therapies continue to in such the use of T cells for and T cells in they will also be for treatment of IEI, and further illuminate mechanisms of pathway specific have IEI in human immunology since IEI are not as rare as we as a field we to to the yellow brick road and the Emerald is as in from of patients from a as there is from single case single of can the balance in our While the to novel IEI and the causative molecular of antimicrobial immunity and has has the of of genetic in IEI. a variant in a known gene is not with While validation with either traditional or variant approaches are the to prove they are often to a and/or and not on and of are the most effective to our understanding of human and help our the to and apply methods, and functional will in IEI one that is not The in that are the of are increasing the of and determines why However, in IEI, when a not the clinical typically for a genetic of the we it not As long as we and not we physician-scientists a of our and not an While we focus on the along the yellow brick road to the Emerald City of and approaches in IEI (Figure we the other along the the and is not always to our As we of IEI across medical of clinical we will across and the yellow brick road is not we our and to help along the work was by the at The has no of to not to this as no were or the",2024,2024-02-02,article,en,https://openalex.org/W4391512968,False,0,explicit_multiomics;genomics_plus_other,True,False,True,False
doi:10.1111/jcmm.71017,doi:10.1111/jcmm.71017,openalex,openalex,https://openalex.org/W7118242678,10.1111/jcmm.71017,,,dock11 Knockdown in Zebrafish Disrupts Embryogenesis: Insights Into the Genetic Causes of Early Pregnancy Loss,"Recurrent pregnancy loss (RPL), affecting approximately 5% of couples worldwide, represents a major challenge in reproductive medicine and causes psychological distress [1]. While embryonic chromosomal errors account for 40%–65% of early pregnancy losses, a substantial proportion of cases remain unexplained despite extensive clinical evaluation [2]. This diagnostic gap is further highlighted by the observation that pregnancy losses still occur even after the transfer of euploid embryos following preimplantation genetic testing for aneuploidy (PGT-A) in assisted reproduction [3]. This clinical dilemma underscores a critical gap in our understanding of the molecular pathogenesis of early pregnancy loss, particularly the role of embryonic-intrinsic factors [2-4]. While existing research has largely centered on deficits in implantation and placental development, the critical window of early embryogenesis—a period governed by the embryo's autonomous developmental program and fundamental to embryonic survival—has received comparatively less attention [5-7]. Our previous multi-omics analysis of chorionic villi from euploid pregnancy-loss patients revealed epigenetic silencing of DOCK11 (dedicator of cytokinesis 11) and its consequent transcriptional downregulation in extra-embryonic tissues, implicating DOCK11 as a potential contributor to pregnancy failure (our unpublished data). This finding prompted us to investigate the potential intrinsic role of DOCK11 within the embryo proper. To functionally validate the role of DOCK11 in early embryogenesis, we turned to the zebrafish model. This model is uniquely suited for such an investigation, as its external development and optical transparency enable direct visualization of embryogenesis while being free from the confounding influences of the maternal uterine environment and placental function. Morpholino (MO)-mediated knockdown of dock11 was confirmed via a significant reduction in its mRNA levels (Figure 1A). Dock11-knockdown embryos exhibited markedly compromised viability, with significantly reduced hatching rates and elevated embryonic mortality compared to wild-type (WT) controls (Figure 1B,C). Detailed morphological assessment revealed a spectrum of severe developmental defects, including pronounced axial curvature, a high incidence of malformations, and reduced overall body length (Figure 1D). To determine the impact on early patterning, we further performed whole-mount in situ hybridization. Although the spatial domains of key lineage markers—including gsc and chd (dorsal mesoderm, assessed at 5 hpf), bmp4 and eve1 (ventral mesoderm, 5 hpf), ntl (axial mesoderm, assessed 8 hpf), sox17 (endoderm, 8 hpf), and gata2a (ectoderm, 8 hpf) —remained largely unaltered in dock11 MO embryos compared to WT embryos, their expression levels were markedly altered: the expression of chd was significantly increased, while that of gsc, eve1, sox17, and gata2a was decreased. Changes in bmp4 and ntl were not significant (Figure 1E). Collectively, these findings establish that dock11 is essential for normal embryogenesis and germ layer formation in zebrafish. Having established that the loss of dock11 disrupts early embryonic development in zebrafish, we next sought to delineate the underlying molecular mechanisms. We first characterised the spatiotemporal expression profile of dock11, finding its mRNA to be dynamically expressed, with a pronounced peak at 5 h post-fertilisation (hpf, Figure 2A)—a stage immediately preceding the onset of gastrulation that is critical for establishing the molecular patterns underlying subsequent cell fate determination. We therefore conducted transcriptomic profiling at this critical stage. RNA-seq analysis revealed extensive dysregulation in dock11 morphants, with 796 upregulated and 243 downregulated (Figure 2B,C, Table S1). Kyoto Encyclopedia of Genes and Genomes (KEGG) pathway analysis of these differentially expressed genes revealed enrichment in pathways related to embryonic development, including VEGF signalling, tight junction assembly, Hippo and MAPK signalling pathways (Figure 2D, Table S2). Furthermore, pathways governing cell fate, such as apoptosis, p53 signalling, ferroptosis, and cellular senescence, were prominently enriched, as were metabolic regulators like PPAR and AMPK signalling, and mRNA surveillance mechanisms (Figure 2D, Table S2). Gene ontology (GO) analysis of cellular component highlighted structures essential for tissue integrity and morphogenesis, including the extracellular matrix (ECM), endoplasmic reticulum membrane, ion-channel complexes, the basolateral plasma membrane, and cell–cell junctions. Enrichment was also observed for cytoskeletal elements and vesicle-related complexes (Figure 2E, Table S3). These results strongly suggest that dock11 regulates a broad transcriptional network essential for cell adhesion, intra-cellular signalling, and the maintenance of lineage integrity during early embryogenesis. It is noteworthy that while previous studies using dock11 knockout models in mice and zebrafish reported no embryonic lethality but rather focused on immune and hematopoietic phenotypes [8, 9], our study focuses on the role of dock11 during early embryogenesis. In conclusion, our integrated findings suggest the importance of embryonic-intrinsic factors in pregnancy loss. We demonstrate that dock11 is essential for body patterning and germ layer specification in the early vertebrate embryo. This work thus expands our understanding of the genetic aetiology of early pregnancy loss and establishes DOCK11 dysfunction as a previously unappreciated mechanistic contributor to the aetiology of early pregnancy loss. Wei Huang: Conceptualised, designed, and supervised the research, revised the manuscript, and handled the submission. Chang Liu and Meng Wang: Performed the experiments, collected and analysed the data, and drafted the original manuscript. Feng Chen, Mei Chen, and Yonghua Yao: Assisted with experiments. We would like to thank all the patients who participated in this study. This work was supported by National Key Research and Development Program of China, 2023YFC2705502. Natural Science Foundation of Sichuan province, 2025ZNSFSC0742. We acknowledge support from the National Key R&D Program of China (2023YFC2705502) and the General Program of Sichuan Provincial Natural Science Foundation (2025ZNSFSC0742). The study was approved by the Ethics Committee of West China Second University Hospital of Sichuan University (Approval No. 2025–51) and was approved by the Ethics Committee of Animal Experiments of Sichuan University (Approval No. 2025214). All participants provided written informed consent prior to their inclusion in the study. All authors reviewed the final manuscript and consented to its publication. The authors declare no conflicts of interest. The data that support the findings of this study are available from the corresponding author upon reasonable request. Table S1: List of Differentially Expressed Genes from RNA-seq Analysis of dock11 Morphants. Table S2: List of KEGG Pathway Enrichment Analysis for Differentially Expressed Genes from RNA-seq of dock11 Morphants. Table S3: List of GO Enrichment Analysis for Differentially Expressed Genes from RNA-seq of dock11 Morphants. Table S4: Sequences of primers used for quantitative real-time PCR. Please note: The publisher is not responsible for the content or functionality of any supporting information supplied by the authors. Any queries (other than missing content) should be directed to the corresponding author for the article.",2026,2026-01-01,article,en,https://openalex.org/W7118242678,False,0,explicit_multiomics,True,True,True,True
doi:10.1111/tpj.14914,doi:10.1111/tpj.14914,pubmed,pubmed,32634860,10.1111/tpj.14914,32634860,,WRKY42 transcription factor positively regulates leaf senescence through modulating SA and ROS synthesis in Arabidopsis thaliana.,"Leaf senescence represents the final stage of leaf growth and development, and its onset and progression are strictly regulated; however, the underlying regulatory mechanisms remain largely unknown. In this study we found that WRKY42 was highly induced during leaf senescence. Loss-of-function wrky42 mutants showed delayed leaf senescence whereas the overexpression of WRKY42 accelerated senescence. Transcriptome analysis revealed 2721 differentially expressed genes between wild-type and WRKY42-overexpressing plants, including genes involved in salicylic acid (SA) and reactive oxygen species (ROS) synthesis as well as several senescence-associated genes (SAGs). Moreover, WRKY42 activated the transcription of isochorismate synthase 1 (ICS1), respiratory burst oxidase homolog F (RbohF) and a few SAG genes. Consistently, the expression of these genes was reduced in wrky42 mutants but was markedly increased in transgenic Arabidopsis overexpressing WRKY42. Both in vitro electrophoretic mobility shift assays (EMSAs) and in vivo chromatin immunoprecipitation and dual luciferase assays demonstrated that WRKY42 directly bound to the promoters of ICS1 and RbohF, as well as a few SAGs, to activate their expression. Genetic analysis further showed that mutations of ICS1 and RbohF suppressed the early senescence phenotype evoked by WRKY42 overexpression. Thus, we have identified WRKY42 as a novel transcription factor positively regulating leaf senescence by directly activating the transcription of ICS1, RbohF and SAGs, without any seed yield penalty.",2020,2020-07-29,"Journal Article; Research Support, Non-U.S. Gov't",eng,https://pubmed.ncbi.nlm.nih.gov/32634860/,False,0,,True,False,True,False
doi:10.1126/sciadv.abo5482,doi:10.1126/sciadv.abo5482,europepmc,europepmc;pubmed;scopus,MED:36112674,10.1126/sciadv.abo5482,36112674,PMC9481125,Rapamycin treatment during development extends life span and health span of male mice and Daphnia magna .,"Development is tightly connected to aging, but whether pharmacologically targeting development can extend life remains unknown. Here, we subjected genetically diverse UMHET3 mice to rapamycin for the first 45 days of life. The mice grew slower and remained smaller than controls for their entire lives. Their reproductive age was delayed without affecting offspring numbers. The treatment was sufficient to extend the median life span by 10%, with the strongest effect in males, and helped to preserve health as measured by frailty index scores, gait speed, and glucose and insulin tolerance tests. Mechanistically, the liver transcriptome and epigenome of treated mice were younger at the completion of treatment. Analogous to mice, rapamycin exposure during development robustly extended the life span of Daphnia magna and reduced its body size. Overall, the results demonstrate that short-term rapamycin treatment during development is a novel longevity intervention that acts by slowing down development and aging, suggesting that aging may be targeted already early in life.",2022,2022-09-16,research-article; Journal Article,eng,https://europepmc.org/article/MED/36112674,False,2,,True,True,True,True
doi:10.1128/mbio.01628-20,doi:10.1128/mbio.01628-20,europepmc,europepmc;pubmed;scopus,MED:32788179,10.1128/mbio.01628-20,32788179,PMC7439466,Pathogenesis of Human Papillomaviruses Requires the ATR/p62 Autophagy-Related Pathway.,"High-risk human papillomaviruses (HPVs) constitutively activate the ataxia telangiectasia and Rad3-related (ATR) DNA damage response pathway, and this is required for viral replication. In fibroblasts, activated ATR regulates transcription of inflammatory genes through its negative effects on the autophagosome cargo protein p62. In addition, suppression of p62 results in increased levels of the transcription factor GATA4, leading to cellular senescence. In contrast, in HPV-positive keratinocytes, we observed that activation of ATR resulted in increased levels of phosphorylated p62, which in turn lead to reduced levels of GATA4. Knockdown of ATR in HPV-positive cells resulted in decreased p62 phosphorylation and increased GATA4 levels. Transcriptome sequencing (RNA-seq) analysis of HPV-positive cells identified inflammatory genes and interferon factors as negative transcriptional targets of ATR. Furthermore, knockdown of p62 or overexpression of GATA4 in HPV-positive cells leads to inhibition of viral replication. These findings identify a novel role of the ATR/p62 signaling pathway in HPV-positive cells. IMPORTANCE High-risk human papillomaviruses (HPVs) infect epithelial cells and induce viral genome amplification upon differentiation. HPV proteins activate the ATR DNA damage repair pathway, and this is required for HPV genome amplification. In the present study, we show that HPV-induced ATR activation also leads to suppression of expression of inflammatory response genes. This suppression results from HPV-induced phosphorylation of the autophagosome cargo protein p62 which regulates the levels of the transcription factor GATA4. Activation of p62 in normal fibroblasts results in senescence, but this is not seen in HPV-positive keratinocytes. Importantly, knockdown of p62 or overexpression of GATA4 in HPV-positive cells abrogates viral replication. This study demonstrates that activation of ATR in HPV-positive cells triggers a p62-directed pathway inducing suppression of inflammatory gene expression independent of DNA repair and facilitating HPV replication.",2020,2020-08-12,"Research Support, Non-U.S. Gov't; research-article; Journal Article; Research Support, N.I.H., Extramural",eng,https://europepmc.org/article/MED/32788179,False,2,,True,True,True,True
doi:10.1136/annrheumdis-2019-eular.1749,doi:10.1136/annrheumdis-2019-eular.1749,semantic_scholar,semantic_scholar,96f329011dca223a696666b842068b9d5fdbd251,10.1136/annrheumdis-2019-eular.1749,,,FRI0362 HIGH-DIMENSIONAL MULTIPARAMETRIC CHARACTERIZATION OF THE REGULATORY T CELLS LANDSCAPE IN SPONDYLOARTHRITIS,"Background The Spondyloarthritides (SpA) are immune-mediated conditions characterised by spinal and joint inflammation. The pathogenic role of Th17 lymphocytes has been shown by multiple studies but few reports exist on the phenotype of regulatory T cells (Tregs) and their role in the course of the disease. Studying Tregs is particularly challenging because of their heterogeneous phenotype and potential plasticity at the site of inflammation. Given the complexity of the Treg landscape, a multi-dimensional approach, including both protein and gene analysis, offers novel mechanistic insights that can be leveraged to develop new treatments. Objectives 1) To describe the Treg phenotype in SpA patients compared to controls. 2) To identify differential expression of markers, such as trafficking molecules or co-inhibitory molecules, within Tregs at the inflammatory site. 3) To define the gene expression landscape in Tregs in the peripheral blood and synovial fluid in patients with active SpA. Methods A total of 61 patients with SpA (38 with Ankylosing Spondylitis (AS), 23 with Psoriatic Arthritis (PsA)) and 16 age-matched healthy controls were recruited. Peripheral blood (PB) and paired synovial fluid (SF) mononuclear cells (n=8) were also analyzed. Isolated mononuclear cells were stained with 3 multicolor flow cytometry panels, including a total of 35 surface and intracellular protein markers. Manual gating was done in parallel with unsupervised data analysis using FlowSOM and SPADE. Cells from blood and synovial fluid from three treatment-naive PsA patients were isolated and their RNA sequenced at a single cell level with the 10x Genomics platform. Results Whereas no major difference in the Treg frequency was observed comparing the PB of SpA patients and healthy controls, in the SF we observed a higher Treg frequency, with a striking prevalence of the memory (CD45RA-) compartment (mean: 11.7 vs 4.7%; p=0.01) and a higher expression of Foxp3 (p=0.04). Trafficking markers demonstrated considerable heterogeneity, as visualized on SPADE analysis, mirroring the classification of T helper cells, but little difference in terms of relative frequency compared to healthy controls. Within the Treg compartment we identified populations of Helios-negative Th17-like cells able to secrete higher levels of IL-17A (mean: 2.8 vs 1.2%; p=0.02) while expressing normal levels of Foxp3; and putative regulatory CD8+ T cells expressing classical Treg features (Foxp3, CTLA4). The analysis of the single cell transcriptomic data confirmed a high degree of heterogeneity, both in the SF and the PB, with consistent findings across patients. Unsupervised clustering identified different subsets that share a core of regulatory transcripts, onto which additional programs are added, including a very distinct Th17-like module. Of note, various Treg subsets express preferentially different co-inhibitory genes, suggesting a functional specialization. Conclusion High-dimensional immunoprofiling in SpA patients shows normal frequency of Tregs in the PB, but increased Tregs with activated phenotype in the inflammatory site. The presence within the Treg population of Th17-like and CD8+ populations are intriguing preliminary findings that require further evaluation. Preliminary transcriptomic analysis confirms the presence of specialized subsets within the Treg compartment. Disclosure of Interests Davide Simone: None declared, India Brough: None declared, Liye Chen: None declared, Frank Penkava: None declared, Anna Ridley: None declared, Hui Shi: None declared, Hussein Al Mossawi Grant/research support from: UCB, Paul Bowness Grant/research support from: Merck, GSK, Celgene",2019,2019-06-01,,,https://www.semanticscholar.org/paper/96f329011dca223a696666b842068b9d5fdbd251,False,0,,True,False,True,False
doi:10.1136/jitc-2025-014454,doi:10.1136/jitc-2025-014454,europepmc,europepmc;pubmed;scopus,MED:42044975,10.1136/jitc-2025-014454,42044975,PMC13140945,"Immune checkpoint blockade as an accelerator of adrenal aging: a testable model linking low-grade cortical inflammation to proteostasis failure, LDLR/SULT2A1 suppression, and reduced DHEA output.","Immune checkpoint blockade (ICB) unleashes antitumor immunity but frequently provokes enduring endocrine toxicities. We hypothesize that ICB accelerates adrenal aging by establishing chronic low-level inflammation within the adrenal cortex, with targeting vulnerability of the zona reticularis. Integrating a recently published human multiorgan aging proteome atlas and primate adrenal aging study with survivorship data after ICB therapy, we propose a testable signaling cascade: ICB-amplified interferon gamma (IFNγ)/ tumor necrosis factor (TNF)/ interleukin-1 signaling activates nuclear factor kappa B (NF-κB)/signal transducer and activator of transcription 1 (STAT1), suppressing sterol regulatory element-binding protein 2 (SREBP2)-low-density lipoprotein receptor (LDLR)-mediated cholesterol uptake; concurrent mitochondrial/endoplasmic reticulum stress drives proteome-transcriptome decoupling, loss of cytochrome b5 type A (CYB5A), and impaired cytochrome P450 family 17 subfamily A member 1 (CYP17A1) 17,20-lyase activity; inflammatory transcriptional repression of sulfotransferase family 2A member 1 (SULT2A1) with proteostasis decay reduces dehydroepiandrosterone (DHEA) sulfation. The net result is a persistent fall in DHEA/DHEA sulfate (DHEAS) with comparatively preserved cortisol-mirroring natural adrenal aging. We advocate prospective measurement of DHEAS, DHEA, adrenocorticotropic hormone (ACTH), and cortisol at baseline, during therapy, end of therapy, and 6-24 months post-therapy; if early DHEAS decline is confirmed, targeted interventions including DHEA replacement or glucocorticoid receptor antagonism warrant evaluation. This framework reframes certain endocrine immune-related adverse events as ""accelerated organ aging,"" with implications for risk stratification, toxicity prevention, and survivorship care.",2026,2026-04-27,other; Journal Article,eng,https://europepmc.org/article/MED/42044975,False,2,,True,True,True,True
doi:10.1152/physiol.2025.40.s1.1897,doi:10.1152/physiol.2025.40.s1.1897,semantic_scholar,semantic_scholar,dd7f04961a12ffd4ea4099dd59cdadcd336104a1,10.1152/physiol.2025.40.s1.1897,,,Regulatory Role of Mitochondrial Protein FAM210A in Liver Homeostasis and Repair,"Metabolic-associated fatty liver disease (MAFLD) is a leading cause of liver cirrhosis and hepatocellular carcinoma worldwide. Mitochondrial dynamics play a critical role in maintaining liver health and homeostasis; however, the underlying mechanisms in MAFLD and liver repair remain unclear. In this study, we identified Family with sequence similarity 210, member A (FAM210A) as a novel hepatocyte-enriched protein with distinct roles in MAFLD pathogenesis during juvenile development and liver repair in adulthood. Hepatocyte-specific Fam210a knockout ( Fam210a HKO ) mice exhibited growth restriction at 3 to 5 weeks old, characterized by reduced body and liver weight. The Fam210a HKO liver displayed abnormal fat accumulation, decreased glycogen storage, and impaired mitochondrial activity, profoundly affecting lipid metabolism. Systemically, Fam210a loss led to reduced serum glucose levels in the fasting-refeeding state, though glucose tolerance and insulin sensitivity remained unchanged. Strikingly, these metabolic abnormalities resolved in adult Fam210a HKO mice, which exhibited normal body and liver weight, glucose levels, fat accumulation, and mitochondrial protein expression, except for persistently reduced glycogen storage. Transcriptomic analysis revealed significant downregulation of fatty acid metabolism, amino acid catabolism, and small molecule catabolic pathways, while nuclear division, chromosome segregation, cell cycle, and organelle fission pathways were markedly upregulated in the Fam210a HKO liver at 5 weeks of age. These findings suggest active hepatocyte proliferation and liver regeneration occurring after the MAFLD-like phenotype in Fam210a HKO liver. This was further supported by electron microscopy and Ki67 immunostaining, confirming increased hepatocyte proliferation in Fam210a HKO livers at this stage. Mitochondrial proteomics analysis reveals that pathways related to nucleoplasm are enriched in in Fam210a HKO mitochondria, while pathways related to membrane, peroxisome and protein-containing complex are downregulated. Mechanistically, we found that FAM210A deficiency disrupted mitochondrial remodeling by promoting excessive OPA1 cleavage through its interaction with the mitochondrial protease YME1L, which leads to the metabolic dysfunction of Fam210a -deficiency liver in early life. Overall, our findings establish FAM210A as a key regulator of liver mitochondrial dynamics and provide new insights into its role in MAFLD pathogenesis and liver repair. This study was supported by NIH-R01DK136722 (F.Y.) and Older Americans Independence Center (OAIC) Pepper Junior Scholar Award (F.Y.) with parent grant NIH-P30AG028740. This abstract was presented at the American Physiology Summit 2025 and is only available in HTML format. There is no downloadable file or PDF version. The Physiology editorial board was not involved in the peer review process.",2025,2025-05-01,JournalArticle; Review,,https://www.semanticscholar.org/paper/dd7f04961a12ffd4ea4099dd59cdadcd336104a1,False,0,,True,False,True,False
doi:10.1155/humu/3637248,doi:10.1155/humu/3637248,pubmed,pubmed;scopus,41377896,10.1155/humu/3637248,41377896,PMC12688647,Integrative Transcriptomic and Machine Learning Analysis Identifies Key Senescence-Associated Secretory Phenotype Genes Associated With Immune Dysregulation in Periodontitis.,"Periodontitis (PD) is a chronic inflammatory disorder marked by immune dysregulation and progressive tissue destruction. Cellular senescence and the senescence-associated secretory phenotype (SASP) have been increasingly recognized as pivotal drivers of chronic inflammation. However, their specific contributions to PD remain insufficiently clarified. In this study, integrative bioinformatic analyses were conducted across transcriptomic datasets, employing least absolute shrinkage and selection operator, support vector machine-recursive feature elimination, and eXtreme gradient boosting algorithms to identify SASP-related genes of significance. ICAM1, CXCL12, and MMP3 were found to be markedly upregulated in PD and demonstrated strong diagnostic potential through receiver operating characteristic and artificial neural network models. Functional enrichment analysis indicated their involvement in immune cell adhesion, migration, and infection-associated pathways. Immune infiltration profiling revealed disrupted immune landscapes, with ICAM1 exhibiting a negative correlation with resting mast cells. Experimental validation using real-time quantitative polymerase chain reaction and immunohistochemistry on clinical samples confirmed elevated expression of these genes at both the mRNA and protein levels. Moreover, dexamethasone was identified via molecular docking as a potential therapeutic compound targeting ICAM1 and CXCL12. Collectively, these findings advance the understanding of SASP associated with immune regulation in PD and suggest potential biomarkers and therapeutic targets for early diagnosis and intervention.",2025,2025-12-02,Journal Article,eng,https://pubmed.ncbi.nlm.nih.gov/41377896/,False,1,,False,True,True,False
doi:10.1158/1538-7445.am2019-4369,doi:10.1158/1538-7445.am2019-4369,semantic_scholar,semantic_scholar,a445ec9f3067b5fea547a3df475d091dc59d0a5b,10.1158/1538-7445.am2019-4369,,,Abstract 4369: Plasma metabolomic biomarkers for an early detection of colorectal cancer,"The aim of this study was to identify a plasma metabolic pattern characteristic of colorectal cancer (CRC) which could be used to assess the effectiveness of CRC surgery procedures and, eventually, support an early detection on CRC recurrence. CRC survival and treatment depends on accurate staging. In the past few years, numerous efforts have been made to discover new non-invasive biomarkers of CRC to enhance current diagnosis and prognostic capabilities. The metabolome is the result of the interaction of different -omic levels (genomic, epigenomic, transcriptional, proteomic) and the set of external interventions. Metabolites are involved in almost every biochemical reaction in the human body and provide a direct meaningful readout of its dynamic biochemical status. Because of that, metabolomics is a highly relevant approach to explore individual phenotypes in systems biology of cancer. This study reports results obtained from the metabolomic analysis of plasma samples collected from 40 CRC patients (stages I-IV) and 20 healthy controls matched by for age and gender. Blood from 20 matched post-CRC surgery cases (stages I-III) was collected 1-2 years after surgery to evaluate the correlation of changes in the plasma metabolome with surgery effectiveness. Metabolomic and lipidomic analysis was carried out by reversed phase LC-MS. The sample set was split into train (CRC pre-surgery (n=30) and Control (n=15) and test (CRC pre-surgery (n=10), CRC post-surgery (n=20) and Control(n=5)) subsets. The train set was used to build a multivariate model to discriminate CRC pre-surgery and Control groups and the test set was exclusively used to evaluate its generalization performance. Results from this exploratory study showed a statistically significant difference between the metabolic profiles of samples collected pre-CRC surgery and those collected post-surgery and from healthy individuals. Among other metabolites, CRC metabolic profile was characterized by lower levels of tryptophan and several carnitines (propionyl-carnitine, methyl-butirylcarnitine) and isoleucyl-leucine. Finally, our results indicate that these metabolites are at similar level than healthy individuals in post-CRC surgery samples. This cohort included only 2 CRC patients with diagnosed recurrence and 18 recurrence-free patients (stages I-III) within 3‐4 years clinical follow-up after surgery and so, more data is required for the estimation of the predictive value of this metabolomic approach for the assessment of the treatment efficiency or disease progression. Conclusions: Our pilot study has identified a pattern of plasma metabolites that correlates with the presence of colorectal tumor. Furthermore, our results indicate that at 1 year post-CRC surgery these metabolites are normalized. Further work is required to establish whether these metabolites could serve as novel disease biomarkers for a minimally invasive diagnosis and monitoring of CRC. Citation Format: Anna Brunet-Vega, Maria Elisa Quilez, Carles Pericay, Ismael Macias, Laia Vila, Eva Martinez-Balibrea, Sergio Lario, Guillermo Quintas. Plasma metabolomic biomarkers for an early detection of colorectal cancer [abstract]. In: Proceedings of the American Association for Cancer Research Annual Meeting 2019; 2019 Mar 29-Apr 3; Atlanta, GA. Philadelphia (PA): AACR; Cancer Res 2019;79(13 Suppl):Abstract nr 4369.",2019,2019-07-01,,,https://www.semanticscholar.org/paper/a445ec9f3067b5fea547a3df475d091dc59d0a5b,False,0,,True,False,True,False
doi:10.1158/1538-7445.am2025-ct065,doi:10.1158/1538-7445.am2025-ct065,semantic_scholar,semantic_scholar,f4dcbf6cd2b433f62cc32a995838b0f87905088a,10.1158/1538-7445.am2025-ct065,,,Abstract CT065: Results of a phase 1 multicenter study on Oncobax®-AK with immunotherapy in renal cell carcinoma (NCT 05865730),"Patients with advanced solid tumors who respond to immunotherapy are more likely to have Akkermansia spp (Akk) in their stools. Its absence (in ∼45% of patients) is linked to poorer outcomes, independently of other clinical prognostic factors. We present safety and efficacy results from a Phase I study of Oncobax®-AK live biotherapeutics combined with nivolumab plus ipilimumab in intermediate- and poor-risk IMDC renal cell carcinoma (RCC) patients who tested negative for stool Akk. Intermediate and poor risk IMDC RCC were screened for the presence of Akk using a qPCR stool test. This test was designed to detect specific Akk (SGB9226 and 9228). Only patients who tested negative for stool Akk received 1X oral capsules of Oncobax-AK (a specific strain of SGB9228, p2261) alone for 1 week, followed by a combination with nivolumab plus ipilimumab continuously until progression. The primary endpoints were safety, pharmacodynamics of Oncobax®-AK and overall response rate (ORR) according to RECIST 1.1. Blood and stools were collected at different time points for multi-omics pharmacodynamic analyses. Of the 29 patients assessed for eligibility, 11 (38%) did not harbor gut Akk spp. Among them, 2 patients refused to continue in the trial. We finally enrolled 9 patients. The median age was 57 years (n=9: 1 F and 8 M). Of these 9 pts, 8 had an intermediate and 1 had a poor IMDC risk score. No Oncobax-AK-related serious adverse events were observed. Only one patient had a serious immunotherapy-related adverse event that led to treatment withdrawal. After a median follow up of 14.9 months, all patients are still alive and 4 pts had a partial response (PR) for > 6 months (including 2 pts with ongoing PR for over 15 months, continuing the intervention). One pt had stable disease (SD), 3 had progressive disease (PD), and 1 was not evaluable (NE). Among the evaluable patients, the ORR was 50%. Multi-omics analyses reviled that Oncobax®-AK remains detectable over time and induced changes in the microbiome, leaky gut markers, immune and metabolite profiles. These changes suggest potential pharmacodynamic biomarkers, as they reflect the biological effects of Oncobax®-AK and its role in modulating gut integrity, immune responses, and metabolic pathways, which may be associated with clinical outcomes. This is the first trial targeting patients lacking Akkermansia spp. in their stools. Oncobax®-AK combined with immunotherapy in intermediate- and poor-risk IMDC renal cell carcinoma appears safe and may modulate gut microbiota, inflammation, metabolites, and immune profile, potentially mimicking a responder's profile and leading to clinical and radiological benefits in some patients. Based on these promising results, enrollment is ongoing and has now been expanded to include non-small cell lung cancer patients with a dose escalation up to 6X. Lisa Derosa, Philippe Barthélémy, Brigitte Laguerre, François Giringhelli, everImmune, Fabrice Barlesi, Bernard Escudier, Laurence Zitvogel, Larence Albiges. Results of a phase 1 multicenter study on Oncobax®-AK with immunotherapy in renal cell carcinoma (NCT 05865730) [abstract]. In: Proceedings of the American Association for Cancer Research Annual Meeting 2025; Part 2 (Late-Breaking, Clinical Trial, and Invited Abstracts); 2025 Apr 25-30; Chicago, IL. Philadelphia (PA): AACR; Cancer Res 2025;85(8_Suppl_2):Abstract nr CT065.",2025,2025-04-25,JournalArticle,,https://www.semanticscholar.org/paper/f4dcbf6cd2b433f62cc32a995838b0f87905088a,False,0,,True,False,True,False
doi:10.1158/1538-7445.fcs2025-p17,doi:10.1158/1538-7445.fcs2025-p17,semantic_scholar,semantic_scholar,fb575fa21f76d4dd91ecb7499faf61929ffcb06f,10.1158/1538-7445.fcs2025-p17,,,Abstract P17: Escape From Therapy-Induced Senescence Drives ABCB1-Mediated Drug Resistance And Evades Aneuploidy Surveillance,"Successful anti-cancer therapy relies on tumor cell killing or senescence induction where cells cease proliferating. However, although senescence initially causes tumor suppression, it can also contribute to tumor recurrence via paracrine tumorigenic action of the senescent secretome. Interestingly, recent findings have challenged the permanence of the senescence cell cycle arrest and shown that cancer cells can escape therapy-induced senescence and contribute to the emergence of residual disease, serving as an additional avenue towards cancer relapse. However, the underlying mechanisms that drive senescence escape, as well as the cellular response of escaped cells, remain largely unknown. Here, we unravel the transcriptomic regulatory modules that underlie senescence escape via a time-resolved approach across the senescence-senescence escape continuum. We show that transition to senescence escape is marked by gradual downregulation of P53 targets and inflammatory SASP genes, prior to shifting towards cell cycle re-entry driven by E2F and MYC. Importantly, we find greater abundance of the drug efflux pump encoded by ABCB1 that promotes drug resistance in chemotherapy rechallenged senescence-escaped cells. Further, these rechallenged cells exhibit mild aneuploidy and evaded surveillance. In addition, we observed elevated genomic instability accompanied by increased basal levels of replication stress in senescence-escaped cells. Taken together, our findings demonstrate a mechanism by which senescence-escaped cells are able to catalyse rapid acquisition and adaptation to resistance without repeated dose-escalating exposure of chemotherapy agents. This could help fuel rapid emergence of chemotherapy-resistant clones that overcome senescence to foster drug resistance in patients. Matius Robert, Rekha Jakhar, Laura Gonzalez-Trueba, Karen Carmelina Crasta. Escape From Therapy-Induced Senescence Drives ABCB1-Mediated Drug Resistance And Evades Aneuploidy Surveillance [abstract]. In: Proceedings of Frontiers in Cancer Science 2025; 2025 Nov 5-7; Singapore. Philadelphia (PA): AACR; Cancer Res 2026;86(13_Suppl):Abstract nr P17.",2026,2026-07-02,JournalArticle,,https://www.semanticscholar.org/paper/fb575fa21f76d4dd91ecb7499faf61929ffcb06f,False,0,,True,False,True,False
doi:10.1158/1557-3265.sabcs24-p4-03-26,doi:10.1158/1557-3265.sabcs24-p4-03-26,semantic_scholar,semantic_scholar,9ea823fc49d305c67d0c88bebfe1f1411182d2dc,10.1158/1557-3265.sabcs24-p4-03-26,,,Abstract P4-03-26: MINDY1 role and exceptional response to CDK inhibitors in metastatic breast cancer,"Background: Patients exhibiting exceptional response to targeted treatments represent a unique opportunity towards identifying predictive biomarkers of response. The introduction of edits into the genome using Clustered Regularly Interspaced Short Palindromic Repeats (CRISPR) creates cancer models that can unravel the mechanisms driving tumorigenesis and response to drug agents. The study aimed to identify candidate molecular alterations associated with exceptional response to CDK inhibitors (CDKi) and validate their effects using genome editing. Methods: Patients with ER-positive, HER2-negative advanced breast cancer treated with CDKi and endocrine combination therapy at Departments of Oncology-affiliated with the Hellenic Cooperative Oncology Group (HeCOG), were included. Exceptional response was defined as either complete response (CR) to the treatment regimen or partial response (PR) for 3 years, per physician’s assessment. Formalin-fixed paraffin-embedded (FFPE) tumor tissue samples, obtained prior to CDKi administration from these patients were retrospectively collected. Whole-exome sequencing (WES) was performed to analyze tumor mutational landscape of exceptional responders to CDKi. Using CRISPR-mediated genome editing, a breast cancer cell model harboring a patient-specific SNP and the negative control were prepared, and subsequently evaluated for their responsiveness to palbociclib. Transcriptomic and proteomic analyses were conducted to uncover alterations in network interactions, between the two cell lines, elucidating the exceptional response to CDKi. Results: Overall, 12 women identified as exceptional responders, initiated CDKi treatment from March 2017 to February 2020; median age at diagnosis was 46 (range, 37 to 78). All patients had received the CDKi as first-line treatment; most commonly palbociclib (10 patients, 83.3%). Based on physician assessment, 50% of patients achieved CR with the combination therapy. After a median follow up of 65 months, 10 patients are still alive, and 7 are still receiving treatment with CDKi in combination with endocrine treatment. WES results with adequate mapped reads and acceptable technical characteristics in both tumor and control blood samples were obtained from 6 of 12 patients. A set of germline and somatic single nucleotide polymorphisms (SNPs) commonly shared in this cohort was identified. The focus was on MINDY1, a member of the MINDY family of deubiquitinases (DUBs), known as a deubiquitylase of ERα in breast cancer, the common SNP among all 6 patients. Utilizing CRISPR-based genome editing, a breast cancer cell model harboring a specific MINDY1 SNP was engineered, and their response to palbociclib was subsequently evaluated. Depletion of MINDY1 transcripts through RNA interference with short-hairpin RNA, increased sensitivity to palbociclib in both cell lines, confirming that MINDY1 protein is involved in molecular pathways related to palbociclib response. The functional role of MINDY1 rs771205 was also investigated by combining transcriptomic and proteomic data. Our data demonstrated that the MINDY1 rs771205 SNP, which causes an amino acid substitution, while it does not impact the respective transcript and protein levels, alters the MINDY1 protein’s interaction network. Conclusions: The Rs771205 single mutation alters the MINDY1 protein’s interaction network, sensitizing cells to palbociclib. Our study sheds new light on the underlying mechanisms driving exceptional response in patients with ER-positive, HER2-negative advanced breast cancer treated with CDKi and endocrine combination therapy , demonstrating that it is an opportune moment to invest attention and resources towards probing the underlying mechanisms of exceptional response in cancer patients. Citation Format: Eleni Balla, Yi Li, Kyriaki Papadopoulou, John T. Nguyen, Zikun Zhou, Anna Koumarianou, Eleni Galani, Rania Romanidou, George Fountzilas, Evangelia Razis, Angelos Koutras, Leonidas Bleris, Elena Fountzilas. MINDY1 role and exceptional response to CDK inhibitors in metastatic breast cancer [abstract]. In: Proceedings of the San Antonio Breast Cancer Symposium 2024; 2024 Dec 10-13; San Antonio, TX. Philadelphia (PA): AACR; Clin Cancer Res 2025;31(12 Suppl):Abstract nr P4-03-26.",2025,2025-06-13,JournalArticle,,https://www.semanticscholar.org/paper/9ea823fc49d305c67d0c88bebfe1f1411182d2dc,False,0,,True,False,True,False
doi:10.1159/000477493,doi:10.1159/000477493,semantic_scholar,semantic_scholar,0ae9b7e9b7beb377b6d3c8ce534cea0d944c42a9,10.1159/000477493,28868294,,Integration of Proteomics and Metabolomics in Exploring Genetic and Rare Metabolic Diseases,"Background: Inherited metabolic disorders or inborn errors of metabolism are caused by deficiency of enzymatic activities in the catabolism of amino acids, carbohydrates, or lipids. These disorders include aminoacidopathies, urea cycle defects, organic acidemias, defects of oxidation of fatty acids, and lysosomal storage diseases. Inborn errors of metabolism constitute a significant proportion of genetic diseases, particularly in children; however, they are individually rare. Clinical phenotypes are very variable, some of them remain asymptomatic, others manifest metabolic decompensation in neonatal age, and others encompass mental retardation at later age. The clinical manifestation of these disorders can involve different organs and/or systems. Some disorders are easily managed if promptly diagnosed and treated, whereas in other cases neither diet, vitamin therapy, nor transplantation appears to prevent multi-organ impairment. Summary: Here, we discuss the principal challenges of metabolomics and proteomics in inherited metabolic disorders. We review the recent developments in mass spectrometry-based proteomic and metabolomic strategies. Mass spectrometry has become the most widely used platform in proteomics and metabolomics because of its ability to analyze a wide range of molecules, its optimal dynamic range, and great sensitivity. The fast measurement of a broad spectrum of metabolites in various body fluids, also collected in small samples like dried blood spots, have been facilitated by the use of mass spectrometry-based techniques. These approaches have enabled the timely diagnosis of inherited metabolic disorders, thereby facilitating early therapeutic intervention. Due to its analytical features, proteomics is suited for the basic investigation of inborn errors of metabolism. Modern approaches enable detailed functional characterization of the pathogenic biochemical processes, as achieved by quantification of proteins and identification of their regulatory chemical modifications. Key Message: Mass spectrometry-based “omics” approaches most frequently used to study the molecular mechanisms underlying inherited metabolic disorders pathophysiology are described.",2017,2017-06-30,Review; JournalArticle,,https://www.semanticscholar.org/paper/0ae9b7e9b7beb377b6d3c8ce534cea0d944c42a9,False,0,,True,False,True,False
doi:10.1161/circ.149.suppl_1.p311,doi:10.1161/circ.149.suppl_1.p311,semantic_scholar,semantic_scholar,76bd44282773c7df489280479c483aebd1fce990,10.1161/circ.149.suppl_1.p311,,,Abstract P311: Metabolomic Associations With Blood Pressure and Hypertension in Multi-Ethnic Populations,"Introduction: Hypertension (HTN) is a leading cause of cardiovascular disease and premature death. A few circulating metabolites have been associated with blood pressure or HTN; however, findings from multi-ethnic populations are limited. Methods: Discovery analysis included eight population-based cohorts from the Trans-Omics for Precision Medicine (TOPMed) consortium, including adults of White, Black and Hispanic/Latino ancestries. Replication analyses were performed in six independent studies from the Cohorts for Heart and Aging Research in Genomic Epidemiology (CHARGE) and TOPMed. Fixed-effect inverse variance weighted meta-analysis was applied, on study- and ethnic-specific linear and logistic regression results, to estimate circulating metabolites association with systolic (SBP), diastolic blood pressure (DBP), and HTN cross-sectionally, adjusting for age, sex, body mass index, smoking status, lipids, kidney function, and diabetes prevalence. Global metabolomic analysis and pathway enrichment were performed to identify potentially altered metabolic pathways, and two-sample Mendelian randomization (MR) was performed to test for causal relationships between replicated metabolites and SBP, DBP, and HTN. Results: Out of 1,055 meta-analyzed metabolites, 336 were significantly associated (FDR<0.05) with all three BP traits among 17,767 participants (7,097 White, 5,406 Black, and 5,264 Hispanic/Latino). Xanthopterin had the strongest positive association (SBP: β=3.16, DBP: β=1.78, HTN: OR=1.34), and NH4_C18:2 CE had the strongest inverse association (SBP: β=-2.31, DBP: β=-1.49, HTN: OR=0.75), per SD increase of the metabolite level. The directions of associations were generally consistent across sex and racial/ethnic groups. Pathway enrichment analysis identified two enriched pathways (FDR<0.05): alanine, aspartate and glutamate metabolism and citrate cycle. Of 222 metabolites available for replication, 114 metabolites associated with all three traits (FDR<0.05) among 20,567 participants. MR analysis identified 18 potentially causal associations between metabolites and BP traits, including palmitoylcarnitine - a carnitine derivative that showed consistent positive causal associations across SBP, DBP and HTN (FDR<0.05).",2024,2024-03-19,JournalArticle,,https://www.semanticscholar.org/paper/76bd44282773c7df489280479c483aebd1fce990,False,0,,True,True,True,True
doi:10.1161/circresaha.125.327427,doi:10.1161/circresaha.125.327427,pubmed,pubmed;scopus;semantic_scholar,42200276,10.1161/circresaha.125.327427,42200276,PMC13382611,LATS1/2-CD38 Metabolic Rewiring Links Senescence to Intraplaque Thrombosis.,"Atherothrombosis, which underlies most acute coronary syndromes and is driven by intraplaque thrombosis, preferentially occurs in regions of disturbed blood flow (d-flow). Although LATS1/2 (large tumor suppressor kinases 1 and 2) are known regulators of endothelial mechanotransduction, the mechanisms by which d-flow connects endothelial senescence, proliferation, and intraplaque thrombosis remain poorly understood. We investigated endothelial cell (EC)-specific roles of Lats1/2 using inducible EC-specific knockout mice in a partial carotid ligation model. Spatial multiomics of human and mouse plaques was performed using imaging mass cytometry, COMET sequential immunofluorescence, and spatial metabolomics. Tamoxifen-induced deletion of both Lats1 and Lats2 (homozygous) in ECs caused fatal edema and increased vascular permeability. In contrast, Lats1 het ( ± ) / Lats2 homo ( -/-) -EC-specific knockout mice survived and developed spontaneous atherothrombotic plaques with neovascularization. Spatial proteomics revealed that LATS1/2 loss induced a senescence-associated stemness phenotype driven by CD38 upregulation. Spatial metabolomics showed sulfite and taurine accumulation, indicating SUOX (sulfite oxidase) deficiency. CD38 suppressed SUOX, demonstrated a switch into the reverse mode of mitochondrial complex V, increased succinate dehydrogenase activity, and promoted ATP consumption. Despite ATP depletion, glutamate metabolism and the citric acid cycle flux increased, sustaining EC proliferation under energetic stress. This senescence-associated stemness state promoted both proliferation and senescence, leading to fragile, leaky neovessels and intraplaque thrombotic lesions. Pharmacological CD38 inhibition attenuated these phenotypes. Similar EC states were observed in human plaques. Loss of Lats1/2 in ECs induces a CD38-associated senescence-associated stemness-like phenotype that promotes intraplaque thrombosis through mitochondrial metabolic reprogramming, including changes consistent with reverse-mode operation of mitochondrial complex V. These findings define a mechanistic link between disturbed flow, endothelial metabolic reprogramming, and intraplaque thrombosis and hemorrhage.",2026,2026-05-27,Journal Article,eng,https://pubmed.ncbi.nlm.nih.gov/42200276/,False,2,,True,False,True,False
doi:10.1161/str.57.suppl_1.a130,doi:10.1161/str.57.suppl_1.a130,semantic_scholar,semantic_scholar,2d0007f360e063f5e5349a7b44630f16c54b2eaf,10.1161/str.57.suppl_1.a130,,,Abstract A130: Comparative Performance of Metabolomic and Genomic Risk Scores in Predicting Incident Ischemic Stroke,"Background: Blood biomarkers (including metabolomics) and genetics have identified risk factors for incident stroke but are not frequently compared together. Methods: We conducted a nested case-control study within the REGARDS cohort (986 ischemic stroke cases, 881 controls) among participants aged 45+ enrolled 2003-2007. Participants with a history of stroke/TIA or hemorrhagic stroke at enrollment baseline were excluded. A polygenic risk score (PRS) for stroke was derived from the GIGASTROKE consortium data using PLINK software. A metabolomic risk score (MRS) was developed from metabolomics data using LASSO regression in a randomly selected training dataset (n=942). We then compared MRS and PRS performance in a testing dataset (n=925) using Cox regression and examined stroke-free survival across four risk groups defined by high/low combinations of both scores using Kaplan-Meier analysis. Results: The training (n=942) and testing (n=925) sets were well balanced, with similar age (68.5 vs. 68.8 years), gender (49.9% vs. 49.2% female), race (59.7% vs. 62% Caucasian), and incident stroke rates (51.3% vs. 54.2%), with no significant differences between groups. The MRS was derived from 17 metabolites which included Guanosine, C3 malonylcarnitine, Gutamate, and Pseudourine. In a model adjusted for age and gender, the MRS had the strongest association with incident stroke (HR = 1.52, 95% CI 1.27–1.81, p < 0.0001) compared with the PRS (HR = 1.35, 95% CI 1.17–1.55, p < 0.0001), and this association remained robust after adjustment for Framingham stroke risk factors. Predictive performance improved from PRS alone (AUC = 0.57) to PRS + MRS (AUC = 0.62), reaching optimal discrimination when the PRS, MRS, and Framingham risk factors were combined (AUC = 0.65). There was a stepwise relationship, with stroke incidence the lowest in the low-risk (MRS low/PRS low) group and highest in the combined high-risk (MRS high/PRS high) group. Conclusion: A metabolomic risk score had independent predictive value for incident ischemic stroke when compared to a polygenic risk score, and models that combined it with Framingham risk factors had the best predictive performance. Patients with high metabolomic risk scores and high polygenic risk scores have the highest risk of developing incident stroke.",2026,2026-02-01,JournalArticle,,https://www.semanticscholar.org/paper/2d0007f360e063f5e5349a7b44630f16c54b2eaf,False,0,,True,False,False,False
doi:10.1172/jci.insight.149446,doi:10.1172/jci.insight.149446,europepmc,europepmc;pubmed;scopus;semantic_scholar,MED:34236053,10.1172/jci.insight.149446,34236053,PMC8410072,Combining multiomics and drug perturbation profiles to identify muscle-specific treatments for spinal muscular atrophy.,"Spinal muscular atrophy (SMA) is a neuromuscular disorder caused by loss of survival motor neuron (SMN) protein. While SMN restoration therapies are beneficial, they are not a cure. We aimed to identify potentially novel treatments to alleviate muscle pathology combining transcriptomics, proteomics, and perturbational data sets. This revealed potential drug candidates for repurposing in SMA. One of the candidates, harmine, was further investigated in cell and animal models, improving multiple disease phenotypes, including lifespan, weight, and key molecular networks in skeletal muscle. Our work highlights the potential of multiple and parallel data-driven approaches for the development of potentially novel treatments for use in combination with SMN restoration therapies.",2021,2021-07-08,"Research Support, Non-U.S. Gov't; research-article; Journal Article",eng,https://europepmc.org/article/MED/34236053,False,3,,True,True,True,True
doi:10.1177/0022034520958374,doi:10.1177/0022034520958374,pubmed,pubmed,32940141,10.1177/0022034520958374,32940141,,Serine Metabolism Controls Dental Pulp Stem Cell Aging by Regulating the DNA Methylation of p16.,"To investigate the characteristics and molecular events of dental pulp stem cells (DPSCs) for tissue regeneration with aging, we isolated and analyzed the stem cells from human exfoliated deciduous teeth (SHED) and permanent teeth of young (Y-DPSCs) and old (A-DPSCs) adults. Results showed that the stemness and osteogenic differentiation capacity of DPSCs decreased with aging. The RNA sequencing results showed that glycine, serine, and threonine metabolism was one of the most enriched gene clusters among SHED, Y-DPSCs, and A-DPSCs, according to analysis based on the Kyoto Encyclopedia of Genes and Genomes. The expression of serine metabolism-related enzymes phosphoserine aminotransferase 1 (PSAT1) and phosphoglycerate (PHGDH) decreased in A-DPSCs and provided less methyl donor S-adenosylmethionine (SAM) for DNA methylation, leading to the hypomethylation of the senescence marker p16 (CDNK2A). Furthermore, the proliferation and differentiation capacity of Y-DPSCs and SHED decreased after PHGDH siRNA treatment, which reduced the level of SAM. Convincingly, the ratios of PSAT1-, PHGDH-, or proliferating cell nuclear antigen-positive cells in the dental pulp of old permanent teeth were less than those in the dental pulp of deciduous teeth and young permanent teeth. In summary, the stemness and differentiation capacity of DPSCs decreased with aging. The decreased serine metabolism in A-DPSCs upregulated the expression of p16 via attenuating its DNA methylation, resulting in DPSC aging. Our finding indicated that serine metabolism and 1 carbon unit participated in stem cell aging, which provided new direction for stem cell aging study and intervention.",2020,2020-09-17,"Journal Article; Research Support, Non-U.S. Gov't",eng,https://pubmed.ncbi.nlm.nih.gov/32940141/,False,0,,True,True,True,True
doi:10.1182/blood-2005-09-3585,doi:10.1182/blood-2005-09-3585,pubmed,openalex;pubmed,16293602,10.1182/blood-2005-09-3585,16293602,PMC1895717,The Polycomb group gene Ezh2 prevents hematopoietic stem cell exhaustion.,"The molecular mechanism responsible for a decline of stem cell functioning after replicative stress remains unknown. We used mouse embryonic fibroblasts (MEFs) and hematopoietic stem cells (HSCs) to identify genes involved in the process of cellular aging. In proliferating and senescent MEFs one of the most differentially expressed transcripts was Enhancer of zeste homolog 2 (Ezh2), a Polycomb group protein (PcG) involved in histone methylation and deacetylation. Retroviral overexpression of Ezh2 in MEFs resulted in bypassing of the senescence program. More importantly, whereas normal HSCs were rapidly exhausted after serial transplantations, overexpression of Ezh2 completely conserved long-term repopulating potential. Animals that were reconstituted with 3 times serially transplanted control bone marrow cells all died due to hematopoietic failure. In contrast, similarly transplanted Ezh2-overexpressing stem cells restored stem cell quality to normal levels. In a ""genetic genomics"" screen, we identified novel putative Ezh2 target or partner stem cell genes that are associated with chromatin modification. Our data suggest that stabilization of the chromatin structure preserves HSC potential after replicative stress.",2005,2005-11-17,"Journal Article; Research Support, N.I.H., Extramural; Research Support, Non-U.S. Gov't",eng,https://pubmed.ncbi.nlm.nih.gov/16293602/,False,1,,True,True,True,True
doi:10.1182/blood-2021-153550,doi:10.1182/blood-2021-153550,semantic_scholar,semantic_scholar,9858e42a296a9eb44f40cf3f19336e38fead3b4d,10.1182/blood-2021-153550,,,Single-Cell Transcriptomics Study of Human Hematopoietic Progenitors Reveals Alterations Associated with Aging and Myeloid Malignancies,"Hematopoietic stem and progenitor cells (HSPCs) comprise a continuum of cells with varying differentiation potential and priming toward specific lineages. During both healthy aging and myeloid malignancies, changes occur in the composition and regulation of HSPCs. In this study, we evaluated human HSPCs obtained from young and elderly healthy donors using single-cell RNA sequencing to identify the transcriptional and regulatory alterations associated with aging at single cell resolution. We then applied this knowledge to the study of specific perturbations associated with the development of myeloid pathologies. We isolated >90,000 bone marrow CD34+ cells from 5 young (18-20 y/o), 3 elderly (>65 y/o) healthy donors, 1 patient with myelodysplastic syndrome (MDS) and 1 patient with acute myeloid leukemia (AML), using fluorescence-activated cell sorting. scRNA libraries were prepared with the 10X chromium platform and sequenced. Finally, bioinformatic analysis was performed using available R and Python algorithms such as Seurat, Palantir and Scenic. First, we characterized HSPC subpopulations in young donors by unsupervised clustering and manual annotation. Taking the previous findings as reference, we then classified the elderly and pathological HSPC using elastic-net regularization prediction models (Figure 1A). Comparison of subpopulations in young and elderly donors confirmed the age-related increase in HSC, as well as reduction of lymphoid progenitors and myelomonocytic compartments. Next, we performed differential expression and pathways analysis to uncover age-associated alterations in the transcriptional profile of cells with the same identity. We found a generalized enrichment in elderly HSPC of pathways activated upon stress and inflammation, such as p53, hypoxia and TNF alpha response. This suggests an age-related increased response to the more inflammatory microenvironment of elderly individuals. On the other hand, young HSPC were enriched for cell cycle activation and proliferation pathways, as well as metabolic processes (Figure 1B). Using trajectory analysis, we recovered 6 differentiation paths present in our young donor's data. When compared to the elderly, the greatest changes occurred along the monocytic trajectory. For some genes, expression differed through the whole trajectory, indicating the existence of original transcriptional alterations already at the HSC compartment. On the other hand, expression of myelomonocytic differentiation markers, such as MPO and CD74, reached lower levels in our elderly HSPC data, pointing towards a loss of capacity for monocytic differentiation in progenitors from elderly individuals. Finally, to identify key transcription factors regulating the progression of differentiation routes, we built gene regulatory networks. Overall, we found lower activation levels for transcriptional programs in the early progenitors from elderly donors. In addition, gene ontology enrichment analysis showed that the active networks in the young were enriched for differentiation-related terms, while networks from the elderly were not. These results also indicate an age-associated loss of differentiation capability. We then applied the same computational tools to analyze aberrant hematopoiesis in samples from 2 patients suffering from myeloid malignancies (MDS and AML). On one hand, we subjected the MDS sample to trajectory analysis, focusing on the erythroid lineage. We observed perturbations in the expression dynamics of genes playing a role in erythropoiesis. In the AML sample, we encountered a significant expansion of the most immature cell compartments (HSC, LMPP and MEP). In addition, GRN reconstruction showed up the specific activity of transcription programs activated by factors deregulated during leukemia, such as ZSCAN18 and GFI1. In conclusion, our work described the transcriptional alterations that occur in early hematopoiesis, both during healthy aging and myeloid pathology. We used multiple approaches, such as the study cellular proportions, differentiation trajectories and GRNs. The inclusion of samples from patients with myeloid pathology provided insights into the potential role of single-cell technologies for understanding and treating hematological malignancies. Figure 1 Figure 1. Sanchez-Guijo: Gilead: Consultancy, Honoraria; Celgene/Bristol-Myers-Squibb,: Consultancy, Honoraria; Incyte: Consultancy, Honoraria; Pfizer: Consultancy, Honoraria; Takeda: Honoraria, Research Funding; Roche: Consultancy, Honoraria; Amgen: Consultancy, Honoraria; Novartis: Consultancy, Honoraria, Research Funding. Diez-Campelo: Novartis: Consultancy, Honoraria, Membership on an entity's Board of Directors or advisory committees, Research Funding, Speakers Bureau; BMS: Consultancy, Honoraria, Membership on an entity's Board of Directors or advisory committees, Research Funding, Speakers Bureau; Takeda Oncology: Consultancy, Honoraria, Membership on an entity's Board of Directors or advisory committees, Research Funding, Speakers Bureau. Valcarcel: BMS: Consultancy, Honoraria, Speakers Bureau; CELGENE: Consultancy, Honoraria, Speakers Bureau; ASTELLAS: Consultancy, Honoraria, Speakers Bureau; AMGEN: Consultancy, Honoraria, Speakers Bureau; NOVARTIS: Consultancy, Honoraria, Speakers Bureau; TAKEDA: Consultancy, Honoraria, Speakers Bureau; JAZZ: Consultancy, Honoraria, Speakers Bureau; SOBI: Consultancy, Honoraria, Speakers Bureau; SANOFI: Consultancy, Honoraria, Speakers Bureau. Romero: 10X Genomics: Current Employment. Prosper: Janssen: Honoraria; Oryzon: Honoraria; BMS-Celgene: Honoraria, Research Funding.",2021,2021-11-05,,,https://www.semanticscholar.org/paper/9858e42a296a9eb44f40cf3f19336e38fead3b4d,False,0,,True,True,True,True
doi:10.1182/blood-2023-188930,doi:10.1182/blood-2023-188930,semantic_scholar,semantic_scholar,327c55a69f658a6c9790527ed9d97550faeec6c4,10.1182/blood-2023-188930,,,Unraveling the Mechanism of Action of Bispecific T-Cell Engagers in B-Cell Acute Lymphoblastic Leukemia Using Advanced Single-Cell Multiomics,"Background Bispecific T-cell engagers (BiTEs) stimulate T lymphocytes proximate to tumor cells, inducing T-cell stimulation and tumor killing. Blinatumomab, an anti CD3-CD19, was the first to be approved with overall response rates of up to 80% in refractory B-cell Acute Lymphoblastic Leukemia (B-ALL). To overcome resistance and to develop next-generation BiTEs, we need to build on blinatumomab's success and better understand BiTEs mode of action and interaction with the tumor microenvironment (TME). Here, we apply advanced multiomics to examine blinatumomab's activation signatures and the sustained dynamics in the tumor and bone marrow (BM) immune TME. Methods Physically interacting Cells sequencing (PIC-seq) is an advanced multiomics technology deciphering the crosstalk between the cellular components of an immunological synapse (Cohen et al., 2022; Giladi et al., 2020). To assess Immediate activation signatures, we applied PIC-seq on a model of B-ALL cell lines (RS4;11, NALM-6) and lymphocytes obtained from healthy subjects, activated by blinatumomab, compared to no-treatment and activation with anti CD3-CD28 antibodies. To examine the Sustained effects on the immune TME, we performed a longitudinal single-cell RNA sequencing of the bone BM of adult B-ALL patients, before and after treatment with blinatumomab in the Division of Hematology in the Tel Aviv Sourasky Medical Center in 2021-22. Results Immediate activation Applying PIC-seq on n=16,543 CD3 and CD19+ cells, we identified the distinct gene expression of ‘blinatumomab-activated lymphocytes’ (Figure 1). Blinatumomab induced cellular synapses composed of specific T lymphocytes subsets along the activation continuum, namely: effector T cells (CCL5, GNLY, NKG7), early IFN-G activation (IRF1, GBP5), activated cytotoxic (Xcl1-2, IFN-G) and proliferating T cells (CD69, CCND2) . ‘Blinatumomab-activated lymphocytes’ were characterized by a unique activation signature: upregulation of cytotoxicity (Xcl1, IFN-G, GNLY), co-stimulation and B-T cells crosstalk (CD40, CD27, TNFRSF18), immune recruitment (CXCL10, CCL4) and antigen-presentation (TNFSF14, ITGB2) pathways. Late synapses also expressed immunoregulatory molecules (TNFAIP8L2). This signature differed from classical anti CD3-CD28 induced activation and is independent of the donor and the target-cell identity. The malignant cells' response varied: RS4;11 cells manifested cellular senescence, while NALM-6 upregulated INFG-induced apoptotic pathways, suggesting indirect killing in the mechanism of action of BiTEs. Data on the introduction of primary B-ALL patients' cells will be presented at the ASH. Sustained effects We profiled >11,000 cells from three patients: Patient 1, 31-year-old (y/o) female, primary refractory B-ALL (50% BM blasts), attaining transient MRD negativity. Patient 2, 71-y/o male, primary refractory Ph+ B-ALL (74% BM blasts) achieving reduction in MRD following first cycle. Patient 3, 71 y/o, Ph+ B-ALL, treated as consolidation therapy, achieving MRD negativity. Blinatumomab induced a dramatic perturbation in the lymphocytic and myeloid compartments of the BM and was highly patient-specific ( Figure 2). The BM lymphocytic compartment prior to initiation of blinatumomab in molecular remission (patient 3) was characterized by active T and Natural Killer cell states, compared to an abundancy of naïve lymphocytes in active disease (patients 1 and 2). There were no signs of T-cell exhaustion pre or post treatment in all patients. Post-treatment, CD8 T-Central Memory cells proliferated in all patients. Patients treated for active disease (patients 2 and 3), had an expansion of the Tregs population post-treatment. In the myeloid compartment, patients with active disease had more non-classical monocytes, known to correlate with poor prognosis. These were replaced by classical monocytes following treatment, in addition to the emergence of a macrophage-precursor population. Data on the BM and peripheral blood dynamics of an additional six patients will be presented at the ASH. Conclusions We present an advanced single cell dissection of blinatumomab-induced target-effector interaction, providing novel insights into the mechanism of action and TME dynamics to guide patient selection and next generation BiTEs. A larger patients' cohort and introduction of patients' cells to the PIC-seq in vitro model will be presented at the ASH.",2023,2023-11-28,JournalArticle,,https://www.semanticscholar.org/paper/327c55a69f658a6c9790527ed9d97550faeec6c4,False,0,,True,True,True,True
doi:10.1182/blood-2024-208750,doi:10.1182/blood-2024-208750,semantic_scholar,semantic_scholar,b92b78e9f8d01f1bd3bd7b20a341004a4dabfa9c,10.1182/blood-2024-208750,,,Ly6C+ Inflammatory Monocytes Create a Leukemia-Initiating Niche,"Background Physiological hematopoiesis relies on a tightly balanced equilibrium of mature blood cell formation and stem cell maintenance that is governed by cell-intrinsic as well as cell-extrinsic stimuli. While the role of transcription factors is well established in this model, the latter are exerted by a complex network of multiple cell types (such as fibroblasts, endothelial cells, bone lining cells, monocytes/macrophages, megakaryocytes, etc.) forming a functional unit that provides the bone marrow (BM) niche. Leukemogenesis is classically perceived as a multi-step process with serial acquisition of mutations at the stem and progenitor cell level ultimately leading to a differentiation block and uncontrolled accumulation of immature cells. However, niche contributions to this process are increasingly accepted. Pronounced alterations of the BM niche were shown under stress and disease conditions, including recent work at the single-cell level. The majority of these studies focused on CD45- stromal niche populations, systematically leaving aside monocytic cells that are also members of the BM niche. We sought to characterize the role of monocytes/macrophages in the BM niche and explore a pathway through which the hematopoietic system potentially reshapes its own niche. Methods We use a novel mouse model of myelodysplastic syndrome (MDS) / chronic myelomonocytic leukemia (CMML) that harbours point mutations in the C/EBP binding sites at the -14kb enhancer element of Pu.1 (subsequently called Pu.1Ki/Ki). The mouse model was validated by ChIP, and extensively characterized using high-throughput multi-omics techniques and a series of transplantation experiments. Results Young Pu.1Ki/Ki mice displayed no overt signs of disease, but a markedly altered monocyte subset homeostasis in favour of the Ly6C+ inflammatory monocyte subset in the BM and peripheral blood (PB). This inflammatory monocyte signature also emerged as a hallmark when the BM plasma was characterized using an unbiased proteomics approach. Phenotypically this translated to an osteoporotic bone phenotype secondary to an increase in osteoclasts, proving BM niche changes on the molecular and microscopic level. Similar results were obtained with a monocyte-specific Pu.1 knockout mouse model. Upon longer follow-up, aged Pu.1Ki/Ki mice developed a myelodysplastic phenotype characterized by thrombopenia, neutropenia and BM hypercellularity resembling human chronic myelomonocytic leukemia (CMML). Of these, thrombopenia typically arose first as an early finding of disease. The CMML phenotype was not associated with accumulation of mutations in typical myeloid candidate genes, making us speculate about a potential role of the niche in disease development. In a series of transplant experiments, myelodysplasia (evidenced by thrombopenia and leukopenia) developed in healthy wildtype (WT) bone marrow, when WT LSK were transplanted into Pu.1Ki/Ki recipients. Importantly, co-transplantation of Pu.1Ki/Ki common monocyte progenitors (cMoP) was required to keep up monocyte-driven niche changes. Conversely, transplantation of Pu.1Ki/Ki LSK started the cascade of disturbed monocyte subset homeostasis, niche changes and increased bone turnover. Likewise, monocyte-induced niche changes fostered proliferation and disease aggressiveness of MLL-AF9 murine leukemia in vitro and in vivo. Importantly, the Pu.1Ki/Ki niche demonstrated an enhanced potential to initiate overt leukemia when the MLL-AF9 transplant was performed in a limiting dilution setup. Summary We delineate a novel disease mechanism that originates from Ly6C+ inflammatory monocytes that are part of the BM niche. In analogy to solid tumors, we refer to these cells as leukemia-associated monocytes (LAM) because of their capability to i) induce myelodysplasia in healthy BM, ii) increase aggressiveness of the oncogene-driven MLL-AF9 leukemia model, and iii) induce leukemia by lowering the leukemia initation potential of the niche.",2024,2024-11-05,JournalArticle,,https://www.semanticscholar.org/paper/b92b78e9f8d01f1bd3bd7b20a341004a4dabfa9c,False,0,,True,False,True,False
doi:10.1182/blood-2025-3164,doi:10.1182/blood-2025-3164,semantic_scholar,semantic_scholar,a8043e74c1da9433c5daf135387ded1955d981b6,10.1182/blood-2025-3164,,,"Single-cell multiomic profiling of gene mutation, chromatin accessibility, and gene expression in TET2-mutant clonal hematopoiesis","Age-related clonal hematopoiesis (CH) and clonal cytopenia of undetermined significance (CCUS) represent pre-leukemic conditions associated with predisposition to hematological malignancies, particularly myeloid neoplasms. Frequently associated with mutations in epigenetic regulators, such as DNMT3A, TET2, and ASXL1, deregulated epigenomes are implicated in the aberrant gene expression involved in the pathogenesis of CH and CCUS, whose molecular mechanism, however, has not been investigated. The major difficulty lies in the technical limitation to simultaneously analyze gene mutation, transcriptome, and epigenetics in a small fraction of mutant cells in comparison with wild-type cells within the same patients, particularly in those cases where mutant cell fractions are very small. Aim/Methods In this study, we developed a novel platform that enabled simultaneous measurements of gene mutations and chromatin accessibility at the single-cell level based on the modified Mission Bio Tapestri system, which was applied to the analysis of 11 samples with TET2-mutated (TET2-MUT) CH and CCUS to investigate the impact of TET2 mutations on chromatin accessibility. In a subset of the samples (n = 3), we performed 10x Chromium single-cell ATAC+RNA-seq (Multiome) experiments and then predicted single-cell TET2 genotypes by employing ATAC peak accessibility-based logistic regression models trained on the paired Tapestri multimodal data, enabling the analysis of effects of TET2 mutation on gene regulation and transcriptional outputs at single-cell resolution. Results First, our platform was validated using a mixed cell line sample (HL-60 and SKM-1). ATAC data alone clearly separated the two cell lines, and genotyping accuracy for cell line-discriminative SNPs reached 94-99%, confirming robust integration of ATAC-seq and genotyping at the single-cell level. Next, to investigate the consequences of TET2 mutation on hematopoiesis and chromatin accessibility, we applied the platform to a total of 37,190 cells from TET2-MUT CH/CCUS patients, achieving successful genotyping in 83% (74–92%) of the cells. TET2-MUT cells exhibited a differentiation bias toward myeloid and plasmacytoid dendritic cell (pDC) lineages, with reduced mature lymphoid output. In line with this skewed differentiation, TET2-MUT hematopoietic stem/progenitor cells (HSPCs) showed an increased accessibility to the motifs of transcription factors (TFs) associated with myeloid/pDC differentiation (e.g., CEBPE, RUNX1, and IKZF1), compared to wild-type (TET2-WT) HSPCs, whereas TET2-MUT B cells had a reduced accessibility to the motifs of B cell development-associated TFs (e.g., BACH2, IRF4, and IRF8), compared with TET2-WT counterparts. In erythroblasts, TET2-MUT cells exhibited a decreased accessibility to erythroid maturation-related genes and an increased accessibility to genes involved in cell proliferation, including E2F and MYC targets, compared with TET2-WT cells, suggesting dysregulated maturation of TET2-MUT erythroblasts. Collectively, these results revealed TET2 mutation-driven alterations in chromatin accessibility affecting lineage maturation. Next, to investigate combined effects of TET2 mutation on TF-mediated gene regulation and transcriptional programs, we analyzed 10x Multiome data with predicted single-cell TET2 genotypes. We first analyzed TET2-MUT cell fractions within monocyte subsets and observed a depletion of mutants in the CD16(+) subset, suggesting impaired maturation of TET2-MUT cells. To uncover the underlying mechanisms, we then compared TF activity between genotypes, using SCENIC+, which integrates paired single-cell ATAC-seq and RNA-seq data to infer TF activity based on both accessibility at TF-binding enhancers and expression of their target genes. For both accessibility- and expression-based TF activities, TET2-MUT monocytes exhibited up-regulation of cell cycle-regulating TFs (e.g., TFDP1, TFDP2, and MYBL2) and down-regulation of key monocyte maturation-related TFs (e.g., CEBPB, CEBPD, and SPI1). These results suggest that TET2 mutation may impair monocyte development by epigenetically and transcriptionally suppressing maturation-related programs and sustaining proliferative states. ConclusionOur innovative single-cell multi-omics approaches revealed that TET2 mutations rewire chromatin accessibility and TF regulatory networks, leading to dysregulated lineage maturation and aberrant cell cycle control in CH/CCUS.",2025,2025-11-03,JournalArticle,,https://www.semanticscholar.org/paper/a8043e74c1da9433c5daf135387ded1955d981b6,False,0,,True,False,True,False
doi:10.1182/blood.v122.21.48.48,doi:10.1182/blood.v122.21.48.48,openalex,openalex,https://openalex.org/W69925549,10.1182/blood.v122.21.48.48,,,Long Non-Coding RNAs Control Hematopoietic Stem Cells (HSC) Function,"The mammalian genome encodes a significant number of long non-coding RNAs (lncRNAs). The functions of some lncRNAs have been determined in biological processes, such as cancer progression, cell-cycle regulation and embryonic stem cell (ESC) pluripotency. However, our understanding of the basic function of lncRNAs in hematopoietic stem cell (HSC) is still limited. Here, we aim to identify the full complement of lncRNAs expressed in mouse HSCs and to determine whether they control HSC function. To uncover lncRNAs expressed in HSC across different ages, we performed RNA-seq on highly purified HSCs (SP-KSL-CD150+) from 4 month (m04), 12 month (m12) and 24 month (m24) old mice. With two biological replicates for each age, deep sequencing generated 368, 311 and 293 million mapped reads for m04, m12 and m24 HSC, respectively. After combining these datasets, assembly of over 1 billion mapped reads for the HSC transcriptome reconstructed 3,104 novel transcripts, which do not correspond to any UCSC, RefSeq or Ensemble known genes. Among them, 2,853 transcripts have multiple assembled exons and a total length >200 bp, representing potential lncRNAs. It has been shown that lncRNAs usually exhibit stage- or cell type-specific expression. To identify lncRNAs specifically expressed in HSC, we further performed RNA-seq on differentiated lymphoid lineage B cells (B220+) and myeloid lineage Granulocytes (Gr1+). Comparison of the expression of these 2,853 transcripts in the three cell types revealed that 173 transcripts are specifically expressed in HSC. As epigenetic mechanisms play critical roles to regulate gene transcription, we checked the chromatin map associated with those novel transcripts by ChIP-seq for H3K4me3, H3K27me3 and H3K36me3 in purified HSCs. Like protein-coding genes, these HSC specific novel transcripts typically contain the H3K4me3 mark at their transcriptional start site (TSS) and H3K36me3 along the gene body. Remarkably, one fifth of those 173 transcripts showed altered expression with HSC aging. Given that HSC function declines with aging, we hypothesize that those transcripts contribute to control HSC homeostasis. We selected three of these transcripts for further validation: LncHSC-1, LncHSC-2 and LncHSC-3. RT-PCR confirmed that they were highly expressed in stem and progenitor populations (KSL), but not in differentiated lineages (B220, CD4, CD8, Mac1, Gr1 and Ter119). Next, we generated retrovirally expressed-miRNA constructs to knockdown these transcripts. In vitro methocult colony forming assay showed that knockdown of LncHSC-1 in HSC significantly increased the colony number after second plating. Lineage analysis revealed that the majority of those cells are c-Kit+, and exhibit similar morphology, possibly representing expanded myeloid progenitors. To confirm our in vitro findings, we further examined their functions in vivo by HSC transplantation. Progenitors in which LncHSC-3 was knocked down failed to contribute to long-term hematopoietic reconstitution, as revealed by loss of retrovirally transduced population in the peripheral blood and bone marrow. In contrast, progenitors in which LncHSC-1 was knocked down resulted in augmented myeloid differentiation, consistent with in vitro CFU results that knockdown increased myeloid colony number. To understand the molecular mechanism through which lncRNAs influence hematopoiesis, we checked gene expression changes upon knockdown of specific transcripts in KSL cells. Overall, 80-100 genes were significantly changed after knockdown of specific transcripts, including cell cycle regulators and chromatin modification enzymes. For example, after LncHSC-3 knockdown, cell cycle regulator Cdkn1a (p21) expression increased, possibly contributing to the inhibition of hematopoietic reconstitution. In summary, here we carried out a comprehensive lncRNAs analysis in HSC and determined HSC specific novel transcripts. Loss-of-function experiments demonstrated that these transcripts may play important roles for HSC self-renewal and differentiation. These findings provide a useful resource to study lncRNA functions in normal hematopoiesis and disease progression. Disclosures: No relevant conflicts of interest to declare.",2013,2013-11-15,article,en,https://openalex.org/W69925549,False,0,epigenomics_plus_downstream,True,True,True,True
doi:10.1186/s11658-025-00763-1,doi:10.1186/s11658-025-00763-1,semantic_scholar,semantic_scholar,fa14dba2266aca035e46cb52ed4d3c06b800d501,10.1186/s11658-025-00763-1,40702440,12288304,Comprehensive analysis of keloid super-enhancer networks reveals FOXP1-mediated anti-senescence mechanisms in fibrosis,"There is a significant gap in multi-omics studies on keloids, especially concerning the interaction between fibroblasts and super-enhancers (SEs). Identifying novel biomarkers within the epigenetic landscape could greatly improve keloid management. In this study, we investigated gene expression at both transcriptional and translational levels to identify potential biomarkers and employed CUT&Tag technology to validate SE-associated genes and upstream transcription factors (TFs). Through integrated analyses of transcriptomics and proteomics, 10 hub genes that associated with ECM, immune, and metabolic pathways were found. Given the crucial role of fibroblasts in keloid pathogenesis, we further identified five SE-associated genes (SERPINH1 SE, MMP14 SE, COL5A1 SE, COL16A1 SE, and SPARC SE) that exhibit characteristic upregulation in keloids. Analysis of upstream TFs and core transcription regulatory circuitry (CRC) revealed potential master TFs (FOSL2, BACH2, and FOXP1), with FOXP1 emerging as the core TF likely driving pro-fibrotic development through its anti-senescence function. In summary, we anticipate that the outcomes of the integrative omics analysis will facilitate further investigation into the underlying molecular mechanisms of keloid formation and lead to novel strategies for its prevention and management. Specifically inhibiting the anti-senescence function of FOXP1 brings new promise for the treatment of fibrosis-related diseases.",2025,2025-07-23,JournalArticle,,https://www.semanticscholar.org/paper/fa14dba2266aca035e46cb52ed4d3c06b800d501,False,0,,True,False,True,False
doi:10.1186/s12864-026-12546-9,doi:10.1186/s12864-026-12546-9,europepmc,europepmc;pubmed;scopus,MED:41555212,10.1186/s12864-026-12546-9,41555212,PMC12903746,Transcriptome analysis reveals KRAS as a crucial regulator of ovarian follicle development in Wuding chickens.,"BACKGROUND: This study investigated the molecular basis of follicular development and egg production in Wuding chickens, an indigenous Chinese breed known for exceptional meat quality and nutrient-rich eggs, but suboptimal egg-laying performance, by comparing them with high-yielding Jingfen No.1 chickens. RESULTS: High-throughput transcriptome sequencing of ovarian tissues identified 6,790 differentially expressed genes (DEGs). Gene Ontology (GO) and Kyoto Encyclopedia of Genes and Genomes (KEGG) enrichment analyses revealed these DEGs were significantly implicated in reproductive pathways, including steroid biosynthesis, cell cycle, MAPK signaling, calcium signaling, oocyte meiosis, and progesterone-mediated oocyte maturation. A protein–protein interaction (PPI) network highlighted Kirsten rat sarcoma viral oncogene (KRAS) as a crucial hub gene. Further functional experiments focused on the role of KRAS in chicken ovarian granulosa cells (GCs). Overexpression of KRAS significantly enhanced the production of progesterone (P4) and estradiol (E2) and upregulated the expression of steroidogenic genes (e.g., STAR, CYP19A1, HSD3B1, PTGS2). KRAS also promoted GC proliferation by increasing cell viability, stimulating DNA synthesis, and upregulating proliferation markers (AKT1, mTOR, JAK2, STAT3, PCNA). Additionally, KRAS facilitated cell cycle progression by reducing the G0/G1 phase population and increasing the S phase, alongside upregulating cell cycle regulators (CCND1, CCND2, CCNE2, CDK2). Importantly, KRAS inhibited GC apoptosis by increasing antiapoptotic genes (BCL2, TGF-β) and decreasing proapoptotic genes (Caspase 3, BAX). Finally, KRAS delayed cellular senescence by reducing SA-β-gal activity and reciprocally regulating P21 (downregulation) and SIRT1 (upregulation). CONCLUSIONS: Collectively, these findings demonstrate that KRAS is a pivotal regulator of follicular development in Wuding chickens, influencing GC proliferation, apoptosis, steroid hormone synthesis, and senescence. This research provides valuable insights for genetic improvement programs aimed at enhancing egg production in indigenous chicken breeds.",2026,2026-01-19,research-article; Journal Article,eng,https://europepmc.org/article/MED/41555212,False,2,,True,True,True,True
doi:10.1186/s12885-025-15341-z,doi:10.1186/s12885-025-15341-z,semantic_scholar,semantic_scholar,9346ae2b708b990c024f3250f425bfc4b16126ad,10.1186/s12885-025-15341-z,41398222,12821805,Senescence-driven molecular subtyping in pancreatic cancer: a multi-omics framework for precision medicine,"Pancreatic ductal adenocarcinoma (PDAC) remains a lethal malignancy with a five-year survival rate below 15%, largely due to tumor heterogeneity and limited therapeutic options. While senescence-related genes (SRGs) are implicated in cancer progression, their pancreas-specific roles in PDAC subtyping and treatment remain unexplored. We integrated multi-omics data (RNA-seq, ATAC-seq, and whole-genome sequencing) from 402 pancreas-specific SRGs to classify PDAC subtypes through unsupervised clustering. Independent validation cohorts (TCGA-PAAD, n = 183; patient-derived organoids, n = 40) and drug sensitivity screens were used to define subtype-specific therapeutic vulnerabilities. A machine learning-based random forest model identified key SRG biomarkers for clinical stratification. Three distinct PDAC subtypes were identified: Cluster 1, characterized by extensive immune infiltration; Cluster 2, mixed features with moderate prognosis; and Cluster 3, defined by significant metabolic reprogramming. Drug screens revealed Cluster 3 as uniquely sensitive to Metformin and Trametinib, suggesting combinatory therapy potential. A 20-gene random forest classifier achieved high accuracy in subtype prediction (AUC = 0.96). This study establishes the first pancreas-specific SRG-driven classification of PDAC, resolving prior inconsistencies in Metformin trial outcomes. Our framework enables risk stratification and subtype-guided therapy, with immediate clinical implications: Metabolic-targeting agents (Metformin) may benefit the high-risk Cluster 3, while immunotherapy could be prioritized for Cluster 1.",2025,2025-12-15,JournalArticle,,https://www.semanticscholar.org/paper/9346ae2b708b990c024f3250f425bfc4b16126ad,False,0,,True,False,False,False
doi:10.1186/s12917-026-05460-5,doi:10.1186/s12917-026-05460-5,semantic_scholar,semantic_scholar,698f141421680e0407d0332e86f475ab2f976348,10.1186/s12917-026-05460-5,41975427,13200360,Effects of synthetic breast milk on the gut metagenome and whole blood transcriptome in lambs,"Early postnatal nutrition is crucial for the growth and development of lambs, and artificial milk formulas are widely used as alternatives to breast milk in intensive sheep production. However, the molecular and microbial mechanisms underlying the differences between breast milk and formula feeding remain unclear. This study aimed to compare the fecal metagenomic and whole blood transcriptomic profiles of lambs fed breast milk (BF group) and commercial formula (FF group) from 4 to 45 days of age, to provide a theoretical basis for optimizing formula compositions. A total of 6 lambs were randomly divided into two groups (n = 3 per group), with body weight and body dimensions measured at 45 days of age, followed by fecal metagenomic sequencing and whole blood transcriptomic sequencing. The results showed that BF lambs had significantly higher body weight, body length, heart girth, and chest width than FF lambs. Metagenomic analysis revealed that at the phylum level, Bacteroidetes was enriched in FF lambs, whereas Firmicutes predominated in BF lambs. Differential abundance was also observed at the genus level (higher Desulfovibrio in FF lambs) and the pathway level, with BF lambs enriched in quorum sensing and FF lambs showing higher abundances of pathways related to ubiquinone and other terpenoid-quinone biosynthesis. Moreover, transcriptomic analysis identified 3290 differentially expressed genes (DEGs) between the two groups, with DEGs mainly enriched in metabolic pathways, mTOR signaling pathway, osteoclast differentiation, B cell receptor signaling pathway and MAPK signaling pathway. Collectively, compared with FF, BF enhanced lamb growth, optimized gut microbiome structure and modulated blood transcriptomic profiles related to metabolism, signaling and immunity. These findings highlight the key microbial taxa and functional pathways modulated by breastfeeding, providing valuable insights for the development of more effective milk formula alternatives.",2026,2026-04-13,JournalArticle,,https://www.semanticscholar.org/paper/698f141421680e0407d0332e86f475ab2f976348,False,0,,True,False,False,False
doi:10.1186/s12958-025-01393-0,doi:10.1186/s12958-025-01393-0,europepmc,europepmc;pubmed;scopus,MED:40211367,10.1186/s12958-025-01393-0,40211367,PMC11984242,Development and characterization of a novel immortalized human vaginal fibroblast cell line for advanced applications in reproductive health.,"Background Reproductive health issues related to the vagina, face significant challenges due to the lack of standardized research models. Vaginal fibroblasts, which constitute approximately 55% of the vaginal wall's cellular composition, are crucial for tissue repair, remodelling, and reproductive health. These fibroblasts have broad applications in regenerative medicine and gynaecological treatments. Despite their importance, current research relies primarily on epithelial cells or primary vaginal fibroblasts, but primary fibroblasts are limited by their short lifespan, donor-to-donor variability, and susceptibility to senescence. Immortalized fibroblast lines offer a solution by extending the lifespan and enabling reproducible studies. However, a well-characterized immortalized human vaginal fibroblast line has not been established, highlighting the need for novel models to better understand and address vaginal-associated conditions. Methods Primary human vaginal fibroblasts were immortalized via the lentiviral transfection of human telomerase reverse transcriptase. The resulting cell line was characterized through histological, immunofluorescent, RT-qPCR and flow cytometry analyses. Proliferation, senescence, gene expression, hormone responsiveness and genomic stability were assessed via quantitative polymerase chain reaction, transcriptome sequencing, gene set enrichment analysis, short tandem repeat profiling, and karyotype analysis. Results The immortalized human vaginal fibroblasts (ihVFs) retained typical spindle-shaped fibroblast morphology and fibroblast-specific marker expression. Compared with primary vaginal fibroblasts, ihVF exhibited significantly reduced senescence, maintained sustained growth through extended culture passages, and preserved genetic stability. Transcriptome sequencing revealed high gene expression similarity between immortalized and primary fibroblasts, with no significant alterations in oncogenic pathways. PCR and immunofluorescent analyses revealed that ihVFs are responsive to estrogen and progesterone stimulation. Short tandem repeat analysis confirmed the novelty of the immortalized cell line, with no overlap with existing cell databases. Conclusions The novel ihVF cell line retains key phenotypic, functional, and genetic characteristics of primary vaginal fibroblasts, providing a stable, reproducible, and physiologically relevant model for reproductive health research. This cell line addresses the limitations of primary fibroblasts and has broad applications in tissue engineering, gynaecological disorder research, and drug screening, advancing our understanding of vaginal fibroblast biology and therapeutic interventions.",2025,2025-04-10,research-article; Journal Article,eng,https://europepmc.org/article/MED/40211367,False,2,,True,True,True,True
doi:10.1186/s12979-026-00561-z,doi:10.1186/s12979-026-00561-z,semantic_scholar,europepmc;openalex;pubmed;scopus;semantic_scholar,be2d6e19f68c2b3bc1d6aeb5ebd20be9ba4e89ab,10.1186/s12979-026-00561-z,41668199,13014807,Aging-induced decrease in progenitor B cells enhances the osteoclastogenesis of bone marrow macrophages via ROS-activated Fos/CCL3 signaling pathway,"Background Senile osteoporosis (SOP) is becoming a critical public health burden particularly in aging societies due to escalating fracture susceptibility among elderly populations. Despite advances in SOP research, the mechanistic role of immune cell alterations in senile osteoporosis remains unclear. Methods As a validated SOP model, senescence-accelerated mouse prone 6 (SAMP6) mice were used for mechanistic studies, comparing with age- and gender-matched controls-senescence-accelerated mouse resistant 1 (SAMR1) mice. We combined micro-CT, molecular biology and histological techniques to assess the bone mineral density in femurs. To investigate dynamic interactions and differential pathways of immune cells within the bone marrow microenvironment, we employed a multi-omics integration strategy including single-cell RNA sequencing, transcriptome sequencing and flow cytometry. Furthermore, we conducted multicolor immunofluorescence and multiplex cytokine analysis to verify the above results. Moreover, we utilized BaF3 and RAW 264.7 cell lines to study the cell interactions during osteoclastogenesis and BX471(a CCR1 antagonist) was used to block this process. Results SAMP6 mice showed a marked decline in bone mass accompanied by elevated reactive oxygen species (ROS) level in 3-month-old. The single-cell RNA sequencing of bone marrow revealed that a prominent depletion of B lymphocytes, with pro-B cells exhibiting the most pronounced reduction. Multi-omics integration analysis of pro-B cells suggested a significant activation of the Fos/Jun (AP-1) transcription complex accompanied by upregulation of chemokine CCL3 in the SAMP6 group. In vitro assays showed that H2O2-induced oxidative stress in BaF3 cells triggers Fos/Ccl3 axis activation and promoted osteoclastogenesis in RAW 264.7 cells. Moreover, blocking CCR1 with BX471 could suppress this effect. Conclusions Our findings suggest that the elevation of ROS levels within bone marrow microenvironment accelerates immune-senescence of B lymphocytes, characterized by a significant reduction in progenitor B-cell populations, which subsequently activates the Fos/Jun-mediated stress signaling pathway. The cascade ultimately results in the overexpression of CCL3, further promoting osteoclastogenesis of macrophage through CCL3-CCR1 axis. CCR1 antagonist could alleviate pro-inflammatory osteoclast formation, revealing a potential therapeutic target for senile osteoporosis. Supplementary Information The online version contains supplementary material available at 10.1186/s12979-026-00561-z.",2026,2026-02-10,JournalArticle,,https://www.semanticscholar.org/paper/be2d6e19f68c2b3bc1d6aeb5ebd20be9ba4e89ab,False,4,,True,True,True,True
doi:10.1186/s13027-022-00435-1,doi:10.1186/s13027-022-00435-1,semantic_scholar,semantic_scholar,2d484a8f4bb84699798dce12ee4df0f5b64ad7fb,10.1186/s13027-022-00435-1,35804458,9263433,"Abstracts from “Chronic viral infection and cancer, openings for vaccines” virtual symposium of the TechVac network","Approximately one out of eight human cancers has viral etiology. Viral cancers present unique opportunities for prophylaxis, diagnosis, and therapy, as demonstrated by the success of HBV and HPV vaccines and HCV antivirals in decreasing unveil of ROS are activated by viruses and to reveal cellular and viral proteins that undergo redox-dependent post-translational modifications. A separate line of studies is to evaluate role of changes in redox status and ROS in replication of viruses and especially in their latency. Finally, there are multiple data showing that viruses interfere with cellular antioxidant defense pathways and that antioxidants both affect virus replication and suppress development of virus-associ-ated pathologies. Conclusions: Increased ROS production during various viral infections is one of the major factors for development of virus-asso- ciated inflammation, fibrosis and cancer. Understanding of the mechanisms by which viruses interfere with redox state of a host cell is critical for development of approaches for treatment of virus-associated diseases. approaches were used. The same authors also claimed that HDV anti- gens did not trigger unfolded protein response (UPR) though a single experiment presented showed the opposite. The aim of this study was to re-evaluate the impact of HDV and its antigens on ROS production, expression of ROS-generating enzymes, status of antioxidant defense system and, lastly, on possible ER stress and UPR. Materials and methods: Huh7.5 cells were transfected with plasmids ensuring overexpression of HDV antigens or setting autonomous replication of viral RNA. ROS production was evaluated using redox- sensitive fluorescent dyes 2’,7,-dichlorodihydrofluorescein diacetate (DCFH2DA), dihydroethidium (DHE) and MitoSOX that show redox sta- tus and production of superoxide anions in a cell or in mitochondria, respectively. Gene expression was monitored by RT-qPCR and Western blotting. Results: We have shown that overexpression of both HDV antigens in Huh7.5 hepatoma cells as well as the replication of viral genome lead to altered redox status and enhanced production of superoxide anions both in cytoplasm and mitochondria. It was accompanied by increased transcription of NADPH oxidases 1 and 4, cytochrome P450 2E1 and ER oxidoreductin 1a (Ero1a) that generate both superoxide and hydrogen peroxide. Moreover, both antigens as well as HDV RNA replication led to activation of the Nrf2 transcription factor that controls expression of various antioxidant enzymes. The cells overexpressing these pro- teins were characterized by increased levels of NADPH oxidoreductase 1 (NQO1) and heme oxygenase 1 (HO-1). Finally, both HDV antigens triggered unfolded protein response, as revealed by increased expression of various UPR-dependent genes. Conclusions: So, we showed that HDV antigens alone or in the context of replication of viral RNA trigger ROS production, activate antioxi- dant Nrf2/ARE pathway and induce unfolded protein response. Future studies are needed to assess their input in HDV pathogenesis. Acknowledgements: work Background: People living with human immunodeficiency virus (HIV- 1) are at increased risk of developing cancer affecting epithelial cells, even with long-term successful antiretroviral therapy, which suggests a direct tumorigenic effect of HIV proteins [1]. Earlier, we described oncogenic properties of HIV-1 reverse transcriptase (RT) [2]. The aim of this study was to evaluate the effect of stable RT expression on HPV16-infected squamous cervical cancer cells (SCCC). Materials and methods: Ca Ski cells (CRL-1550) were transduced with lentiviral particles expressing HIV-1 RT under the control of phospho- glycerate kinase gene (PGK) promoter [2]. Ca Ski subclone expressing Green Fluorescent Protein (GFP) served as a control. Subclones were obtained by single cell culturing, and Background: Despite successful combination antiretroviral therapy (cART), persistent low-grade immune activation together with inflammation and toxic antiretroviral drugs can lead to long-lasting meta- bolic disruption and adaptation in people living with HIV (PLWH)1, 2, 3. Our study investigated alterations in the plasma metabolic profiles by comparing PLWH on long-term cART(> 5 years) and matched HIV-negative controls (HC) in two cohorts from low- and middle-income countries (LMIC), Cameroon, and India, respectively, to understand the system-level dysregulation in HIV-1 infection. We also character- ized alterations in cellular metabolism during the steady-state of latent HIV infection using quantitative proteomics analysis in pro-monocytic latent cell model. Materials and methods: Plasma samples from 138 PLWH on cART, 126 HC, and 45 untreated HIV-infected patients with viremia from Cameroon (n = 171) and India (n = 138) were sent for untargeted and targeted LC–MS/MS-based metabolic profiling. We applied three methodologies: non-parametric Mann–Whitney U test, Partial Least Squares Discriminant Analysis (PLS-DA) and random Forest (RF) to find biomarkers differing HC and PLWH in untargeted data indepen- dently in India and Cameroon cohorts. We performed metabolite set enrichment to find HIV-specific pathways. We confirmed untargeted metabolomics results using targeted metabolomics. We performed quantitative proteomic analysis using LC–MS/MS in pro-monocytic latent cell model U1, and lymphocytic latent cell model J-lat10.6 together with their respective uninfected parental cell lines, U937 and Jurkat. Differential abundance analysis was performed using R package LIMMA. Results: An altered amino acid metabolism, more specifically to glutaminolysis in PLWH than HC was reported from analysis of untargeted and targeted metabolomics. A significantly lower level of neuroster-oids was observed in both cohorts and could potentiate neurological impairments in PLWH. Further, modulation of cellular glutaminolysis promoted increased cell death and latency reversal in pre-monocytic HIV-1 latent cell model U1, which may be essential for the clearance of the inducible reservoir in HIV-integrated cells. Conclusions: In conclusion, our present study based on two cohorts indicated altered AA metabolism and more potentially a switch in glu- taminolysis as the alternative pathway for energy production following a long-term antiretroviral therapy. Background: Hepatitis C virus (HCV) is one of the major pathogens causing chronic liver disease. Chronic hepatitis C patients may have a variety of liver pathologies, including fibrosis, cirrhosis, steatosis, hepatocellular carcinoma, etc. Various virus-associated pathologies are dependent on metabolic changes that the virus causes in the host cell. It is also known that the metabolism of a cell strongly depends on the conditions of cultivation (including the growth medium). Stud- ies of hepatocyte metabolism during HCV infection may have significantly distorted results due to too strong influence of culture media (e.g. MEM, DMEM), which were created for long-term maintenance of cell cultures and do not reflect real physiological conditions. In recent years, physiologically based mediums (e.g. Plasmax, HPLM) have been proposed and shown that metabolic changes in such conditions often have a fundamentally different effect [1–3]. The aim of this study was to dissect the metabolic changes in hepatocytes and other cell lines in response to Plasmax medium and to investigate replication of various RNA viruses in cells cultivated in Plasmax. Materials and methods: We evaluated impact of Plasmax medium on cell metabolism using Seahorse technology, visualization of mitochon- dria by confocal microscopy, analysis of ROS production and mitochondrial mass by flow cytometry in four different mammalian cell lines, alongside with medium effects on replication of eight different viruses. Results: Plasmax medium increased basal mitochondrial respiration and spare respiratory capacity in all four cell lines. It was accompanied by assembly of mitochondria into vast networks without changes in mitochondrial mass. Noteworthy that Plasmax significantly reduced lysosomal mass in all cell lines. In lines with this, the cells were much more sensitive to inhibitors of respiratory complex II and ATP Background: Human telomerase reverse transcriptase (hTERT or TERT) is the catalytic subunit of the telomerase enzyme, which elongates telomeres at the ends of chromosomes during embryonic develop- ment and in stem cells. TERT gene is repressed in somatic cells and telomeres undergo progressive shortening at each division (Hayflick limit) until senescence. Nevertheless, telomerase is re-expressed in up to 90% of human cancers through several mechanisms, including somatic mutations, genetic and epigenetic alterations and virus integration. In HPV-related cancers, TERT gene is always expressed in cells infected by high risk HPVs at diverse body sites, such as cervix, vulva, vagina, anus, penis and head-and-neck cancers. Several studies have shown that high risk HPV E6 oncoprotein is a main regulator of TERT expression for its ability to transactivate the TERT promoter. Never- theless, in cervical neoplasia, telomerase expression was found to be significantly correlated with the histological severity of cervical lesions regardless of HPV E6 RNA levels. Results: An HPV-independent activation of telomerase is caused by hot spot changes at position -124 (G > A) and -146 (G > A) in the core promoter region of the TERT gene. We have identifed, by Sanger sequencing and droplet digital PCR, the TERT promoter mutations -124A and -146A in 17% of cervical, 53% of vulvar and 54% of penile squamous cell carcinoma (SCC) as well as in 60% of oral carcinoma. Overall TERT promoter mutations were more frequent in tumours neg- ative for HPV infection. TERT promoter mutations were not detected in cervical intraepithelial neoplasia grade 3 (CIN3). In HPV-positive cervi- Infectious Agents and Cancer 2022, 17(Suppl 1) : Th",2022,2022-07-01,JournalArticle,,https://www.semanticscholar.org/paper/2d484a8f4bb84699798dce12ee4df0f5b64ad7fb,False,0,,True,False,True,False
doi:10.1186/s13063-023-07218-y,doi:10.1186/s13063-023-07218-y,semantic_scholar,semantic_scholar,74c4b84c63a843849899dda2a50d8e34f1794eec,10.1186/s13063-023-07218-y,36906660,10007661,A randomised study of rituximab and belimumab sequential therapy in PR3 ANCA-associated vasculitis (COMBIVAS): design of the study protocol,"Background Sequential B cell-targeted immunotherapy with BAFF antagonism (belimumab) and B cell depletion (rituximab) may enhance B cell targeting in ANCA-associated vasculitis (AAV) through several mechanisms. Methods Study design: COMBIVAS is a randomised, double-blind, placebo-controlled trial designed to assess the mechanistic effects of sequential therapy of belimumab and rituximab in patients with active PR3 AAV. The recruitment target is 30 patients who meet the criteria for inclusion in the per-protocol analysis. Thirty-six participants have been randomised to one of the two treatment groups in a 1:1 ratio: either rituximab plus belimumab or rituximab plus placebo (both groups with the same tapering corticosteroid regimen), and recruitment is now closed (final patient enrolled April 2021). For each patient, the trial will last for 2 years comprising a 12-month treatment period followed by a 12-month follow-up period. Participants: Participants have been recruited from five of seven UK trial sites. Eligibility criteria were age ≥ 18 years and a diagnosis of AAV with active disease (newly diagnosed or relapsing disease), along with a concurrent positive test for PR3 ANCA by ELISA. Interventions: Rituximab 1000 mg was administered by intravenous infusions on day 8 and day 22. Weekly subcutaneous injections of 200 mg belimumab or placebo were initiated a week before rituximab on day 1 and then weekly through to week 51. All participants received a relatively low prednisolone (20 mg/day) starting dose from day 1 followed by a protocol-specified corticosteroid taper aiming for complete cessation by 3 months. Outcomes: The primary endpoint of this study is time to PR3 ANCA negativity. Key secondary outcomes include change from baseline in naïve, transitional, memory, plasmablast B cell subsets (by flow cytometry) in the blood at months 3, 12, 18 and 24; time to clinical remission; time to relapse; and incidence of serious adverse events. Exploratory biomarker assessments include assessment of B cell receptor clonality, B cell and T cell functional assays, whole blood transcriptomic analysis and urinary lymphocyte and proteomic analysis. Inguinal lymph node and nasal mucosal biopsies have been performed on a subgroup of patients at baseline and month 3. Discussion This experimental medicine study provides a unique opportunity to gain detailed insights into the immunological mechanisms of belimumab-rituximab sequential therapy across multiple body compartments in the setting of AAV. Trial registration ClinicalTrials.gov NCT03967925. Registered on May 30, 2019.",2023,2023-03-11,JournalArticle,,https://www.semanticscholar.org/paper/74c4b84c63a843849899dda2a50d8e34f1794eec,False,0,,True,False,True,False
doi:10.1186/s13148-020-00864-y,doi:10.1186/s13148-020-00864-y,semantic_scholar,semantic_scholar,17922cd4fbe6e07cad1fc16cd8c9057956507cce,10.1186/s13148-020-00864-y,32539856,7294637,Harnessing peripheral DNA methylation differences in the Alzheimer’s Disease Neuroimaging Initiative (ADNI) to reveal novel biomarkers of disease,"Background Alzheimer’s disease (AD) is a chronic progressive neurodegenerative disease impacting an estimated 44 million adults worldwide. The causal pathology of AD (accumulation of amyloid-beta and tau), precedes hallmark symptoms of dementia by more than a decade, necessitating development of early diagnostic markers of disease onset, particularly for new drugs that aim to modify disease processes. To evaluate differentially methylated positions (DMPs) as novel blood-based biomarkers of AD, we used a subset of 653 individuals with peripheral blood (PB) samples in the Alzheimer’s disease Neuroimaging Initiative (ADNI) consortium. The selected cohort of AD, mild cognitive impairment (MCI), and age-matched healthy controls (CN) all had imaging, genetics, transcriptomics, cerebrospinal protein markers, and comprehensive clinical records, providing a rich resource of concurrent multi-omics and phenotypic information on a well-phenotyped subset of ADNI participants. Results In this manuscript, we report cross-diagnosis differential peripheral DNA methylation in a cohort of AD, MCI, and age-matched CN individuals with longitudinal DNA methylation measurements. Epigenome-wide association studies (EWAS) were performed using a mixed model with repeated measures over time with a P value cutoff of 1 × 10 −5 to test contrasts of pairwise differential peripheral methylation in AD vs CN, AD vs MCI, and MCI vs CN. The most highly significant differentially methylated loci also tracked with Mini Mental State Examination (MMSE) scores. Differentially methylated loci were enriched near brain and neurodegeneration-related genes (e.g., BDNF, BIN1, APOC1 ) validated using the genotype tissue expression project portal (GTex). Conclusions Our work shows that peripheral differential methylation between age-matched subjects with AD relative to healthy controls will provide opportunities to further investigate and validate differential methylation as a surrogate of disease. Given the inaccessibility of brain tissue, the PB-associated methylation marks may help identify the stage of disease and progression phenotype, information that would be central to bringing forward successful drugs for AD.",2020,2020-06-15,JournalArticle,,https://www.semanticscholar.org/paper/17922cd4fbe6e07cad1fc16cd8c9057956507cce,False,1,,True,False,True,False
doi:10.1186/s13195-020-00716-0,doi:10.1186/s13195-020-00716-0,semantic_scholar,semantic_scholar,7494d73d351a1e4beac515d46e07f5787f77d595,10.1186/s13195-020-00716-0,33172501,7656734,Prognosis prediction model for conversion from mild cognitive impairment to Alzheimer’s disease created by integrative analysis of multi-omics data,"Background Mild cognitive impairment (MCI) is a precursor to Alzheimer’s disease (AD), but not all MCI patients develop AD. Biomarkers for early detection of individuals at high risk for MCI-to-AD conversion are urgently required. Methods We used blood-based microRNA expression profiles and genomic data of 197 Japanese MCI patients to construct a prognosis prediction model based on a Cox proportional hazard model. We examined the biological significance of our findings with single nucleotide polymorphism-microRNA pairs (miR-eQTLs) by focusing on the target genes of the miRNAs. We investigated functional modules from the target genes with the occurrence of hub genes though a large-scale protein-protein interaction network analysis. We further examined the expression of the genes in 610 blood samples (271 ADs, 248 MCIs, and 91 cognitively normal elderly subjects [CNs]). Results The final prediction model, composed of 24 miR-eQTLs and three clinical factors (age, sex, and APOE4 alleles), successfully classified MCI patients into low and high risk of MCI-to-AD conversion (log-rank test P = 3.44 × 10 −4 and achieved a concordance index of 0.702 on an independent test set. Four important hub genes associated with AD pathogenesis ( SHC1 , FOXO1 , GSK3B , and PTEN ) were identified in a network-based meta-analysis of miR-eQTL target genes. RNA-seq data from 610 blood samples showed statistically significant differences in PTEN expression between MCI and AD and in SHC1 expression between CN and AD ( PTEN , P = 0.023; SHC1 , P = 0.049). Conclusions Our proposed model was demonstrated to be effective in MCI-to-AD conversion prediction. A network-based meta-analysis of miR-eQTL target genes identified important hub genes associated with AD pathogenesis. Accurate prediction of MCI-to-AD conversion would enable earlier intervention for MCI patients at high risk, potentially reducing conversion to AD.",2020,2020-11-10,JournalArticle,,https://www.semanticscholar.org/paper/7494d73d351a1e4beac515d46e07f5787f77d595,False,1,,True,False,True,False
doi:10.1186/s13578-022-00782-x,doi:10.1186/s13578-022-00782-x,openalex,openalex;pubmed,https://openalex.org/W4224222096,10.1186/s13578-022-00782-x,,,LncRNA LYPLAL1-AS1 rejuvenates human adipose-derived mesenchymal stem cell senescence via transcriptional MIRLET7B inactivation,"BACKGROUND: Mesenchymal stem cell (MSC) senescence is a phenotype of aging. Long noncoding RNAs (lncRNAs) are emerging as potential key regulators of senescence. However, the role of lncRNAs in MSC senescence remains largely unknown. RESULTS: We performed transcriptome analysis in senescent human adipose-derived MSCs (hADSCs) and identified that the lncRNA LYPLAL1 antisense RNA1 (LYPLAL1-AS1) was significantly downregulated in senescent hADSCs. LYPLAL1-AS1 expression in peripheral blood was lower in middle-aged healthy donors than in young adult donors, and correlated negatively with age. Knockdown of LYPLAL1-AS1 accelerated hADSC senescence, while LYPLAL1-AS1 overexpression attenuated it. Chromatin isolation by RNA purification (ChIRP) sequencing indicated that LYPLAL1-AS1 bound to the MIRLET7B promoter region and suppressed its transcription activity, as demonstrated by dual-luciferase assay. miR-let-7b, the transcript of MIRLET7B, was upregulated during hADSC senescence and was regulated by LYPLAL1-AS1. Furthermore, miR-let-7b mimics promoted hADSC senescence, while the inhibitors repressed it. Finally, LYPLAL1-AS1 overexpression reversed miR-let-7b-induced hADSC senescence. CONCLUSIONS: Our data demonstrate that LYPLAL1-AS1 rejuvenates hADSCs through the transcriptional inhibition of MIRLET7B. Our work provides new insights into the mechanism of MSC senescence and indicates lncRNA LYPLAL1-AS1 and miR-let-7b as potential therapeutic targets in aging.",2022,2022-04-21,article,en,https://openalex.org/W4224222096,False,1,epigenomics_plus_downstream,True,True,True,True
doi:10.1186/s40168-026-02433-6,doi:10.1186/s40168-026-02433-6,europepmc,europepmc;pubmed;semantic_scholar,MED:42237409,10.1186/s40168-026-02433-6,42237409,,Multi-omics characterization of the skin microbiota reveals the anti-aging roles of Stenotrophomonas maltophilia.,"Background Shifts in the skin microbiome have shown a close link to chronological age. However, the contribution of the skin microbiome in skin-aging phenotypes remains unclear. Results To explore this, we performed phenotypic, metabolomic, metagenomic, and functional analyses on a cohort with divergent skin-aging phenotypes. Genome-scale metabolic models (GEMs) integrated with metabolomic analysis revealed that Stenotrophomonas maltophilia, enriched in the younger group (categorized by AI-predicted age and skin elasticity), utilizes the glutathione cycle to maintain redox homeostasis. Cellular experiments showed its metabolites enhanced GSH synthesis and alleviated oxidative-stress-induced phenotypic skin-aging by upregulating key genes in fibroblasts, including GCLM, PGD, SOD2, and NQO1. In addition, GEMs highlighted its potential in maintaining youthful skin phenotypes through the regulation of host metabolic pathways involving betaine, lysolecithin, and porphyrin. In parallel, Acinetobacter guillouiae was found to influence host melanin metabolism by degrading dopamine (DA) and 3-methoxytyramine (3-MT), offering potential therapeutic strategies for mitigating pigmentation. Conclusions Our findings highlight the dynamic interplay between skin microbiota and the host in phenotypic skin-aging, offering new insights for designing interventions to maintain youthful skin. Video Abstract.",2026,2026-06-03,Journal Article,eng,https://europepmc.org/article/MED/42237409,False,2,,True,True,True,True
doi:10.1196/annals.1335.015,doi:10.1196/annals.1335.015,europepmc,europepmc;pubmed;scopus,MED:15731305,10.1196/annals.1335.015,15731305,,"Aging of oocyte, ovary, and human reproduction.","We review age-related changes in the ovary and their effect on female fertility, with particular emphasis on follicle formation, follicle dynamics, and oocyte quality. The evidence indicates that the developmental processes leading to follicle formation set the rules determining follicle quiescence and growth. This regulatory system is maintained until menopause and is directly affected in at least some models of premature ovarian failure (POF), most strikingly in the Foxl2 mouse knockout, a model of human POF with monogenic etiology (blepharophimosis/ptosis/epicanthus inversus syndrome). Several lines of evidence indicate that if the ovarian germ cell lineage maintains regenerative potential, as recently suggested in the mouse, a role in follicle dynamics for germ stem cells, if any, is likely indirect or secondary. In addition, age-related variations in oocyte quality in animal models suggest that reproductive competence is acquired progressively and might depend on parallel growth and differentiation of follicle cells and stroma. Genomewide analyses of the mouse oocyte transcriptome have begun to be used to systematically investigate the mechanisms of reproductive competence that are altered with aging. Investigative and therapeutic strategies can benefit from considering the role of continuous interactions between follicle cells and oocytes from the beginning of histogenesis to full maturation.",2004,2004-12-01,Review; Journal Article,eng,https://europepmc.org/article/MED/15731305,False,2,,True,True,True,True
doi:10.1200/jco.2025.43.16_suppl.e17536,doi:10.1200/jco.2025.43.16_suppl.e17536,semantic_scholar,semantic_scholar,65b12713b597d9f017570b06219fcd74b91e4800,10.1200/jco.2025.43.16_suppl.e17536,,,Spatial transcriptomics for profiling the microenvironment of cervical precancer progression from routine H&E slides: Applications for pharmaceutical development.,"e17536 Background: High-grade cervical intraepithelial neoplasia (HG-CIN) affects 200,000 U.S. women annually, with rising prevalence among those aged 30 & older, many of whom missed the opportunity for HPV vaccination. Treatment remains predominantly surgical, with a notable absence of pharmacologic interventions. Clinical trial endpoints rely on histological regression, but standard microscopy cannot accurately distinguish between regressing and progressing lesions. Compelling evidence underscores the tumor microenvironment’s (TME) critical role in driving immune suppression and malignant transformation. Leveraging a novel spatial imaging platform, this study provides high-resolution molecular insights into HG-CIN directly from routine H&E-stained slides, enabling precise characterization of immune marker distributions and their implications for disease progression. This technology has the potential to transform tissue analysis and significantly impact drug development. Methods: Sixteen formalin-fixed paraffin-embedded (FFPE) tissues were obtained from the health system’s Biospecimen Repository, with twelve used to optimize the sequencing protocol directly from H&E slides. Sample was categorized as CIN3, benign, or micro-invasive cervical mucosa based on the history, Pap smear/HPV test results, and an expert review by a Gynecologic Pathologist. Library generation and sequencing were conducted using Visium Gene Expression (both SD & HD platforms) kits for FFPE (10x Genomics). Specific genetic markers for immunosuppressive cell activities were highlighted to demonstrate its differential presence in CIN3 vs normal cervical tissue. Results: Sixteen FFPE samples were analyzed, with 11 used to optimize sequencing protocols. Three CIN3, three normal, and one micro-invasive cervical cancer sample revealed distinct tumor, stromal, and immune microenvironments. CIN3 tissues had elevated Tregs markers (FOXP3, CD4), MDSCs (CD11b, CD33, HLA-DR), and the Treg trafficking molecules CCR7 and TGF-β within stromal regions. Additionally, CIN3 had high gene expression for CDKN2A, which encodes the immunosuppressive ligand PDL1. Conclusions: The CIN and cancer microenvironment demonstrated strong immunosuppressive markers across immune, stromal, and epithelial compartments, aligning with key known features of tumorigenesis and progression. This spatial imaging platform & optimized workflow captures biologically relevant data directly from standard routinely stained H&E slide, achieving near single-cell resolution, enabling histopathologic comparison to gene expression data. Our study revealed unique immune suppression profiles in CIN3 linked to HPV progression, highlighting the platform’s potential to transform tissue analysis and advance drug development applications.",2025,2025-06-01,JournalArticle; Review,,https://www.semanticscholar.org/paper/65b12713b597d9f017570b06219fcd74b91e4800,False,0,,True,False,True,False
doi:10.1210/jendso/bvac150.1271,doi:10.1210/jendso/bvac150.1271,semantic_scholar,semantic_scholar,c6088dd3f7e08e171875db50943cb1091e31fc7f,10.1210/jendso/bvac150.1271,,9625513,OR14-1 Preimplantation embryo development is associated with both birth size and post-natal growth and can predict adult cardiovascular risk,"Abstract Background The link between birth-size, early childhood growth and later life cardiovascular (CV) risk is well recognised. The contribution to CV risk of growth and cell differentiation during pre-implantation embryo development is unknown. Aims Develop a transcriptomic model of developmental trajectory in the pre-implantation embryo and link this model to birthweight, child growth and CV risk in later life. Methods Single cell RNA velocity1 and pseudotime analyses were used to infer developmental trajectory in the preimplantation human embryo2. Time series clustering was used to identify genes with similar activity patterns. These data were compared with independent genomic data from four further data sets. I) Birthweight genome wide association study (GWAS)3. II) Genes correlated with gestation4. III) A previously identified set of 55 genes that classify pre-hypertensive young adults using their blood methylome at age 0, 7 and 17 years5. IV) A set of genes with differential methylation associated with linear childhood growth6. Data sets III) and IV) were derived from the Avon Longitudinal Study of Parents and Children (n=6487). Enrichment was assessed using the hypergeometric test and confirmed via random permutation (1×105-fold) and z-score analysis. Random Forest was used to determine the predictive value presented as the area under the curve (AUC) of the receiver operating characteristic. Results 8256 genes contributed to the velocity of mRNA change in the preimplantation embryo and a temporal wave pattern was revealed with peaks of velocity at 3, 4, and 5-days post-fertilisation. Genes associated with the velocity of the developmental trajectory formed 6 clusters, in which metabolic pathways were over-represented (adj. p 10-fold enrichment, p<1×10-8), these 11 genes predicted adult pre-hypertension in small for gestational age catch-up growth (cuSGA) with an AUC=0.98. Of the 8256 developmental trajectory genes, 307 were differentially methylated in linear childhood growth (IV) (2.3-fold over-enrichment, p<1×10-8). Conclusion Waves of gene expression velocity occur in preimplantation human embryos. These waves mark major developmental transitions and form a transcriptomic developmental trajectory which is associated with both birthweight and gestation. The transcriptomic developmental trajectory genes are over-enriched for genes associated with the linear phase of childhood growth and for genes associated with and predictive for the development of adult pre-hypertension in cuSGA. Pre-implantation gene expression can therefore be linked to the origins of adult disease. 1. LaManno, et al. (2018). Nature. 560(7719): 494-8. 2. Petropoulos, et al. (2016). Cell. 165(4): 1012-26. 3. Horikoshi, et al. (2016). Nature 538(7624): 248-252. 4. Rasmussen, et al. (2022). Nature. https://doi.org/10.1038/s41586-021-04249-w 5. Garner, et al (2021). JES. 5: A654–A655. 6. Garner, et al (2019) ESPE Abstracts 92FC12.6 Presentation: Sunday, June 12, 2022 11:00 a.m. - 11:15 a.m.",2022,2022-11-01,,,https://www.semanticscholar.org/paper/c6088dd3f7e08e171875db50943cb1091e31fc7f,False,0,,True,False,False,False
doi:10.1242/jcs.256230,doi:10.1242/jcs.256230,europepmc,europepmc;pubmed;scopus;semantic_scholar,MED:34096605,10.1242/jcs.256230,34096605,,Interferon regulatory factor 7 impairs cellular metabolism in aging adipose-derived stromal cells.,"Dysregulated immunity and widespread metabolic dysfunctions are the most relevant hallmarks of the passing of time over the course of adult life, and their combination at midlife is strongly related to increased vulnerability to diseases; however, the causal connection between them remains largely unclear. By combining multi-omics and functional analyses of adipose-derived stromal cells established from young (1 month) and midlife (12 months) mice, we show that an increase in expression of interferon regulatory factor 7 (IRF7) during adult life drives major metabolic changes, which include impaired mitochondrial function, altered amino acid biogenesis and reduced expression of genes involved in branched-chain amino acid (BCAA) degradation. Our results draw a new paradigm of aging as the 'sterile' activation of a cell-autonomous pathway of self-defense and identify a crucial mediator of this pathway, IRF7, as driver of metabolic dysfunction with age.",2021,2021-06-07,"Research Support, Non-U.S. Gov't; Journal Article",eng,https://europepmc.org/article/MED/34096605,False,3,,True,True,True,True
doi:10.1371/journal.pgen.1002359,doi:10.1371/journal.pgen.1002359,europepmc,europepmc;pubmed;scopus,MED:22072987,10.1371/journal.pgen.1002359,22072987,PMC3207904,Activation of Bmp2-Smad1 signal and its regulation by coordinated alteration of H3K27 trimethylation in Ras-induced senescence.,"Cellular senescence involves epigenetic alteration, e.g. loss of H3K27me3 in Ink4a-Arf locus. Using mouse embryonic fibroblast (MEF), we here analyzed transcription and epigenetic alteration during Ras-induced senescence on genome-wide scale by chromatin immunoprecipitation (ChIP)-sequencing and microarray. Bmp2 was the most activated secreted factor with H3K4me3 gain and H3K27me3 loss, whereas H3K4me3 loss and de novo formation of H3K27me3 occurred inversely in repression of nine genes, including two BMP-SMAD inhibitors Smad6 and Noggin. DNA methylation alteration unlikely occurred. Ras-activated cells senesced with nuclear accumulation of phosphorylated SMAD1/5/8. Senescence was bypassed in Ras-activated cells when Bmp2/Smad1 signal was blocked by Bmp2 knockdown, Smad6 induction, or Noggin induction. Senescence was induced when recombinant BMP2 protein was added to Bmp2-knocked-down Ras-activated cells. Downstream Bmp2-Smad1 target genes were then analyzed genome-wide by ChIP-sequencing using anti-Smad1 antibody in MEF that was exposed to BMP2. Smad1 target sites were enriched nearby transcription start sites of genes, which significantly correlated to upregulation by BMP2 stimulation. While Smad6 was one of Smad1 target genes to be upregulated by BMP2 exposure, Smad6 repression in Ras-activated cells with increased enrichment of Ezh2 and gain of H3K27me3 suggested epigenetic disruption of negative feedback by Polycomb. Among Smad1 target genes that were upregulated in Ras-activated cells without increased repressive mark, Parvb was found to contribute to growth inhibition as Parvb knockdown lead to escape from senescence. It was revealed through genome-wide analyses in this study that Bmp2-Smad1 signal and its regulation by harmonized epigenomic alteration play an important role in Ras-induced senescence.",2011,2011-11-03,"Research Support, Non-U.S. Gov't; research-article; Journal Article",eng,https://europepmc.org/article/MED/22072987,False,2,,True,True,True,True
doi:10.1371/journal.pone.0023411,doi:10.1371/journal.pone.0023411,europepmc,europepmc;pubmed;scopus,MED:21858106,10.1371/journal.pone.0023411,21858106,PMC3153486,Impaired vascular contractility and aortic wall degeneration in fibulin-4 deficient mice: effect of angiotensin II type 1 (AT1) receptor blockade.,"Medial degeneration is a key feature of aneurysm disease and aortic dissection. In a murine aneurysm model we investigated the structural and functional characteristics of aortic wall degeneration in adult fibulin-4 deficient mice and the potential therapeutic role of the angiotensin (Ang) II type 1 (AT(1)) receptor antagonist losartan in preventing aortic media degeneration. Adult mice with 2-fold (heterozygous Fibulin-4(+/R)) and 4-fold (homozygous Fibulin-4(R/R)) reduced expression of fibulin-4 displayed the histological features of cystic media degeneration as found in patients with aneurysm or dissection, including elastin fiber fragmentation, loss of smooth muscle cells, and deposition of ground substance in the extracellular matrix of the aortic media. The aortic contractile capacity, determined by isometric force measurements, was diminished, and was associated with dysregulation of contractile genes as shown by aortic transcriptome analysis. These structural and functional alterations were accompanied by upregulation of TGF-β signaling in aortas from fibulin-4 deficient mice, as identified by genome-scaled network analysis as well as by immunohistochemical staining for phosphorylated Smad2, an intracellular mediator of TGF-β. Tissue levels of Ang II, a regulator of TGF-β signaling, were increased. Prenatal treatment with the AT(1) receptor antagonist losartan, which blunts TGF-β signaling, prevented elastic fiber fragmentation in the aortic media of newborn Fibulin-4(R/R) mice. Postnatal losartan treatment reduced haemodynamic stress and improved lifespan of homozygous knockdown fibulin-4 animals, but did not affect aortic vessel wall structure. In conclusion, the AT(1) receptor blocker losartan can prevent aortic media degeneration in a non-Marfan syndrome aneurysm mouse model. In established aortic aneurysms, losartan does not affect aortic architecture, but does improve survival. These findings may extend the potential therapeutic application of inhibitors of the renin-angiotensin system to the preventive treatment of aneurysm disease.",2011,2011-08-09,"Research Support, Non-U.S. Gov't; research-article; Journal Article",eng,https://europepmc.org/article/MED/21858106,False,2,,True,True,True,True
doi:10.1371/journal.pone.0298172,doi:10.1371/journal.pone.0298172,openalex,openalex,https://openalex.org/W4392602112,10.1371/journal.pone.0298172,,,Investigating the association between blood metabolites and telomere length: A mendelian randomization study,"BACKGROUND: Telomere length refers to the protective cap at the end of chromosomes, and it plays a crucial role in many diseases. The objective of this study is to explore the relationship between blood metabolites and telomere length, aiming to identify novel biological factors that influence telomere length. METHODS: In this study, we extracted genome-wide association study (GWAS) data for blood metabolites from a sample of 7824 Europeans. Additionally, GWAS data for telomere length were obtained from the Open GWAS database (GWAS ID: ieu-b-4879). The primary analysis of this study utilized the random inverse variance weighted (IVW) method. Complementary analyses were also conducted using the MR-Egger and weighted median approaches. Sensitivity analyses were performed to assess the robustness of the findings. These included the Cochran Q test, MR-Egger intercept test, MR-PRESSO, and leave-one-out analysis. To investigate the possibility of reverse causation, reverse MR analysis was conducted. Additionally, multivariable MR was utilized to evaluate the direct effect of metabolites on telomere length. RESULTS: The results suggested a potential association between 15-methylpalmitate, taurocholate, levulinate, and X-12712 and telomere length. MVMR analysis further showed that 15-methylpalmitate, taurocholate, and levulinate can directly influence telomere length, regardless of other metabolites. CONCLUSIONS: This study suggests that 15-methylpalmitate, taurocholate, and levulinate are likely factors correlated with telomere length. These findings will contribute to the development of strategies for protecting telomeres, preventing related diseases, and establishing a new biological foundation for achieving healthy aging.",2024,2024-03-08,article,en,https://openalex.org/W4392602112,False,0,genomics_plus_other,True,True,True,True
doi:10.14336/ad.2025.0218,doi:10.14336/ad.2025.0218,europepmc,europepmc;google_scholar;pubmed;scopus;semantic_scholar,MED:40153587,10.14336/ad.2025.0218,40153587,PMC12834424,Towards Precision Aging Biology: Single-Cell Multi-Omics and Advanced AI-Driven Strategies.,"Individual aging is a complex biological process involving multiple levels, with molecular changes existing in heterogeneity across different cell types and tissues, being regulated by both internal and external factors. Traditional senescence markers, including p16, cell morphological changes, and cell cycle arrest, can only partially reflect the complexity of senescence. Single-cell omics technology facilitates the integration of multi-faceted data, including gene expression profiles, spatial dynamics, chromatin accessibility and metabolic pathways. This comprehensive approach enhances the development of biomarkers, granting us a more profound insight into the heterogeneity inherent within senescent cell populations. In this review, we summarize the application of single cell multi-omics approaches in analyzing senescence mechanisms and potential intervention targets from the perspectives of transcriptomics, epigenetics, metabolomics, and proteomics, explore the potential of developing new senescence markers at the cellular level using machine learning algorithms and artificial intelligence in bioinformatics analysis. Finally, we further discuss the challenges and prospective trajectories within this research domain to provide a more comprehensive perspective on dissecting the regulatory networks of senescence cells.",2025,2025-03-13,"Research Support, Non-U.S. Gov't; review-article; Review; Journal Article",eng,https://europepmc.org/article/MED/40153587,False,4,,True,True,True,True
doi:10.15232/pas.2018-01788,doi:10.15232/pas.2018-01788,semantic_scholar,semantic_scholar,8e11b751f54566a64ee49aba88f7ebcb28c90f91,10.15232/pas.2018-01788,,,Invited Review: Effect of early-life nutrition on the molecular and physiological regulation of puberty onset in the bull,"ABSTRACT The advent of genomic selection has accentuated interest in procuring saleable semen from young genetically elite bulls as early in life as possible. However, the timing of availability of semen for commercial use will be determined by the age at which these young animals reach puberty and subsequent sexual maturity. Enhancing early-life nutrition stimulates the functionality of the hypothalamic–pituitary–testicular axis, mediated through complex biochemical interplay between metabolic and neuroendocrine signals and culminating in enhanced testicular growth, steroidogenesis, spermatogenesis, and ultimately, earlier onset of sexual maturation. Indeed, recent evidence indicates that the timing of sexual precocity, which is dictated by an early gonadotropin rise (8–20 wk of age) in the bull, is determined by prevailing metabolic status during calfhood and is not compensable even where prior undernutrition is followed by dietary augmentation. However, despite this, the precise neuronal mechanisms regulating these developmental processes remain to be elucidated for the bull. Although early-life nutrition clearly affects the sexual maturation process, there is little evidence for latent effects on postpubertal semen characteristics. Equally, postpubertal fertility, measured as in vitro fertilization and early embryogenesis, is not influenced by nutritional status during early life. Current efforts employing high throughput nucleic acid and proteomic sequencing and targeted immunofluorescence coupled with systems biology–based gene network analyses can provide further insight on how nutrition may mediate the biochemical interaction between neuroendocrine and testicular cellular processes. Such information can be harnessed to identify potential genomic targets as part of genomically assisted breeding programs as well as facilitate development of strategic nutritional regimens to optimize sexual maturation and subsequent semen availability from genetically elite young bulls.",2018,2018-12-01,Review,,https://www.semanticscholar.org/paper/8e11b751f54566a64ee49aba88f7ebcb28c90f91,False,0,,True,False,True,False
doi:10.1681/asn.0000001117,doi:10.1681/asn.0000001117,openalex,europepmc;openalex;pubmed;scopus;semantic_scholar,https://openalex.org/W7159769199,10.1681/asn.0000001117,,,Integrating Genomics and Proteomics to Identify Causal Proteins and Biologic Pathways for Incident Atrial Fibrillation in CKD,"KEY POINTS: Using proteomics and Mendelian randomization, we identified causal proteins for the development of atrial fibrillation in patients with CKD. Immunologic function, cell growth, and neural development were common biologic pathways underlying atrial fibrillation and left atrial enlargement. Machine learning led to a nine-protein risk model that had a similar predictive performance for incident atrial fibrillation as clinical risk scores. BACKGROUND: CKD is strongly associated with atrial fibrillation. Understanding the biologic pathways for this association and creating predictive models have been challenging. Left atrial enlargement is a substrate for atrial fibrillation, but any overlap between biomarkers of atrial fibrillation and left atrial enlargement in patients with CKD is unknown. METHODS: We evaluated 4590 plasma proteins with SomaScan in two cohorts of adult patients with CKD: the Chronic Renal Insufficiency Cohort (CRIC; n =2654) and the Atherosclerosis Risk in Communities cohort (ARIC; n =1326). Using Mendelian randomization, we identified proteins along the causal pathway to atrial fibrillation. We also identified proteins and corresponding pathways associated with larger echocardiographic left atrial size, a recognized substrate for atrial fibrillation. Finally, we developed and validated a multiprotein risk score for incident atrial fibrillation in the CKD population. RESULTS: Over 5 years, incident atrial fibrillation occurred among 150 patients in the CRIC and 140 in the ARIC cohort. We identified three proteins causally linked to incident atrial fibrillation: neural EGF like‑like protein 1, cartilage intermediate layer protein 2, and matrix metallopeptidase 12. Pathway analysis revealed an overlap in eight of the top ten canonical pathways for incident atrial fibrillation and left atrial enlargement. A risk model for incident atrial fibrillation composed of proteins had annualized areas under the receiver-operating characteristic curve over 5 years ranging from 0.65 to 0.76, a performance similar to the Cohorts for Heart and Aging Research in Genomic Epidemiology Atrial Fibrillation (CHARGE-AF) clinical risk score. CONCLUSIONS: This study identified causal proteins and biologic mechanisms underlying incident atrial fibrillation in CKD. A proteomic risk score for incident atrial fibrillation in CKD performed similarly to the CHARGE-AF clinical risk score.",2026,2026-05-01,article,en,https://openalex.org/W7159769199,False,4,genomics_plus_other,True,True,True,True
doi:10.18174/288708,doi:10.18174/288708,semantic_scholar,semantic_scholar,ca3cc7bfbdecda25f8a7a2c7a520cbf8c32d914f,10.18174/288708,,,Insertional mutagenesis in the vascular wilt pathogen Verticillium dahliae,"Vascular wilt diseases caused by soil-borne pathogens are among the most devastating plant diseases worldwide. The ascomycete fungus Verticillium dahliae causes vascular wilt diseases in hundreds of dicotyledonous plant species, including important crops such as eggplant, lettuce, olive, spinach and tomato. The resting structures, microsclerotia, are triggered by root exudates to germinate and penetrate the roots after which the fungus grows into the xylem vessels. The fungus colonizes these vessels and interferes with the transportation of water and nutrients, resulting in the development of symptoms such as stunting, wilting, chlorosis and vascular browning. Verticillium wilt diseases are difficult to control due to the longevity of the microsclerotia, the broad host range of the pathogen, the inability of fungicides to kill the fungus once it has colonized the xylem vessels and the lack of natural resistance in many plant species. Chapter 1 is the introduction to this thesis that describes the identified pathogenicity and virulence factors of V. dahliae and strategies to identify these components. In spite of the economic importance of V. dahliae, relatively few pathogenicity genes have been identified in this species. With the availability of whole genome sequences and the development of functional genomics tools such as random mutagenesis, targeted mutagenesis, transcriptomics, RNA interference (RNAi) and comparative genomics, more strategies have become available to identify novel pathogenicity and virulence genes. Chapter 2 focuses on the identification of virulence and pathogenicity genes of V. dahliae by screening of a library of random T-DNA insertion mutants. Using Agrobacterium tumefaciens-mediated transformation, 900 T-DNA transformants with random insertions were generated and screened for altered virulence on susceptible tomato plants. This screening, followed by inverse PCR on selected transformants, resulted in the identification of 55 potential pathogenicity and virulence genes. One of the potential pathogenicity genes, VdNRS/ER, is a homolog of a nucleotide-rhamnose synthase/epimerase-reductase (NRS/ER), which is presumably involved in the biosynthesis of UDP-rhamnose. Using targeted mutagenesis, VdNRS/ER was deleted from wild-type V. dahliae and the resulting deletion mutants were characterized. VdNRS/ER deletion mutants exhibit unaltered vegetative growth and sporulation, but the deletion mutants were no longer pathogenic on tomato and N. benthamiana and showed impaired root attachment on tomato seedlings. These data suggest that UDPrhamnose is required for pathogenesis of V. dahliae. Chapter 3 describes the role of the V. dahliae homolog of Sge1, a transcriptional regulator that was shown to play a role in pathogenicity and regulate effector gene expression in Fusarium oxysporum. In this chapter it is demonstrated that V. dahliae Sge1 (VdSge1) is required for radial growth and production of asexual conidiospores. It is furthermore shown that VdSge1 deletion strains have lost pathogenicity on tomato. Since the VdSge1 deletion mutants are not able to infect and colonize tomato plants, a tomato cell suspension culture was used to the study the expression of Ave1, as well as nine other genes of which the expression is highly induced in planta. This assay revealed that VdSge1 is not required for the induction of the Ave1 effector that activates resistance mediated by Ve1 in tomato. Furthermore, the expression of one other putative effector gene was not affected by VdSge1 deletion. However, VdSge1 was shown to be required for the expression of six putative effector genes, whereas expression of the remaining two putative effectors genes was negatively regulated. Thus, the data show that VdSge1 is required for V. dahliae pathogenicity and differentially regulates effector gene expression. Chapter 4 describes the functional characterization of the gene family encoding necrosis- and ethylene-inducing-like proteins (NLPs) of V. dahliae. The cytotoxic activity of NLP family members was determined using agroinfiltration into tobacco leaves. This resulted in the identification of two out of the seven NLPs, VdNLP1 and VdNLP2, that induced plant cell death. The genes encoding these cytotoxic NLPs were found to be induced in V. dahliae upon colonization of tomato. Targeted deletion of VdNLP1 and VdNLP2 significantly reduced the virulence of V. dahliae on tomato and Arabidopsis plants. In contrast, only deletion of VdNLP1 affected virulence on N. benthamiana whereas deletion of NLP2 did not. However, subsequent transcriptional analysis revealed that VdNLP2 was not expressed in V. dahliae during colonization of N. benthamiana. Moreover, VdNLP2 also affects vegetative growth and conidiospore production. In conclusion, the expanded V. dahliae NLP family shows differential cytotoxic activity between family members and in planta induction of the cytotoxic NLP genes varies between plant hosts. In addition, VdNLP2 plays a role in vegetative growth and conidiospore production in addition to its contribution to virulence. Thus, evidence is provided for functional diversification within the V. dahliae NLP family. Finally in Chapter 5, the major findings of this thesis are discussed and placed in a broader perspective.",2008,2008-10-01,,,https://www.semanticscholar.org/paper/ca3cc7bfbdecda25f8a7a2c7a520cbf8c32d914f,False,0,,True,True,True,True
doi:10.18632/aging.202759,doi:10.18632/aging.202759,europepmc,europepmc;pubmed;scopus;semantic_scholar,MED:33795523,10.18632/aging.202759,33795523,PMC8064146,Transcriptome and lipidome profile of human mesenchymal stem cells with reduced senescence and increased trilineage differentiation ability upon drug treatment.,"Human Mesenchymal stem cells (hMSCs) are multi-potential cells which are widely used in cell therapy. However, the frequently emerged senescence and decrease of differentiation capabilities limited the broad applications of MSC. Several strategies such as small molecules treatment have been widely studied and used to improve the stem characteristics bypassing the senescence but the exact mechanisms for them to reduce senescence have not been fully studied. In this study, hMSCs were treated by rapamycin, oltipraz, metformin, and vitamin C for the indicated time and these cells were subjected to senescence evaluation and trilineage differentiation. Furthermore, transcriptomics and lipidomics datasets of hMSCs after drug treatment were analyzed to interpret biological pathways responsible for their anti-senescence effects. Although four drugs exhibited significant activities in promoting MSC osteogenic differentiation, metformin is the optimal drug to promote trilineage differentiation. GO terms illustrated that the anti-aging effects of drugs were mainly associated with cellular senescence, mitotic and meiosis process. Biosynthesis of phosphatidylcholines (PC) and phosphatidylethanolamine (PE) were inhibited whereas production of phosphatidylinositols (PIs) and saturated fatty acids (SFA)/ mono-unsaturated fatty acids (MUFA) conversion was activated. Medium free fatty acids (FFA) was increased in hMSCs with different anti-aging phenotypes. Therefore, we established a comprehensive method in assessing drug intervention based on the results of transcriptomics and lipidomics. The method can be used to study different biological phenotypes upon drug intervention in MSC which will extend the clinical application of hMSCs.",2021,2021-03-26,"Research Support, Non-U.S. Gov't; research-article; Journal Article",eng,https://europepmc.org/article/MED/33795523,False,3,,True,True,True,True
doi:10.18699/bgrssb-2018-206,doi:10.18699/bgrssb-2018-206,openalex,openalex,https://openalex.org/W4254525720,10.18699/bgrssb-2018-206,,,Functional characterization of the conservative protein CG17337 in Drosophila melanogaster,"Motivation and Aim: Eukaryotic peptidases play an important role in protein and peptide metabolism. Currently, close attention is being paid to the human CNDP2 gene encoding a protein of metallopeptidase M20 family. The CNDP2 is a tumor suppressor protein; changes of its expression level stimulate cell proliferation and are used as a biomarker of cancer. Our aim was to clarify the function of drosophila CG17337 gene, which is the ortholog of CNDP2, at the level of cells and whole organism. Methods and Algorithms: First, we have raised polyclonal antibodies specific to CG17337, which allowed us to visualize this protein in drosophila tissues and cultured cells by confocal microscopy. Second, using CRISPR/Cas9-mediated homologous recombination, we generated null mutant of the CG17337 gene. The CG17337 nullmutation was checked by genotyping PCR, DNA sequencing and Western Blot analysis. Also, we generated transgenic flies carrying genomic copy of the CG17337 gene for rescue experiments. We estimated influence of the CG17337 null-mutation on cell cycle in different tissues as well as on the lifespan of drosophila. Results: We provide first insights on the role of the CG17337 protein in drosophila. First, we found that CG17337 is not only extracellular protein as was reported earlier [1], but also plays a role both in the cytoplasm and nucleus (chromatin). Particularly, we found CG17337 in a co-immunoprecipitation assay as a putative interactor partner of the SUUR (Suppressor of Underreplication) protein in embryonic nuclear extracts. The nuclear localization and chromatin association of CG17337 was observed in cell cycledependent manner. We determined by Fly-FUCCI approach that the CG17337 protein is enriched in G2 cells. Second, we have shown that depletion/lack of CG17337 in cultured S2 cells or in drosophila tissues leads to changes in mitotic cell cycle, whereas endocycle is not affected. Finally, the CG17337 is a dominant and haploinsufficient gene. The obtained null-mutation appeared to be homozygous viable and is characterized by an elongated female lifespan. Unexpectedly we found that females null mutant for the CG17337 gene display a prolonged period of fertility probably due to suppression of cell death in middle oogenesis during senescence. Conclusion: Altogether, our results indicate that the drosophila CG17337 protein is necessary for proper mitotic cell cycle progression and cell death control.",2018,2018-08-01,article,ru,https://openalex.org/W4254525720,False,0,genomics_plus_other,True,True,True,True
doi:10.21007/etd.cghs.2019.0477,doi:10.21007/etd.cghs.2019.0477,semantic_scholar,semantic_scholar,2773702d09243b8d2cf7db85d1d0630f720b7efe,10.21007/etd.cghs.2019.0477,,,Using Genetic Diversity to Understand Susceptibility to Cognitive Decline in Aging and Alzheimer’s Disease,"An individual's genetic makeup plays an important role in determining susceptibility to cognitive aging and transition to dementia such as Alzheimer's disease (AD). Identifying the specific genetic variants that contribute to cognitive aging and AD may aid in early diagnosis of at-risk patients, as well as identify novel therapeutics targets to treat or prevent development of symptoms. Challenges to identifying these specific genes in human studies include complex genetics, difficulty in controlling environmental factors, and limited access to human brain tissue. Here, we turned to genetically diverse mice from the BXD genetic reference panel (GRP) to overcome some of the barriers traditionally associated with human studies. Using a forward genetics screen, we first identified and validated the gene heterochromatin protein l binding protein 3 (HpJbp3) as a novel modulator of normal cognitive aging. We then demonstrated that targeted knockdown of HpJbp3 in the hippocampus by 50-75% was sufficient to induce cognitive deficits and transcriptional changes reminiscent of those observed in aging and AD, namely an increase in inflammatory pathways and decrease in neuronal and synaptically-localized transcripts. We also show HpJbp3 is a translationally relevant target, as transcriptional changes induced by our targeted knockdown significantly overlapped those observed in the aging human brain. In addition, HPlBP3 itself was decreased in the hippocampus of cognitively impaired aging humans. In summary, our results suggest therapeutics designed to target either HpJbp3 or its downstream effectors may be useful promoting cognitive longevity. We next expanded on our findings that the BXDs were variably susceptible to cognitive aging and combined the BXD GRP with a well-established transgenic mouse model of AD harboring 5 familial AD mutations, the 5XFAD model. The resulting panel, which we termed the AD-BXDs, consists of genetically diverse yet isogenic Fl mice that all harbor the same high-risk human AD mutations but who differ across the remainder of their genome. We first showed that genetic variation profoundly modified the impact of human AD mutations on both cognitive and pathological phenotypes. We then validated this complex AD model by demonstrating high degrees of genetic, transcriptomic, and phenotypic overlap with human AD. Genetic mapping was used to identify novel genomic loci that modified susceptibility or resilience to cognitive and pathological symptoms of AD. Finally, we used transcriptome profiling to identify gene networks present in the pre-symptomatic mouse brain that predict cognitive performance at an advanced age. Together, the candidates identified through these analyses highlight new potential drivers of susceptibility or resilience to AD and contribute significantly to our understanding of early, potentially causal disease mechanisms. In summary, work here highlights the utility of genetically diverse mice to elucidate mechanisms underlying complex human disease, namely cognitive aging and AD. In addition, we developed a novel AD mouse population as an innovative and reproducible resource for the study of mechanisms underlying AD. Data presented here provides convincing evidence that preclinical models incorporating genetic diversity may better translate to human disease. Due to the reproducible nature of the BXDs and resulting AD-BXDs, this approach creates substantial opportunities to develop improved models of human aging and AD as well as develop a better understanding of precise mechanisms underlying disease. Together, these resources may ultimately enable precision medicine approaches across a diverse population. Finally, our experimental design is likely to be broadly applicable to mouse models of human disease that incorporate a dominantly inherited high-risk genotype in the form of a transgene or other genetic perturbation, enhancing the general utility of results reported here. Document Type Dissertation Degree Name Doctor of Philosophy (PhD) Program Biomedical Sciences Research Advisor Robert W. Williams, PhD.",2019,,,,https://www.semanticscholar.org/paper/2773702d09243b8d2cf7db85d1d0630f720b7efe,False,0,,True,True,True,True
doi:10.21203/rs.3.rs-179923/v1,doi:10.21203/rs.3.rs-179923/v1,semantic_scholar,semantic_scholar,be97d0adabe3af1dd504a043a78dd3603817c869,10.21203/rs.3.rs-179923/v1,,,Study on the Mechanism of Salvia Miltiorrhiza Polysaccharides in Relieving Liver Injury of Broilers Induced by Fluorophenicol,"In order to explore the transcriptomics and proteomics targets and pathways of Salvia miltiorrhiza polysaccharides (SMPs) alleviating florfenicol (FFC)-induced liver injury in broilers,60 1-day-old broilers were randomly divided into 3 groups: control group ( GP1) was fed tap water, FFC model (GP2) was given tap water containing FFC 0.15 g/L, and SMPs treatment group (GP3) was given tap water containing FFC 0.15 g/L and SMPs 5 g/L.Starting from 1 day of age, the drug was administered continuously for 5 days. On the 6th day, blood was collected from the heart and the liver was taken. Then 3 chickens were randomly taken from each group, and their liver tissues were aseptically removed and placed in an enzyme-free tube. Using high-throughput mRNA sequencing and TMT-labeled quantitative proteomics technology, the transcriptome and proteome of the three groups of broiler liver were analyzed respectively. The results of the study showed that the liver tissue morphology of the chicks in the GP1 and GP3 groups was complete, and there were no obvious necrotic cells in the liver cells. The liver tissue cells in the GP2 group showed obvious damage, the intercellular space increased, and the liver cells showed extensive vacuolation and steatosis. Compared with the GP1 group, the daily gain of chicks in the GP2 group was significantly reduced (P < 0.0 5 or P < 0.01). Compared with the GP2 group, the GP3 group significantly increased the daily gain of chicks (P <0.0 5 or P <0.01). Compared with the GP1 group, the serum levels of ALT, AST, liver LPO, ROS and IL-6 in the GP2 group were significantly increased (P < 0.0 5 or P < 0.01), and the contents of T-AOC, GSH-PX, IL-4 and IL-10 in the liver were significantly decreased (P < 0.0 5 o r P < 0.01). After SMPs treatment, the serum levels of ALT, AST, liver LPO, ROS and IL-6 were significantly reduced (P < 0.0 5 or P < 0.01), and the contents of T-AOC, GSH-PX, IL-4 and IL-10 in the liver were significantly increased (P < 0.0 5 or P < 0.01). There were 380 mRNA and 178 protein differentially expressed between GP2 group and GP3 group. Part of DEGs was randomly selected for QPCR verification, and the expression results of randomly selected FABP1, SLC16A1, GPT2, AACS and other genes were verified by QPCR to be consistent with the sequencing results, which demonstrated the accuracy of transcriptation-associated proteomics sequencing. The results showed that SMPs could alleviate the oxidative stress and inflammatory damage caused by FFC in the liver of chicken and restore the normal function of the liver. SMPs may alleviate the liver damage caused by FFC by regulating the drug metabolism - cytopigment P450, PPAR signaling pathway, MAPK signaling pathway, glutathione metabolism and other pathways.",2021,2021-02-12,,,https://www.semanticscholar.org/paper/be97d0adabe3af1dd504a043a78dd3603817c869,False,0,,True,False,False,False
doi:10.21203/rs.3.rs-6309099/v1,doi:10.21203/rs.3.rs-6309099/v1,europepmc,europepmc,PPR:PPR1017813,10.21203/rs.3.rs-6309099/v1,,,Single-oocyte proteome-transcriptome co-profiling reveals a role of dysregulated lactate metabolism in oocyte aging,"Abstract The declined oocyte quality with age is a major risk factor for female infertility. Although transcriptomic changes have been examined in aged oocytes, the proteomic landscape, which reflects the primary functional executors of genes, and factors shaping the landscape, remains largely unexplored. This gap limits our understanding of molecular features driving oocyte aging. To address this, we performed single-cell proteome/transcriptome co-profiling in GV and MII-aged oocytes from mice and humans, revealing species- and stage-specific proteomic/transcriptomic changes during oocyte aging. Strikingly, we observed uncoupled proteomic and transcriptomic alterations, indicating that proteomic changes in aged oocytes are not primarily driven by RNA alterations. Leveraging our single-cell profiling, we captured the molecular heterogeneity in aged oocytes and revealed MCT4 as a conserved oocyte aging biomarker. Functional studies suggested that MCT4 mediated oocyte aging via lactate export, and its inhibition improved aged oocyte quality. These findings indicated altered lactate metabolism as a driver and intervention target of oocyte aging and underscored the value of our profiling in dissecting oocyte aging.",2025,2025-05-09,Preprint,,https://europepmc.org/article/PPR/PPR1017813,True,0,,True,True,True,True
doi:10.21203/rs.3.rs-9027627/v1,doi:10.21203/rs.3.rs-9027627/v1,europepmc,europepmc,PPR:PPR1170649,10.21203/rs.3.rs-9027627/v1,,,NADH-DLEM-seq: A High-Fidelity Multimodal Platform Revealing Fiber-Type-Specific Metabolic and Transcriptional Remodeling in Sarcopenia,"Abstract Unraveling the spatial heterogeneity of tissue microenvironments is essential for understanding complex pathologies like sarcopenia. However, existing spatial omics technologies often compromise between single-cell resolution, macromolecular integrity, and metabolic context. Here, we present ""Donut"" Laser Ejection Microdissection (DLEM), a high-throughput, non-contact spatial sampling platform. By integrating Spatial Light Modulator (SLM)-based vortex beam shaping with a metal-assisted ejection mechanism, DLEM achieves subcellular precision (5µm) and ""cold-cutting"" isolation, fundamentally eliminating thermal damage. This ensures superior RNA quality, maintaining > 82.5% genome alignment rates even at the single-cell level. We developed a multimodal NADH-DLEM-seq workflow to link in situ metabolic phenotypes with transcriptomic profiles. Applying this to a murine model of chronic kidney disease (CKD)-induced sarcopenia, we dissected the distinct molecular trajectories of oxidative (Type I) and glycolytic (Type IIB) myofibers. We reveal a dichotomous response to stress: Type I fibers undergo profibrotic remodeling via collagen signaling activation, whereas Type IIB fibers exhibit pronounced catabolic atrophy and mitochondrial disassembly. These findings, obscured in bulk analyses, underscore DLEM as a powerful tool for deciphering the metabolic-transcriptional coupling in aging and disease, offering precise targets for therapeutic intervention in sarcopenia.",2026,2026-03-26,Preprint,,https://europepmc.org/article/PPR/PPR1170649,True,0,,True,True,True,True
doi:10.2147/dddt.s550335,doi:10.2147/dddt.s550335,semantic_scholar,semantic_scholar,79b5607e4a963e92dd03c83f5873336c87a12e2c,10.2147/dddt.s550335,40901267,12400444,Mechanisms of Remifentanil-Induced Postoperative Hyperalgesia: A Comprehensive Review,"Abstract Remifentanil, a widely used ultra-short-acting μ-opioid receptor agonist in clinical anesthesia, is strongly associated with postoperative hyperalgesia (remifentanil-induced hyperalgesia, RIH), posing significant challenges to postoperative pain management. RIH is characterized by an abnormally heightened pain perception following opioid withdrawal, and its underlying mechanisms are complex and multifactorial. Current research highlights the roles of central sensitization, peripheral sensitization, and multiple interacting molecular pathways. These include NMDA receptor activation, glial cell activation, neuroinflammation, disinhibition of inhibitory neurotransmission, and dysfunction of the descending pain modulation system. Additionally, alterations in ion channel expression, synaptic plasticity enhancement, and peripheral responses to inflammatory mediators contribute critically to RIH development. Individual factors such as age, sex, genetic polymorphisms, and surgical type significantly influence the risk of RIH. Although substantial progress has been made in elucidating the molecular mechanisms of RIH, a unified theoretical framework and effective clinical strategies remain lacking. Future studies should emphasize multi-omics approaches and clinically relevant experimental models to uncover key regulatory targets and provide a theoretical basis for individualized analgesic interventions.",2025,2025-08-01,Review; JournalArticle,,https://www.semanticscholar.org/paper/79b5607e4a963e92dd03c83f5873336c87a12e2c,False,0,,True,False,True,False
doi:10.2174/011573403x421246251128050146,doi:10.2174/011573403x421246251128050146,semantic_scholar,semantic_scholar,4d3d498cb1fbaa0e1c329f9248273278bb1b4f57,10.2174/011573403x421246251128050146,42381136,,"Cardiovascular Risk Assessment: A Review of Current Models and Emerging Determinants, including Biomarkers, Genetics, and Artificial Intelligence.","Cardiovascular disease (CVD) remains the leading cause of death worldwide. While advances in treatment have improved outcomes, the greatest gains in public health will come from primary prevention. Risk stratification is the foundation of CVD prevention. Traditional tools, such as pooled cohort equations (PCEs) and SCORE2, do not capture non-traditional risk factors and individual variability, driving efforts to refine existing approaches. We critically discuss emerging risk determinants for primary CVD prevention. Coronary artery calcium scoring can reclassify CVD risk but has limitations related to cost, access, and unvalidated improvements in clinical endpoints. Biomarkers such as apolipoprotein B and lipoprotein(a) may identify residual risk beyond LDL-C, particularly in patients with lipid discordance, but remain underused due to uncertain thresholds and the lack of prospective triallevel outcome data. Trials of colchicine in primary prevention have yielded mixed results, making the role of targeting inflammation unclear in CVD prevention. Polygenic risk scores can stratify genetic risk but face challenges in sensitivity, specificity, and generalizability. Multiomics approaches, while offering the promise of deeper phenotyping, lack established clinical applications and consensus on when their use is appropriate. Artificial intelligence may allow better prediction across cohorts but requires broader validation. Clonal hematopoiesis of indeterminate potential, a marker of inflammation and age-related CVD risk, lacks evidence supporting routine screening or intervention in younger, asymptomatic individuals. The proliferation of new risk stratification tools poses a key challenge: determining when additional data meaningfully alter clinical decisions. Until robust outcome-based evidence emerges, risk enhancers should guide, but not dictate, therapy in selected patients.",2026,2026-06-29,JournalArticle; Review,,https://www.semanticscholar.org/paper/4d3d498cb1fbaa0e1c329f9248273278bb1b4f57,False,0,,True,False,True,False
doi:10.2215/cjn.0000000847,doi:10.2215/cjn.0000000847,semantic_scholar,semantic_scholar,c4996ae7602fc36ed588387de2582128fc1887ea,10.2215/cjn.0000000847,40965982,,Dietary Inflammatory Potential and Chronic Kidney Disease Risk: Exploring the Mediation Effects of Circulating Proteins.,"BACKGROUND While the association between diet-induced inflammation and the risk of cardiovascular disease or cancer has been previously reported, its contribution to chronic kidney disease (CKD) and the underlying biological mechanisms remain unclear. This study aimed to elucidate the mechanistic role of the Dietary Inflammatory Index (DII) in CKD through multi-omics-based mediation analyses and to provide clinically relevant insight. METHODS This study included 158,722 United Kingdom (UK) Biobank participants without underlying CKD (median age 57 years; 53% female). The DII was assessed via a 24-hour dietary recall and categorized into quartiles. Incident CKD was identified using International Classification of Diseases (ICD)-10 and Office of Population Censuses and Surveys Classification of Interventions and Procedures (OPCS)-4 codes. In a sub-cohort with creatinine follow-up, CKD was also defined as an estimated glomerular filtration rate (eGFR) <60 mL/min/1.73 m2. Mediation analyses using proteomics and metabolomics data were conducted to explore potential mechanisms linking diet-induced inflammation to CKD. Individual food item analyses were performed to identify their association with CKD via diet-induced inflammation. RESULTS During a median of 11.2 years of follow-up, CKD occurred in 4,382 patients. Cox regression revealed that the adjusted hazard ratios for incident CKD were higher in a stepwise fashion across higher DII quartiles (adjusted hazard ratio [aHR] and 95% confidence interval [CI]: Q2, 1.08 [0.99-1.18]; Q3, 1.15 [1.05-1.26]; Q4, 1.17 [1.06-1.29]) relative to Q1 (P-for-trend <0.001). Similar results were observed with eGFR-defined CKD. Proteomics-based mediation analysis identified death receptor and tumor necrosis factor (TNF) receptor-related proteins as mediators linking diet-induced inflammation to CKD. Metabolomics analysis highlighted omega-3 fatty acids, especially docosahexaenoic acid, as protective mediators. Oily fish intake was inversely associated with CKD risk, while sugar-rich and high-fat dairy consumption showed positive associations, partly through inflammatory pathways. CONCLUSIONS The association between the DII and incident CKD risk may be partly mediated by alterations in circulating protein profiles involving TNF receptor superfamily-related pathways and plasma omega-3 fatty acids. Dietary counseling aimed at lowering the consumption of sugar-rich and high-fat dairy products may be beneficial.",2025,2025-09-18,JournalArticle; Review,,https://www.semanticscholar.org/paper/c4996ae7602fc36ed588387de2582128fc1887ea,False,0,,True,False,True,False
doi:10.2337/db26-2406-p,doi:10.2337/db26-2406-p,semantic_scholar,semantic_scholar,84d7fb70376b9fbd1ce17910166a0ae41444372a,10.2337/db26-2406-p,,,2406-P: A Pilot Study on the Genomic and Proteomic Drivers of Insulin Secretion in Asian and European Populations,"Introduction and Objective: East (EAS) and South (SAS) Asians are at increased risk of developing T2DM relative to Europeans (EUR). We hypothesized that a reduced insulin secretion rate (ISR) may mediate this excess risk. Methods: We analyzed 184 subjects (146 EUR, 23 EAS, 15 SAS) who underwent an insulin suppression test (IST) and a graded glucose infusion study. ISRAUC was regressed separately on T2DM-derived partitioned polygenic scores (pPS) and on 1365 plasma proteins (Olink), adjusting for age, sex, and steady-state plasma glucose. We then repeated our analysis with 485 participants (357 EUR, 59 EAS, 69 SAS) that had fasting C-peptide data, a measure that was highly correlated with ISRAUC (r=0.83, p<0.001). A false discovery rate of <0.05 was considered significant. Results: We found no significant differences in ISRAUC among the three groups (p=0.49). However, C-peptide levels were lower in EAS than in EUR (p=0.04). In SAS, among 9 pPS tested, only the beta-cell minus proinsulin pPS was positively associated with ISRAUC (FDR = 0.04), whereas the bodyfat pPS was negatively associated with C-peptide (FDR = 0.01). A total of 79 proteins were significantly associated with ISRAUC. Only one (CD207) was unique to EAS. For C-peptide, 420 proteins were significant, with 22 being unique to EAS or SAS (Figure 1D). Conclusion: These findings suggest the presence of ancestry-specific genetic and proteomic correlates of insulin secretion, warranting validation in larger studies. S. Ali: None. D.J. Panyard: None. P. Kho: Employee; Current; Alnylam Pharmaceuticals, Inc. L. Palaniappan: None. A. Gloyn: Speaker's Bureau; Ended; Novo Nordisk. Other - Spouse is an employee and holds stock options in Roche; Current; Genentech, Inc. F. Abbasi: None. J. Knowles: Consultant; Current; Wave Biosciences, Mammoth. T. Assimes: None.",2026,2026-06-05,JournalArticle,,https://www.semanticscholar.org/paper/84d7fb70376b9fbd1ce17910166a0ae41444372a,False,0,,True,False,True,False
doi:10.30574/gscbps.2021.17.3.0323,doi:10.30574/gscbps.2021.17.3.0323,semantic_scholar,semantic_scholar,c0059c514aa16df9943a65b3f4e62cd33d98b493,10.30574/gscbps.2021.17.3.0323,,,Surveillance utilizes multi-omics in cardiovascular disease: Diet and its potentiality in Preventive index,"Cardiovascular Disease (CVD) is characterized by multidimensional risks including drug, diet, lifestyle, stress, and metabolomics diseases which cause mortality and morbidity depending on age and status of chronic diseases. However, emerging evidence indicated it is preventable health complications that depend on risk management along with lifestyle change, and personalized medication that include alternative measures like Diet use following molecular diagnostic and imaging analysis. CVD is mainly attributed to the narrowing of blood vessels through atherosclerotic lesions and/or thrombosis. Hypertension, obesity, and hyperlipidemia are major risk factors for the development of CVD and treating these diseases is essential in slowing down progression of CVD. Inflammation appears to play a pivotal role in CVD and can be measured through a simple blood assay (CRP). Multi-omics approaches have been essential in the development of treatments for CVD, in the prevention of CVD, and in the diagnosis of CVD. There are many outcomes available to help with diagnosing CVD and omics platforms have helped scientists and clinician develop these diagnostic tools. Radiomics has played a key part in the diagnosis of CVD as being able to view the diseased heart is essential in determining CVD progression and the treatment options suitable for that secondary disease related. Nutrigenomics is emerging as the future of medicine such as utilizing treatment strategy innovation instead of medications, but it is still in its infancy. Nutrigenomics will open the doors to different therapeutic drug targets and allow us the ability to be more specific in our treatment options. There are only a few gene-diet interactions documented that increase a person’s chances of developing CVD. Curating an individual diet and treatment plan based on somebody’s genetic disposition or skewed immune responses following personalized diagnosis will be essential in the survival of these severe CVD patients. Key issues referring to risk surveillance and prevention is a distant approach which reflects several factors: for example, what type of tools can be used to conduct diagnosis, molecular diagnostic tools detect what type of biomarkers are present prior to prescribing the personalized diet and to ensure diagnostic accuracy. Recently, increasing findings emphasize dual aspects of diet such as immune enhancers and modulators in which gut microbiota has been proven to play a major factor in development of CVD. The future direction of omics studies will foster the ability to test the impact of gut microbiome of a patient with CVD following diet driven organ protection as well as prescribe essential components of the diet that can be adjusted with proper probiotic medication. Proper diet adjustments can correct the organ dysfunction that occurred due to interaction between molecular mismatch and cellular damage following stress-mediated damage or chronic disease. Further micro-scale assays and molecular diagnostic techniques following nutrigenomics application to the patient could be beneficial to allow patient’ care shift from physician driven and clinic based to self-management with knowledge based at home treatment programs that work by envisioning molecular reprogramming and rejuvenation of damaged organ. These at home treatments can be utilized with development of radiological data with innovation of software. The aim of the short review is to visualize the current role of nutrigenomics and diet formulation for integrative care (e.g., diagnosis, prevention, and treatment of CVD) which would take advantage of earlier prevention synchronized with current medical tests, imaging techniques. Health economy like management can reduce medical cost with disease prevention disease and could modulate the following: enhance knowledge-based interaction between body and diet, discuss cognitive enhancement how sensing with molecular behavior under image-management platform, monitor drug surveillance of current treatment options in CVD and the pitfalls of current omics application and data transformation needs for patient care in the future.",2021,2021-12-30,Review,,https://www.semanticscholar.org/paper/c0059c514aa16df9943a65b3f4e62cd33d98b493,False,0,,True,True,True,True
doi:10.3233/jad-230985,doi:10.3233/jad-230985,openalex,openalex,https://openalex.org/W4392697405,10.3233/jad-230985,,,Genetic Insights into the Association and Causality Between Blood Metabolites and Alzheimer’s Disease,"Background: Alzheimer's disease (AD) is an increasing public health concern with the aging of the global population. Understanding the genetic correlation and potential causal relationships between blood metabolites and AD may provide important insights into the metabolic dysregulation underlying this neurodegenerative disorder. Objective: The aim of this study was to investigate the causal relationship between blood metabolites and AD using Mendelian randomization (MR) analysis. Methods: Association data were obtained from three large-scale genome-wide association studies of 486 blood metabolites (N = 7,824), AD (71,880 cases and 383,378 controls), early-onset AD (N = 303,760), and late-onset AD (N = 307,112). Causal associations between blood metabolites and AD were assessed using inverse variance weighting (IVW), MR-Egger, and weighted median methods. Bidirectional two-sample MR analysis was used to identify causal blood metabolites. MR-PRESSO, MR-Egger, and Cochran-Q were used to quantify instrumental variable heterogeneity and horizontal pleiotropy. Results: Using MR and sensitivity analysis, we identified 40 blood metabolites with potential causal associations with AD. After applying false discovery rate (FDR) correction, two metabolites, gamma-glutamylphenylalanine (OR = 1.15, 95% CI: 1.06-1.24, p = 3.88×10-4, q = 0.09) and X-11317 (OR = 1.16, 95% CI: 1.08-1.26, p = 1.14×10-4, q = 0.05), retained significant associations with AD. Reverse MR analysis indicated no significant causal effect of AD on blood metabolites. No significant instrumental variable heterogeneity or horizontal pleiotropy was found. Conclusions: This two-sample MR study provides compelling evidence for a potential causal relationship between blood metabolic dysregulation and susceptibility to AD. Further investigation of the biological relevance of the identified metabolites to AD and additional supporting evidence is warranted.",2024,2024-03-12,article,en,https://openalex.org/W4392697405,False,0,genomics_plus_other,True,True,True,True
doi:10.3389/fcell.2024.1378680,doi:10.3389/fcell.2024.1378680,europepmc,europepmc;openalex;pubmed;scopus,MED:38633108,10.3389/fcell.2024.1378680,38633108,PMC11021642,Epigenome-wide association study identifies DNA methylation loci associated with handgrip strength in Chinese monozygotic twins.,"Background: The decline in muscle strength and function with aging is well recognized, but remains poorly characterized at the molecular level. Here, we report the epigenetic relationship between genome-wide DNA methylation and handgrip strength (HGS) among Chinese monozygotic (MZ) twins. Methods: DNA methylation (DNAm) profiling was conducted in whole blood samples through Reduced Representation Bisulfite Sequencing method. Generalized estimating equation was applied to regress the DNAm of each CpG with HGS. The Genomic Regions Enrichment of Annotations Tool was used to perform enrichment analysis. Differentially methylated regions (DMRs) were detected using comb-p . Causal inference was performed using Inference about Causation through Examination of Familial Confounding method. Finally, we validated candidate CpGs in community residents. Results: We identified 25 CpGs reaching genome-wide significance level. These CpGs located in 9 genes, especially FBLN1 , RXRA , and ABHD14B . Many enriched terms highlighted calcium channels, neuromuscular junctions, and skeletal muscle organ development. We identified 21 DMRs of HGS, with several DMRs within FBLN1 , SLC30A8 , CST3 , and SOCS3 . Causal inference indicated that the DNAm of 16 top CpGs within FBLN1 , RXRA , ABHD14B , MFSD6 , and TYW1B might influence HGS, while HGS influenced DNAm at two CpGs within FBLN1 and RXRA . In validation analysis, methylation levels of six CpGs mapped to FLBN1 and one CpG mapped to ABHD14B were negatively associated with HGS weakness in community population. Conclusion: Our study identified multiple DNAm variants potentially related to HGS, especially CpGs within FBLN1 and ABHD14B . These findings provide new clues to the epigenetic modification underlying muscle strength decline.",2024,2024-04-03,research-article; Journal Article,eng,https://europepmc.org/article/MED/38633108,False,3,,True,True,True,True
doi:10.3389/fendo.2024.1371444,doi:10.3389/fendo.2024.1371444,semantic_scholar,semantic_scholar,9cfe6c0344572c630f2e6aed91898601c489b948,10.3389/fendo.2024.1371444,38836220,11148278,Proteomic and metabolomic analysis of GH deficiency-induced NAFLD in hypopituitarism: insights into oxidative stress,"Objective Individuals with hypopituitarism (HPs) have an increased risk of developing non-alcoholic fatty liver disease (NAFLD)/non-alcoholic steatohepatitis (NASH) due to growth hormone deficiency (GHD). We aimed to investigate the possible mechanisms underlying the relationship between GHD and NAFLD using proteomic and metabolomic insights. Methods Serum metabolic alternations were assessed in male HPs using untargeted metabolomics. A rat model of HP was established through hypophysectomy, followed by recombinant human growth hormone (rhGH) intervention. The mechanisms underlying GHD-mediated NAFLD were elucidated through the application of label-free proteomics and phosphorylation proteomics. Results Metabolomic analysis revealed that biomarkers of mitochondrial dysfunction and oxidative stress, such as alanine, lactate, and creatine, were significantly elevated in HPs compared to age-matched controls. In rats, hypophysectomy led to marked hepatic steatosis, lipid peroxidation, and reduced glutathione (GSH), which were subsequently modulated by rhGH replacement. Proteomic analysis identified cytochrome P450s, mitochondrial translation elongation, and PPARA activating genes as the major distinguishing pathways in hypophysectomized rats. The processes of fatty acid transport, synthesis, oxidation, and NADP metabolism were tightly described. An enhanced regulation of peroxisome β-oxidation and ω-oxidation, together with a decreased NADPH regeneration, may exacerbate oxidative stress. Phosphoproteome data showed downregulation of JAK2-STAT5B and upregulation of mTOR signaling pathway. Conclusions This study identified proteo-metabolomic signatures associated with the development of NAFLD in pituitary GHD. Evidence was found of oxidative stress imbalance resulting from abnormal fatty acid oxidation and NADPH regeneration, highlighting the role of GH deficiency in the development of NAFLD.",2024,2024-05-21,JournalArticle,,https://www.semanticscholar.org/paper/9cfe6c0344572c630f2e6aed91898601c489b948,False,0,,True,False,True,False
doi:10.3389/fgene.2021.652497,doi:10.3389/fgene.2021.652497,pubmed,pubmed;scopus,34421981,10.3389/fgene.2021.652497,34421981,PMC8379006,"Regular, Intense Exercise Training as a Healthy Aging Lifestyle Strategy: Preventing DNA Damage, Telomere Shortening and Adverse DNA Methylation Changes Over a Lifetime.","Exercise training is one of the few therapeutic interventions that improves health span by delaying the onset of age-related diseases and preventing early death. The length of telomeres, the 5'-TTAGGG n -3' tandem repeats at the ends of mammalian chromosomes, is one of the main indicators of biological age. Telomeres undergo shortening with each cellular division. This subsequently leads to alterations in the expression of several genes that encode vital proteins with critical functions in many tissues throughout the body, and ultimately impacts cardiovascular, immune and muscle physiology. The sub-telomeric DNA is comprised of heavily methylated, heterochromatin. Methylation and histone acetylation are two of the most well-studied examples of the epigenetic modifications that occur on histone proteins. DNA methylation is the type of epigenetic modification that alters gene expression without modifying gene sequence. Although diet, genetic predisposition and a healthy lifestyle seem to alter DNA methylation and telomere length (TL), recent evidence suggests that training status or physical fitness are some of the major factors that control DNA structural modifications. In fact, TL is positively associated with cardiorespiratory fitness, physical activity level (sedentary, active, moderately trained, or elite) and training intensity, but is shorter in over-trained athletes. Similarly, somatic cells are vulnerable to exercise-induced epigenetic modification, including DNA methylation. Exercise-training load, however, depends on intensity and volume (duration and frequency). Training load-dependent responses in genomic profiles could underpin the discordant physiological and physical responses to exercise. In the current review, we will discuss the role of various forms of exercise training in the regulation of DNA damage, TL and DNA methylation status in humans, to provide an update on the influence exercise training has on biological aging.",2021,2021-08-06,Journal Article; Review,eng,https://pubmed.ncbi.nlm.nih.gov/34421981/,False,1,,True,True,True,True
doi:10.3389/fimmu.2023.1139249,doi:10.3389/fimmu.2023.1139249,semantic_scholar,semantic_scholar,1cb49710f398f0f955ed744acf0fd6d37e698c92,10.3389/fimmu.2023.1139249,37122716,10140756,"Asinine milk mitigates stress-mediated immune, cortisol and behavioral responses of piglets to weaning: A study to foster future interventions in humans","Introduction The present study assessed whether asinine milk supplementation improved the immune and behavioral responses of piglets during an early life weaning stress event as a model for its future use in humans. Methods For this, 48 piglets from 4 different litters were used. At 20 days of age, piglets were weighed and allocated with their litter and dam into group pens until 28 days of age. Four piglets from each litter were then randomly assigned to either (1) asinine milk supplementation (n = 16) (2), skimmed cow milk supplementation (n = 16) or (3) no supplementation (n = 16; control group). The supplementations were voluntarily administered for 3 days preweaning and 3 days postweaning using a baby bottle. The effects on the weaning stress response were assessed through salivary cortisol measurements; behavioral tests such as the open field, novel object end elevated plus maze tests; and gene expression of HSD11B1, NR3C1 and IL1B in PBMCs, which was determined by RT−qPCR and normalized to GAPDH and UBB. To test the effect of the supplementations on weight, milk intake, gene expression, and behavior, a randomized block design was used with repeated measurements over time by the PROC MIXED procedure. Results and discussion The effects on salivary cortisol were determined using the ratio between the morning and afternoon concentrations, considering the time before and after the weaning event. Principal component analysis (PCA) and Fisher’s test were performed to evaluate the behavior test data. When comparing salivary cortisol concentrations between the pre- and postweaning periods, there was a difference (p < 0.05) between the supplementation groups in the afternoon period, suggesting that piglets fed asinine milk had lower afternoon cortisol concentrations postweaning than their counterparts. For the behavioral tests, the supplementations had no measurable effects. No difference was between groups pre- and postweaning for the expression of HSD11B2, which codes for an enzyme that breaks down cortisol. However, the expression of NR3C1, which encodes the glucocorticoid receptor, was significantly upregulated in piglets supplemented with cow milk (mean 1.245; p < 0.05). Conclusion Asinine milk downregulated 1L1B gene expression, which codes for an inflammatory cytokine. In conclusion, these results suggest that supplementation with asinine milk may represent a strategy to diminish the damage associated with an early life event by modulating IL1B expression and reducing salivary cortisol levels in piglets undergoing weaning stress. Further transcriptomic and metabolomic studies may improve our understanding of the molecular pathways that mediate this systemic immune-mediated response.",2023,2023-04-14,JournalArticle,,https://www.semanticscholar.org/paper/1cb49710f398f0f955ed744acf0fd6d37e698c92,False,0,,True,False,True,False
doi:10.3389/fimmu.2026.1785463,doi:10.3389/fimmu.2026.1785463,semantic_scholar,semantic_scholar,836f0382495e51e53ce0bbba7379affd31f2c74f,10.3389/fimmu.2026.1785463,41890740,13012987,"Sepsis-induced cardiomyopathy: mechanisms, epidemiology, diagnosis, and treatments","Sepsis-induced cardiomyopathy (SICM) is a life-threatening complication of sepsis characterized by reversible myocardial dysfunction. Its pathophysiology involves a complex interplay of inflammatory pathways, oxidative stress, mitochondrial dysfunction, and genetic factors, leading to impaired cardiac contractility, ventricular dilatation, and increased mortality. Epidemiologically, SICM exhibits demographic variations, with younger age, male sex, and pre-existing heart failure identified as key risk factors. Diagnostic approaches rely on a combination of biomarkers (e.g., troponins, NT-proBNP), advanced imaging techniques (e.g., speckle-tracking echocardiography), and clinical criteria, though standardized definitions remain elusive. Treatment strategies include pharmacological interventions (e.g., levosimendan, melatonin), mechanical circulatory support (e.g., VA-ECMO, Impella), and emerging therapies targeting ferroptosis or mitochondrial function. Historical perspectives highlight the evolution from recognizing SICM as a rare complication to its current status as a major contributor to sepsis mortality, while future directions emphasize personalized medicine, multi-omics integration, and targeted therapeutics. This review synthesizes current knowledge of SICM, identifies critical gaps, and proposes actionable research priorities to improve patient outcomes.",2026,2026-03-11,Review; JournalArticle,,https://www.semanticscholar.org/paper/836f0382495e51e53ce0bbba7379affd31f2c74f,False,0,,True,False,True,False
doi:10.3389/fmicb.2011.00063,doi:10.3389/fmicb.2011.00063,semantic_scholar,semantic_scholar,cfcde9fc2c393285b7b0d0b61433bfe371882328,10.3389/fmicb.2011.00063,21833318,3153038,Genomic Analyses of Clonal Isolates Provide Clues to the Evolution of Streptococcus pneumoniae,"The landmark paper recently published by Croucher et al. (2011) reports the draft genome sequencing of 240 Streptococcus pneumoniae isolates and demonstrates the power of comparative genomics in the epidemiological and phylogenetic analysis of bacterial pathogens. Until recently, the focus of bacterial genome projects has been individual strains or small numbers of clinical isolates. However, with the advent of next generation sequencing platforms such as Roche 454 and Illumina, bacterial genomes can be inexpensively and rapidly sequenced. The first large-scale genomic sequencing project to utilize these technologies for a similar purpose (also by the Bentley group) analyzed 63 clonally related methicillin-resistant Staphylococcus aureus isolates (Harris et al., 2010). Croucher et al. (2011) analyzed temporally and geographically diverse isolates of a single S. pneumoniae lineage, the multidrug resistant Spain 23F ST81 (PMEN1) pandemic clone, to provide insights into the microevolution of this important pathogen. Streptococcus pneumoniae is a major worldwide public health concern. It is responsible for an estimated 1.6 million deaths each year, half of which are children under the age of five (World Health Organization, 2003). Efforts to limit pneumococcal disease have focused primarily on antibiotic intervention and vaccination. However, after initial, and often dramatic, successes the effectiveness of these measures has consistently been overcome by the extremely adaptable and resilient pneumococcus. S. pneumoniae is naturally competent and readily incorporates DNA fragments derived from pneumococcal and non-pneumococcal bacterial species into its genome by homologous recombination. High levels of recombination have resulted in extreme diversity within pneumococcal populations from which variant genotypes can rapidly emerge in the presence of changing selective pressures. The primary pressures outside of natural immunity are antibiotics and pneumococcal conjugate polysaccharide vaccines. Resistant and multidrug resistant pneumococci have emerged since the late 1960s and now severely limit treatment options for pneumococcal diseases (Reinert, 2009). The incidences of invasive pneumococcal disease (IPD) and antibiotic resistant pneumococci decreased dramatically following the introduction of the heptavalent conjugate vaccine PCV7 in 2000 (Dagan, 2009). However, the incidence of IPD and resistance is again rising due to the emergence of multidrug resistant, non-vaccine “replacement” serotypes. Croucher et al. (2011) documented the “escape” of the PMEN1 clone from PCV7 by indentifying several independent horizontal transfer events that resulted in serotype switching of PMEN1 strains from vaccine serotype 23F to non-vaccine serotypes. This suggested strong selective pressures for capsule switch variants exerted by the PCV7-immunized human immune system. Evidence for the selective pressures exerted by antibiotics was also reported. Analysis of integrative and conjugative elements revealed rapid degeneration of such elements but with consistent retention of determinants of resistance to antibiotics commonly used in treatment of upper respiratory infections (e.g., β-lactams and macrolides). It should be expected that the pneumococcus will adapt quickly to new antibiotic pressures and vaccines such as the 13-valent PCV vaccine (PCV13) introduced in the United States early 2010. This emphasizes the importance of surveillance and epidemiology to track the emergence of new clones and variations. In addition to overcoming clinical interventions, the plasticity of the pneumococcal genome has confounded epidemiological analyses. Multilocus sequence typing (MLST) is currently the preferred method for comparing relatedness of isolates within a given bacterial species, and relies on sequence comparison of seven highly conserved alleles. However, the high rate of recombination in pneumococci greatly reduces the resolution of MLST-derived pneumococcal phylogenies due to horizontal acquisition of single nucleotide polymorphisms (SNPs) by recombination events involving MLST alleles. Croucher et al. (2011) avoided this problem by removing horizontally inherited sequences from the phylogenetic analyses. Recombination events were identified by comparison of each genome to a Spain 23F ST81 reference genome (ATCC 700669; Croucher et al., 2009). The phylogeny constructed using only vertically inherited SNPs proved to be a superior estimation of the evolution of the clone based on the correlation between the distance from the root of the tree and the date of isolation of each strain. By comparing the more accurate phylogeny to the dates and locations of isolation, the authors were able to pinpoint the likely origins of different clades and to discern information about the geographic spread of the clone. Future studies utilizing large-scale genomic comparison in S. pneumoniae will likely focus on the influence of antibiotic and vaccine pressures and on the evolution of pneumococcal populations. Whereas Croucher et al. (2011) utilized “deep” sequencing into a single lineage, “wide” genomic analysis of isolates that encompass entire pneumococcal populations will provide insights into the evolution and interactions of multiple lineages. In addition, it will elucidate the effects of localized factors such as host population genetic composition and confounding health and socioeconomic factors. In particular, it will clarify the effects of vaccine and antibiotic pressures on the population and identify candidate lineages for deep sequencing. Sequencing technologies have also enabled analysis of entire bacterial populations in individual niches, such as the Human Microbiome Project (HMP). The HMP attempts to elucidate the composition and role of the microbiota that inhabit the human body. Such studies in the nasopharynx will provide a better understanding of the role of pneumococcal carriage in invasive disease as well as inter- and intra-species horizontal gene transfer in S. pneumoniae. Similarly, study of the evolution of pneumococcal isolates within a single host will help define risks of acquired antibiotic resistance in the presence of antibiotic therapy and other interventions. Current and next generation technologies will be invaluable for epidemiologists and microbiologists studying non-pneumococcal pathogens, and commensals. Large-scale genomic analyses may lead to identification of novel therapeutic agents and new vaccine targets. Croucher et al. (2011) are one of the first groups to realize the full potential of the developments in DNA sequencing technologies that powered these large scale comparative genomic projects. This report signals the beginning of an era of discovery that will lead to comprehensive understanding of bacterial evolution, will revolutionize epidemiology, and allow the development of more effective and longer lasting strategies to treat infectious diseases.",2011,2011-04-01,JournalArticle,,https://www.semanticscholar.org/paper/cfcde9fc2c393285b7b0d0b61433bfe371882328,False,0,,True,False,True,False
doi:10.3389/fnagi.2022.824921,doi:10.3389/fnagi.2022.824921,europepmc,europepmc;pubmed;scopus;semantic_scholar,MED:35264945,10.3389/fnagi.2022.824921,35264945,PMC8901047,Integrating Environment and Aging Research: Opportunities for Synergy and Acceleration.,"Despite significant overlaps in mission, the fields of environmental health sciences and aging biology are just beginning to intersect. It is increasingly clear that genetics alone does not predict an individual's neurological aging and sensitivity to disease. Accordingly, aging neuroscience is a growing area of mutual interest within environmental health sciences. The impetus for this review came from a workshop hosted by the National Academies of Sciences, Engineering, and Medicine in June of 2020, which focused on integrating the science of aging and environmental health research. It is critical to bridge disciplines with multidisciplinary collaborations across toxicology, comparative biology, epidemiology to understand the impacts of environmental toxicant exposures and age-related outcomes. This scoping review aims to highlight overlaps and gaps in existing knowledge and identify essential research initiatives. It begins with an overview of aging biology and biomarkers, followed by examples of synergy with environmental health sciences. New areas for synergistic research and policy development are also discussed. Technological advances including next-generation sequencing and other-omics tools now offer new opportunities, including exposomic research, to integrate aging biomarkers into environmental health assessments and bridge disciplinary gaps. This is necessary to advance a more complete mechanistic understanding of how life-time exposures to toxicants and other physical and social stressors alter biological aging. New cumulative risk frameworks in environmental health sciences acknowledge that exposures and other external stressors can accumulate across the life course and the advancement of new biomarkers of exposure and response grounded in aging biology can support increased understanding of population vulnerability. Identifying the role of environmental stressors, broadly defined, on aging biology and neuroscience can similarly advance opportunities for intervention and translational research. Several areas of growing research interest include expanding exposomics and use of multi-omics, the microbiome as a mediator of environmental stressors, toxicant mixtures and neurobiology, and the role of structural and historical marginalization and racism in shaping persistent disparities in population aging and outcomes. Integrated foundational and translational aging biology research in environmental health sciences is needed to improve policy, reduce disparities, and enhance the quality of life for older individuals.",2022,2022-02-21,review-article; Review; Journal Article,eng,https://europepmc.org/article/MED/35264945,False,3,,True,True,True,True
doi:10.3389/fneur.2024.1422241,doi:10.3389/fneur.2024.1422241,europepmc,europepmc;openalex;pubmed;scopus;semantic_scholar,MED:39677857,10.3389/fneur.2024.1422241,39677857,PMC11638537,Investigating the causal relationship between inflammation and multiple types of hearing loss: a multi-omics approach combining Mendelian randomization and molecular docking.,"Background Hearing loss affects over 10% of the global population. Inflammation is a key factor in hearing loss caused by noise, infection, and aging, damaging various hearing-related tissues (e.g., spiral ligament, stria vascularis). Mendelian randomization (MR) can help identify potential causal relationships and therapeutic targets. Methods We conducted MR analyses on 91 inflammatory proteins ( n = 14,824) and genome-wide association study results for various hearing loss types in European ancestry populations, including sensorineural hearing loss (SNHL; n cases = 15,952, n controls = 196,592), sudden idiopathic hearing loss (SIHL; n cases = 1,491, n controls = 196,592), and other hearing loss (OHL; n cases = 4,157, n controls = 196,592). Additionally, hearing loss with difficulty in hearing ( n cases = 14,654, n controls = 474,839) served as a validation set. To predict inflammatory protein-enriched pathways and tissues, we performed enrichment analysis, functional annotation, and tissue analyses using ""OmicsNet2.0"" and ""FUMA"" platforms. We also combined ""CoreMine"" and molecular docking to explore potential drugs targeting inflammatory proteins and investigate binding efficacy. Results CCL19 was identified as a common risk factor for SNHL and OHL, which was validated in the hearing loss with difficulty in hearing dataset. Tissue analysis revealed that SIHL-related inflammatory proteins were enriched in the amygdala. Multi-omics research indicated associations between inflammatory proteins and neurodegenerative diseases. Molecular docking studies suggested that Chuanxiong Rhizoma and Uncariae Ramulus Cumuncis are potential drugs for targeting CCL19. Conclusion This study identified CCL19 as a common risk factor for various types of hearing loss through MR analysis, highlighting the crucial role of inflammatory proteins in hearing loss. The enrichment of related inflammatory proteins in the amygdala and their association with neurodegenerative diseases provide new insights into the mechanisms of hearing loss.",2024,2024-11-28,research-article; Journal Article,eng,https://europepmc.org/article/MED/39677857,False,4,,True,True,True,True
doi:10.3389/fnut.2026.1775686,doi:10.3389/fnut.2026.1775686,semantic_scholar,semantic_scholar,c743b2bcaaca449f849ce0db51636efb93f742dd,10.3389/fnut.2026.1775686,41971380,13067941,Zhaqu compound improves glucose and lipid metabolism in T2DM with MASLD by modulating gut microbiota and PPARγ,"Introduction Zhaqu Compound (ZQC), a traditional Chinese herbal formula, has shown promise in improving glucose and lipid metabolism, but its mechanisms in T2DM-MASLD remain unclear. Methods In this study, db/db mice with T2DM-MASLD were treated for 12 weeks with ZQC, metformin, or saline. Metabolic outcomes included blood glucose, insulin resistance indices, lipid profiles, hepatic steatosis, hepatocyte ultrastructure, gut microbiota (16S rRNA), fecal metabolomics, and liver transcriptomics. In high-glucose + palmitate–induced HepG2 cells, ZQC-containing serum and the PPARγ agonist GW1929 were applied to assess gluconeogenic and lipogenic proteins. Results ZQC improved glycemia, insulin resistance, lipid profiles, and hepatic steatosis. Gut microbiota analysis showed modulation of key metabolic genera, including Bacteroides, Mucispirillum, Lactobacillus, Lachnospiraceae, and Muribaculaceae, with correlations to glucose, lipid, and hepatic biochemical indices. Metabolomics and transcriptomics revealed regulation of amino acid metabolism, AGE-RAGE/mTOR pathways, and enrichment of hepatic PPARγ–related pathways, alongside modulation of fatty acid and arachidonic acid metabolism. In HepG2 cells, ZQC reduced lipid accumulation, decreased triglycerides and cholesterol, enhanced glucose uptake, and restrained PPARγ and its downstream transporters CD36 and FABP4. N-phenethylhexadecanamide, palmitic acid, and isoxanthohumol likely mediate these effects. Discussion Overall, ZQC improves glucose and lipid metabolism in T2DM with MASLD by modulating gut microbiota, influencing hepatic PPARγ–related pathways, and enhancing hepatocyte metabolic function.",2026,2026-03-27,JournalArticle,,https://www.semanticscholar.org/paper/c743b2bcaaca449f849ce0db51636efb93f742dd,False,0,,True,False,True,False
doi:10.3389/fphar.2025.1617452,doi:10.3389/fphar.2025.1617452,europepmc,europepmc;openalex;pubmed;scopus,MED:40918525,10.3389/fphar.2025.1617452,40918525,PMC12408578,Epigenetic regulation of bladder cancer in the context of aging.,"Bladder cancer (BC) is a disease that predominantly affects older adults, with aging playing a critical role in its onset and progression. Age-associated phenomena, including immunosenescence and chronic inflammation, form a pro-tumor milieu, while genomic instability and epigenetic drift further increase cancer risk. The review highlights the dual role of DNA methylation in BC: global hypomethylation can activate transposable elements and oncogenes, whereas focal hypermethylation silences tumor-suppressor genes like CDKN2A, especially detrimental in older tissues that rely on these genes for senescence control. In parallel, frequent mutations in chromatin modifiers (e.g., KDM6A, KMT2D) and overexpression of histone-modifying enzymes (e.g., EZH2) alter the tumor epigenome to promote immune evasion and tumor aggressiveness. At the non-coding RNA level, dysregulated microRNAs (miRNAs) and long non-coding RNAs (lncRNAs) in BC contribute to aberrant proliferation, metastatic potential, and immune suppression, with aging-associated declines in miRNA processing further exacerbating these effects. Collectively, the accumulation of epigenetic alterations in older patients appears to facilitate both tumor progression and resistance to therapy. Looking forward, epigenetic biomarkers may improve early detection and risk stratification. Furthermore, ""epigenetic therapies,"" such as DNA methyltransferase inhibitors (DNMTi), EZH2 inhibitors (EZH2i), or histone deacetylases inhibitors (HDACi), hold promise to restore tumor-suppressor function and enhance immunogenicity, offering an attractive avenue for improving outcomes in older patients with BC.",2025,2025-08-21,review-article; Review; Journal Article,eng,https://europepmc.org/article/MED/40918525,False,3,,True,True,True,True
doi:10.3389/fpsyt.2026.1738584,doi:10.3389/fpsyt.2026.1738584,semantic_scholar,semantic_scholar,387387a61c58664d2b0a9d7b2fe738cb6e5c4dee,10.3389/fpsyt.2026.1738584,41799821,12964206,The role of gene-environment interactions in endocrine-sensitive life stages for shaping mental health: focus on the RE-MEND project,"The number of people seeking help for mental illness is increasing across all ages, creating a major burden for individuals, families, and the society. While personalized medicine is advancing in other fields, diagnosis and treatment of mental disorders remain largely symptom-based and fail to capture individual, sex, and gender differences in risk, manifestation, and treatment response. Early signs of illness often go unnoticed due to the lack of monitoring tools, and stigma continues to hinder prevention and care. In some phases of life, an individual’s susceptibility to mental illness is heightened and may be influenced by changes in endocrine signalling. To address these challenges, the research project Building REsilience against MEntal illness during ENDocrine-sensitive life stages (RE-MEND) has implemented an interdisciplinary approach focusing on four critical endocrine-sensitive life stages: prenatal, puberty, peripartum, and older age. The project integrates longitudinal population-based cohorts with experimental and clinical studies to identify genetic, environmental, and endocrine factors shaping susceptibility and resilience to mental illness. Multi-omics data (genomics, epigenomics, transcriptomics, proteomics, metabolomics, lipidomics, and adductomics) will be combined with neurobiological, clinical, and behavioural measures, analysed using advanced biostatistics and machine learning. RE-MEND seeks to i) identify risk and resilience factors affecting mental health; ii) deliver biomarker panels for susceptibility, disease progression, and treatment response across sensitive life stages; iii) discover novel drug targets through repurposing strategies, and iv) promote mental health literacy and reduce stigma. The integration of biological research with communication science is anticipated to result in translatable findings, supporting earlier intervention and more effective care.",2026,2026-02-20,Review; JournalArticle,,https://www.semanticscholar.org/paper/387387a61c58664d2b0a9d7b2fe738cb6e5c4dee,False,0,,True,False,True,False
doi:10.3390/ani15020277,doi:10.3390/ani15020277,europepmc,europepmc;pubmed;scopus,MED:39858277,10.3390/ani15020277,39858277,PMC11759163,Application of Genomic Selection in Beef Cattle Disease Prevention.,"Genomic applications in beef cattle disease prevention have gained traction in recent years, offering new strategies for improving herd health and reducing economic losses in the livestock industry. Advances in genomics, including identification of genetic markers linked to disease resistance, provide powerful tools for early detection, selection, and management of cattle resistant to infectious diseases. By incorporating genomic technologies such as whole-genome sequencing, genotyping, and transcriptomics, researchers can identify specific genetic variants associated with resistance to pathogens like bovine respiratory disease and Johne's disease. These genomic insights allow for more accurate breeding programs aimed at enhancing disease resistance and overall herd resilience. Genomic selection, in particular, enables identification of individuals with superior genetic traits for immune function, reducing the need for antibiotic treatments and improving animal welfare. Moreover, precision medicine, powered by genomic data, supports development of tailored health management strategies, including targeted vaccination plans and antimicrobial stewardship. Incorporation of genomic tools in beef cattle management also offers the potential for early disease detection, facilitating proactive interventions that reduce the spread of infections. Despite challenges like cost, data interpretation and integration into current management systems, the potential advantages of genomic applications in disease prevention are substantial. As these technologies advance, they are anticipated to have crucial roles in improving sustainability (by enhancing herd performance), profitability (by improving overall herd longevity), and biosecurity (by decreasing the likelihood of disease outbreaks) of beef cattle production systems worldwide.",2025,2025-01-20,review-article; Review; Journal Article,eng,https://europepmc.org/article/MED/39858277,False,2,,True,True,True,True
doi:10.3390/biom12010039,doi:10.3390/biom12010039,europepmc,europepmc;google_scholar;pubmed;scopus;semantic_scholar,MED:35053186,10.3390/biom12010039,35053186,PMC8773837,Integrated Multi-Omics for Novel Aging Biomarkers and Antiaging Targets.,"Aging is closely related to the occurrence of human diseases; however, its exact biological mechanism is unclear. Advancements in high-throughput technology provide new opportunities for omics research to understand the pathological process of various complex human diseases. However, single-omics technologies only provide limited insights into the biological mechanisms of diseases. DNA, RNA, protein, metabolites, and microorganisms usually play complementary roles and perform certain biological functions together. In this review, we summarize multi-omics methods based on the most relevant biomarkers in single-omics to better understand molecular functions and disease causes. The integration of multi-omics technologies can systematically reveal the interactions among aging molecules from a multidimensional perspective. Our review provides new insights regarding the discovery of aging biomarkers, mechanism of aging, and identification of novel antiaging targets. Overall, data from genomics, transcriptomics, proteomics, metabolomics, integromics, microbiomics, and systems biology contribute to the identification of new candidate biomarkers for aging and novel targets for antiaging interventions.",2021,2021-12-28,"Research Support, Non-U.S. Gov't; review-article; Review; Journal Article",eng,https://europepmc.org/article/MED/35053186,False,4,,True,True,True,True
doi:10.3390/biomedicines14061396,doi:10.3390/biomedicines14061396,europepmc,europepmc;openalex;pubmed;scopus;semantic_scholar,MED:42351824,10.3390/biomedicines14061396,42351824,,Reframing Telomere Biology in Exercise Science: From Descriptive Metrics to Redox-Metabolic Mechanisms for Precision Healthy Aging (2000-2025).,"Background/Objectives : Telomeres are critical biomarkers of biological aging, with shortened leukocyte telomere length strongly linked to all-cause mortality and age-related disease risk. Although exercise modulates telomere dynamics, the field's evolution from descriptive measurements to mechanistic inquiries involving redox biology and epigenetics remains incompletely mapped. This study systematically characterized the global research landscape of telomere-exercise science over 25 years to establish a strategic evidence base for precision exercise prescription. Methods : A bibliometric analysis was conducted on 858 publications from the Web of Science Core Collection (2000-2025). CiteSpace and VOSviewer were used for keyword co-occurrence analysis, strategic thematic mapping, and citation burst detection to visualize global research trends and identify emerging frontiers. Results : Annual publication volume grew from 2 (2000) to 71 (2025), with a compound annual growth rate of 15.4%. China emerged as one of the leading global contributors. Thematic analysis revealed a paradigm shift from descriptive leukocyte telomere length studies toward mechanistic investigations of oxidative stress, mitochondrial homeostasis, and epigenetic clocks. Keyword network analysis confirmed oxidative stress and inflammation as central hubs, mediating telomere protection via redox regulation and non-canonical telomerase functions. Conclusions : Exercise preserves telomere integrity primarily through redox-mitochondrial homeostasis, hormesis-driven antioxidant upregulation, and non-canonical telomerase activation. For aging populations and individuals at metabolic risk, aerobic training and high-intensity interval training (HIIT) are recommended as first-line non-pharmacological interventions for healthspan extension. Leukocyte telomere length and telomerase activity should be integrated as biomarkers in preventive medicine practice. Future large-scale randomized controlled trials incorporating multi-omics approaches and sex-stratified analyses are warranted to establish individualized dose-response guidelines for precision exercise prescription.",2026,2026-06-21,Review; Journal Article,eng,https://europepmc.org/article/MED/42351824,False,4,,True,True,True,True
doi:10.3390/cells11030468,doi:10.3390/cells11030468,pubmed,pubmed;scopus,35159278,10.3390/cells11030468,35159278,PMC8915189,How to Slow down the Ticking Clock: Age-Associated Epigenetic Alterations and Related Interventions to Extend Life Span.,"Epigenetic alterations pose one major hallmark of organismal aging. Here, we provide an overview on recent findings describing the epigenetic changes that arise during aging and in related maladies such as neurodegeneration and cancer. Specifically, we focus on alterations of histone modifications and DNA methylation and illustrate the link with metabolic pathways. Age-related epigenetic, transcriptional and metabolic deregulations are highly interconnected, which renders dissociating cause and effect complicated. However, growing amounts of evidence support the notion that aging is not only accompanied by epigenetic alterations, but also at least in part induced by those. DNA methylation clocks emerged as a tool to objectively determine biological aging and turned out as a valuable source in search of factors positively and negatively impacting human life span. Moreover, specific epigenetic signatures can be used as biomarkers for age-associated disorders or even as targets for therapeutic approaches, as will be covered in this review. Finally, we summarize recent potential intervention strategies that target epigenetic mechanisms to extend healthy life span and provide an outlook on future developments in the field of longevity research.",2022,2022-01-29,"Journal Article; Research Support, Non-U.S. Gov't; Review",eng,https://pubmed.ncbi.nlm.nih.gov/35159278/,False,1,,False,True,True,False
doi:10.3390/epigenomes8010010,doi:10.3390/epigenomes8010010,pubmed,pubmed,38534794,10.3390/epigenomes8010010,38534794,PMC10968907,Exploring Transcriptional Regulation of Beta Cell SASP by Brd4-Associated Proteins and Cell Cycle Control Protein p21.,"Type 1 diabetes (T1D) is a metabolic disease resulting from progressive autoimmune destruction of insulin-producing pancreatic beta cells. Although the majority of beta cells are lost in T1D, a small subset undergoes senescence, a stress response involving growth arrest, DNA damage response, and activation of a senescence-associated secretory phenotype (SASP). SASP in beta cells of the nonobese diabetic (NOD) mouse model of T1D and primary human islets is regulated at the level of transcription by bromodomain extra-terminal (BET) proteins, but the mechanisms remain unclear. To explore how SASP is transcriptionally regulated in beta cells, we used the NOD beta cell line NIT-1 to model beta cell SASP and identified binding partners of BET protein Brd4 and explored the role of the cyclin-dependent kinase inhibitor p21. Brd4 interacted with a variety of proteins in senescent NIT-1 cells including subunits of the Ino80 chromatin remodeling complex, which was expressed in beta cells during T1D progression in NOD mice and in human beta cells of control, autoantibody-positive, and T1D donors as determined from single-cell RNA-seq data. RNAi knockdown of p21 during senescence in NIT-1 cells did not significantly impact viability or SASP. Taken together, these results suggest that Brd4 interacts with several protein partners during senescence in NIT-1 cells, some of which may play roles in SASP gene activation and that p21 is dispensable for the SASP in this beta cell model.",2024,2024-03-06,Journal Article,eng,https://pubmed.ncbi.nlm.nih.gov/38534794/,False,0,,True,False,True,False
doi:10.3390/ijerph192416721,doi:10.3390/ijerph192416721,europepmc,europepmc;pubmed;scopus,MED:36554603,10.3390/ijerph192416721,36554603,PMC9778714,Epigenomic and Other Evidence for Cannabis-Induced Aging Contextualized in a Synthetic Epidemiologic Overview of Cannabinoid-Related Teratogenesis and Cannabinoid-Related Carcinogenesis.,"Background Twelve separate streams of empirical data make a strong case for cannabis-induced accelerated aging including hormonal, mitochondriopathic, cardiovascular, hepatotoxic, immunological, genotoxic, epigenotoxic, disruption of chromosomal physiology, congenital anomalies, cancers including inheritable tumorigenesis, telomerase inhibition and elevated mortality. Methods Results from a recently published longitudinal epigenomic screen were analyzed with regard to the results of recent large epidemiological studies of the causal impacts of cannabis. We also integrate theoretical syntheses with prior studies into these combined epigenomic and epidemiological results. Results Cannabis dependence not only recapitulates many of the key features of aging, but is characterized by both age-defining and age-generating illnesses including immunomodulation, hepatic inflammation, many psychiatric syndromes with a neuroinflammatory basis, genotoxicity and epigenotoxicity. DNA breaks, chromosomal breakage-fusion-bridge morphologies and likely cycles, and altered intergenerational DNA methylation and disruption of both the histone and tubulin codes in the context of increased clinical congenital anomalies, cancers and heritable tumors imply widespread disruption of the genome and epigenome. Modern epigenomic clocks indicate that, in cannabis-dependent patients, cannabis advances cellular DNA methylation age by 25-30% at age 30 years. Data have implications not only for somatic but also stem cell and germ line tissues including post-fertilization zygotes. This effect is likely increases with the square of chronological age. Conclusion Recent epigenomic studies of cannabis exposure provide many explanations for the broad spectrum of cannabis-related teratogenicity and carcinogenicity and appear to account for many epidemiologically observed findings. Further research is indicated on the role of cannabinoids in the aging process both developmentally and longitudinally, from stem cell to germ cell to blastocystoids to embryoid bodies and beyond.",2022,2022-12-13,review-article; Review; Journal Article,eng,https://europepmc.org/article/MED/36554603,False,2,,True,True,True,True
doi:10.3390/ijms25158538,doi:10.3390/ijms25158538,pubmed,pubmed,39126105,10.3390/ijms25158538,39126105,PMC11313047,SCD2 Regulation Targeted by miR-200c-3p on Lipogenesis Alleviates Mesenchymal Stromal Cell Senescence.,"The senescence of bone marrow mesenchymal stromal cells (MSCs) leads to the impairment of stemness and osteogenic differentiation capacity. In a previous study, we screened out stearoyl-CoA desaturase 2 (SCD2), the most evidently changed differential gene in lipid metabolism, using combined transcriptomic and metabolomic analyses, and verified that SCD2 could mitigate MSC senescence. However, the underlying molecular mechanism by which the rate-limiting enzyme of lipogenesis SCD2 manipulates MSC senescence has not been completely understood. In this study, we demonstrate that SCD2 over-expression alleviates MSC replicative senescence and ameliorates their osteogenic differentiation through the regulation of lipogenesis. Furthermore, SCD2 expression is reduced, whereas miR-200c-3p expression is elevated in replicative senescent MSCs. SCD2 is the direct target gene of miR-200c-3p, which can bind to the 3'-UTR of SCD2. MiR-200c-3p replenishment in young MSCs is able to diminish SCD2 expression levels due to epigenetic modulation. In addition, SCD2-rescued MSC senescence and enhanced osteogenic differentiation can be attenuated by miR-200c-3p repletion via suppressing lipogenesis. Taken together, we reveal the potential mechanism of SCD2 influencing MSC senescence from the perspective of lipid metabolism and epigenetics, which provides both an experimental basis for elucidating the mechanism of stem cell senescence and a novel target for delaying stem cell senescence.",2024,2024-08-05,Journal Article,eng,https://pubmed.ncbi.nlm.nih.gov/39126105/,False,0,,True,False,False,False
doi:10.3390/ijms27041908,doi:10.3390/ijms27041908,europepmc,europepmc;google_scholar;pubmed;scopus;semantic_scholar,MED:41752045,10.3390/ijms27041908,41752045,PMC12940517,"Epigenetic Clocks, Resilience, and Multi-Omics Ageing: A Review and the EpiAge-R Conceptual Framework.","Epigenetic clocks have successfully estimated biological age by identifying CpG sites whose DNA methylation levels correlate with chronological age. However, these statistical models provide limited mechanistic insight into the biological underpinnings of ageing. While they capture the ""pace"" of ageing, they fail to quantify the ""resilience"" of biological systems-the capacity to recover, reorganize, and maintain homeostasis under stress. To overcome this limitation, we introduce EpiAge-R (Epigenetic Age with Resilience), a mechanistic framework that shifts the focus from passive correlation to active recovery potential. The EpiAge-R framework integrates multilayered biological information-including long-read methylation sequencing, chromatin context, histone modification balance, 3D genome topology, and mitochondrial dynamics-into a unified Resilience Index. By distinguishing between degenerative methylation drift (damage) and adaptive repair processes (resilience), EpiAge-R aligns with nonlinear multi-omics ageing trajectories. This framework provides a quantitative foundation for next-generation biomarkers and precision longevity interventions, aiming to define optimal health rather than statistical normality.",2026,2026-02-17,review-article; Review; Journal Article,eng,https://europepmc.org/article/MED/41752045,False,4,,True,True,True,True
doi:10.3390/jcm9051489,doi:10.3390/jcm9051489,pubmed,pubmed;scopus,32429084,10.3390/jcm9051489,32429084,PMC7290473,Summary-Based Methylome-Wide Association Analyses Suggest Potential Genetically Driven Epigenetic Heterogeneity of Alzheimer's Disease.,"Alzheimer's disease (AD) is a progressive neurodegenerative disorder with no curative treatment available. Exploring the genetic and non-genetic contributors to AD pathogenesis is essential to better understand its underlying biological mechanisms, and to develop novel preventive and therapeutic strategies. We investigated potential genetically driven epigenetic heterogeneity of AD through summary data-based Mendelian randomization (SMR), which combined results from our previous genome-wide association analyses with those from two publicly available methylation quantitative trait loci studies of blood and brain tissue samples. We found that 152 probes corresponding to 113 genes were epigenetically associated with AD at a Bonferroni-adjusted significance level of 5.49E-07. Of these, 10 genes had significant probes in both brain-specific and blood-based analyses. Comparing males vs. females and hypertensive vs. non-hypertensive subjects, we found that 22 and 79 probes had group-specific associations with AD, respectively, suggesting a potential role for such epigenetic modifications in the heterogeneous nature of AD. Our analyses provided stronger evidence for possible roles of four genes (i.e., AIM2 , C16orf80 , DGUOK , and ST14 ) in AD pathogenesis as they were also transcriptionally associated with AD. The identified associations suggest a list of prioritized genes for follow-up functional studies and advance our understanding of AD pathogenesis.",2020,2020-05-15,Journal Article,eng,https://pubmed.ncbi.nlm.nih.gov/32429084/,False,1,,True,False,True,False
doi:10.3390/metabo12121222,doi:10.3390/metabo12121222,europepmc,europepmc;pubmed;scopus,MED:36557259,10.3390/metabo12121222,36557259,PMC9786685,Microbiome and Metabolome Insights into the Role of the Gastrointestinal-Brain Axis in Parkinson's and Alzheimer's Disease: Unveiling Potential Therapeutic Targets.,"Neurodegenerative diseases such as Parkinson's (PD) and Alzheimer's disease (AD), the prevalence of which is rapidly rising due to an aging world population and westernization of lifestyles, are expected to put a strong socioeconomic burden on health systems worldwide. Clinical trials of therapies against PD and AD have only shown limited success so far. Therefore, research has extended its scope to a systems medicine point of view, with a particular focus on the gastrointestinal-brain axis as a potential main actor in disease development and progression. Microbiome and metabolome studies have already revealed important insights into disease mechanisms. Both the microbiome and metabolome can be easily manipulated by dietary and lifestyle interventions, and might thus offer novel, readily available therapeutic options to prevent the onset as well as the progression of PD and AD. This review summarizes our current knowledge on the interplay between microbiota, metabolites, and neurodegeneration along the gastrointestinal-brain axis. We further illustrate state-of-the art methods of microbiome and metabolome research as well as metabolic modeling that facilitate the identification of disease pathomechanisms. We conclude with therapeutic options to modulate microbiome composition to prevent or delay neurodegeneration and illustrate potential future research directions to fight PD and AD.",2022,2022-12-05,review-article; Review; Journal Article,eng,https://europepmc.org/article/MED/36557259,False,2,,True,True,True,True
doi:10.3390/nu16101470,doi:10.3390/nu16101470,europepmc,europepmc;pubmed;scopus;semantic_scholar,MED:38794708,10.3390/nu16101470,38794708,PMC11123998,Examining the Effects of Nutrient Supplementation on Metabolic Pathways via Mitochondrial Ferredoxin in Aging Ovaries.,"As women age, oocytes are susceptible to a myriad of dysfunctions, including mitochondrial dysfunction, impaired DNA repair mechanisms, epigenetic alterations, and metabolic disturbances, culminating in reduced fertility rates among older individuals. Ferredoxin (FDX) represents a highly conserved iron-sulfur (Fe-S) protein essential for electron transport across multiple metabolic pathways. Mammalian mitochondria house two distinct ferredoxins, FDX1 and FDX2, which share structural similarities and yet perform unique functions. In our investigation into the regulatory mechanisms governing ovarian aging, we employed a comprehensive multi-omics analysis approach, integrating spatial transcriptomics, single-cell RNA sequencing, human ovarian pathology, and clinical biopsy data. Previous studies have highlighted intricate interactions involving excessive lipid peroxide accumulation, redox-induced metal ion buildup, and alterations in cellular energy metabolism observed in aging cells. Through a multi-omics analysis, we observed a notable decline in the expression of the critical gene FDX1 as ovarian age progressed. This observation prompted speculation regarding FDX1's potential as a promising biomarker for ovarian aging. Following this, we initiated a clinical trial involving 70 patients with aging ovaries. These patients were administered oral nutritional supplements consisting of DHEA, ubiquinol CoQ10, and Cleo-20 T3 for a period of two months to evaluate alterations in energy metabolism regulated by FDX1. Our results demonstrated a significant elevation in FDX1 levels among participants receiving nutritional supplementation. We hypothesize that these nutrients potentiate mitochondrial tricarboxylic acid cycle (TCA) activity or electron transport chain (ETC) efficiency, thereby augmenting FDX1 expression, an essential electron carrier in metabolic pathways, while concurrently mitigating lipid peroxide accumulation and cellular apoptosis. In summary, our findings underscore the potential of nutritional intervention to enhance in vitro fertilization outcomes in senescent cells by bolstering electron transport proteins, thus optimizing energy metabolism and improving oocyte quality in aging women.",2024,2024-05-13,research-article; Journal Article,eng,https://europepmc.org/article/MED/38794708,False,3,,True,True,True,True
doi:10.3390/ph19040530,doi:10.3390/ph19040530,semantic_scholar,semantic_scholar,475da2ec1c9bcaf08d3d570a56b88bb03ac69604,10.3390/ph19040530,42075787,13119408,Beneficial Effects of Gegen Qinlian Decoction and Its Food–Medicine Homologous Alternative Formulas Against Type 2 Diabetes Mellitus: Insights from Multi-Omics Analysis,"Background/Objectives: Herbal formulas are unsuitable for routine dietary use. This study evaluates Qige Pipa Decoction (QPD), a food–medicine homologous formula containing edible components, comparing its anti-diabetic effects with the classic Gegen Qinlian Decoction (GQD) to explore its potential as a sustainable dietary intervention for T2DM. Methods: T2DM mice received QPD, GQD, or metformin for 6 weeks. Parameters included glycemic control, histopathology, gut microbiota (16S rRNA), serum metabolomics, liver transcriptomics, and chemical profiling (UPLC-Q-TOF-MS). Results: Both formulas comparably improved glycemia and insulin resistance. QPD uniquely enriched beneficial gut bacteria (e.g., Roseburia) and suppressed pro-inflammatory taxa. Metabolomics revealed decreased Carnitine C20:1 and increased phospholipids in the QPD group. Transcriptomics showed QPD enriched the AGE-RAGE signaling pathway. Chemically, QPD showed relatively higher signal intensities for glycosides and organic acids, while GQD showed relatively higher signal intensities for alkaloids. Conclusions: QPD exhibits anti-diabetic efficacy similar to GQD but through distinct regulatory mechanisms. Its food-medicine homologous composition provides a theoretical rationale for its exploration as a sustained dietary adjunct. However, the absence of safety biomarkers in this study precludes definitive conclusions regarding long-term tolerability, necessitating dedicated toxicological assessment in future trials.",2026,2026-03-25,JournalArticle,,https://www.semanticscholar.org/paper/475da2ec1c9bcaf08d3d570a56b88bb03ac69604,False,0,,True,False,True,False
doi:10.34133/research.1107,doi:10.34133/research.1107,europepmc,europepmc;pubmed;scopus;semantic_scholar,MED:41716845,10.34133/research.1107,41716845,PMC12914062,Hydrogen Sulfide: A Multitarget Therapeutic for Neuroinflammation in Neurodegenerative Diseases.,"Neurodegenerative diseases (NDDs) are characterized by the progressive degeneration of specific neuronal populations, remain incurable, and impose an escalating global health burden due to aging populations. While therapeutic options had expanded in recent years, their overall efficacy remained limited. Neuroinflammation emerged as a central factor in the pathogenesis of NDDs. Hydrogen sulfide (H 2 S), an endogenous gasotransmitter known for its potent anti-inflammatory properties, gained attention as a potential therapeutic agent. This review provided a comprehensive overview of the role of neuroinflammation in NDDs, elucidated the molecular mechanisms through which H 2 S exerted its anti-inflammatory effects, and discussed recent advancements and potential clinical applications. Special emphasis was placed on the modulation of glial activity, disruption of the blood-brain barrier, regulation of the gut-brain axis, and the interplay between mitochondria and inflammasomes. Furthermore, the review integrated preclinical data on dose-exposure-response relationships to define the therapeutic window of various H 2 S donors. It also explored the potential of spatial multiomics and microbiota-targeted approaches to facilitate more precise H 2 S-based interventions. These insights provide important scientific merit for elucidating the mechanisms of NDDs and hold urgent practical relevance for developing novel therapeutics to mitigate disease progression.",2026,2026-02-18,review-article; Review; Journal Article,eng,https://europepmc.org/article/MED/41716845,False,3,,True,True,True,True
doi:10.38124/ijsrmt.v5i1.1145,doi:10.38124/ijsrmt.v5i1.1145,semantic_scholar,semantic_scholar,a9d53317bf9b808306b074b2a741e1521ee4baaa,10.38124/ijsrmt.v5i1.1145,,,Biotechnology and Modern Clinical Medicine: A Multidisciplinary Narrative Review Integrating Artificial Intelligence and Aging Research,"Background: The definition of biotechnology is undergoing rapid transformation in the 21st century. While traditionally confined to laboratory sciences and pharmaceutical development, biotechnology now extends into artificial intelligence, financial markets, and geopolitical strategy. This expansion creates conceptual confusion across clinical, research, and policy domains, particularly regarding the distinction between biosciences (the study of living organisms) and biotechnology (the application of living systems to solve problems). Purpose: This narrative review clarifies the evolving scope of biotechnology and addresses knowledge gaps affecting clinicians, researchers, and policymakers. We integrate perspectives from clinical medicine, business strategy, and emerging technologies to provide a multidisciplinary foundation for understanding biotechnology's role in modern healthcare. Methods: We synthesized recent data from the Stanford Emerging Technology Review (2025), National Science Foundation reports, National Academies publications, the US Director of National Intelligence Global Trends 2040 report, and multi-omics research indexed in PubMed (2015–2025). We analyzed biotechnology through clinical, economic, technological, and geopolitical lenses. Key Findings: Four interconnected domains emerge: (1) convergence of artificial intelligence and biological systems in drug discovery; (2) multi-omics approaches enabling precision medicine and longevity interventions; (3) bioeconomic forces and geopolitical competition shaping innovation access; and (4) implications for clinical training and patient care. Conclusions: Healthcare systems and clinicians cannot remain isolated from biotechnology's transformation. Understanding these multidisciplinary connections is essential for physicians navigating precision medicine, translational research, and evidence-based innovation.",2026,2026-01-16,JournalArticle; Review,,https://www.semanticscholar.org/paper/a9d53317bf9b808306b074b2a741e1521ee4baaa,False,0,,True,True,True,True
doi:10.4103/1673-5374.249223,doi:10.4103/1673-5374.249223,openalex,openalex,https://openalex.org/W2913089851,10.4103/1673-5374.249223,,,Induced pluripotent stem cells from Huntington’s disease patients: a promising approach to define and correct disease-related alterations,"Adult somatic cells such as skin or blood cells from either health donors or patients can be reprogrammed into induced pluripotent stem cells (iPSCs). Given their unlimited self-renewal and differentiation capacities, iPSCs are an invaluable resource to generate terminally differentiated cells. Thus, iPSCs can facilitate the study of human diseases and drug screening, holding great promise for regenerative medicine. Another significant advantage of iPSC disease-modeling is that normal and mutant proteins are expressed at endogenous levels. In addition, subtle phenotypes and the effects of genetic background variations can be assessed by comparison between iPSC lines obtained from different patients and healthy donors as well as isogenic lines, in which disease-related mutations are corrected. As with other multiple diseases, iPSCs derived from Huntington’s disease (HD) patients provide an opportunity to define disease-related changes and possible interventions to correct these alterations. HD is an autosomal dominant neurodegenerative disorder characterized by cognitive deficits, psychosis and motor dysfunction (Finkbeiner, 2011). HD is caused by mutations that extend the cytosine-adenine-guanine (CAG) trinucleotide repeat in the exon 1 of the huntingtin (HTT) gene. 34 CAG repeats or fewer do not result in HD symptoms. Alleles containing 35–39 CAG repeats produce incomplete penetrance, as individuals harboring these alleles may or may not develop the disease. However, > 39 CAG repeats is considered fully penetrant as individuals with these alleles will eventually develop HD symptoms. In this regard, the length of the CAG repeats correlates with the disease progression and longer CAG stretches predict younger HD onset (Finkbeiner, 2011). Expanded CAG mutations result in an unstable polyglutamine (polyQ) stretch in HTT protein, leading to its aberrant aggregation. As such, the accumulation of mutant HTT aggregates is one of the hallmarks of the disease. Although HTT is ubiquitously expressed, gamma-aminobutyric acid (GABA)ergic medium spiny neurons of the striatum undergo the greatest neurodegeneration in HD patients (Finkbeiner, 2011). Extensive data indicate that mutant HTT aggregation is toxic and contributes to neurodegeneration (Koyuncu et al., 2017). However, the molecular mechanisms by which these inclusions induce neuronal dysfunction remain unsolved. For instance, polyQ-expanded aggregates may collapse distinct proteostasis nodes such as protein clearance mechanisms (i.e., autophagy or the ubiquitin proteasome system) or the chaperone network (Koyuncu et al., 2017). Moreover, aberrant aggregates could sequester signalling and regulatory components such as transcription factors or physically obstruct neuronal extensions. Besides aggregates, growing evidence indicates that intermediate species called “oligomers” formed during the aggregation or disaggregation process also contribute to neurotoxicity. In this regard, the initial formation of polyQ-expanded HTT inclusions has been proposed to have a protective role. These aggregates could form to sequester highly toxic oligomers of mutant HTT, reducing the amount of soluble oligomeric intermediates (Arrasate et al., 2004). However, mutant HTT inclusions may eventually sequester other proteins, contributing to neurodegeneration. iPSCs derived from HD patients express significant amounts of mutant HTT protein (Koyuncu et al., 2018). Whether HD-iPSCs exhibit toxic soluble oligomers of mutant HTT is unknown. However, HD-iPSCs do not exhibit increased cellular death, higher sensitivity to cellular stressors or defects in GABAergic neuronal differentiation (Koyuncu et al., 2018), suggesting that these cells have increased mechanisms to either avoid the generation of toxic oligomers or eliminate them. Nevertheless, extensive evidence indicates that HD-iPSCs suppress the accumulation of mutant HTT aggregates (Koyuncu et al., 2018), which are important determinants of cellular viability and function. These findings suggest a rejuvenation process during cell reprogramming that rewires the ability to maintain proteostasis of mutant HTT, resulting in iPSCs with increased mechanisms to prevent aberrant aggregation. For this reason, HD-iPSCs have been used to define anti-aggregation mechanisms, which can be then mimicked in differentiated neurons to suppress polyQ-expanded HTT aggregation (Koyuncu et al., 2018). For instance, this research led to identify novel activators of mutant HTT degradation as well as inhibitors of aggregation (Koyuncu et al., 2017). On the other hand, the rejuvenation step also represents an important limitation for HD disease modeling. Although HD-iPSCs can terminally differentiate into striatal neurons, these cells do not exhibit mutant HTT aggregates (Koyuncu et al., 2018). The lack of polyQ-expanded HTT aggregates in these cells could reflect the long period of time before aggregates accumulate in the neurons of HD patients. In support of this hypothesis, HD-neurons derived from iPSCs do not present polyQ-expanded aggregates at 12 weeks after transplantation into HD rat models, whereas they accumulate aggregates after 33 weeks. Notably, recent advances have provided a novel tool to circumvent this limitation and bypass the induction of pluripotency. In particular, this approach allows for direct conversion of fibroblasts from HD patients into neurons that recapitulate age-associated aggregation of mutant HTT (Victor et al., 2018). Besides aggregation of mutant HTT, loss of normal HTT function could also contribute to HD (Saudou and Humbert, 2016). In these lines, downregulation of wild-type HTT levels induces HD-related changes such as progressive neurodegeneration and motor dysfunction or aggravate these changes in HD models. Moreover, overexpression of wild-type HTT improves brain cell survival and ameliorates the deleterious effects of the mutant protein (Saudou and Humbert, 2016). Although differentiated cells from HD-iPSC do not exhibit aggregates, they have other disease-related changes such as alterations in electrophysiology and calcium homeostasis, increased vulnerability to excitotoxic stressors as well as cumulative risk of death over time (HD iPSC Consortium, 2017). Notably, neurons differentiated from HD-iPSCs also present altered morphology and maturation phenotypes (Mehta et al., 2018). These findings support a direct link of HTT with regulation of development. Indeed, downregulation of HTT at early developmental stages results in neural differentiation defects. Remarkably, cumulative evidence indicates developmental deficits in HD mouse models and human pathological specimens. For instance, mutant HTT expression correlates with an impairment in the maintenance of striatal neural stem cells and their specification into medium spiny neurons of the striatum in knock-in (polyQ111) mice (Molero et al., 2009). In addition, HD patients as well as YAC128 mice expressing human polyQ128-HTT exhibit alterations in brain morphology and synaptic plasticity before the onset of disease symptoms (Milnerwood and Raymond, 2010). Interestingly, both neural and neuronal cells derived from HD-iPSCs exhibit pronounced HD-related transcriptional changes consistent with those reported in the brain of HD patients, such a dysregulation of neurodevelopmental transcription factors and genes involved in axonal guidance, calcium influx, voltage-gated sodium currents or GABA signaling (HD iPSC Consortium, 2017; Mehta et al., 2018). In fact, transcriptional dysregulation is a major defect observed in postmortem HD brains and HD mouse models (Saudou and Humbert, 2016). Gene expression dysregulation can ensue from epigenetic alterations. In these lines, several studies indicate HD-related modifications in epigenetic marks such as DNA methylation and post-translational modifications of histone proteins, which can directly contribute to aberrant gene expression in HD patients as well as cellular and organismal models (Saudou and Humbert, 2016). Among these epigenetic changes, H3K9 trimethylation (H3K9me3) is robustly increased in HD patients and transgenic R6/2 HD mice (Ryu et al., 2006). H3K9me3 is linked with heterochromatin formation and correlates with transcriptional repression. Remarkably, neural cultures differentiated from HD-iPSCs have epigenetic alterations (HD iPSC Consortium, 2017), including an increase in H3K9me3 levels (Irmak et al., 2018). Given the strong link of HTT with neural development and the control of the epigenetics landscape, the study of pluripotent stem cells can shed light on the mechanisms underlying this process. Because epigenetic marks are reversible, research on HD-iPSCs can also lead to novel interventions to correct epigenetic and differentiation alterations at earlier developmental stages, which can contribute to disease phenotypes. For this purpose, we first focused on understanding the normal function of HTT in human pluripotent stem cells. In these cells, the levels of gene expression-repressive marks such as H3K9me3 are usually reduced while they maintain their pluripotent state. By studying the normal function of HTT, we identified the chromatin factor ATF7IP as an interactor of HTT protein (Irmak et al., 2018). ATF7IP interacts and regulates SETDB1 methyltransferase, facilitating the trimethylation of H3K9. Notably, we find HTT inhibits the interaction of the ATF7IP-SETDB1 complex with other key regulators of heterochromatin and transcriptional repression, maintaining low levels of H3K9me3 in pluripotent stem cells. When the levels of HTT are reduced, the ATF7IP-SETDB1 complex gains interactions with transcriptional repressors (DNMT3B, SLTM, GATAD2A/GATAD2B) and heterochromatin regulators (SMARCC2, PBRM1, SMARCAD1, HP1B3, HMGA1, WDR82). Concomitantly, loss of HTT results in a dramatic increase in H3K9me3 levels in control pluripotent stem cells. Knockdown of HTT not only promotes global increase of H3K9me3 levels but also enrichment of H3K9me3 marks at distinct genes, including transcriptional regulators of neuronal differentiation such as ASCL2 and GBX1. Although these H3K9me3 repressive marks do not have strong effects at the pluripotent state, they have detrimental effects at later differentiation stages. Since abnormal levels of H3K9me3 are conserved during differentiation into progenitor cells, they repress the induction of neurogenic factors required for terminal differentiation and maturation into neurons. Thus, loss of HTT can induce alterations in H3K9me3 repressive marks at the pluripotent state, eventually reducing the induction of neural and neuronal genes during differentiation. These findings indicate that interventions for correcting epigenetic changes should be applied at the pluripotent state to avoid differentiation into cells with a compromised transcriptome. Since our results indicated a role of HTT in the inhibition of the ATF7IP-SETDB1 complex, we asked whether polyQ-expanded mutations alter this normal function of HTT (Figure 1). Strikingly, expanded polyQ repeats block the interaction of HTT with the ATF7IP-SETDB1 complex, leading to its activation and concomitant increase of H3K9me3 levels. When HD-iPSCs are differentiated into neural cells, these cells exhibit dramatic alterations in the expression of multiple genes involved in neuronal differentiation and maturation. Prompted by these findings, we asked whether decreasing ATF7IP levels could diminish trimethylation of H3K9 in neural cells derived from HD-iPSCs. Indeed, we found that knockdown of ATF7IP after differentiation is sufficient to reduce H3K9me3 levels in HD neural cells. Since HD-iPSCs differentiate into cells that already present HD-related changes, one step further was to reduce H3K9me3 levels at the iPSC level prior inducing differentiation. Importantly, loss of ATF7IP at the iPSC stage allows for the generation of neural cells with rescued H3K9me3 levels and expression of genes involved in neuronal function. Thus, modulation of ATF7IP can ameliorate alterations in the expression of multiple genes, particularly those which are normally diminished in HD.Figure 1: Mechanism suppressing H3K9 trimethylation in pluripotent stem cells and its demise by expanded-polyQ HTT mutations.In normal conditions, HTT interacts with ATF7IP to reduce H3K9 trimethylation of iPSCs. In HD-iPSCs, mutant expanded polyQ repeats in HTT protein diminish its interaction with ATF7IP, a process that results in up-regulation of H3K9me3 marks and transcriptional repression of genes required for neuronal differentiation and maturation. Loss of ATF7IP rescues alterations in H3K9me3 and gene expression. HD: Huntington’s disease; HTT: huntingtin; iPSCs: induced pluripotent stem cells; polyQ: polyglutamine.Altogether, by using iPSCs we identified ATF7IP as a potential target to correct aberrant epigenetic marks and gene expression induced by mutant HTT. Likewise, the HD-iPSC consortium also identified that a small molecule, isoxazole-9, targets several of the dysregulated gene networks in neural cells from HD-iPSCs (HD iPSC Consortium, 2017). Remarkably, isoxazole-9 treatment normalizes gene expression in HD-iPSC-derived neural cells. In addition, isoxazole-9 can rescue cognition and synaptic pathology in R6/2 HD mouse model (HD iPSC Consortium, 2017). Besides their application for the understanding and correction of dysregulated gene networks, we have also demonstrated that HD-iPSCs can be an important resource to define regulators of proteostasis of mutant HTT, suppressing its aggregation and toxicity. These promising findings further support the use of HD-iPSCs to understand HD. It will be fascinating to follow the advances in the study of HD-iPSCs and their differentiated counterparts, which can lead to novel interventions for HD. This work was supported by the Else Kröner-Fresenius-Stiftung (2015_A118). Additional file:Open peer review report 1.",2019,2019-01-01,article,en,https://openalex.org/W2913089851,False,0,epigenomics_plus_downstream,True,True,True,True
doi:10.4103/jras.jras_80_25,doi:10.4103/jras.jras_80_25,semantic_scholar,semantic_scholar,fb30d277832164003fe2de61ddb21a3a6073fa77,10.4103/jras.jras_80_25,,,Expanding the Scope of Ama: A Systems Biology Framework for Metabolic and Immune Disorders,"The Ayurvedic concept of Ama refers to the accumulation of incompletely digested or metabolized substances in the body due to impaired Agni (digestive fire). Ama is described as a pathological entity that disrupts systemic homeostasis, leading to chronic metabolic and immune disorders. Modern medical science recognizes similar pathological processes, such as endotoxin accumulation, gut dysbiosis, metabolic endotoxemia, and inflammatory responses driven by advanced glycation end-products (AGEs), damage-associated molecular patterns, and oxidative stress. Despite advances in research and clinical interventions, metabolic and immune disorders like diabetes, metabolic dysfunction-associated fatty liver disease, inflammatory bowel disease, and autoimmune conditions continue to rise globally. Expanding the scope of Ama and its subtypes in relation to these disorders may provide novel insights for disease prevention, diagnostics, and therapeutic approaches. Ayurvedic texts elaborate on Ama as a primary etiological factor in disease progression, classifying it based on its origins, affinity, and systemic translocation. However, there is a lack of standardized clinical assessment tools to evaluate Ama in the context of modern disease models. Current biomedical research highlights the crucial role of gut health, intestinal permeability, microbial dysbiosis, and metabolic endotoxemia in the development of chronic diseases. Despite these parallels, there is minimal integrative research correlating Ama with measurable biochemical or molecular markers. Moreover, the role of Ama in immune activation and inflammatory disorders remains largely unexplored within a scientific framework. This paper proposes an expanded classification of Ama , integrating Ayurvedic epistemology with modern biomedical understanding. Ama can be characterized as a gut-derived response antigen complex or gut-associated molecular complex, which includes toxic metabolites, undigested peptides, microbial toxins, and inflammatory mediators resulting from impaired digestion and absorption. The subtypes of Ama can be categorized based on the site of expression, cause of origin, specificity or affinity, Kaal , and its movement or translocation. Modern tools such as metabolomics, proteomics, transcriptomics, and computational systems biology models can be employed to validate Ama and its subtypes. Biomarkers such as HbA1c (paralleling Ama in diabetes), lipid oxidation markers, gut microbiome alterations, and inflammatory cytokines may serve as objective correlates of Ama . Future research should focus on developing standardized clinical scales for Ama assessment, incorporating radiological, biochemical, molecular, and genetic markers. Systems biology approaches, such as network pharmacology and artificial intelligence-based predictive models, should be utilized to map the progression of Ama in metabolic and immune disorders. Ayurvedic interventions, such as Deepana, Pachana , and Shodhana therapies, should be studied for their impact on gut barrier function, microbiome modulation, and immune homeostasis. Bridging Ayurvedic concepts with modern scientific methodologies will enable the development of personalized diagnostic and therapeutic strategies for chronic diseases.",2026,2026-04-01,JournalArticle,,https://www.semanticscholar.org/paper/fb30d277832164003fe2de61ddb21a3a6073fa77,False,0,,True,False,True,False
doi:10.4252/wjsc.v18.i3.118401,doi:10.4252/wjsc.v18.i3.118401,semantic_scholar,semantic_scholar,67f6ffc770ec01d8ebef1e3cb582907cf2f86b41,10.4252/wjsc.v18.i3.118401,,,Single-cell transcriptomics reveals a spermatogonial stem cell-centered spermatogenic microenvironment: Pathophysiological mechanisms and therapeutic targets in male infertility,"Male infertility affects approximately 17.5% of the global reproductive-age population, with disruption of the testicular spermatogenic microenvironment - particularly the spermatogonial stem cell niche - representing a central pathogenic mechanism. Single-cell RNA sequencing has enabled unprecedented resolution of cellular heterogeneity within the human testis; however, its translational value remains constrained by population data imbalance and limited integration across molecular layers. Here, we synthesize single-cell RNA sequencing studies published between January 2018 and September 2025 to construct a microenvironment-centered mechanistic framework linking inflammaging, NLRP3 inflammasome activation, and progressive spermatogonial stem cell depletion in non-obstructive azoospermia, supported by convergent single-cell, bulk transcriptomic, and emerging preclinical evidence. We further discuss transgenerational epigenetic effects mediated by sperm small non-coding RNAs and critically evaluate translational barriers, including ancestry bias, technical limitations of single-cell platforms, and ethical challenges of germline intervention. We propose that future clinical translation will require multiethnic cohort construction and artificial intelligence-driven multi-omics integration to enable stem cell-oriented precision diagnosis and therapy for male infertility.",2026,2026-03-26,JournalArticle,,https://www.semanticscholar.org/paper/67f6ffc770ec01d8ebef1e3cb582907cf2f86b41,False,0,,True,False,True,False
doi:10.5281/zenodo.19465690,doi:10.5281/zenodo.19465690,openalex,openalex,https://openalex.org/W7151983589,10.5281/zenodo.19465690,,,Convergent Longevity Mechanisms Across Phylogenetically Distant Species: From Evolutionary Patterns to Translational Opportunities,"Abstract The quest to understand the mechanisms underlying longevity has long captivated scientists, particularly those interested in translating findings from model organisms to humans. This review examines the convergent longevity mechanismsacross phylogenetically distant species and their potential for human translation through a systematic review of published literature. Key findings indicate that long-lived mammals have evolved enhanced DNA repair and tumor suppression mechanisms, primarily through increased copy numbers of caretaker and tumor suppressor genes. Notably, CREBBP, PIK3R1, HELLS, and FOXM1 show convergent gene duplication across long-lived mammals (naked mole rat, greater mouse-eared bat) with strong correlation to longevity quotients, and these genes are simultaneously druggable, CRISPR-editable, and possess validated human orthologs representing the highest-priority targets for human translation. The iTARGET algorithm outperforms traditional epigenetic clocks in identifying age-related CpG sites and can distinguish causal mechanisms from age-correlated biomarkers, enabling cross-species validation of conserved epigenetic signatures at orthologous aging-associated gene loci including FOXO3, SIRT1, mTOR, IGF1R, CDKN2A, and HOXC cluster. FOXO3 represents a validated dual-modality therapeutic target that can be modulated through both small molecules (targeting its DNA-binding domain) and CRISPR-based epigenetic editing (using dCas9-DNMT3A fusion constructs), demonstrating mechanism modality matching for longevity interventions with conserved function across species. Additionally, MnSOD-mediated lifespan extension involves a conserved network of genes affecting metabolic and stress response pathways. Epigenetic studies, advanced by sophisticated algorithms and sequencing techniques, have identified key age-related CpG sites and age-specific changes in aging rates. The BALL nanoparticle delivery system achieves effective in vivo gene editing with improved bioavailability and serum stability, providing a validated delivery mechanism for targeting human orthologs of convergent longevity genes. Convergent evolution accounts for over 80% of longevity-related trait evolution, with copy number expansions in DNA repair pathway genes representing a universal mechanism across both animal and plant kingdoms, and geometric methods and convergence-divergence models providing quantitative frameworks for prioritizing mechanisms by phylogenetic convergence strength. Functional conservation of longevity genes in human orthologs, such as FOXO3, highlights promising targets for therapeutic intervention. While no major contradictions were identified, significant knowledge gaps remain. In conclusion, this review synthesizes key findings on convergent longevity mechanisms, emphasizing those with functionally conserved human orthologs and the most promising candidates for therapeutic intervention. The review also assessed the diverse datasets used in aging research, ranging from genomics to metabolomics, and highlighted the importance of integrative analysis for robust conclusions. Additionally, the literature surveyed emphasized the role of epigenetic modifications in age-related gene expression changes, with a focus on methods capturing dynamic epigenetic patterns over time.",2026,2026-04-07,article,en,https://openalex.org/W7151983589,False,1,genomics_plus_other,True,True,True,True
doi:10.5812/ijem.84774,doi:10.5812/ijem.84774,semantic_scholar,semantic_scholar,8cb6b096371331a7c38d7efaf5cde8f10694af84,10.5812/ijem.84774,30584440,6289307,Tehran Lipid and Glucose Study: A National Legacy,"The year 2018 marks 20 years since the landmark Tehran Lipid and Glucose Study (TLGS) was designed in a west-Asian developing country, the Islamic republic of Iran. With rapid economic and demographical transition in Iran in the last decades of the twentieth century (1), a dramatic risk in non-communicable diseases (NCDs), cardiovascular disease in particular, as the major cause of morbidity and mortality has occurred (2). In 1996, the National Network for Prevention and Management of Diabetes was designed and implemented as the first Iranian national project for prevention and control of NCDs (3). In 1997, the National Supreme Council for Scientific Research called for national research projects in various scientific fields. Dr. Fereidoun Azizi, the director of Endocrine Research Center was persuaded by the late Dr. Sanei, the Vice-chancellor for Research of the Ministry of Health and Medical Education to design a proposal for survey aimed at identifying NCDs. Dr Azizi’s proposal was extended to include a surveillance of a cohort for at least 20 30 years (4); his proposal was accepted as a national research project and his research team have described the baseline findings of TLGS in various articles, showing very high prevalence of cardio metabolic risk factors, including diabetes, hypertension and lipid profiles in the Tehranian population. Periodic examinations and follow up of over 15000 individuals, 3 80 years of age, every 3 years was a great opportunity to determine the trend of various risk factors of the TLGS population in a country in nutrition transition with substantial changes in life style (5). Continuation of a cohort study, especially in a developing country is a major challenge; lack of infrastructure, influence of various factors such as culture, economy, education, and social behaviors, are the major barriers for such study. This is why many surveys are often performed to determine risk factors in populations at a particular point of time, while surveillance, systematic collection, analysis and interpretation of health data in a periodic fashion, with appropriate feedback to policymakers, is lacking in developing countries (6). In the TLGS, following the collection of baseline data, an ongoing community-oriented life style change is being implemented. This intervention has been effective in decreasing the incidence of type 2 diabetes (7) and in diminishing the prevalence of metabolic syndrome and its components (8). Therefore, TLGS has added the aspect of “intervention” for health benefits, which has been lacking in many cohort studies, such as the Framingham heart study (9). Inclusion of children and adolescents in the cohort of TLGS has allowed researchers to evaluate, nutrition, demographic and risk factor trends from early childhood, through adolescence into adult life. Studying these trends would be helpful to plan lifestyle and other interventions to prevent progression of risk factors to established disease in adulthood (10). More recently, TLGS has conducted studies involving genomics and the biomarkers of NCDs and has performed the first whole-genome sequencing and launch the Iranian Reference Genome Research Project (11). Having informations on the genomes and metabolomics of this cohort with 20 years of phenotypic data could disclose many aspects of personalized medicine in endocrinology and other domains of medicine (12). This issue of the International Journal of Endocrinology and Metabolism is dedicated to celebrating the legacy of the TLGS. We asked the researchers involved in the design, implementation, analysis, and data description and interpretation of the TLGS, to describe the key contributions of TLGS in the identification of health issues related to NCDs in the past 20 years. The authors of this special issue collectively have contributed more than 900 peerreviewed publications related to the TLGS. We hope these",2018,2018-10-01,Editorial; Review,,https://www.semanticscholar.org/paper/8cb6b096371331a7c38d7efaf5cde8f10694af84,False,0,,True,False,True,False
doi:10.61797/ijbic.v2i2.234,doi:10.61797/ijbic.v2i2.234,openalex,openalex;semantic_scholar,https://openalex.org/W4388707604,10.61797/ijbic.v2i2.234,,,A review on Epigenome Editing using CRISPR-based Tools to Rejuvenate Skin Tissues,"Genomic activity is controlled by a sophisticated series of cell functions known as the epigenome. The creation of tools capable of directly altering various processes is required to unravel this intricacy. Additionally, by employing tailored DNA-binding platforms connected with effector domains to serve as targeted transcription factors or epigenetic modifiers, it is possible to control the chemical modifiers that regulate the genome's activity. Neoplastic disorders have received the most attention in the study of epigenetics, though the epigenome's significance in a variety of disease processes is now well acknowledged. Researchers are inspired to investigate novel approaches to revert these pathogenic alterations to their normal patterns by considering the fact that the epigenome profile of individuals with aging skin cells or other skin disorders, including atopic dermatitis, differs from that of healthy individuals. Here in this review, we discuss the use of CRISPR/dCas9 as a cutting-edge and flexible tool for fundamental studies on chromatin structure, transcription regulation, and epigenetic landscapes, as well as the potential of this method in these fields. Furthermore, we review on common and recently invented methods to make epigenetic alterations possible in daughter cells after any mitotic differentiations. In the very near future, CRISPR-based epigenomic editing will become a potent tool for comprehending and regulating biological functions.",2023,2023-08-29,article,en,https://openalex.org/W4388707604,False,1,genomics_plus_other,True,True,False,False
doi:10.64898/2026.01.22.26344646,doi:10.64898/2026.01.22.26344646,semantic_scholar,semantic_scholar,08cf0d372ef3312460fb47342f1af29c0b0926ec,10.64898/2026.01.22.26344646,,,Machine learning and burden analyses highlight novel genes in Parkinson's Disease,"Background Genome-wide association studies (GWAS) have identified numerous risk loci for Parkinson's disease, yet identifying causal genes and mechanisms remains challenging due to non-coding associations and complex linkage disequilibrium. Methods We prioritized genes within 147 GWAS loci using an XGBoost machine-learning model trained on 285 multi-omic features, including brain-specific eQTLs and single-cell expression. Prioritized candidates underwent gene- and domain-level rare variant burden analysis via optimal sequenced kernel association test (SKAT-O) across the Accelerating Medicines Partnership for Parkinson's Disease and UK Biobank cohorts (N case = 6,435, N proxy = 13,889, N control = 343,160). Findings The model prioritized 406 genes with 48 features contributing to the prioritization. Meta-analysis of rare variants at the gene and domain levels replicated established associations (GBA1, LRRK2) and identified six novel potential risk genes ANKRD27 driven by p.Arg21Cys, UBXN2A, FAM171A1, ERCC8, BNC2, and ADNP. Domain-level analysis uniquely uncovered a significant association in the zinc-finger domain of ADNP, which was masked in gene-level tests. Additionally, at cohort-level, one novel gene was nominated: LRRC45 driven by p.Met607ArgfsTer57. Interpretation Integrating machine-learning prioritization with gene- and domain-level burden testing identified novel genes potentially involved in Parkinson's disease, with further validation needed to elucidate causality and mechanisms. FundingThis study was supported by grants from the Galen and Hilary Weston Foundation, the Michael J. Fox Foundation, the Canadian Consortium on Neurodegeneration in Aging (CCNA), the Canada First Research Excellence Fund (CFREF). Lastly, the study received contributions from the G-Can (GBA1-Canada) Initiative. G-Can is supported by The Hilary and Galen Weston Foundation, Silverstein Foundation, and J. Sebastian van Berkom and Ghislaine Saucier. S.C.P. is supported by a Canadian Institutes of Health Research (CIHR) Canada Graduate Scholarship - Doctoral (CGS-D) award. Z.G.-O. holds a Fonds de recherche du Quebec - Sante (FRQS) Chercheurs-boursiers award and is a William Dawson Scholar.",2026,2026-01-23,,,https://www.semanticscholar.org/paper/08cf0d372ef3312460fb47342f1af29c0b0926ec,False,0,,True,True,True,True
doi:10.64898/2026.03.27.714744,doi:10.64898/2026.03.27.714744,semantic_scholar,semantic_scholar,b7cca2aa090b9e58d81744ae179c8c5ab471954a,10.64898/2026.03.27.714744,41959372,13060086,"Profiling Peripheral Blood with an Optimized, Multiplexed, Single-cell Multiome Approach Supports an Insulin-driven Asthma Subtype","RNA sequencing (RNA-seq) and the Assay for Transposase-Accessible Chromatin using sequencing (ATAC-seq) have become standard techniques for studying gene regulation in human populations. Single-cell (sc) “multiomic” genomic methodologies now enable researchers to dissect cellular heterogeneity while simultaneously measuring gene expression and chromatin accessibility within individual cells. However, single-cell approaches remain experimentally complex and cost-prohibitive, limiting their application in population studies, and motivating the development of new strategies for population-scale single-cell investigations. To this end, we have adapted and optimized a previous multiomic protocol, “Transcriptome, Epitope, and ATAC sequencing” (TEA-seq) through experimentation and simulation to incorporate sample multiplexing, thus resulting in our “multiplexed TEA-seq” (mTEA-seq) protocol. Using mTEA-seq, we sought to determine whether asthma that develops in conjunction with early-life elevated insulin levels might have an identifiable molecular signature. We studied samples from adult individuals (54 subjects, 272,003 cells) from the Tucson Children’s Respiratory Study (TCRS), a birth cohort phenotypically characterized over four decades, to identify unique molecular characteristics of blood cells from asthmatics who had high serum insulin levels at age 6. Using a Bayesian approach, we found striking sex-specific effects. Male asthmatic subjects with high insulin at age 6 displayed widespread immune transcriptional and epigenetic alterations into adulthood compared to male non-asthmatic subjects without elevated insulin at age 6. We also found that male non-asthmatics with early-life high insulin showed epigenetic perturbations in adulthood, but not transcriptional changes. The consistency of epigenetic signals between these two groups that had high insulin at age 6 was highly cell-type-specific. For example, CD14+ monocytes displayed broadly common insulin-associated chromatin remodeling regardless of asthma status, while NK cells exhibited unique patterns of insulin-associated epigenetic reprogramming depending on asthma status. Finally, genotyping performed directly from our single-cell data enabled cell type-specific cis-QTL mapping that suggested HLA-DQB1 and AHI as genes for future study in insulin-associated asthma. Our investigation of childhood insulin-associated asthma demonstrates a metabolically-driven alterations on immune cells persisting into adulthood, thus providing a molecular signature of this asthma subtype, and offering novel insights for disease prevention and therapeutic intervention.",2026,2026-03-30,JournalArticle,,https://www.semanticscholar.org/paper/b7cca2aa090b9e58d81744ae179c8c5ab471954a,False,0,,True,False,True,False
doi:10.64898/2026.06.16.731973,doi:10.64898/2026.06.16.731973,semantic_scholar,semantic_scholar,ae5fd1aedaa2ea1c2b6500bc2e96d511be6b234c,10.64898/2026.06.16.731973,42367992,13307941,Molecular mechanisms underlying amyloid lowering by aducanumab: differential and comparative effects of sex and IgG reveal the post-treatment disease brain,"INTRODUCTION Improving the predictive validity of preclinical studies for Alzheimer’s disease (AD) requires rigorous evaluation of therapeutic efficacy, safety, and sex-specific responses in translationally relevant models. As amyloid-targeting monoclonal antibodies continue to advance clinically, there is an urgent need to define the molecular milieu that persists after amyloid is reduced and disease progression continues. Leveraging the NIA-funded MODEL-AD Preclinical Testing Core, we investigated the biochemical, functional, and multi-omic signatures associated with chronic administration of murine chimeric aducanumab (chAdu) in 5XFAD mice, including the contribution of IgG-mediated effects. METHODS Male and female 5XFAD mice were treated weekly with chAdu beginning at 8 months of age and compared to age-and sex-matched murine IgG2aκ isotype (IgG) and saline controls. Plasma and brain pharmacokinetics, amyloid-beta (Aβ), behavioral assessments, and treatment-emergent anti-drug antibodies (ADAs) were quantified. Post-treatment transcriptomic and proteomic analyses were performed to assess molecular pathways associated with chAdu and IgG exposure following 17-week treatment. RESULTS chAdu produced sex-dependent changes in Aβ, including increased plasma Aβ42:40 and reductions in brain Aβ which were associated with mild behavioral impairments in the absence of improvements in cognitive function. IgG control treatment produced similar reductions, indicating biologically active IgG-mediated processes independent of Aβ-targeted specificity. Treatment-emergent ADAs occurred in 10% of chAdu-treated mice and were associated with reduced drug exposure and efficacy. Multi-omics analyses confirmed sex-dependent and IgG-mediated effects at both the transcriptomic and proteome level revealing disease-associated genes and proteins not altered despite reductions in amyloid with treatment. DISCUSSION These findings demonstrate sex-dependent PK and pharmacodynamic responses to chAdu, identify biologically meaningful IgG-driven effects, and reveal molecular signatures that persist after amyloid reduction. This work provides biological insights into pathways that may remain insufficiently addressed following amyloid lowering; revealing novel targets for future drug discovery to prevent and treat disease.",2026,2026-06-21,JournalArticle,,https://www.semanticscholar.org/paper/ae5fd1aedaa2ea1c2b6500bc2e96d511be6b234c,False,0,,True,False,True,False
doi:10.69750/dmls.03.04.0200,doi:10.69750/dmls.03.04.0200,semantic_scholar,semantic_scholar,c5305161e0286b3e3807ca566b48d568b6d31248,10.69750/dmls.03.04.0200,,,The Failure of Translational Neuroscience: Why Promising Mechanisms Rarely Become Therapies,"The Expanding Gap Between Discovery and Therapy Neuroscience is the field of biomedical science that has yielded the most mechanistic knowledge and the least therapeutic success [1]. The last 30 years have seen a revolution in scientific understanding of the brain, thanks to new technologies in molecular neurobiology, neuroimaging, genomics, connectomics, artificial intelligence, and neuroimmunology. The number of pathological pathways identified is countless, including those related to Alzheimer's disease, Parkinson's disease, amyotrophic lateral sclerosis, epilepsy, stroke, schizophrenia, autism spectrum disorders, and major depression. However, despite these advances in knowledge, effective disease-modifying therapeutics are still not available for the majority of neurological and psychiatric diseases. It is an intrinsic paradox of translational neuroscience that, despite all the exciting mechanisms, the promise of a successful therapy is rarely realised clinically [2]. The Limitations of Experimental Models A major reason for this translational failure lies in the disconnect between experimental neuroscience and human disease biology. Often, preclinical models mimic single pathological features and not genuine human diseases. Rodent models can, however, show deposition of amyloid, loss of dopaminergic neurons, neuroinflammation, or dysfunction of synapses, but fall short of the biological complexity, temporal evolution, and environmental factors that characterize human neurological disease [3,4]. For instance, Alzheimer's disease is not just a disease of amyloid accumulation. It encompasses vascular malfunction, immune system dysfunction, metabolic impairments, damage to mitochondria, ageing-related degeneration, and the complex interplay between genetic and environmental factors. Experimental systems that investigate one pathway will always be too limited in scope and oversimplify the disease process. Therapies that show promise in carefully controlled laboratory studies have not worked in diverse patient populations [5]. Representing the unit as a reduction: systems-level organ. In recent years, modern neuroscience has taken a reductionist approach towards understanding disorders that result from a failure of complex systems-level function, with the aim of finding a single molecular explanation for each disorder. The brain is a complex network of highly interconnected neuronal, glial, vascular, immune, and metabolic networks. Therapeutic manipulation of one pathway may activate compensatory biological mechanisms elsewhere, limiting efficacy or generating unexpected toxicity [6,7]. Single molecular changes are the cause of neurological disorders infrequently. Rather, they result from multiple pathological processes that occur over years or decades of time and interact with each other. Single-target approaches to multifactorial neurodegeneration have consequently yielded a series of failures. The continued pursuit of “magic bullet” therapies is a conceptual model that is not adequate for the complexity of central nervous system disease [8,9]. Biological Heterogeneity and Diagnostic Oversimplification One of the other challenges is the inherent heterogeneity of neurological and psychiatric diagnoses. Depression, autism spectrum disorder, epilepsy, and Alzheimer's disease are probably groups of biologically different syndromes rather than single disease entities. Patients classified under identical clinical labels may possess profoundly different genetic architectures, inflammatory signatures, metabolic disturbances, and neurophysiological abnormalities [10,11]. But the vast majority of clinical trials are still conducted based on symptom criteria, not biologically stratified. This methodological limitation makes the therapeutic signal weaker and leads to a higher risk of negative trial results. A therapy that shows good effect in a biologically defined subpopulation may not seem effective when applied to a broadly heterogeneous population [12]. The Blood–Brain Barrier and Therapeutic Delivery The central nervous system has unique translational barriers, which are not encountered in many medical specialties. Small molecules used for therapeutic purposes in the CNS have not been able to penetrate the blood–brain barrier effectively, thereby increasing the risks of systemic toxicity. Although good penetration is reached, the highly sensitive neurochemical environment of the brain makes targeted intervention difficult [13]. Therapies designed to alter neurotransmission, immune activation, or synaptic signaling may inadvertently disrupt physiological neural functions essential for cognition, behavior, and homeostasis. Therefore, therapeutic modulation in the brain is more difficult and more biologically constrained than in peripheral organ systems, which means that many promising compounds are failures [14]. Clinical Trials and the Timing Problem. The design of neuroscience clinical trials also contributes to translational inefficiency. Many neurological conditions are asymptomatic for a long time, and the symptoms only appear after they have been present for a long time. Therapeutic trials may be carried out after significant and potentially irreversible damage has been done to the neurons. Interventions at later stages of the disease are less likely to result in significant recovery, accordingly [11]. Traditional outcome measures also remain problematic. Even modest neurobiological enhancements may not be manifested as measurable clinical outcomes, especially in brief trials. Placebo effects are still particularly strong in psychiatric research, making the evaluation of efficacy signals more difficult. Negative trials might thus not necessarily indicate biological failure, but methodological limitations [14]. Institutional and Economic Pressures The broader scientific ecosystem has also contributed to the crisis of translational neuroscience. Academic culture values novelty, publication numbers, and mechanistic complexity over the important values of reproducibility and time-proven validation. Positive results are given more attention than negative or inconclusive studies, which are often never published. This phenomenon of publication bias creates therapeutic optimism too early and contributes to the progression to expensive clinical trials without adequate mechanisms for validation [5-9]. Pharmaceutical companies have, at the same time, become less enthusiastic about investing in neuroscience. The development of neurological drugs can be a very long process, costly, with difficult-to-measure endpoints, and will have very high failure rates. Consequently, several companies have curtailed neuroscience programs in the face of the vast burden of neurological disease worldwide [1,10]. A new framework for translation. The future of translational neuroscience will need to be a step-change from reductionist to integrative systems-based approaches. New technologies like single-cell transcriptomics, patient-derived organoids, multi-omics integration, digital biomarkers, and application of artificial intelligence for prediction modeling provide the opportunity to revolutionize disease classification and targeting [12,13]. Precision neuroscience can be more efficient than generic methods of treatment. Future treatment will probably rely on the identification of different groups of patients with distinct biological characteristics and the development of targeted treatments, rather than universal treatments for broad diagnostic categories. Significant advances in translation may be achieved by earlier intervention during preclinical stages of disease, adaptive clinical trial designs, and multimodal therapeutic strategies [9,11]. Scientific Humility and the Future of Neuroscience The fact that there have been many failures of potential mechanisms to be turned into therapy shouldn't be taken as a lack of scientific progress. Instead, it is indicative of the enormous complexity of the human brain and limitations of current translational frameworks. We are now at a turning point in neuroscience where more scientific modesty, scientific rigor, and scientific collaboration are necessary [14]. New molecular targets will not be the only hallmark of the next wave of neuroscience. It will be characterised by the discipline's capacity to explain why change failed to happen despite previous discoveries. Translational neuroscience has yet to deliver its therapeutic promise to patients with devastating neurological disorders, and only with biologically realistic models, precision-based therapeutics, reproducible science, and systems-level integration will this ever be achieved [15].",2026,2026-04-30,JournalArticle,,https://www.semanticscholar.org/paper/c5305161e0286b3e3807ca566b48d568b6d31248,False,0,,True,True,True,True
doi:10.7554/elife.104550,doi:10.7554/elife.104550,openalex,openalex,https://openalex.org/W4406697016,10.7554/elife.104550,,,TET2-mediated epigenetic modification promotes stress senescence of pancreatic β cells in type 2 diabetes mellitus,"Abstract Epigenetic modification plays a key role in β cell senescence. In the regulation of gene expression, there is a complex and close relationship between DNA methylation and histone modification. In order to explore its specific mechanism in T2DM β cell senescence, we used postbisulfite aptamer labeling of genome-wide bisulfite-SEQ, chromatin immunocoprecipitation-SEQ, RNA-SEQ, CRISPR/Cas9 TETs knockout, RNA interference, TET2 inhibitors, lentiviral overexpression, and gene knockout mouse models. Our study found that demethylase TET2 was localized in the islets of mice, and the expression level increased with age. TET2 knockout in pancreatic β cells can hypermethylate PTEN, up-regulate MOF and enrich H4K16ac, and reduce the level of aging markers. This study confirmed that TET2-mediated PTEN DNA methylation can promote a new mechanism of β cell senescence by regulating H4K16ac, providing a new molecular mechanism and therapeutic target for T2DM β cell senescence therapy.",2025,2025-01-22,preprint,en,https://openalex.org/W4406697016,True,1,epigenomics_plus_downstream,True,True,True,True
doi:10.7936/zw5q-8j61,doi:10.7936/zw5q-8j61,openalex,openalex,https://openalex.org/W3003642542,10.7936/zw5q-8j61,,,Investigating Biological Mechanisms of Radiation Resistance in Advanced Stage Cervical Cancer,"The current standard of care treatment for locally advanced cervical cancer is curative intent pelvic radiation with concurrently administered platinum chemotherapy (CRT). This treatment strategy is effective for many patients, but 33-50% of patients treated with CRT develop disease recurrence. Metastatic and recurrent cervical cancer is an incurable condition, and many of the currently available treatments are associated with significant morbidity and mortality. Identifying these patients upfront is a challenge that clinicians face when developing treatment strategies. Previous studies used to catalog the genomic and transcriptomic landscape of cervical cancer lacked high quality corresponding clinical follow up data for patients, and patients were not treated uniformly, making the clinical interpretation of these alterations difficult. The goal of this thesis was to pair next-generation sequencing technology with well annotated prospectively collected clinical follow up data from patients uniformly treated with CRT to identify biomarkers present in pretreatment cervical tumor biopsies that correlate with disease recurrence and investigate the mechanism by which these biomarkers result in radiation treatment failure.In this thesis I identified both human host and Human Papilloma Virus (HPV) related biomarkers that correlate with disease recurrence after standard of care CRT in a cohort of 88 advanced stage cervical cancer patients. Mutations in the human host genes FBXW7 and TP53 were associated with metastatic disease recurrence. All patients with NSD1 mutant tumors recurred exclusively within the pelvis, including two patients with co-occurring mutations of either FBXW7 or TP53; therefore, this gene was selected for further in vitro validation studies of radiation resistance. NSD1 is a histone methyltransferase (HMT) that has been previously identified as a poor prognostic indicator for both neuroblastoma and breast cancer patients. Engineered NSD1 knockdown cervical cancer cell lines exhibited decreased H3K36 methylation and transcriptional reprogramming of genes involved in cell extrinsic inflammatory pathways and cell intrinsic p53, apoptosis and estrogen response pathways. Loss of NSD1 was sufficient to induce resistance to single agent carboplatin and combination CRT treatment, validating it as a reliable biomarker for CRT treatment failure. In HPV positive cervical cancer cases, HPV genotype and high viral transcript expression were predictive of treatment failure after CRT. Downstream validation to determine whether high viral transcript expression is sufficient to induce radiation treatment resistance was achieved by overexpressing HPV 16 E6 and E6*I viral transcripts in the Siha cervical cancer cell line. Using this system, I demonstrated that increased E6*I expression led to the stabilization of p53 and p21 inducing cellular senescence, whereas E6 overexpression led to increased p53 degradation. Modulating either transcript resulted in reduced cell sensitivity to radiation treatment providing a biological basis for the observed clinical effect of these alterations.Lastly, I collaborated with Dr. Akin Ojesina from the University of Alabama Birmingham to genomically characterize cervical cancer cases where HPV was undetectable using currently available technology. HPV negative cervical cancer accounts for 7-11% of all cervical cancer cases and these patients have worse survival outcomes compared to patients with HPV positive cervical cancer after standard of care CRT. We found that HPV negative tumors had an enrichment of mutations in genes that are involved in regulating entry into the cell cycle. One of these significantly mutated genes was CCND1, which was also overexpressed in HPV negative tumors. Palbociclib is an FDA approved drug that targets the G1 cell cycle checkpoint through inhibition of CDK 4/6, which are the activating binding partners to cyclin D1. Using a panel of HPV negative and positive head and neck squamous cancer cell lines I confirmed that HPV negative cancer cell lines were uniquely sensitive to single agent Palbociclib treatment. These results suggest that the addition of Palbociclib may be a viable treatment strategy for this poor prognostic group.Altogether the results of this dissertation demonstrate the power of employing next-generation sequencing to a cohort of patients who were uniformly treated and had well annotated, prospectively collected clinical follow up data. Using this resource, I was able to identify novel biomarkers of disease recurrence after standard of care CRT and determine the proposed biological mechanism of CRT resistance in each case. I identified and validated that mutations in NSD1 and high HPV transcript expression can be used to identify patients prior to treatment who are likely to fail the standard of care. These patients may benefit from the addition of other chemotherapies or targeted agents into their initial treatment plan or alternatively radiation dose escalation could be employed. Additionally, in the case of cervical tumors in which HPV is undetected, these patients would likely benefit from Palbociclib treatment.",2020,2020-01-28,article,en,https://openalex.org/W3003642542,False,0,genomics_plus_other,True,True,True,True
no-doi:4302515e0aa600877f7519c9,no-doi:4302515e0aa600877f7519c9,europepmc,europepmc,PMC:PMC6229337,,,PMC6229337,MATERNAL EFFECTS ON OFFSPRING AGING: ROTIFERS AS A MODEL SYSTEM FOR AGING,"Abstract To better understand the role of maternal effects on aging, we examined the influence of maternal age on offspring lifespan, fecundity, and response to interventions in the rotifer, Brachionus manjavacas. Rotifers are microscopic, aquatic invertebrates with many advantages as a model system for aging, including simple culture, transparency, sequenced genomes and transcriptomes, and RNAi. Rotifers have not undergone the evolutionary genome reduction that characterizes D. melanogaster and C. elegans, allowing investigation of human homologs that cannot be studied in established invertebrate systems. Offspring of older mothers had decreased lifespan, fecundity, and stress resistance compared to offspring of younger mothers. Changes in offspring mitochondrial number and morphology suggest an accumulation of damaged mitochondria with increasing maternal age contributes to lower offspring fitness. Maternal caloric restriction increases offspring lifespan and fecundity without direct offspring exposure to CR. Our ongoing work aims to characterize the cellular mechanisms driving maternal effects on offspring aging.",2018,2018-11-01,Abstract,eng,https://europepmc.org/article/PMC/PMC6229337,False,0,,True,True,True,True
no-doi:63b5ce6066c7e1ba08570b6d,no-doi:63b5ce6066c7e1ba08570b6d,google_scholar,google_scholar,7c6r0z72Wk8J,,,,The Epigenomic Landscape of Mouse Brain Aging: Single-Cell Multi-Omics Reveals Heterochromatin Loss and Transcription Factor Dysregulation,"… revealed a decay of heterochromatin domains during aging in excitatory neurons, which 
we validated using single-cell multi-omics assays and immunostaining experiments. Previous …",2025,2025-01-01,,,https://search.proquest.com/openview/de64e77a75ca2dce2ee63a535a32278c/1?pq-origsite=gscholar&cbl=18750&diss=y,False,0,,True,True,False,False
no-doi:a40a83f6f03b7ff6463188e9,no-doi:a40a83f6f03b7ff6463188e9,google_scholar,google_scholar,FOWr-VlJLeAJ,,,,"Multi-Omics AI Integration of Frailty, Immune-Aging, and Nutritional Response Signatures for Predicting Postoperative Complications in Geriatric Surgery","… , vascular immune-aging, and anabolic … -aging reference), and GSE136395 (skeletal muscle 
mRNA profiles from 82 older adults before and after a randomized nutritional intervention). …",2025,2025-01-01,,,https://www.dbpia.co.kr/Journal/articleDetail?nodeId=NODE12563365,False,0,,True,True,True,True
no-doi:e05a934a06498c65adf92bc8,no-doi:e05a934a06498c65adf92bc8,google_scholar,google_scholar,hZaO_2HvBg0J,,,,Longitudinal multi-omic datasets to inform the role of alternative splicing dysregulation in ageing and age-related diseases,"… for improving our understanding of ageing mechanisms and developing anti-ageing strategies. 
… Understanding the mechanisms of ageing can facilitate the identification of intervention …",,,,,https://kclpure.kcl.ac.uk/portal/files/327070631/2025_Wang_Dongmeng_20064562_ethesis.pdf,False,0,,True,True,True,True
