source,branch,record_id,title,abstract,year,doi,local_omics_layers,local_aging_match,local_causal_anchor_match,local_three_block_match,reviewer_retrieval_relevant,reviewer_aging_relevant,reviewer_multiomics_valid,reviewer_formal_causal_basis,reviewer_design_family,reviewer_notes
semantic_scholar,layer_pair,d490757875f9b009e6607212bb054778c5fc1997,Mitochondrial network responses in oxidative physiology and disease,"Mitochondrial activities are linked directly or indirectly to all cellular functions in aerobic eukaryotes. Omics methods enable new approaches to study functional organization of mitochondria and their adaptive and maladaptive network responses to bioenergetic fuels, physiologic demands, environmental challenges and aging. In this review, we consider mitochondria collectively within a multicellular organism as a macroscale “mitochondriome”, functioning to organize bioenergetics and metabolism as an organism utilizes environmental resources and protects against environmental threats. We address complexities of knowledgebase-driven functional mapping of mitochondrial systems and then consider data-driven network mapping using omics methods. Transcriptome-metabolome-wide association study (TMWAS) shows connectivity and organization of nuclear transcription with mitochondrial transport systems in cellular responses to mitochondria-mediated toxicity. Integration of redox and respiratory measures with TMWAS shows central redox hubs separating systems linked to oxygen consumption rate and H2O2 production. Combined redox proteomics, metabolomics and transcriptomics further shows that physiologic network structures can be visualized separately from toxicologic networks. These data-driven integrated omics methods create new opportunities for mitochondrial systems biology.",2017,10.1016/j.freeradbiomed.2018.01.005,metabolomics;proteomics;transcriptomics,True,True,True,,,,,,
semantic_scholar,layer_pair,ddd0d56f4f88054aaecd7153b03a7c10ea4a3334,Identification of disease- and headache-specific mediators and pathways in migraine using blood transcriptomic and metabolomic analysis,"Background Recent data suggest that gene expression profiles of peripheral white blood cells can reflect changes in the brain. We aimed to analyze the transcriptome of peripheral blood mononuclear cells (PBMC) and changes of plasma metabolite levels of migraineurs in a self-controlled manner during and between attacks. Methods Twenty-four patients with migraine were recruited and blood samples were collected in a headache-free (interictal) period and during headache (ictal) to investigate disease- and headache-specific alterations. Control samples were collected from 13 age- and sex-matched healthy volunteers. RNA was isolated from PBMCs and single-end 75 bp RNA sequencing was performed using Illumina NextSeq 550 instrument followed by gene-level differential expression analysis. Functional analysis was carried out on information related to the role of genes, such as signaling pathways and biological processes. Plasma metabolomic measurement was performed with the Biocrates MxP Quant 500 Kit. Results We identified 144 differentially-expressed genes in PBMCs between headache and headache-free samples and 163 between symptom-free patients and controls. Network analysis revealed that enriched pathways included inflammation, cytokine activity and mitochondrial dysfunction in both headache and headache-free samples compared to controls. Plasma lactate, succinate and methionine sulfoxide levels were higher in migraineurs while spermine, spermidine and aconitate were decreased during attacks. Conclusions It is concluded that enhanced inflammatory and immune cell activity, and oxidative stress can play a role in migraine susceptibility and headache generation.",2021,10.1186/s10194-021-01285-9,metabolomics;transcriptomics,False,False,False,,,,,,
semantic_scholar,layer_pair,4c91d781da2c10e0738144d245709aeb0876f27c,The molecular impact of cigarette smoking resembles aging across tissues,"Tobacco smoke is the main cause of preventable mortality worldwide. Smoking increases the risk of developing many diseases and has been proposed as an aging accelerator. Yet, the molecular mechanisms driving smoking-related health decline and aging acceleration in most tissues remain unexplored. Here, we use data from the Genotype-Tissue Expression Project (GTEx) to perform a characterization of the effect of cigarette smoking across human tissues. We perform a multi-tissue analysis across 46 human tissues. Our multi-omics characterization includes analysis of gene expression, alternative splicing, DNA methylation, and histological alterations. We further analyze ex-smoker samples to assess the reversibility of these molecular alterations upon smoking cessation. We show that smoking impacts tissue architecture and triggers systemic inflammation. We find that in many tissues, the effects of smoking significantly overlap those of aging. Specifically, both age and smoking upregulate inflammatory genes and drive hypomethylation at enhancers (odds ratio (OR) = 2). In addition, we observe widespread smoking-driven hypermethylation at target regions of the Polycomb repressive complex (OR = 2), which is a well-known aging effect. Smoking-induced epigenetic changes overlap causal aging CpGs, suggesting that these methylation changes may directly mediate the aging acceleration observed in smokers. Finally, we find that smoking effects that are shared with aging are more persistent over time. Overall, our multi-tissue and multi-omic analysis of the effects of cigarette smoking provides an extensive characterization of the impact of tobacco smoke across tissues and unravels the molecular mechanisms driving smoking-induced tissue homeostasis decline and aging acceleration.",2025,10.1186/s13073-025-01485-x,epigenomics;transcriptomics,True,True,True,,,,,,
semantic_scholar,layer_pair,6d735f974187f5cf2dab575a16eca9eae0cac417,Proteomics and metabolomics in ageing research: from biomarkers to systems biology,"Age is the single greatest risk factor for a wide range of diseases, and as the mean age of human populations grows steadily older, the impact of this risk factor grows as well. Laboratory studies on the basic biology of ageing have shed light on numerous genetic pathways that have strong effects on lifespan. However, we still do not know the degree to which the pathways that affect ageing in the lab also influence variation in rates of ageing and age-related disease in human populations. Similarly, despite considerable effort, we have yet to identify reliable and reproducible ‘biomarkers’, which are predictors of one’s biological as opposed to chronological age. One challenge lies in the enormous mechanistic distance between genotype and downstream ageing phenotypes. Here, we consider the power of studying ‘endophenotypes’ in the context of ageing. Endophenotypes are the various molecular domains that exist at intermediate levels of organization between the genotype and phenotype. We focus our attention specifically on proteins and metabolites. Proteomic and metabolomic profiling has the potential to help identify the underlying causal mechanisms that link genotype to phenotype. We present a brief review of proteomics and metabolomics in ageing research with a focus on the potential of a systems biology and network-centric perspective in geroscience. While network analyses to study ageing utilizing proteomics and metabolomics are in their infancy, they may be the powerful model needed to discover underlying biological processes that influence natural variation in ageing, age-related disease, and longevity.",2017,10.1042/ebc20160083,metabolomics;proteomics,True,True,True,,,,,,
semantic_scholar,layer_pair,7d73cdf6abec7314a1dc98ea71be95d356e012bf,A multi-omics longitudinal aging dataset in primary human fibroblasts with mitochondrial perturbations,"Aging is a process of progressive change. To develop biological models of aging, longitudinal datasets with high temporal resolution are needed. Here we report a multi-omics longitudinal dataset for cultured primary human fibroblasts measured across their replicative lifespans. Fibroblasts were sourced from both healthy donors (n = 6) and individuals with lifespan-shortening mitochondrial disease (n = 3). The dataset includes cytological, bioenergetic, DNA methylation, gene expression, secreted proteins, mitochondrial DNA copy number and mutations, cell-free DNA, telomere length, and whole-genome sequencing data. This dataset enables the bridging of mechanistic processes of aging as outlined by the “hallmarks of aging”, with the descriptive characterization of aging such as epigenetic age clocks. Here we focus on bridging the gap for the hallmark mitochondrial metabolism. Our dataset includes measurement of healthy cells, and cells subjected to over a dozen experimental manipulations targeting oxidative phosphorylation (OxPhos), glycolysis, and glucocorticoid signaling, among others. These experiments provide opportunities to test how cellular energetics affect the biology of cellular aging. All data are publicly available at our webtool: https://columbia-picard.shinyapps.io/shinyapp-Lifespan_Study/ Measurement(s) gene expression assay • DNA Methylation • Telomere Length • Seahorse Bioenergetics • mtDNA copy number • Whole Genome Sequencing • Cytokine • cell-free DNA • mtDNA sequencing • cell-free GDF15 • cell-free IL6 Technology Type(s) Illumina HiSeq. 4000 • Illumina epic array • Real Time PCR • Seahorse XFe96 • Real Time PCR • Luminex 200 • ELISA Factor Type(s) time grown in culture Sample Characteristic - Organism Homo sapiens Sample Characteristic - Environment cell culture Sample Characteristic - Location contiguous United States of America",2021,10.1038/s41597-022-01852-y,epigenomics;genomics;transcriptomics,True,True,True,,,,,,
semantic_scholar,layer_pair,03873a3425894d96b3727fb50d8ff32eddd4c608,Immune Evasion Strategies of Schistosomes,"Human schistosomes combat the unique immune systems of two vastly different hosts during their indirect life cycles. In gastropod molluscs, they face a potent innate immune response composed of variable immune recognition molecules and highly phagocytic hemocytes. In humans, a wide variety of innate and adaptive immune processes exist in proximity to these parasites throughout their lifespan. To survive and thrive as the second most common parasitic disease in humans, schistosomes have evolved many techniques to avoid and combat these targeted host responses. Among these techniques are molecular mimicry of host antigens, the utilization of an immune resistant outer tegument, the secretion of several potent proteases, and targeted release of specific immunomodulatory factors affecting immune cell functions. This review seeks to describe these key immune evasion mechanisms, among others, which schistosomes use to survive in both of their hosts. After diving into foundational observational studies of the processes mediating the establishment of schistosome infections, more recent transcriptomic and proteomic studies revealing crucial components of the host/parasite molecular interface are discussed. In order to combat this debilitating and lethal disease, a comprehensive understanding of schistosome immune evasion strategies is necessary for the development of novel therapeutics and treatment plans, necessitating the discussion of the numerous ways in which these parasitic flatworms overcome the immune responses of both hosts.",2021,10.3389/fimmu.2020.624178,proteomics;transcriptomics,True,True,True,,,,,,
semantic_scholar,layer_pair,e2fde7bdc6fa3c3af3ff16fcb8bb8a1b12651445,Baseline Gut Metagenomic Functional Gene Signature Associated with Variable Weight Loss Responses following a Healthy Lifestyle Intervention in Humans,"Recent human feeding studies have shown how the baseline taxonomic composition of the gut microbiome can determine responses to dietary interventions, but the exact functional determinants underlying this phenomenon remain unclear. In this study, we set out to better understand interactions between baseline BMI, metabolic health, diet, gut microbiome functional profiles, and subsequent weight changes in a human cohort that underwent a healthy lifestyle intervention. ABSTRACT Recent human feeding studies have shown how the baseline taxonomic composition of the gut microbiome can determine responses to weight loss interventions. However, the functional determinants underlying this phenomenon remain unclear. We report a weight loss response analysis on a cohort of 105 individuals selected from a larger population enrolled in a commercial wellness program, which included healthy lifestyle coaching. Each individual in the cohort had baseline blood metabolomics, blood proteomics, clinical labs, dietary questionnaires, stool 16S rRNA gene sequencing data, and follow-up data on weight change. We generated additional targeted proteomics data on obesity-associated proteins in blood before and after intervention, along with baseline stool metagenomic data, for a subset of 25 individuals who showed the most extreme weight change phenotypes. We built regression models to identify baseline blood, stool, and dietary features associated with weight loss, independent of age, sex, and baseline body mass index (BMI). Many features were independently associated with baseline BMI, but few were independently associated with weight loss. Baseline diet was not associated with weight loss, and only one blood analyte was associated with changes in weight. However, 31 baseline stool metagenomic functional features, including complex polysaccharide and protein degradation genes, stress-response genes, respiration-related genes, and cell wall synthesis genes, along with gut bacterial replication rates, were associated with weight loss responses after controlling for age, sex, and baseline BMI. Together, these results provide a set of compelling hypotheses for how commensal gut microbiota influence weight loss outcomes in humans. IMPORTANCE Recent human feeding studies have shown how the baseline taxonomic composition of the gut microbiome can determine responses to dietary interventions, but the exact functional determinants underlying this phenomenon remain unclear. In this study, we set out to better understand interactions between baseline BMI, metabolic health, diet, gut microbiome functional profiles, and subsequent weight changes in a human cohort that underwent a healthy lifestyle intervention. Overall, our results suggest that the microbiota may influence host weight loss responses through variable bacterial growth rates, dietary energy harvest efficiency, and immunomodulation.",2021,10.1128/msystems.00964-21,metabolomics;microbiomics;proteomics,False,True,False,,,,,,
semantic_scholar,layer_pair,5ed38e07363fa178a6a573aa2fc4543d5e65092d,Present Status and Future Challenges of New Therapeutic Targets in Preclinical Models of Stroke in Aged Animals with/without Comorbidities,"The aging process, comorbidities, and age-associated diseases are closely dependent on each other. Cerebral ischemia impacts a wide range of systems in an age-dependent manner. However, the aging process has many facets which are influenced by the genetic background and epigenetic or environmental factors, which can explain why some people age differently than others. Therefore, there is an urgent need to identify age-related changes in body functions or structures that increase the risk for stroke and which are associated with a poor outcome. Multimodal imaging, electrophysiology, cell biology, proteomics, and transcriptomics, offer a useful approach to link structural and functional changes in the aging brain, with or without comorbidities, to post-stroke rehabilitation. This can help us to improve our knowledge about senescence firstly, and in this context, aids in elucidating the pathophysiology of age-related diseases that allows us to develop therapeutic strategies or prevent diseases. These processes, including potential therapeutical interventions, need to be studied first in relevant preclinical models using aged animals, with and without comorbidities. Therefore, preclinical research on ischemic stroke should consider age as the most important risk factor for cerebral ischemia. Furthermore, the identification of effective therapeutic strategies, corroborated with successful translational studies, will have a dramatic impact on the lives of millions of people with cerebrovascular diseases.",2018,10.3390/ijms19020356,proteomics;transcriptomics,True,True,True,,,,,,
semantic_scholar,layer_pair,6dbdc39cca639e559ae4d5be7c0a0f5fb05d1214,Identification of driver genes for critical forms of COVID-19 in a deeply phenotyped young patient cohort,"The drivers of critical coronavirus disease 2019 (COVID-19) remain unknown. Given major confounding factors such as age and comorbidities, true mediators of this condition have remained elusive. We used a multi-omics analysis combined with artificial intelligence in a young patient cohort where major comorbidities were excluded at the onset. The cohort included 47 “critical” (in the intensive care unit under mechanical ventilation) and 25 “non-critical” (in a non-critical care ward) patients with COVID-19 and 22 healthy individuals. The analyses included whole-genome sequencing, whole-blood RNA sequencing, plasma and blood mononuclear cell proteomics, cytokine profiling, and high-throughput immunophenotyping. An ensemble of machine learning, deep learning, quantum annealing, and structural causal modeling were used. Patients with critical COVID-19 were characterized by exacerbated inflammation, perturbed lymphoid and myeloid compartments, increased coagulation, and viral cell biology. Among differentially expressed genes, we observed up-regulation of the metalloprotease ADAM9. This gene signature was validated in a second independent cohort of 81 critical and 73 recovered patients with COVID-19 and was further confirmed at the transcriptional and protein level and by proteolytic activity. Ex vivo ADAM9 inhibition decreased severe acute respiratory syndrome coronavirus 2 (SARS-CoV-2) uptake and replication in human lung epithelial cells. In conclusion, within a young, otherwise healthy, cohort of individuals with COVID-19, we provide the landscape of biological perturbations in vivo where a unique gene signature differentiated critical from non-critical patients. We further identified ADAM9 as a driver of disease severity and a candidate therapeutic target. Description Critical COVID-19 in a young, comorbidity-free patient cohort is driven by a distinct gene expression signature. Understanding COVID-19 in young individuals As we gain more insight into the drivers of coronavirus disease 2019 (COVID-19), it is essential that these drivers be understood in the context of different populations, including those thought to be at low risk of developing severe disease. Here, Carapito et al. used a multi-omics approach to identify drivers of critical COVID-19 in a young, comorbidity-free patient cohort. The authors used an ensemble of machine learning, deep learning, quantum annealing, and structural causal modeling to identify multiple candidate driver genes, including the metalloprotease, ADAM9. Together, these findings suggest that drivers of critical COVID-19, and thus treatment, may differ based on the cohort.",2021,10.1126/scitranslmed.abj7521,genomics;proteomics;transcriptomics,False,True,False,,,,,,
semantic_scholar,layer_pair,d2022171f1475a92b35d5030f1eecde7c0c27727,A circulating subset of iNKT cells mediates antitumor and antiviral immunity,"Invariant natural killer T (iNKT) cells are a group of innate-like T lymphocytes that recognize lipid antigens. They are supposed to be tissue resident and important for systemic and local immune regulation. To investigate the heterogeneity of iNKT cells, we recharacterized iNKT cells in the thymus and peripheral tissues. iNKT cells in the thymus were divided into three subpopulations by the expression of the natural killer cell receptor CD244 and the chemokine receptor CXCR6 and designated as C0 (CD244−CXCR6−), C1 (CD244−CXCR6+), or C2 (CD244+CXCR6+) iNKT cells. The development and maturation of C2 iNKT cells from C0 iNKT cells strictly depended on IL-15 produced by thymic epithelial cells. C2 iNKT cells expressed high levels of IFN-γ and granzymes and exhibited more NK cell–like features, whereas C1 iNKT cells showed more T cell–like characteristics. C2 iNKT cells were influenced by the microbiome and aging and suppressed the expression of the autoimmune regulator AIRE in the thymus. In peripheral tissues, C2 iNKT cells were circulating that were distinct from conventional tissue-resident C1 iNKT cells. Functionally, C2 iNKT cells protected mice from the tumor metastasis of melanoma cells by enhancing antitumor immunity and promoted antiviral immune responses against influenza virus infection. Furthermore, we identified human CD244+CXCR6+ iNKT cells with high cytotoxic properties as a counterpart of mouse C2 iNKT cells. Thus, this study reveals a circulating subset of iNKT cells with NK cell–like properties distinct from conventional tissue-resident iNKT cells. Description A circulating subset of iNKT cells with NK cell-like properties drives effective antitumor and antiviral immunity. Circulating iNKT cells protect Invariant natural killer T (iNKT) cells are tissue-resident, innate-like T cells that recognize lipid antigens and are involved in immune regulation. The heterogeneity and development of iNKT cell populations has not been well defined; thus, Cui et al. used various mouse models, transcriptomics, flow cytometry, and histology to better understand iNKT subpopulations. The authors uncovered a circulating population of iNKT cells that expressed CD244 and CXCR6 and were distinct from conventional iNKT cells in mice and humans. This iNKT subset depended on IL-15+ medullary thymic epithelial cells for development and maturation. The circulating iNKT cells were highly cytotoxic and protected mice from melanoma metastasis and influenza infection. Thus, the authors uncovered a population of circulating iNKT cells that were highly cytotoxic and protective against various insults.",2022,10.1126/sciimmunol.abj8760,microbiomics;transcriptomics,True,True,True,,,,,,
semantic_scholar,layer_pair,728c1329cb04f0682e9de220f2a901d6bb651fe3,Rebaudioside A Enhances Resistance to Oxidative Stress and Extends Lifespan and Healthspan in Caenorhabditis elegans,"Non-nutritive sweeteners are widely used in food and medicines to reduce energy content without compromising flavor. Herein, we report that Rebaudioside A (Reb A), a natural, non-nutritive sweetener, can extend both the lifespan and healthspan of C. elegans. The beneficial effects of Reb A were principally mediated via reducing the level of cellular reactive oxygen species (ROS) in response to oxidative stress and attenuating neutral lipid accumulation with aging. Transcriptomics analysis presented maximum differential expression of genes along the target of rapamycin (TOR) signaling pathway, which was further confirmed by quantitative real-time PCR (qPCR); while lipidomics uncovered concomitant reductions in the levels of phosphatidic acids (PAs), phosphatidylinositols (PIs) and lysophosphatidylcholines (LPCs) in worms treated with Reb A. Our results suggest that Reb A attenuates aging by acting as effective cellular antioxidants and also in lowering the ectopic accumulation of neutral lipids.",2021,10.3390/antiox10020262,metabolomics;transcriptomics,True,True,True,,,,,,
semantic_scholar,layer_pair,17b7d3d46607d8127029f17d718aaf007ad1e8b3,Differential submergence tolerance between juvenile and adult Arabidopsis plants involves the ANAC017 transcription factor.,"Plants need to attune their stress responses to the ongoing developmental programs to maximize their efficacy. For instance, successful submergence adaptation is often associated with a delicate balance between saving resources and their expenditure to activate measures that allow stress avoidance or attenuation. We observed a significant decrease in submergence tolerance associated with aging in Arabidopsis thaliana, with a critical step between two and three weeks of post-germination development. This sensitization to flooding was concomitant with the transition from juvenility to adulthood. Transcriptomic analyses indicated that a group of genes related to ABA and oxidative stress response was more highly expressed in juvenile plants than in adult ones. These genes are induced by the endomembrane tethered transcription factor ANAC017 that was in turn activated by submergence-associated oxidative stress. A combination of molecular, biochemical and genetic analyses showed that these genes are located in genomic regions that move towards a heterochromatic state with adulthood, as marked by lysine 4 trimethylation of histone H3. We concluded that, while the mechanism of flooding stress perception and signal transduction were unaltered between juvenile and adult phases, the sensitivity that these mechanisms set into action is integrated, via epigenetic regulation, into the developmental programme of the plant. Supporting Information Fig. S1 SPL family gene expression in juvenile or adult plant. Fig. S2. Regulation of the ARuS genes in response to external perturbations. Fig. S3. Histochemical assessment of ROS production in juvenile and adult plants. Fig. S4 Profile of expression of ANAC013 (red line), 16 (blue), and 17 (green) across ten stages Arabidopsis development. Fig. S5 Expression of three submergence-responsive genes (CYP71E, GST25 and AOX1D) in the wild type and the anac017-1 mutant. Fig. S6 Phenotypical and molecular evaluation of pUBQ10:RFP-ANAC017-GFP transgenic plants. Fig. S7 Full immunoblot images related to Fig. 7d. Fig. S8 DNA methylation at the UBQ10 and SPL9 promoters.",2020,10.1111/tpj.14975,epigenomics;genomics;transcriptomics,True,True,True,,,,,,
semantic_scholar,layer_pair,bc5e5f638e13d50613dc217d9a43d8c521fcc0ef,Prakriti phenotypes as a stratifier of gut microbiome: A new frontier in personalized medicine?,"Ayurveda has a rich history and its significance woven deeply in the Indian culture. The concept of prakriti (a person’s “nature” or constitutional type determined by the proportion of three doshas, namely - vata, pitta and kapha) in Ayurveda is deeply rooted in personalized health management. While the attributes of prakriti has been established to have a genomic basis, there is dearth of elaborate evidences linking prakriti with manifestation of diseases. Next generation sequencing studies have provided a causal link between variation in the gut microbiome and its effect on an individual’s fitness. Separately, reports have identified gut microbial patterns associated with several host variables such as geography, age, diet and extreme prakriti phenotypes. Recently, few reports have identified a “core gut microbiome” consisting of Bacteroides, Faecalibacterium, Prevotella and Ruminococcus prevalent across the Indian population; however, a few bacterial genera were specifically enriched in certain prakritis. Hence, in this review we aim to analyse the role of prakriti variations on dysbiosis of the gut microbiome and concomitantly its effect on human health. We suggest that prakriti phenotyping can function as a potential stratifier of the gut microbiome in a given population and may provide evidence for the conceptual framework of personalized medicine in Ayurvedic system of medicine.",2020,10.1016/j.jaim.2020.05.013,genomics;microbiomics,False,True,False,,,,,,
semantic_scholar,layer_pair,6c049c9258e31f5f196445ba8be04a735022dacf,Bioinformatics and Systems Biology of the Lipidome,"Lipids play an important role in physiology and pathophysiology of living systems. Until a few decades ago, the number of lipid molecules that were chemically characterized was a few hundred at most and were catalogued in monographs and compendia.1 Since the advent of the era of the genome and the proteome, there has been increasing recognition that other macromolecules like lipids and polysaccharides in living systems display considerable structural diversity and systematic efforts are underway to identify, characterize and catalog these molecules. With mass spectrometric techniques coming of age, several thousand distinct molecular species have been identified from living species and the roles of several of these are beginning to be characterized.2 Unlike genes and proteins, whose defined alphabets provide the framework for ontologies and classification at the sequence level, lipids and polysaccharides have been characterized for the large part by popular names, with no foundations for systematic classification. The past two decades have witnessed two major advances in lipid biology. In the first, mass spectrometry has enabled the identification of thousands of lipid molecular species from cells and tissues and this has pointed to the important need for developing a systematic ontology that can rationally name and catalog the molecules. Second, the ability to investigate the functional roles of lipid molecules through systematic phenotypic studies has led to the identification of lipids as extremely important players in physiology and pathophysiology of living species.3 In combination with proteins and nucleic acids, lipids are integrally involved in biochemical networks that lead to phenotypes such as homeostasis, differentiation, and death of cells and tissues. Any approach to systems characterization of living systems, of necessity, has to include lipids along with other macromolecules and all complex cellular pathways involving lipid molecular species. Systems biology now extends in its scope to identify biosynthetic and metabolic lipid networks, cellular signaling networks that explicitly include lipid molecules and transcriptional and epigenetic networks where lipids play an integral role.4 Several large scale projects to characterize lipids and their functional roles have been initiated as exemplified by the LIPID MAPS5 effort. The LIPID MAPS is an exemplar systems biology project that measures cell-wide lipid changes in an attempt to reconstruct biochemical pathways associated with lipid processing and signaling. The cell-wide measurements of components of these pathways include mass spectrometric measurements of lipid changes in response to stimulus in mammalian cells, changes in transcription profiles in response to stimulus and in select cases proteomic changes in response to stimulus. Figure 1 shows a schematic of the LIPID MAPS experiments related to different lipid categories/pathways and the subsequent processing of the experimental data generated. Network reconstruction efforts rely on organization, analysis and integration of these data and this requires a strong bioinformatics and systems biology effort. The former has to include development of a systematic and universal classification and nomenclature system, design and development of lipid and lipid-gene, lipid-protein databases with appropriate functional annotations, and efficient query and analysis systems that can be broadly useful to the biology research community. The latter has to include methods for analysis of large scale lipid measurements in cells, reconstruction of lipid metabolic and biosynthetic pathways, and quantitative models of lipid fluxes in cells under varied perturbations. In this review, we will provide a comprehensive summary of extant developments in lipid bioinformatics and systems biology and discuss the outlook for the future integration of lipidomics into cellular and organismic biology. The sections that follow are delineated into the informatics approaches specific to lipid biology followed by an overview and exemplar approach to analysis of large scale lipidomic data towards a systems description of mammalian cells. Figure 1 Overview of the process of performing a quantitative lipid analysis of macrophage cell sample (in this example, a time-course experiment using bone marrow derived macrophages). Extraction methods, LC/GC purification methods, MS acquisition strategies ... 2. Classification, Ontology, Nomenclature and Structure Representation of Lipid Molecules The first step towards classification of lipids is the establishment of an ontology that is extensible, flexible and scalable. One must be able to classify, name and represent these molecules in a logical manner which is amenable to data basing and computational manipulation. Lipids have been loosely defined as biological substances that are generally hydrophobic in nature and in many cases soluble in organic solvents.6 These chemical features are present in a broad range of molecules such as fatty acids, phospholipids, sterols, sphingolipids, terpenes and others. In view of the fact that lipids comprise an extremely heterogeneous collection of molecules from a structural and functional standpoint, it is not surprising that there are significant differences with regard to the scope and organization of current classification schemes. 2.1. Classification, Ontology and Nomenclature In order to address the lack of a consistent classification and nomenclature methodology for lipids, LIPID MAPS consortium members have developed a comprehensive classification system for lipids.7 The consortium has taken a more chemistry-based approach and defines lipids as hydrophobic or amphipathic small molecules that may originate entirely or in part by carbanion based condensations of thioesters (such as fatty acids and polyketides) and/or by carbocation based condensations of isoprene units (such as prenols and sterols). Figure 2 shows the mechanisms of lipid biosynthesis.8 Based on this classification system, lipids have been divided into eight categories: Fatty acyls, Glycerolipids, Glycerophospholipids, Sphingolipids, Sterol lipids, Prenol lipids, Saccharolipids, and Polyketides. Each category is further divided into classes and subclasses. Additionally, following the existing rules and recommendations proposed by the International Union of Biochemistry and Applied Chemists and the International Union of Biochemistry and Molecular Biology (IUPAC-IUBMB) commission on Biochemical Nomenclature, a consistent nomenclature scheme has also been developed to provide systematic names for various classes and subclasses of lipids.7 Figure 2 Mechanisms of lipid biosynthesis. Biosynthesis of ketoacyl- and isoprene-containing lipids proceeds by carbanion and carbocation-mediated chain extension, respectively.8 All lipids in the LIPID MAPS Structure Database (LMSD) are classified and annotated using this comprehensive classification and nomenclature system developed by the LIPID MAPS consortium.",2011,10.1021/cr200295k,genomics;metabolomics;proteomics,False,True,False,,,,,,
semantic_scholar,layer_pair,ef0b9a4cb2642fdb311c35f3729b9919e100c692,Role of Phenylpropanoids and Flavonoids in Plant Defense Mechanism,"Phenylpropanoids and flavonoids are specialized metabolites that play a crucial role in plant defenses against biotic and abiotic stresses. Secondary metabolites in plants, such as phenylpropanoids, flavonoids, lignins, monolignols, phenolic acids, stilbenes and coumarins, play a significant role in biotic and abiotic stress responses and interactions with their environment. Under stress-free conditions, flavonoids influence pollen tube growth, seed maturation, dormancy, and the longevity of plant reproductive organs and seeds. Under adverse abiotic conditions, flavonoids can mediate defense responses, such as the accumulation of flavonoids in leaves and glandular trichomes. Metabolomics has identified specialized PPP metabolites correlated with plant resistance to fungi and oomycetes. However, the correlation can be in opposite directions depending on the pathogen and a systemic approach is required to achieve increased resistance without decreasing resistance to another pathogen. The PAL gene is located upstream in the PPP pathway and phenylpropanoids and flavonoids have antifungal activity against Fusarium oxysporum, Rhizoctonia solani and Alternaria alternata. Phenylpropanoids have been studied in vitro to develop biological alternatives to synthetic phytoprotectants but the host's defense system is the most effective mode of action. Post-inoculation transcriptomic shifts reveal that some genes encoding enzymes in the PPP are rapidly activated, while others are induced later in the infection response. Insects are the most problematic macroscopic pests on cultivated plants and plants' natural defense mechanisms against herbivores include releasing volatile organic compounds, attracting enemies and producing phenylpropanoids and flavonoids. Increasing the content of flavonoids in infested plants can reduce the population of insects that cause damage to plants and spread viruses. Plant-environment interaction, mediated by secondary metabolites like phenylpropanoids and flavonoids, leads to diversity in gene structures. Systemic biology approach will be realized through sequencing, structural elucidation, and analytical tools. Model plants and crops can be used for exploration.",2023,10.9734/ijecc/2023/v13i92534,metabolomics;transcriptomics,True,True,True,,,,,,
semantic_scholar,layer_pair,cfcde9fc2c393285b7b0d0b61433bfe371882328,Genomic Analyses of Clonal Isolates Provide Clues to the Evolution of Streptococcus pneumoniae,"The landmark paper recently published by Croucher et al. (2011) reports the draft genome sequencing of 240 Streptococcus pneumoniae isolates and demonstrates the power of comparative genomics in the epidemiological and phylogenetic analysis of bacterial pathogens. Until recently, the focus of bacterial genome projects has been individual strains or small numbers of clinical isolates. However, with the advent of next generation sequencing platforms such as Roche 454 and Illumina, bacterial genomes can be inexpensively and rapidly sequenced. The first large-scale genomic sequencing project to utilize these technologies for a similar purpose (also by the Bentley group) analyzed 63 clonally related methicillin-resistant Staphylococcus aureus isolates (Harris et al., 2010). Croucher et al. (2011) analyzed temporally and geographically diverse isolates of a single S. pneumoniae lineage, the multidrug resistant Spain 23F ST81 (PMEN1) pandemic clone, to provide insights into the microevolution of this important pathogen. Streptococcus pneumoniae is a major worldwide public health concern. It is responsible for an estimated 1.6 million deaths each year, half of which are children under the age of five (World Health Organization, 2003). Efforts to limit pneumococcal disease have focused primarily on antibiotic intervention and vaccination. However, after initial, and often dramatic, successes the effectiveness of these measures has consistently been overcome by the extremely adaptable and resilient pneumococcus. S. pneumoniae is naturally competent and readily incorporates DNA fragments derived from pneumococcal and non-pneumococcal bacterial species into its genome by homologous recombination. High levels of recombination have resulted in extreme diversity within pneumococcal populations from which variant genotypes can rapidly emerge in the presence of changing selective pressures. The primary pressures outside of natural immunity are antibiotics and pneumococcal conjugate polysaccharide vaccines. Resistant and multidrug resistant pneumococci have emerged since the late 1960s and now severely limit treatment options for pneumococcal diseases (Reinert, 2009). The incidences of invasive pneumococcal disease (IPD) and antibiotic resistant pneumococci decreased dramatically following the introduction of the heptavalent conjugate vaccine PCV7 in 2000 (Dagan, 2009). However, the incidence of IPD and resistance is again rising due to the emergence of multidrug resistant, non-vaccine “replacement” serotypes. Croucher et al. (2011) documented the “escape” of the PMEN1 clone from PCV7 by indentifying several independent horizontal transfer events that resulted in serotype switching of PMEN1 strains from vaccine serotype 23F to non-vaccine serotypes. This suggested strong selective pressures for capsule switch variants exerted by the PCV7-immunized human immune system. Evidence for the selective pressures exerted by antibiotics was also reported. Analysis of integrative and conjugative elements revealed rapid degeneration of such elements but with consistent retention of determinants of resistance to antibiotics commonly used in treatment of upper respiratory infections (e.g., β-lactams and macrolides). It should be expected that the pneumococcus will adapt quickly to new antibiotic pressures and vaccines such as the 13-valent PCV vaccine (PCV13) introduced in the United States early 2010. This emphasizes the importance of surveillance and epidemiology to track the emergence of new clones and variations. In addition to overcoming clinical interventions, the plasticity of the pneumococcal genome has confounded epidemiological analyses. Multilocus sequence typing (MLST) is currently the preferred method for comparing relatedness of isolates within a given bacterial species, and relies on sequence comparison of seven highly conserved alleles. However, the high rate of recombination in pneumococci greatly reduces the resolution of MLST-derived pneumococcal phylogenies due to horizontal acquisition of single nucleotide polymorphisms (SNPs) by recombination events involving MLST alleles. Croucher et al. (2011) avoided this problem by removing horizontally inherited sequences from the phylogenetic analyses. Recombination events were identified by comparison of each genome to a Spain 23F ST81 reference genome (ATCC 700669; Croucher et al., 2009). The phylogeny constructed using only vertically inherited SNPs proved to be a superior estimation of the evolution of the clone based on the correlation between the distance from the root of the tree and the date of isolation of each strain. By comparing the more accurate phylogeny to the dates and locations of isolation, the authors were able to pinpoint the likely origins of different clades and to discern information about the geographic spread of the clone. Future studies utilizing large-scale genomic comparison in S. pneumoniae will likely focus on the influence of antibiotic and vaccine pressures and on the evolution of pneumococcal populations. Whereas Croucher et al. (2011) utilized “deep” sequencing into a single lineage, “wide” genomic analysis of isolates that encompass entire pneumococcal populations will provide insights into the evolution and interactions of multiple lineages. In addition, it will elucidate the effects of localized factors such as host population genetic composition and confounding health and socioeconomic factors. In particular, it will clarify the effects of vaccine and antibiotic pressures on the population and identify candidate lineages for deep sequencing. Sequencing technologies have also enabled analysis of entire bacterial populations in individual niches, such as the Human Microbiome Project (HMP). The HMP attempts to elucidate the composition and role of the microbiota that inhabit the human body. Such studies in the nasopharynx will provide a better understanding of the role of pneumococcal carriage in invasive disease as well as inter- and intra-species horizontal gene transfer in S. pneumoniae. Similarly, study of the evolution of pneumococcal isolates within a single host will help define risks of acquired antibiotic resistance in the presence of antibiotic therapy and other interventions. Current and next generation technologies will be invaluable for epidemiologists and microbiologists studying non-pneumococcal pathogens, and commensals. Large-scale genomic analyses may lead to identification of novel therapeutic agents and new vaccine targets. Croucher et al. (2011) are one of the first groups to realize the full potential of the developments in DNA sequencing technologies that powered these large scale comparative genomic projects. This report signals the beginning of an era of discovery that will lead to comprehensive understanding of bacterial evolution, will revolutionize epidemiology, and allow the development of more effective and longer lasting strategies to treat infectious diseases.",2011,10.3389/fmicb.2011.00063,genomics;microbiomics,False,True,False,,,,,,
semantic_scholar,layer_pair,6b5d640d83f40caaebd21fe8cb956b9bb265d147,Multiomic Profiling of the Liver Across Diets and Age in a Diverse Mouse Population,"We profiled the liver transcriptome, proteome, and metabolome in 347 individuals from 58 isogenic strains of the BXD mouse population across age (7 to 24 months) and diet (low or high fat) to link molecular variations to metabolic traits. Several hundred genes are affected by diet and/or age at the transcript and protein levels. Orthologs of two aging-associated genes, St7 and Ctsd, were knocked down in C. elegans, reducing longevity in wildtype and mutant long-lived strains. The multiomics data were analyzed as segregating gene networks according to each independent variable, providing causal insight into dietary and aging effects. Candidates were cross-examined in an independent Diversity Outbred mouse liver dataset segregating for similar diets, with ~80–90% of diet-related candidate genes found in common across datasets. Together, we have developed a large multiomics resource for multivariate analysis of complex traits and demonstrate a methodology for moving from observational associations to causal connections.",2021,10.1016/j.cels.2021.09.005,metabolomics;proteomics;transcriptomics,True,True,True,,,,,,
semantic_scholar,layer_pair,e1391533a2f7ac1311eae717b33125b051d3f53c,Estrogenic Endocrine Disrupting Chemicals Influencing NRF1 Regulated Gene Networks in the Development of Complex Human Brain Diseases,"During the development of an individual from a single cell to prenatal stages to adolescence to adulthood and through the complete life span, humans are exposed to countless environmental and stochastic factors, including estrogenic endocrine disrupting chemicals. Brain cells and neural circuits are likely to be influenced by estrogenic endocrine disruptors (EEDs) because they strongly dependent on estrogens. In this review, we discuss both environmental, epidemiological, and experimental evidence on brain health with exposure to oral contraceptives, hormonal therapy, and EEDs such as bisphenol-A (BPA), polychlorinated biphenyls (PCBs), phthalates, and metalloestrogens, such as, arsenic, cadmium, and manganese. Also we discuss the brain health effects associated from exposure to EEDs including the promotion of neurodegeneration, protection against neurodegeneration, and involvement in various neurological deficits; changes in rearing behavior, locomotion, anxiety, learning difficulties, memory issues, and neuronal abnormalities. The effects of EEDs on the brain are varied during the entire life span and far-reaching with many different mechanisms. To understand endocrine disrupting chemicals mechanisms, we use bioinformatics, molecular, and epidemiologic approaches. Through those approaches, we learn how the effects of EEDs on the brain go beyond known mechanism to disrupt the circulatory and neural estrogen function and estrogen-mediated signaling. Effects on EEDs-modified estrogen and nuclear respiratory factor 1 (NRF1) signaling genes with exposure to natural estrogen, pharmacological estrogen-ethinyl estradiol, PCBs, phthalates, BPA, and metalloestrogens are presented here. Bioinformatics analysis of gene-EEDs interactions and brain disease associations identified hundreds of genes that were altered by exposure to estrogen, phthalate, PCBs, BPA or metalloestrogens. Many genes modified by EEDs are common targets of both 17 β-estradiol (E2) and NRF1. Some of these genes are involved with brain diseases, such as Alzheimer’s Disease (AD), Parkinson’s Disease, Huntington’s Disease, Amyotrophic Lateral Sclerosis, Autism Spectrum Disorder, and Brain Neoplasms. For example, the search of enriched pathways showed that top ten E2 interacting genes in AD—APOE, APP, ATP5A1, CALM1, CASP3, GSK3B, IL1B, MAPT, PSEN2 and TNF—underlie the enrichment of the Kyoto Encyclopedia of Genes and Genomes (KEGG) AD pathway. With AD, the six E2-responsive genes are NRF1 target genes: APBB2, DPYSL2, EIF2S1, ENO1, MAPT, and PAXIP1. These genes are also responsive to the following EEDs: ethinyl estradiol (APBB2, DPYSL2, EIF2S1, ENO1, MAPT, and PAXIP1), BPA (APBB2, EIF2S1, ENO1, MAPT, and PAXIP1), dibutyl phthalate (DPYSL2, EIF2S1, and ENO1), diethylhexyl phthalate (DPYSL2 and MAPT). To validate findings from Comparative Toxicogenomics Database (CTD) curated data, we used Bayesian network (BN) analysis on microarray data of AD patients. We observed that both gender and NRF1 were associated with AD. The female NRF1 gene network is completely different from male human AD patients. AD-associated NRF1 target genes—APLP1, APP, GRIN1, GRIN2B, MAPT, PSEN2, PEN2, and IDE—are also regulated by E2. NRF1 regulates targets genes with diverse functions, including cell growth, apoptosis/autophagy, mitochondrial biogenesis, genomic instability, neurogenesis, neuroplasticity, synaptogenesis, and senescence. By activating or repressing the genes involved in cell proliferation, growth suppression, DNA damage/repair, apoptosis/autophagy, angiogenesis, estrogen signaling, neurogenesis, synaptogenesis, and senescence, and inducing a wide range of DNA damage, genomic instability and DNA methylation and transcriptional repression, NRF1 may act as a major regulator of EEDs-induced brain health deficits. In summary, estrogenic endocrine disrupting chemicals-modified genes in brain health deficits are part of both estrogen and NRF1 signaling pathways. Our findings suggest that in addition to estrogen signaling, EEDs influencing NRF1 regulated communities of genes across genomic and epigenomic multiple networks may contribute in the development of complex chronic human brain health disorders.",2016,10.3390/ijms17122086,epigenomics;genomics,True,True,True,,,,,,
semantic_scholar,layer_pair,a6cc93daa99d69685fd104d250240b7dbfddabaa,The Application of Proteomics and Genomics to the Study of Age-Related Neurodegeneration and Neuroprotection,,2006,10.1089/ars.2007.9.169,genomics;proteomics,False,False,False,,,,,,
semantic_scholar,layer_pair,181d24ec13bae0e20d9dbfd874bf858526f460d0,"Phase II Trial of the Combination of Ixazomib, Lenalidomide, and Dexamethasone in High-Risk Smoldering Multiple Myeloma","Background. This study aimed to determine the progression-free survival and response rate using early therapeutic intervention in patients with high-risk smoldering multiple myeloma (SMM) using the combination of ixazomib, lenalidomide, and dexamethasone. Methods. Patients enrolled on study met eligibility for high-risk SMM based on the newly defined criteria proposed by Rajkumar et al., Blood 2014. The treatment plan was designed to be administered on an outpatient basis where patients receive 9 cycles of induction therapy of ixazomib (4mg) at days 1, 8, and 15, in combination with lenalidomide (25mg) at days 1-21 and Dexamethasone at days 1, 8, 15, and 22. This induction phase is followed by ixazomib (4mg) and lenalidomide (15mg) maintenance for another 15 cycles. A treatment cycle is defined as 28 consecutive days, and therapy is administered for a total of 24 cycles total. Bone marrow samples from all patients were obtained before starting therapy for baseline assessment, whole exome sequencing (WES), and RNA sequencing of plasma and bone marrow microenvironment cells. Moreover, blood samples were obtained at screening and before each cycle to isolate cell-free DNA (cfDNA) and circulating tumor cells (CTCs). Stem cell collection is planned for all eligible patients. Results. In total, 26 of the planned 56 patients were enrolled in this study from February 2017 to April 2018. The median age of the patients enrolled was 63 years (range, 41 to 73) with 12 males (46.2%). Interphase fluorescence in situ hybridization (iFISH) was successful in 18 patients. High-risk cytogenetics (defined as the presence of t(4;14), 17p deletion, and 1q gain) were found in 11 patients (61.1%). The median number of cycles completed was 8 cycles (3-15). The most common toxicities were fatigue (69.6%), followed by rash (56.5%), and neutropenia (56.5%). The most common grade 3 adverse events were hypophosphatemia (13%), leukopenia (13%), and neutropenia (8.7%). One patient had grade 4 neutropenia during treatment. Additionally, grade 4 hyperglycemia occurred in another patient. As of this abstract date, the overall response rate (partial response or better) in participants who had at least 3 cycles of treatment was 89% (23/26), with 5 Complete Responses (CR, 19.2%), 9 very good partial responses (VGPR, 34.6%), 9 partial responses (34.6%), and 3 Minimal Responses (MR, 11.5%). None of the patients have shown progression to overt MM to date. Correlative studies including WES of plasma cells and single-cell RNA sequencing of the bone microenvironment cells are ongoing to identify the genomic and transcriptomic predictors for the differential response to therapy as well as for disease evolution. Furthermore, we are analyzing the cfDNA and CTCs of the patients at different time points to investigate their use in monitoring minimal residual disease and disease progression. Conclusion. The combination of ixazomib, lenalidomide, and dexamethasone is an effective and well-tolerated intervention in high-risk smoldering myeloma. The high response rate, convenient schedule with minimal toxicity observed to date are promising in this patient population at high risk of progression to symptomatic disease. Further studies and longer follow up for disease progression are warranted. Bustoros: Dava Oncology: Honoraria. Munshi:OncoPep: Other: Board of director. Anderson:C4 Therapeutics: Equity Ownership; Celgene: Consultancy; Bristol Myers Squibb: Consultancy; Takeda Millennium: Consultancy; Gilead: Membership on an entity's Board of Directors or advisory committees; Oncopep: Equity Ownership. Richardson:Celgene: Membership on an entity's Board of Directors or advisory committees, Research Funding; Oncopeptides: Membership on an entity's Board of Directors or advisory committees; Karyopharm: Membership on an entity's Board of Directors or advisory committees; Jazz Pharmaceuticals: Membership on an entity's Board of Directors or advisory committees, Research Funding; Amgen: Membership on an entity's Board of Directors or advisory committees; BMS: Research Funding; Janssen: Membership on an entity's Board of Directors or advisory committees; Takeda: Membership on an entity's Board of Directors or advisory committees, Research Funding. Ghobrial:Celgene: Consultancy; Takeda: Consultancy; Janssen: Consultancy; BMS: Consultancy.",2018,10.1182/blood-2018-99-117871,genomics;transcriptomics,False,True,False,,,,,,
semantic_scholar,layer_pair,3eea5e88e17082e0862ecd28c6b0f3a851685300,meGPS: a multi-omics signature for hepatocellular carcinoma detection integrating methylome and transcriptome data,"MOTIVATION Hepatocellular carcinoma (HCC) is a primary malignancy with poor prognosis. Recently, multi-omics molecular-level measurement enables HCC diagnosis and prognosis prediction, which is crucial for early intervention of personalized therapy to diminish mortality. Here, we introduce a novel strategy utilizing DNA methylation and RNA expression data to achieve a multi-omics gene pair signature (GPS) for HCC discrimination. RESULTS The immune genes with negative correlations between expression and promoter methylation are enriched in the highly connected cancer-related pathway network, which are considered as the candidates for HCC detection. After that, we separately construct a methylation GPS (mGPS) and an expression GPS (eGPS), and then assemble them as a meGPS with five gene pairs, in which the significant methylation and expression changes occur between HCC tumor and non-tumor groups. Reliable performance has been validated by independent tissue (age, gender, and etiology) and blood datasets. This study proposes a procedure for multi-omics GPS identification and develops a novel HCC signature using both methylome and transcriptome data, suggesting potential molecular targets for the detection and therapy of HCC. AVAILABILITY AND IMPLEMENTATION Models are available at https://github.com/bioinformaticStudy/meGPS.git. SUPPLEMENTARY INFORMATION Supplementary data are available at Bioinformatics online.",2022,10.1093/bioinformatics/btac379,epigenomics;transcriptomics,False,True,False,,,,,,
semantic_scholar,layer_pair,e450d50e72157c585af1f5cd7255e8cdb05ce146,Germ-free mice exhibit profound gut microbiota-dependent alterations of intestinal endocannabinoidome signaling[S],"The gut microbiota is a unique ecosystem of microorganisms interacting with the host through several biochemical mechanisms. The endocannabinoidome (eCBome), a complex signaling system including the endocannabinoid system, approximately 50 receptors and metabolic enzymes, and more than 20 lipid mediators with important physiopathologic functions, modulates gastrointestinal tract function and may mediate host cell-microbe communications there. Germ-free (GF) mice, which lack an intestinal microbiome and so differ drastically from conventionally raised (CR) mice, offer a unique opportunity to explore the eCBome in a microbe-free model and in the presence of a reintroduced functional gut microbiome through fecal microbiota transplant (FMT). We aimed to gain direct evidence for a link between the microbiome and eCBome systems by investigating eCBome alterations in the gut in GF mice before and after FMT. Basal eCBome gene expression and lipid profiles were measured in various segments of the intestine of GF and CR mice at juvenile and adult ages using targeted quantitative PCR transcriptomics and LC-MS/MS lipidomics. GF mice exhibited age-dependent modifications in intestinal eCBome gene expression and lipid mediator levels. FMT from CR donor mice to age-matched GF male mice reversed several of these alterations, particularly in the ileum and jejunum, after only 1 week, demonstrating that the gut microbiome directly impacts the host eCBome and providing a cause-effect relationship between the presence or absence of intestinal microbes and eCBome signaling. These results open the way to new studies investigating the mechanisms through which intestinal microorganisms exploit eCBome signaling to exert some of their physiopathologic functions.",2019,10.1194/jlr.ra119000424,metabolomics;microbiomics;transcriptomics,False,True,False,,,,,,
semantic_scholar,layer_pair,49bd1fdb364a2b0d92e182128e1f2b316ef1b6bb,Age-related differences in immune dynamics during SARS-CoV-2 infection in rhesus macaques,"Increased age is a risk factor for severe COVID-19. Multi-omics profiling in rhesus macaques suggests that aging may delay or impair cellular immune responses and the return to immune homeostasis. Advanced age is a key predictor of severe COVID-19. To gain insight into this relationship, we used the rhesus macaque model of SARS-CoV-2 infection. Eight older and eight younger macaques were inoculated with SARS-CoV-2. Animals were evaluated using viral RNA quantification, clinical observations, thoracic radiographs, single-cell transcriptomics, multiparameter flow cytometry, multiplex immunohistochemistry, cytokine detection, and lipidomics analysis at predefined time points in various tissues. Differences in clinical signs, pulmonary infiltrates, and virus replication were limited. Transcriptional signatures of inflammation-associated genes in bronchoalveolar lavage fluid at 3 dpi revealed efficient mounting of innate immune defenses in both cohorts. However, age-specific divergence of immune responses emerged during the post-acute phase. Older animals exhibited sustained local inflammatory innate responses, whereas local effector T-cell responses were induced earlier in the younger animals. Circulating lipid mediator and cytokine levels highlighted increased repair-associated signals in the younger animals, and persistent pro-inflammatory responses in the older animals. In summary, despite similar disease outcomes, multi-omics profiling suggests that age may delay or impair antiviral cellular immune responses and delay efficient return to immune homeostasis.",2021,10.26508/lsa.202101314,metabolomics;transcriptomics,True,False,False,,,,,,
semantic_scholar,layer_pair,29deacc1fec0c51bef06b228b7c73e2bf09068c1,Sex-specific physiology and cardiovascular disease,"Sex differences in cardiovascular diseases can be classified as those which are specific to one sex and those that differ in incidence, prevalence, etiology, symptomatology, response to treatment, morbidity and mortality in one sex compared to the other. All sex differences in cardiovascular conditions have their basis in the combined expression of genetic and hormonal differences between women and men. This chapter addresses how advances in understanding basic mechanisms of hormone responses, imaging diagnostics, integration of genomics and proteomics have advanced diagnosis and improved outcomes for cardiovascular conditions, apart from those related to pregnancy, that are more prevalent in women. These conditions include occlusive and non-occlusive coronary artery disease, microvascular nonocclusive ischemic disease, spontaneous coronary artery dissection, diseases of the cardiac muscle including heart failure and takotsubo cardiomyopathy, and conditions related to neurovascular dysregulation including hot flashes and night sweats associated with menopause and effects of exogenous hormones on vascular function. Improvement in technologies allowing for noninvasive assessment of neuronally mediated vascular reactivity will further improve our understanding of the basic etiology of the neurovascular disorders. Consideration of sex, hormonal status, and pregnancy history in diagnosis and treatment protocols will improve prevention and outcomes of cardiovascular disease in women as they age.",2018,10.1007/978-3-319-77932-4_27,genomics;proteomics,False,True,False,,,,,,
semantic_scholar,layer_pair,87e842d4a329ba8532ff8921641e7da986778dbe,Multivariate genome-wide analysis of aging-related traits identifies novel loci and new drug targets for healthy aging,"The concept of aging is complex, including many related phenotypes such as healthspan, lifespan, extreme longevity, frailty and epigenetic aging, suggesting shared biological underpinnings; however, aging-related endpoints have been primarily assessed individually. Using data from these traits and multivariate genome-wide association study methods, we modeled their underlying genetic factor (‘mvAge’). mvAge (effective n = ~1.9 million participants of European ancestry) identified 52 independent variants in 38 genomic loci. Twenty variants were novel (not reported in input genome-wide association studies). Transcriptomic imputation identified age-relevant genes, including VEGFA and PHB1. Drug-target Mendelian randomization with metformin target genes showed a beneficial impact on mvAge (P value = 8.41 × 10−5). Similarly, genetically proxied thiazolidinediones (P value = 3.50 × 10−10), proprotein convertase subtilisin/kexin 9 inhibition (P value = 1.62 × 10−6), angiopoietin-like protein 4, beta blockers and calcium channel blockers also had beneficial Mendelian randomization estimates. Extending the drug-target Mendelian randomization framework to 3,947 protein-coding genes prioritized 122 targets. Together, these findings will inform future studies aimed at improving healthy aging. Using a multivariate genome-wide association study approach, the authors identified 52 genetic variants associated with aging-related traits, many of which are promising cardiometabolic targets that could promote healthy aging and inform future interventions.",2023,10.1038/s43587-023-00455-5,genomics;transcriptomics,True,True,True,,,,,,
semantic_scholar,layer_pair,5bd830473816b6b33ca8f47242451f15e94bc487,Individuality and ethnicity eclipse a short-term dietary intervention in shaping microbiomes and viromes,"Many diseases linked with ethnic health disparities associate with changes in microbial communities in the United States, but the causes and persistence of ethnicity-associated microbiome variation are not understood. For instance, microbiome studies that strictly control for diet across ethnically diverse populations are lacking. Here, we performed multiomic profiling over a 9-day period that included a 4-day controlled vegetarian diet intervention in a defined geographic location across 36 healthy Black and White females of similar age, weight, habitual diets, and health status. We demonstrate that individuality and ethnicity account for roughly 70% to 88% and 2% to 10% of taxonomic variation, respectively, eclipsing the effects a short-term diet intervention in shaping gut and oral microbiomes and gut viromes. Persistent variation between ethnicities occurs for microbial and viral taxa and various metagenomic functions, including several gut KEGG orthologs, oral carbohydrate active enzyme categories, cluster of orthologous groups of proteins, and antibiotic-resistant gene categories. In contrast to the gut and oral microbiome data, the urine and plasma metabolites tend to decouple from ethnicity and more strongly associate with diet. These longitudinal, multiomic profiles paired with a dietary intervention illuminate previously unrecognized associations of ethnicity with metagenomic and viromic features across body sites and cohorts within a single geographic location, highlighting the importance of accounting for human microbiome variation in research, health determinants, and eventual therapies. Trial Registration: ClinicalTrials.gov ClinicalTrials.gov Identifier: NCT03314194.",2022,10.1371/journal.pbio.3001758,metabolomics;microbiomics,False,True,False,,,,,,
semantic_scholar,layer_pair,c832d48c97c7636ee5673376010f258aa0d72da5,Cellular senescence in progenitor cells contributes to diminished remyelination potential in progressive multiple sclerosis,"Significance We identify cellular senescence occurring in neural progenitor cells (NPCs) from primary progressive multiple sclerosis (PPMS). In this study, senescent progenitor cells were identified within demyelinated white matter lesions in progressive MS (PMS) autopsy tissue, and induced pluripotent stem-derived NPCs from patients with PPMS were found to express cellular senescence markers compared with age-matched control NPCs. Reversal of this cellular senescence phenotype, by treatment with rapamycin, restored PPMS NPC-mediated support for oligodendrocyte (OL) maturation. Proteomic and histological analyses identify senescent progenitor cells in PMS as a source of high-mobility group box-1, which limits maturation and promotes transcriptomic changes in OLs. These findings provide evidence that cellular senescence is an active process in PMS that may contribute to limited remyelination in disease. Cellular senescence is a form of adaptive cellular physiology associated with aging. Cellular senescence causes a proinflammatory cellular phenotype that impairs tissue regeneration, has been linked to stress, and is implicated in several human neurodegenerative diseases. We had previously determined that neural progenitor cells (NPCs) derived from induced pluripotent stem cell (iPSC) lines from patients with primary progressive multiple sclerosis (PPMS) failed to promote oligodendrocyte progenitor cell (OPC) maturation, whereas NPCs from age-matched control cell lines did so efficiently. Herein, we report that expression of hallmarks of cellular senescence were identified in SOX2+ progenitor cells within white matter lesions of human progressive MS (PMS) autopsy brain tissues and iPS-derived NPCs from patients with PPMS. Expression of cellular senescence genes in PPMS NPCs was found to be reversible by treatment with rapamycin, which then enhanced PPMS NPC support for oligodendrocyte (OL) differentiation. A proteomic analysis of the PPMS NPC secretome identified high-mobility group box-1 (HMGB1), which was found to be a senescence-associated inhibitor of OL differentiation. Transcriptome analysis of OPCs revealed that senescent NPCs induced expression of epigenetic regulators mediated by extracellular HMGB1. Lastly, we determined that progenitor cells are a source of elevated HMGB1 in human white matter lesions. Based on these data, we conclude that cellular senescence contributes to altered progenitor cell functions in demyelinated lesions in MS. Moreover, these data implicate cellular aging and senescence as a process that contributes to remyelination failure in PMS, which may impact how this disease is modeled and inform development of future myelin regeneration strategies.",2019,10.1073/pnas.1818348116,proteomics;transcriptomics,True,True,True,,,,,,
semantic_scholar,layer_pair,4ce7309f83fad975a971f38e137f6d459b37ef03,Single-cell genomics and regulatory networks for 388 human brains,"Single-cell genomics is a powerful tool for studying heterogeneous tissues such as the brain. Yet little is understood about how genetic variants influence cell-level gene expression. Addressing this, we uniformly processed single-nuclei, multiomics datasets into a resource comprising >2.8 million nuclei from the prefrontal cortex across 388 individuals. For 28 cell types, we assessed population-level variation in expression and chromatin across gene families and drug targets. We identified >550,000 cell type–specific regulatory elements and >1.4 million single-cell expression quantitative trait loci, which we used to build cell-type regulatory and cell-to-cell communication networks. These networks manifest cellular changes in aging and neuropsychiatric disorders. We further constructed an integrative model accurately imputing single-cell expression and simulating perturbations; the model prioritized ~250 disease-risk genes and drug targets with associated cell types. INTRODUCTION Single-cell genomics offers a powerful method to understand how variants influence gene expression, especially across the numerous cell types in the human brain. Moreover, it can potentially refine our understanding of the regulatory mechanisms underlying brain-related traits. However, population-scale cohorts with a wide range of brain phenotypes are needed to infer key associations among variants and to develop models of regulation at the single-cell scale. RATIONALE To address this, the PsychENCODE Consortium performed many single-cell experiments [single-nucleus RNA sequencing (snRNA-seq), snATAC-seq (ATAC, assay for transposase-accessible chromatin), and snMultiome plus genotyping] and computational analyses on prefrontal-cortex samples of adults with a range of brain-related disorders such as schizophrenia, autism spectrum disorder, bipolar disorder, and Alzheimer’s disease, as well as controls. RESULTS We developed a uniformly processed resource comprising >2.8 million nuclei from 388 individuals (brainscope.psychencode.org). The resource is based on harmonized cell typing, with 28 neuronal and non-neuronal cell types (registered against BICCN). Partitioning the expression variation within these types revealed higher cell-type variability than interindividual variability; this pattern was amplified in neurotransmitter and neurorelated drug-target genes such as CNR1. Integration of expression and genotype data revealed >1.4 million single-cell expression quantitative trait loci (eQTLs), many of which were not seen in bulk gene-expression datasets and a subset of which involved variants related to brain disorders. Moreover, we found that expression patterns across cell types recapitulated the spatial relationships of excitatory neurons across cortical layers and enabled the identification of “dynamic eQTLs,” with smooth changes in regulatory effect across cortical layers. The chromatin datasets in the resource allowed for identification of >550,000 single-cell cis-regulatory elements, which were enriched at loci linked to brain-related traits. Combining expression, chromatin, and eQTL datasets, we built cell type–specific gene regulatory networks. In these, information-flow bottleneck genes tended to be specific to particular cell types, in contrast to hubs. We also developed cell-to-cell communication networks, which highlighted differences in signaling pathways in disorders, including altered Wnt signaling in schizophrenia and bipolar disorder. We developed an integrative deep-learning model with embedded layers for genotypes, eQTLs, and regulatory and cell-to-cell communications networks. The model allowed for accurate imputation of cell type–specific expression and phenotype from genotype. It prioritized >250 risk genes and drug targets for brain-related disorders along with associated cell types. Simulated perturbation of individual genes led to predicted expression changes mirroring those for disease cases, suggesting drug targets. Lastly, we constructed predictive models for aging and Alzheimer’s disease, showing, for instance, that expression and chromatin in specific neurons were highly predictive of an individual’s age. CONCLUSION Our population-scale single-cell resource for the human brain can help facilitate precision-medicine approaches for neuropsychiatric disorders, especially by prioritizing follow-up genes and drug targets linked to cell types. brainSCOPE resource. snRNA-seq and snATAC-seq from 388 individuals allowed assessment of regulatory elements (scCREs), single-cell eQTLs (scQTLs), and gene regulatory networks across cell types. These were integrated into a model (LNCTP, Linear Network of Cell Type Phenotypes) to predict phenotypes and prioritize genes and cell types.",2024,10.1126/science.adi5199,epigenomics;genomics;transcriptomics,True,True,True,,,,,,
semantic_scholar,layer_pair,735c23e336f7ac08d4a8f473398ec6ad6b66f70a,Muribaculaceae Genomes Assembled from Metagenomes Suggest Genetic Drivers of Differential Response to Acarbose Treatment in Mice,"The drug acarbose is used to treat diabetes by preventing the breakdown of starch in the small intestine, resulting in dramatic changes in the abundance of some members of the gut microbiome and its fermentation products. In mice, several of the bacteria that respond most positively are classified in the family Muribaculaceae, members of which produce propionate as a primary fermentation product. ABSTRACT The drug acarbose is used to treat diabetes and, by inhibiting α-amylase in the small intestine, increases the amount of starch entering the lower digestive tract. This results in changes to the composition of the microbiota and their fermentation products. Acarbose also increases longevity in mice, an effect that has been correlated with increased production of the short-chain fatty acids propionate and butyrate. In experiments replicated across three study sites, two distantly related species in the bacterial family Muribaculaceae were dramatically more abundant in acarbose-treated mice, distinguishing these responders from other members of the family. Bacteria in the family Muribaculaceae are predicted to produce propionate as a fermentation end product and are abundant and diverse in the guts of mice, although few isolates are available. We reconstructed genomes from metagenomes (MAGs) for nine populations of Muribaculaceae to examine factors that distinguish species that respond positively to acarbose. We found two closely related MAGs (B1A and B1B) from one responsive species that both contain a polysaccharide utilization locus with a predicted extracellular α-amylase. These genomes also shared a periplasmic neopullulanase with another, distantly related MAG (B2) representative of the only other responsive species. This gene differentiated these three MAGs from MAGs representative of nonresponding species. Differential gene content in B1A and B1B may be associated with the inconsistent response of this species to acarbose across study sites. This work demonstrates the utility of culture-free genomics for inferring the ecological roles of gut bacteria, including their response to pharmaceutical perturbations. IMPORTANCE The drug acarbose is used to treat diabetes by preventing the breakdown of starch in the small intestine, resulting in dramatic changes in the abundance of some members of the gut microbiome and its fermentation products. In mice, several of the bacteria that respond most positively are classified in the family Muribaculaceae, members of which produce propionate as a primary fermentation product. Propionate has been associated with gut health and increased longevity in mice. We found that genomes of the most responsive Muribaculaceae showed signs of specialization for starch fermentation, presumably providing them a competitive advantage in the large intestine of animals consuming acarbose. Comparisons among genomes enhance existing models for the ecological niches occupied by members of this family. In addition, genes encoding one type of enzyme known to participate in starch breakdown were found in all three genomes from responding species but none of the other genomes.",2020,10.1128/msphere.00851-21,genomics;microbiomics,True,True,True,,,,,,
semantic_scholar,layer_pair,7b9da3028d9ba86e50c6b6484e857fa791ef61c2,Metagenomic and Transcriptomic Analyses Reveal the Differences and Associations Between the Gut Microbiome and Muscular Genes in Angus and Chinese Simmental Cattle,"Gut microbiome and heredity are two important factors affecting the intramuscular fat (IMF) of cattle, excluding age, sex, and nutrition. This study aimed at deciphering these two differences by analyzing the gut microbiome and intramuscular differentially expressed genes (DEGs) in the Angus and Chinese Simmental cattle. Feces and longissimus dorsi were collected from the two groups of animals (n = 20/group) for multiomics analysis. Angus holds a significantly higher diversity than Chinese Simmental, and the relative abundance of Roseburia, Prevotella, Coprococcus, etc., was obviously higher in Angus. Chinese Simmental had higher levels of isobutyrate, isovalerate, and valerate, although similar levels of acetate, propionate, and butyrate were observed for the two groups. The DEGs upregulated in Chinese Simmental were mainly involved in immune and inflammatory responses, while those in Angus were associated with the regulation of muscle system and myofibril. We finally identified 17 species, including Eubacterium rectale, etc., which were positively correlated to muscle and fat metabolism genes (MSTN, MYLPF, TNNT3, and FABP3/4) and illustrate the associations between them. Our study unveils the gut microbial differences and significant DEGs as well as their associations between the two breeds, providing valuable guidance for future mechanism research and development of intervention strategies to improve meat quality.",2022,10.3389/fmicb.2022.815915,microbiomics;transcriptomics,False,True,False,,,,,,
semantic_scholar,layer_pair,70322cf86ed54234d62668557b874be9548f58f1,Transcriptomic analyses of the radiation response in head and neck squamous cell carcinoma subclones with different radiation sensitivity: time-course gene expression profiles and gene association networks,"Acquired and inherent radioresistance of tumor cells is related to tumor relapse and poor prognosis – not only in head and neck squamous cell carcinoma (HNSCC). The underlying molecular mechanisms are largely unknown. Therefore, systemic in-depth analyses are needed to identify key regulators of radioresistance. In the present study, subclones of the CAL-33 HNSCC cell line with different radiosensitivity were analyzed to identify signaling pathways related to the different phenotypes. Subclones with altered radiosensitivity were generated by fractionated irradiation of the parental CAL-33 cells. Differences in radiosensitivity were confirmed in colony formation assays. Selected subclones were characterized at the genomic and transcriptomic level by SKY, array CGH, and mRNA-microarray analyses. Time-course gene expression analyses upon irradiation using a natural cubic spline regression model identified temporally differentially expressed genes. Moreover, early and late responding genes were identified. Gene association networks were reconstructed using partial correlation. The Reactome pathway database was employed to conduct pathway enrichment analyses. The characterization of two subclones with enhanced radiation resistance (RP) and enhanced radiosensitivity (SP) revealed distinct genomic and transcriptomic changes compared to the parental cells. Differentially expressed genes after irradiation shared by both subclones pointed to important pathways of the early and late radiation response, including senescence, apoptosis, DNA repair, Wnt, PI3K/AKT, and Rho GTPase signaling. The analysis of the most important nodes of the gene association networks revealed pathways specific to the radiation response in different phenotypes of radiosensitivity. Exemplarily, for the RP subclone the senescence-associated secretory phenotype (SASP) together with GPCR ligand binding were considered as crucial. Also, the expression of endogenous retrovirus ERV3-1in response to irradiation has been observed, and the related gene association networks have been identified. Our study presents comprehensive gene expression data of CAL-33 subclones with different radiation sensitivity. The resulting networks and pathways associated with the resistant phenotype are of special interest and include the SASP. The radiation-associated expression of ERV3-1 also appears highly attractive for further studies of the molecular mechanisms underlying acquired radioresistance. The identified pathways may represent key players of radioresistance, which could serve as potential targets for molecularly designed, therapeutical intervention.",2016,10.1186/s13014-016-0672-0,genomics;transcriptomics,False,True,False,,,,,,
semantic_scholar,layer_pair,a9a30cb47b59249de6fc18047897748b422bf183,MAPK-pathway inhibition mediates inflammatory reprogramming and sensitizes tumors to targeted activation of innate immunity sensor RIG-I,"Kinase inhibitors suppress the growth of oncogene driven cancer but also enforce the selection of treatment resistant cells that are thought to promote tumor relapse in patients. Here, we report transcriptomic and functional genomics analyses of cells and tumors within their microenvironment across different genotypes that persist during kinase inhibitor treatment. We uncover a conserved, MAPK/IRF1-mediated inflammatory response in tumors that undergo stemness- and senescence-associated reprogramming. In these tumor cells, activation of the innate immunity sensor RIG-I via its agonist IVT4, triggers an interferon and a pro-apoptotic response that synergize with concomitant kinase inhibition. In humanized lung cancer xenografts and a syngeneic Egfr-driven lung cancer model these effects translate into reduction of exhausted CD8+ T cells and robust tumor shrinkage. Overall, the mechanistic understanding of MAPK/IRF1-mediated intratumoral reprogramming may ultimately prolong the efficacy of targeted drugs in genetically defined cancer patients. Kinase inhibitors are widely used to treat cancer, however patients frequently develop resistance. Here, the authors investigate adaption mechanisms during drug persistence and show that stimulation of the innate immunity sensor RIG-I enhances cancer cell death when combined with kinase inhibition.",2021,10.1038/s41467-021-25728-8,genomics;transcriptomics,False,True,False,,,,,,
semantic_scholar,layer_pair,bb66742f17c6b36c4c6dc8aec4707561bb28a7b9,Host and environmental factors influencing individual human cytokine responses,"Summary Differences in susceptibility to immune-mediated diseases are determined by variability in immune responses. In three studies within the Human Functional Genomics Project we assessed the effect of environmental and non-genetic host factors, of the genetic make-up of the host, and of the intestinal microbiome, on the cytokine responses in humans. We analyzed the association of these factors with circulating mediators and with six cytokines after stimulation with 19 bacterial, fungal, viral and non-microbial metabolic stimuli in 534 healthy subjects. In this first study we show a strong impact of non-genetic host factors (e.g. age and gender) on cytokine production and circulating mediators. Additionally, annual seasonality is found to be an important environmental factor influencing cytokine production. Alpha-1-antitrypsin concentrations partially mediate the seasonality of cytokine responses, whereas the effect of vitamin D levels is limited. The complete dataset has been made publicly available as a comprehensive resource for future studies.",2016,10.1016/j.cell.2016.10.018,genomics;microbiomics,False,True,False,,,,,,
semantic_scholar,layer_pair,9623df577e526409904ce39848a70af14e309a8f,Association between Organophosphate Ester Exposure and Insulin Resistance with Glycometabolic Disorders among Older Chinese Adults 60–69 Years of Age: Evidence from the China BAPE Study,"Background: Organophosphate esters (OPEs) are common endocrine-disrupting chemicals, and OPE exposure may be associated with type 2 diabetes (T2D). However, greater knowledge regarding the biomolecular intermediators underlying the impact of OPEs on T2D in humans are needed to understand biological etiology. Objectives: We explored the associations between OPE exposure and glycometabolic markers among older Chinese adults 60–69 years of age to elucidate the underlying mechanisms using a multi-omics approach. Methods: This was a longitudinal panel study comprising 76 healthy participants 60–69 years of age who lived in Jinan city of northern China. The study was conducted once every month for 5 months, from September 2018 to January 2019. We measured a total of 17 OPEs in the blood, 11 OPE metabolites in urine, and 4 glycometabolic markers (fasting plasma glucose, glycated serum protein, fasting insulin, and homeostatic model assessment for insulin resistance). The blood transcriptome and serum/urine metabolome were also evaluated. The associations between individual OPEs and glycometabolic markers were explored. An adverse outcome pathway (AOP) was established to determine the biomolecules mediating the associations. Results: Exposure to five OPEs and OPE metabolites (trimethylolpropane phosphate, triphenyl phosphate, tri-iso-butyl phosphate, dibutyl phosphate, and diphenyl phosphate) was associated with increased levels of glycometabolic markers. The mixture effect analysis further indicated the adverse effect of OPE mixtures. Multi-omics analyses revealed that the endogenous changes in the transcriptional and metabolic levels were associated with OPE exposure. The putative AOPs model suggested that triggers of molecular initiation events (e.g., insulin receptor and glucose transporter type 4) with subsequent key events, including disruptions in signal transduction pathways (e.g., phosphatidylinositol 3-kinase/protein kinase B and insulin secretion signaling) and biological functions (glucose uptake and insulin secretion), may constitute the diabetogenic effects of OPEs. Discussion: OPEs are associated with the elevated risk of T2D among older Chinese adults 60–69 years of age. Implementing OPE exposure reduction strategies may help reduce the T2D burden among these individuals, if the relationship is causal. https://doi.org/10.1289/EHP11896",2023,10.1289/ehp11896,metabolomics;transcriptomics,False,True,False,,,,,,
semantic_scholar,layer_pair,948de76e1500c9990719d496fa9b7d1f118cd0b5,Fine-tuning autophagy maximises lifespan and is associated with changes in mitochondrial gene expression in Drosophila,"Increased cellular degradation by autophagy is a feature of many interventions that delay ageing. We report here that increased autophagy is necessary for reduced insulin-like signalling (IIS) to extend lifespan in Drosophila and is sufficient on its own to increase lifespan. We first established that the well-characterised lifespan extension associated with deletion of the insulin receptor substrate chico was completely abrogated by downregulation of the essential autophagy gene Atg5. We next directly induced autophagy by over-expressing the major autophagy kinase Atg1 and found that a mild increase in autophagy extended lifespan. Interestingly, strong Atg1 up-regulation was detrimental to lifespan. Transcriptomic and metabolomic approaches identified specific signatures mediated by varying levels of autophagy in flies. Transcriptional upregulation of mitochondrial-related genes was the signature most specifically associated with mild Atg1 upregulation and extended lifespan, whereas short-lived flies, possessing strong Atg1 overexpression, showed reduced mitochondrial metabolism and up-regulated immune system pathways. Increased proteasomal activity and reduced triacylglycerol levels were features shared by both moderate and high Atg1 overexpression conditions. These contrasting effects of autophagy on ageing and differential metabolic profiles highlight the importance of fine-tuning autophagy levels to achieve optimal healthspan and disease prevention.",2020,10.1371/journal.pgen.1009083,metabolomics;transcriptomics,True,True,True,,,,,,
semantic_scholar,layer_pair,1feab3e5def971e4497ddae6eb548d3b696e4b5b,Integrated expression analysis of muscle hypertrophy identifies Asb2 as a negative regulator of muscle mass,"The transforming growth factor-β (TGF-β) signaling network is a critical regulator of skeletal muscle mass and function and, thus, is an attractive therapeutic target for combating muscle disease, but the underlying mechanisms of action remain undetermined. We report that follistatin-based interventions (which modulate TGF-β network activity) can promote muscle hypertrophy that ameliorates aging-associated muscle wasting. However, the muscles of old sarcopenic mice demonstrate reduced response to follistatin compared with healthy young-adult musculature. Quantitative proteomic and transcriptomic analyses of young-adult muscles identified a transcription/translation signature elicited by follistatin exposure, which included repression of ankyrin repeat and SOCS box protein 2 (Asb2). Increasing expression of ASB2 reduced muscle mass, thereby demonstrating that Asb2 is a TGF-β network–responsive negative regulator of muscle mass. In contrast to young-adult muscles, sarcopenic muscles do not exhibit reduced ASB2 abundance with follistatin exposure. Moreover, preventing repression of ASB2 in young-adult muscles diminished follistatin-induced muscle hypertrophy. These findings provide insight into the program of transcription and translation events governing follistatin-mediated adaptation of skeletal muscle attributes and identify Asb2 as a regulator of muscle mass implicated in the potential mechanistic dysfunction between follistatin-mediated muscle growth in young and old muscles.",2016,10.1172/jci.insight.85477,proteomics;transcriptomics,True,True,True,,,,,,
semantic_scholar,layer_pair,df1a914704730fedc9d6782bf2be7a556df542d1,Hepatic transcriptomics and metabolomics indicated pathways associated with immune stress of broilers induced by lipopolysaccharide,"Broilers with immune stress show decline of growth performance, causing severe economic losses. However, the molecular mechanisms underlying the immune stress still need to be elucidated. One hundred and twenty broiler chicks were randomly assigned to 2 groups with 6 repeats per group, 10 birds per repeat. The model broilers were intraperitoneally injection of 250 µg/kg LPS at 12, 14, 33, and 35 d of age to induce immunological stress. Control group was injected with an equivalent amount of sterile saline. Blood samples from chickens were collected using wing vein puncture at 35 d of age and the serum was obtained for detection of CORT and ACTH. At the end of the experiment, the liver tissues were excised and collected for omics analysis. The results showed that LPS challenge significantly inhibited growth performance, increased relative weight of liver, spleen and decreased relative weight of bursa, as well as enhanced the concentration of serum ACTH and CORT, when compared with the Control. A total of 129 DEGs and a total of 109 differential metabolites were identified between Model and Control group. Transcriptomics profiles revealed that immune stress enhanced the expression of genes related to defense function while declined the expression of genes related to oxidation-reduction process. Metabolomics further suggested that immune stress changed metabolites related to amino acid metabolism, glycerophospholipid metabolism. In addition, integrated analysis suggested that the imbalance of valine, leucine and isoleucine metabolism, glycerophospholipid metabolism, and mTOR signaling pathway played an important role in immune stress of broiler chicks.",2022,10.1016/j.psj.2022.102199,metabolomics;transcriptomics,False,False,False,,,,,,
semantic_scholar,layer_pair,7b44052c8a0fa4ce073be661901231fc1a00ed51,Sirt4 is a mitochondrial regulator of metabolism and lifespan in Drosophila melanogaster,"Significance Sirtuins are a class of proteins known to regulate aspects of genomic stability, metabolism, and lifespan in many organisms. In this study, we show that the mitochondrial sirtuin Sirt4 plays an important role in regulating the organismal response to fasting as well as ensuring normal lifespan in Drosophila. Flies lacking Sirt4 are short-lived, while flies overexpressing Sirt4 are long-lived. Flies lacking Sirt4 display a number of metabolic defects, including sensitivity to starvation; decreased fertility and activity; and an inability to utilize energy stores, particularly long-chain fatty acids, suggesting Sirt4 is important for maintaining metabolic homeostasis. Our results suggest that boosting mitochondrial sirtuin activity may be an important avenue for treating age-related metabolic decline and preserving healthy lifespan. Sirtuins are an evolutionarily conserved family of NAD+-dependent deacylases that control metabolism, stress response, genomic stability, and longevity. Here, we show the sole mitochondrial sirtuin in Drosophila melanogaster, Sirt4, regulates energy homeostasis and longevity. Sirt4 knockout flies have a short lifespan, with increased sensitivity to starvation and decreased fertility and activity. In contrast, flies overexpressing Sirt4 either ubiquitously or specifically in the fat body are long-lived. Despite rapid starvation, Sirt4 knockout flies paradoxically maintain elevated levels of energy reserves, including lipids, glycogen, and trehalose, while fasting, suggesting an inability to properly catabolize stored energy. Metabolomic analysis indicates several specific pathways are affected in Sirt4 knockout flies, including glycolysis, branched-chain amino acid metabolism, and impaired catabolism of fatty acids with chain length C18 or greater. Together, these phenotypes point to a role for Sirt4 in mediating the organismal response to fasting, and ensuring metabolic homeostasis and longevity.",2018,10.1073/pnas.1720673115,genomics;metabolomics,True,True,True,,,,,,
semantic_scholar,layer_pair,d63fbb85bcf595db1921db9d7d145244f4ba1058,Natural and molecular history of prolactinoma: insights from a Prlr –/– mouse model,"Lactotroph adenoma, also called prolactinoma, is the most common pituitary tumor but little is known about its pathogenesis. Mouse models of prolactinoma can be useful to better understand molecular mechanisms involved in abnormal lactotroph cell proliferation and secretion. We have previously developed a prolactin receptor deficient (Prlr–/–) mouse, which develops prolactinoma. The present study aims to explore the natural history of prolactinoma formation in Prlr–/– mice, using hormonal, radiological, histological and molecular analyses to uncover mechanisms involved in lactotroph adenoma development. Prlr–/– females develop large secreting prolactinomas from 12 months of age, with a penetrance of 100%, mimicking human aggressive densely granulated macroprolactinoma, which is a highly secreting subtype. Mean blood PRL measurements reach 14 902 ng/mL at 24 months in Prlr–/– females while PRL levels were below 15 ng/mL in control mice (p < 0.01). By comparing pituitary microarray data of Prlr–/– mice and an estrogen-induced prolactinoma model in ACI rats, we pinpointed 218 concordantly differentially expressed (DE) genes involved in cell cycle, mitosis, cell adhesion molecules, dopaminergic synapse and estrogen signaling. Pathway/gene-set enrichment analyses suggest that the transcriptomic dysregulation in both models of prolactinoma might be mediated by a limited set of transcription factors (i.e., STAT5, STAT3, AhR, ESR1, BRD4, CEBPD, YAP, FOXO1) and kinases (i.e., JAK2, AKT1, BRAF, BMPR1A, CDK8, HUNK, ALK, FGFR1, ILK). Our experimental results and their bioinformatic analysis provide insights into early genomic changes in murine models of the most frequent human pituitary tumor.",2017,10.18632/oncotarget.23713,genomics;transcriptomics,False,True,False,,,,,,
semantic_scholar,layer_pair,938eea1791501e98b67249d9041caf8d2e26a9d5,Systems genomics in age-related macular degeneration,"Genomic studies in age-related macular degeneration (AMD) have identified genetic variants that account for the majority of AMD risk. An important next step is to understand the functional consequences and downstream effects of the identified AMD-associated genetic variants. Instrumental for this next step are ‘omics’ technologies, which enable high-throughput characterization and quantification of biological molecules, and subsequent integration of genomics with these omics datasets, a field referred to as systems genomics. Single cell sequencing studies of the retina and choroid demonstrated that the majority of candidate AMD genes identified through genomic studies are expressed in non-neuronal cells, such as the retinal pigment epithelium (RPE), glia, myeloid and choroidal cells, highlighting that many different retinal and choroidal cell types contribute to the pathogenesis of AMD. Expression quantitative trait locus (eQTL) studies in retinal tissue have identified putative causal genes by demonstrating a genetic overlap between gene regulation and AMD risk. Linking genetic data to complement measurements in the systemic circulation has aided in understanding the effect of AMD-associated genetic variants in the complement system, and supports that protein QTL (pQTL) studies in plasma or serum samples may aid in understanding the effect of genetic variants and pinpointing causal genes in AMD. A recent epigenomic study fine-mapped AMD causal variants by determing regulatory regions in RPE cells differentiated from induced pluripotent stem cells (iPSC-RPE). Another approach that is being employed to pinpoint causal AMD genes is to produce synthetic DNA assemblons representing risk and protective haplotypes, which are then delivered to cellular or animal model systems. Pinpointing causal genes and understanding disease mechanisms is crucial for the next step towards clinical translation. Clinical trials targeting proteins encoded by the AMD-associated genomic loci C3, CFB, CFI, CFH, and ARMS2/HTRA1 are currently ongoing, and a phase III clinical trial for C3 inhibition recently showed a modest reduction of lesion growth in geographic atrophy. The EYERISK consortium recently developed a genetic test for AMD that allows genotyping of common and rare variants in AMD-associated genes. Polygenic risk scores (PRS) were applied to quantify AMD genetic risk, and may aid in predicting AMD progression. In conclusion, genomic studies represent a turning point in our exploration of AMD. The results of those studies now serve as a driving force for several clinical trials. Expanding to omics and systems genomics will further decipher function and causality from the associations that have been reported, and will enable the development of therapies that will lessen the burden of AMD.",2022,10.1016/j.exer.2022.109248,epigenomics;genomics,False,True,False,,,,,,
semantic_scholar,layer_pair,c6647a9a3adff093cfef1e37970faa7dd8d9e7d5,Gut microbiome composition and metabolic activity in women with diverticulitis,"The etiopathogenesis of diverticulitis, among the most common gastrointestinal diagnoses, remains largely unknown. By leveraging stool collected within a large prospective cohort, we performed shotgun metagenomic sequencing and untargeted metabolomics profiling among 121 women diagnosed with diverticulitis requiring antibiotics or hospitalizations (cases), matched to 121 women without diverticulitis (controls) according to age and race. Overall microbial community structure and metabolomic profiles differed in diverticulitis cases compared to controls, including enrichment of pro-inflammatory Ruminococcus gnavus, 1,7-dimethyluric acid, and histidine-related metabolites, and depletion of butyrate-producing bacteria and anti-inflammatory ceramides. Through integrated multi-omic analysis, we detected covarying microbial and metabolic features, such as Bilophila wadsworthia and bile acids, specific to diverticulitis. Additionally, we observed that microbial composition modulated the protective association between a prudent fiber-rich diet and diverticulitis. Our findings offer insights into the perturbations in inflammation-related microbial and metabolic signatures associated with diverticulitis, supporting the potential of microbial-based diagnostics and therapeutic targets. Here, the authors present a multi-omics examination of stool samples obtained from individuals with diverticulitis and controls, uncovering disruptions in the balance of microbial composition and metabolites, as well as co-occurring microbe-metabolite associations relevant to the disease.",2024,10.1038/s41467-024-47859-4,metabolomics;microbiomics,False,True,False,,,,,,
semantic_scholar,layer_pair,2748f71972151a31c84fb3610129b144607b57be,Genomic investigations of unexplained acute hepatitis in children,"An investigation using various methods reports an association between adeno-associated virus 2 and paediatric hepatitis of unknown aetiology. Since its first identification in Scotland, over 1,000 cases of unexplained paediatric hepatitis in children have been reported worldwide, including 278 cases in the UK^ 1 . Here we report an investigation of 38 cases, 66 age-matched immunocompetent controls and 21 immunocompromised comparator participants, using a combination of genomic, transcriptomic, proteomic and immunohistochemical methods. We detected high levels of adeno-associated virus 2 (AAV2) DNA in the liver, blood, plasma or stool from 27 of 28 cases. We found low levels of adenovirus (HAdV) and human herpesvirus 6B (HHV-6B) in 23 of 31 and 16 of 23, respectively, of the cases tested. By contrast, AAV2 was infrequently detected and at low titre in the blood or the liver from control children with HAdV, even when profoundly immunosuppressed. AAV2, HAdV and HHV-6 phylogeny excluded the emergence of novel strains in cases. Histological analyses of explanted livers showed enrichment for T cells and B lineage cells. Proteomic comparison of liver tissue from cases and healthy controls identified increased expression of HLA class 2, immunoglobulin variable regions and complement proteins. HAdV and AAV2 proteins were not detected in the livers. Instead, we identified AAV2 DNA complexes reflecting both HAdV-mediated and HHV-6B-mediated replication. We hypothesize that high levels of abnormal AAV2 replication products aided by HAdV and, in severe cases, HHV-6B may have triggered immune-mediated hepatic disease in genetically and immunologically predisposed children.",2023,10.1038/s41586-023-06003-w,genomics;proteomics;transcriptomics,False,True,False,,,,,,
semantic_scholar,layer_pair,c8f25d3928b09dbc680b3e980482b9cf19284376,Inherited disorders of cobalamin metabolism disrupt nucleocytoplasmic transport of mRNA through impaired methylation/phosphorylation of ELAVL1/HuR,"Abstract The molecular mechanisms that underlie the neurological manifestations of patients with inherited diseases of vitamin B12 (cobalamin) metabolism remain to date obscure. We observed transcriptomic changes of genes involved in RNA metabolism and endoplasmic reticulum stress in a neuronal cell model with impaired cobalamin metabolism. These changes were related to the subcellular mislocalization of several RNA binding proteins, including the ELAVL1/HuR protein implicated in neuronal stress, in this cell model and in patient fibroblasts with inborn errors of cobalamin metabolism and Cd320 knockout mice. The decreased interaction of ELAVL1/HuR with the CRM1/exportin protein of the nuclear pore complex and its subsequent mislocalization resulted from hypomethylation at R-217 produced by decreased S-adenosylmethionine and protein methyl transferase CARM1 and dephosphorylation at S221 by increased protein phosphatase PP2A. The mislocalization of ELAVL1/HuR triggered the decreased expression of SIRT1 deacetylase and genes involved in brain development, neuroplasticity, myelin formation, and brain aging. The mislocalization was reversible upon treatment with siPpp2ca, cobalamin, S-adenosylmethionine, or PP2A inhibitor okadaic acid. In conclusion, our data highlight the key role of the disruption of ELAVL1/HuR nuclear export, with genomic changes consistent with the effects of inborn errors of Cbl metabolisms on brain development, neuroplasticity and myelin formation.",2018,10.1093/nar/gky634,genomics;transcriptomics,True,True,True,,,,,,
semantic_scholar,layer_pair,7ad3cf820484ca1d6fe3b6f303d9be1bc8664250,Age-associated changes in cumulus cells and follicular fluid: the local oocyte microenvironment as a determinant of gamete quality,"Abstract The ovary is the first organ to age in humans with functional decline evident already in women in their early 30s. Reproductive aging is characterized by a decrease in oocyte quantity and quality, which is associated with an increase in infertility, spontaneous abortions, and birth defects. Reproductive aging also has implications for overall health due to decreased endocrinological output. Understanding the mechanisms underlying reproductive aging has significant societal implications as women globally are delaying childbearing and medical interventions have greatly increased the interval between menopause and total lifespan. Age-related changes inherent to the female gamete are well-characterized and include defects in chromosome and mitochondria structure, function, and regulation. More recently, it has been appreciated that the extra-follicular ovarian environment may have important direct or indirect impacts on the developing gamete, and age-dependent changes include increased fibrosis, inflammation, stiffness, and oxidative damage. The cumulus cells and follicular fluid that directly surround the oocyte during its final growth phase within the antral follicle represent additional critical local microenvironments. Here we systematically review the literature and evaluate the studies that investigated the age-related changes in cumulus cells and follicular fluid. Our findings demonstrate unique genetic, epigenetic, transcriptomic, and proteomic changes with associated metabolomic alterations, redox status imbalance, and increased apoptosis in the local oocyte microenvironment. We propose a model of how these changes interact, which may explain the rapid decline in gamete quality with age. We also review the limitations of published studies and highlight future research frontiers. Summary Sentence Aging is associated with genetic, epigenetic, transcriptomic, proteomic, metabolomic, and redox status changes in the local oocyte microenvironment: cumulus cells and follicular fluid.",2022,10.1093/biolre/ioab241,metabolomics;proteomics;transcriptomics,True,True,True,,,,,,
semantic_scholar,layer_pair,baf49a4db1f7856270606bd74ef74a220648102a,Sex‐biased hippocampal pathology in the 5XFAD mouse model of Alzheimer's disease: A multi‐omic analysis,"Alzheimer's disease is a progressive neurodegenerative disorder and the most common form of dementia. Like many neurological disorders, Alzheimer's disease has a sex‐biased epidemiological profile, affecting approximately twice as many women as men. The cause of this sex difference has yet to be elucidated. To identify molecular correlates of this sex bias, we investigated molecular pathology in females and males using the 5XFamilial Alzheimer's disease mutations (5XFAD) genetic mouse model of Alzheimer's disease. We profiled the transcriptome and proteome of the mouse hippocampus during early stages of disease development (1, 2, and 4 months of age). Our analysis reveals 42 genes that are differentially expressed between disease and wild‐type animals at 2 months of age, prior to observable plaque deposition. In 4‐month‐old animals, we detect 1,316 differentially expressed transcripts between transgenic and control 5XFAD mice, many of which are associated with immune function. Additionally, we find that some of these transcriptional perturbations are correlated with altered protein levels in 4‐month‐old transgenic animals. Importantly, our data indicate that female 5XFAD mouse exhibit more profound pathology than their male counterparts as measured by differences in gene expression. We also find that the 5XFAD transgenes are more highly expressed in female 5XFAD mice than their male counterparts, which could partially account for the sex‐biased molecular pathology observed in this dataset.",2018,10.1002/cne.24551,proteomics;transcriptomics,False,True,False,,,,,,
semantic_scholar,layer_pair,b7787099643158206562ed81fbba52dfc20f6a7b,Integrating whole-genome sequencing with multi-omic data reveals the impact of structural variants on gene regulation in the human brain,"Structural variants (SVs), which are genomic rearrangements of more than 50 base pairs, are an important source of genetic diversity and have been linked to many diseases. However, it remains unclear how they modulate human brain function and disease risk. Here we report 170,996 SVs discovered using 1,760 short-read whole genomes from aged adults and individuals with Alzheimer’s disease. By applying quantitative trait locus (SV-xQTL) analyses, we quantified the impact of cis-acting SVs on histone modifications, gene expression, splicing and protein abundance in postmortem brain tissues. More than 3,200 SVs were associated with at least one molecular phenotype. We found reproducibility of 65–99% SV-eQTLs across cohorts and brain regions. SV associations with mRNA and proteins shared the same direction of effect in more than 87% of SV–gene pairs. Mediation analysis showed ~8% of SV-eQTLs mediated by histone acetylation and ~11% by splicing. Additionally, associations of SVs with progressive supranuclear palsy identified previously known and novel SVs. This study reports structural variants (SVs) discovered using 1,760 short-read whole genomes and provides a catalog linking SVs to gene regulation by mapping cis-acting SV-xQTLs with mRNA expression, splicing, histone acetylation and protein in postmortem brain tissues.",2022,10.1038/s41593-022-01031-7,genomics;proteomics;transcriptomics,False,True,False,,,,,,
semantic_scholar,layer_pair,1185c33a5f73343ca29c3cffbd173166be462e60,Minimal Peroxide Exposure of Neuronal Cells Induces Multifaceted Adaptive Responses,"Oxidative exposure of cells occurs naturally and may be associated with cellular damage and dysfunction. Protracted low level oxidative exposure can induce accumulated cell disruption, affecting multiple cellular functions. Accumulated oxidative exposure has also been proposed as one of the potential hallmarks of the physiological/pathophysiological aging process. We investigated the multifactorial effects of long-term minimal peroxide exposure upon SH-SY5Y neural cells to understand how they respond to the continued presence of oxidative stressors. We show that minimal protracted oxidative stresses induce complex molecular and physiological alterations in cell functionality. Upon chronic exposure to minimal doses of hydrogen peroxide, SH-SY5Y cells displayed a multifactorial response to the stressor. To fully appreciate the peroxide-mediated cellular effects, we assessed these adaptive effects at the genomic, proteomic and cellular signal processing level. Combined analyses of these multiple levels of investigation revealed a complex cellular adaptive response to the protracted peroxide exposure. This adaptive response involved changes in cytoskeletal structure, energy metabolic shifts towards glycolysis and selective alterations in transmembrane receptor activity. Our analyses of the global responses to chronic stressor exposure, at multiple biological levels, revealed a viable neural phenotype in-part reminiscent of aged or damaged neural tissue. Our paradigm indicates how cellular physiology can subtly change in different contexts and potentially aid the appreciation of stress response adaptations.",2010,10.1371/journal.pone.0014352,genomics;proteomics,True,True,True,,,,,,
semantic_scholar,layer_pair,b15a6da8cb4fb0b0f18cd0e0dfa07e10be9f9d7b,Multi-omic underpinnings of epigenetic aging and human longevity,"Biological aging is accompanied by increasing morbidity, mortality, and healthcare costs; however, its molecular mechanisms are poorly understood. Here, we use multi-omic methods to integrate genomic, transcriptomic, and metabolomic data and identify biological associations with four measures of epigenetic age acceleration and a human longevity phenotype comprising healthspan, lifespan, and exceptional longevity (multivariate longevity). Using transcriptomic imputation, fine-mapping, and conditional analysis, we identify 22 high confidence associations with epigenetic age acceleration and seven with multivariate longevity. FLOT1 , KPNA4 , and TMX2 are novel, high confidence genes associated with epigenetic age acceleration. In parallel, cis-instrument Mendelian randomization of the druggable genome associates TPMT and NHLRC1 with epigenetic aging, supporting transcriptomic imputation findings. Metabolomics Mendelian randomization identifies a negative effect of non-high-density lipoprotein cholesterol and associated lipoproteins on multivariate longevity, but not epigenetic age acceleration. Finally, cell-type enrichment analysis implicates immune cells and precursors in epigenetic age acceleration and, more modestly, multivariate longevity. Follow-up Mendelian randomization of immune cell traits suggests lymphocyte subpopulations and lymphocytic surface molecules affect multivariate longevity and epigenetic age acceleration. Our results highlight druggable targets and biological pathways involved in aging and facilitate multi-omic comparisons of epigenetic clocks and human longevity. Here, the authors integrate genomic, bulk and single-cell transcriptomic, and metabolomic data sets to compare the biological underpinning of four epigenetic clocks and human longevity, offering novel insights into aging biology.",2023,10.1038/s41467-023-37729-w,genomics;metabolomics;transcriptomics,True,True,True,,,,,,
semantic_scholar,layer_pair,8a68a57721e41807c62df96328e5ae9a48818673,"Heat stress exposure cause alterations in intestinal microbiota, transcriptome, and metabolome of broilers","Introduction Heat stress can affect the production of poultry through complex interactions between genes, metabolites and microorganisms. At present, it is unclear how heat stress affects genetic, metabolic and microbial changes in poultry, as well as the complex interactions between them. Methods Thus, at 28 days of age a total of 200 Arbor Acres broilers with similar body weights were randomly divided into the control (CON) and heat stress treatment (HS). There were 5 replicates in CON and HS, respectively, 20 per replication. From the 28–42 days, the HS was kept at 31 ± 1°C (9:00–17:00, 8 h) and other time was maintained at 21 ± 1°C as in the CON. At the 42nd day experiment, we calculated the growth performance (n = 8) of broilers and collected 3 and 6 cecal tissues for transcriptomic and metabolomic investigation and 4 cecal contents for metagenomic investigation of each treatment. Results and discussion The results indicate that heat stress significantly reduced the average daily gain and body weight of broilers (value of p < 0.05). Transcriptome KEGG enrichment showed that the differential genes were mainly enriched in the NF-kB signaling pathway. Metabolomics results showed that KEGG enrichment showed that the differential metabolites were mainly enriched in the mTOR signaling pathway. 16S rDNA amplicon sequencing results indicated that heat stress increased the relative abundance of Proteobacteria decreased the relative abundance of Firmicutes. Multi-omics analysis showed that the co-participating pathway of differential genes, metabolites and microorganisms KEGG enrichment was purine metabolism. Pearson correlation analysis found that ornithine was positively correlated with SULT1C3, GSTT1L and g_Lactobacillus, and negatively correlated with CALB1. PE was negatively correlated with CALB1 and CHAC1, and positively with g_Alistipes. In conclusion, heat stress can generate large amounts of reactive oxygen and increase the types of harmful bacteria, reduce intestinal nutrient absorption and antioxidant capacity, and thereby damage intestinal health and immune function, and reduce growth performance indicators. This biological process is manifested in the complex regulation, providing a foundational theoretical basis for solving the problem of heat stress.",2023,10.3389/fmicb.2023.1244004,metabolomics;microbiomics;transcriptomics,False,False,False,,,,,,
semantic_scholar,layer_pair,dae45b8e433edc1c2cd2cfcdfb41e9b7bf32bfe9,Contribution of the microbiome for better phenotyping of people living with obesity,"Obesity has reached epidemic proportion worldwide and in all ages. Available evidence points to a multifactorial pathogenesis involving gene predisposition and environmental factors. Gut microbiota plays a critical role as a major interface between external factors, i.e., diet, lifestyle, toxic chemicals, and internal mechanisms regulating energy and metabolic homeostasis, fat production and storage. A shift in microbiota composition is linked with overweight and obesity, with pathogenic mechanisms involving bacterial products and metabolites (mainly endocannabinoid-related mediators, short-chain fatty acids, bile acids, catabolites of tryptophan, lipopolysaccharides) and subsequent alterations in gut barrier, altered metabolic homeostasis, insulin resistance and chronic, low-grade inflammation. Although animal studies point to the links between an “obesogenic” microbiota and the development of different obesity phenotypes, the translational value of these results in humans is still limited by the heterogeneity among studies, the high variation of gut microbiota over time and the lack of robust longitudinal studies adequately considering inter-individual confounders. Nevertheless, available evidence underscores the existence of several genera predisposing to obesity or, conversely, to lean and metabolically health phenotype (e.g., Akkermansia muciniphila , species from genera Faecalibacterium , Alistipes , Roseburia ). Further longitudinal studies using metagenomics, transcriptomics, proteomics, and metabolomics with exact characterization of confounders are needed in this field. Results must confirm that distinct genera and specific microbial-derived metabolites represent effective and precision interventions against overweight and obesity in the long-term.",2023,10.1007/s11154-023-09798-1,metabolomics;microbiomics;proteomics;transcriptomics,False,True,False,,,,,,
