record_id,source,title,abstract,year,document_type,doi,source_record_id,retrieval_stratum
doi:10.3389/fpsyt.2023.1182536,europepmc,"Perturbation of 3D nuclear architecture, epigenomic aging and dysregulation, and cannabinoid synaptopathy reconfigures conceptualization of cannabinoid pathophysiology: part 2-Metabolome, immunome, synaptome.","The second part of this paper builds upon and expands the epigenomic-aging perspective presented in Part 1 to describe the metabolomic and immunomic bases of the epigenomic-aging changes and then considers in some detail the application of these insights to neurotoxicity, neuronal epigenotoxicity, and synaptopathy. Cannabinoids are well-known to have bidirectional immunomodulatory activities on numerous parts of the immune system. Immune perturbations are well-known to impact the aging process, the epigenome, and intermediate metabolism. Cannabinoids also impact metabolism via many pathways. Metabolism directly impacts immune, genetic, and epigenetic processes. Synaptic activity, synaptic pruning, and, thus, the sculpting of neural circuits are based upon metabolic, immune, and epigenomic networks at the synapse, around the synapse, and in the cell body. Many neuropsychiatric disorders including depression, anxiety, schizophrenia, bipolar affective disorder, and autistic spectrum disorder have been linked with cannabis. Therefore, it is important to consider these features and their complex interrelationships in reaching a comprehensive understanding of cannabinoid dependence. Together these findings indicate that cannabinoid perturbations of the immunome and metabolome are important to consider alongside the well-recognized genomic and epigenomic perturbations and it is important to understand their interdependence and interconnectedness in reaching a comprehensive appreciation of the true nature of cannabinoid pathophysiology. For these reasons, a comprehensive appreciation of cannabinoid pathophysiology necessitates a coordinated multiomics investigation of cannabinoid genome-epigenome-transcriptome-metabolome-immunome, chromatin conformation, and 3D nuclear architecture which therefore form the proper mechanistic underpinning for major new and concerning epidemiological findings relating to cannabis exposure.",2023,review-article; Review; Journal Article,10.3389/fpsyt.2023.1182536,MED:37854446,both|direct_perturbation|long|aging_anchor|causal_anchor
doi:10.7150/thno.62302,semantic_scholar,Activation of Hippo signaling pathway mediates mitochondria dysfunction and dilated cardiomyopathy in mice,"Rationale: Mitochondrial dysfunction facilitates heart failure development forming a therapeutic target, but the mechanism involved remains unclear. We studied whether the Hippo signaling pathway mediates mitochondrial abnormalities that results in onset of dilated cardiomyopathy (DCM). Methods: Mice with DCM due to overexpression of Hippo pathway kinase Mst1 were studied. DCM phenotype was evident in adult animals but contractile dysfunction was identified as an early sign of DCM at 3 weeks postnatal. Electron microscopy, multi-omics and biochemical assays were employed. Results: In 3-week and adult DCM mouse hearts, cardiomyocyte mitochondria exhibited overt structural abnormalities, smaller size and greater number. RNA sequencing revealed comprehensive suppression of nuclear-DNA (nDNA) encoded gene-sets involved in mitochondria turnover and all aspects of metabolism. Changes in cardiotranscriptome were confirmed by lower protein levels of multiple mitochondrial proteins in DCM heart of both ages. Mitochondrial DNA-encoded genes were also downregulated; due apparently to repression of nDNA-encoded transcriptional factors. Lipidomics identified remodeling in cardiolipin acyl-chains, increased acylcarnitine content but lower coenzyme Q10 level. Mitochondrial dysfunction was featured by lower ATP content and elevated levels of lactate, branched-chain amino acids and reactive oxidative species. Mechanistically, inhibitory YAP-phosphorylation was enhanced, which was associated with attenuated binding of transcription factor TEAD1. Numerous suppressed mitochondrial genes were identified as YAP-targets. Conclusion: Hippo signaling activation mediates mitochondrial damage by repressing mitochondrial genes, which causally promotes the development of DCM. The Hippo pathway therefore represents a therapeutic target against mitochondrial dysfunction in cardiomyopathy.",2021,JournalArticle,10.7150/thno.62302,b4bd059a0f39c9f441afae2e898ff4a6962ca4af,both|direct_perturbation|long|aging_boundary|causal_anchor
doi:10.1016/j.cels.2022.06.006,semantic_scholar,Multi-omics personalized network analyses highlight progressive disruption of central metabolism associated with COVID-19 severity,"The clinical outcome and disease severity in coronavirus disease 2019 (COVID-19) are heterogeneous, and the progression or fatality of the disease cannot be explained by a single factor like age or comorbidities. In this study, we used system-wide network-based system biology analysis using whole blood RNA sequencing, immunophenotyping by flow cytometry, plasma metabolomics, and single-cell-type metabolomics of monocytes to identify the potential determinants of COVID-19 severity at personalized and group levels. Digital cell quantification and immunophenotyping of the mononuclear phagocytes indicated a substantial role in coordinating the immune cells that mediate COVID-19 severity. Stratum-specific and personalized genome-scale metabolic modeling indicated monocarboxylate transporter family genes (e.g., SLC16A6), nucleoside transporter genes (e.g., SLC29A1), and metabolites such as α-ketoglutarate, succinate, malate, and butyrate could play a crucial role in COVID-19 severity. Metabolic perturbations targeting the central metabolic pathway (TCA cycle) can be an alternate treatment strategy in severe COVID-19.",2022,JournalArticle,10.1016/j.cels.2022.06.006,b53d9ce00aeec11942c8bc929d0e6efffa3d8e5c,both|direct_perturbation|medium|aging_boundary|causal_anchor
doi:10.3390/microorganisms13010161,semantic_scholar,Skin Microbiota: Mediator of Interactions Between Metabolic Disorders and Cutaneous Health and Disease,"Metabolic disorders, including type 2 diabetes mellitus (T2DM), obesity, and metabolic syndrome, are systemic conditions that profoundly impact the skin microbiota, a dynamic community of bacteria, fungi, viruses, and mites essential for cutaneous health. Dysbiosis caused by metabolic dysfunction contributes to skin barrier disruption, immune dysregulation, and increased susceptibility to inflammatory skin diseases, including psoriasis, atopic dermatitis, and acne. For instance, hyperglycemia in T2DM leads to the formation of advanced glycation end products (AGEs), which bind to the receptor for AGEs (RAGE) on keratinocytes and immune cells, promoting oxidative stress and inflammation while facilitating Staphylococcus aureus colonization in atopic dermatitis. Similarly, obesity-induced dysregulation of sebaceous lipid composition increases saturated fatty acids, favoring pathogenic strains of Cutibacterium acnes, which produce inflammatory metabolites that exacerbate acne. Advances in metabolomics and microbiome sequencing have unveiled critical biomarkers, such as short-chain fatty acids and microbial signatures, predictive of therapeutic outcomes. For example, elevated butyrate levels in psoriasis have been associated with reduced Th17-mediated inflammation, while the presence of specific Lactobacillus strains has shown potential to modulate immune tolerance in atopic dermatitis. Furthermore, machine learning models are increasingly used to integrate multi-omics data, enabling personalized interventions. Emerging therapies, such as probiotics and postbiotics, aim to restore microbial diversity, while phage therapy selectively targets pathogenic bacteria like Staphylococcus aureus without disrupting beneficial flora. Clinical trials have demonstrated significant reductions in inflammatory lesions and improved quality-of-life metrics in patients receiving these microbiota-targeted treatments. This review synthesizes current evidence on the bidirectional interplay between metabolic disorders and skin microbiota, highlighting therapeutic implications and future directions. By addressing systemic metabolic dysfunction and microbiota-mediated pathways, precision strategies are paving the way for improved patient outcomes in dermatologic care.",2025,Review; JournalArticle,10.3390/microorganisms13010161,fe4f8fd4051900206f4c4290bac7165d40553782,both|formal_mediation|long|aging_boundary|causal_anchor
doi:10.1016/j.xcrm.2026.102797,europepmc,"Healthful plant-based diet, gut enterotype, and cognition in a rural Chinese elderly cohort: A longitudinal multi-omics study.","The gut microbiome may shape how diet influences cognitive aging, but population-based evidence remains limited. In 784 older adults living in rural China (70-98 years old) with fecal metagenomics and structured dietary assessment, a modified healthful plant-based diet index (mHPDI) is associated with distinct gut microbial structure and taxonomic shifts (15 species, 17 genera). Among participants with repeated cognitive measurements, higher mHPDI is associated with better global cognition, with stronger benefits in participants with non-Prevotella-dominant enterotypes (highest versus lowest tertile β = 0.34, 95% confidence interval [CI], 0.16 to 0.52) than in those with a Prevotella-dominant enterotype (0.04, -0.22 to 0.29; p interaction = 0.04). Enterotype-associated differences in microbial metabolic pathways, including preQ0 and L-isoleucine biosynthesis, parallel this heterogeneity. Moreover, 12 circulating microbiota-related metabolites (primarily amino acids and short-chain fatty acids) are linked to mHPDI. A composite score comprising these metabolites mediates 11.0% of the mHPDI-cognition association (p mediation = 0.02), with branched-chain amino acids as major contributors. These findings suggest that gut microbial context may shape diet-cognition associations.",2026,research-article; Journal Article,10.1016/j.xcrm.2026.102797,MED:42127905,both|formal_mediation|medium|aging_anchor|causal_anchor
doi:10.1038/s41593-022-01031-7,semantic_scholar,Integrating whole-genome sequencing with multi-omic data reveals the impact of structural variants on gene regulation in the human brain,"Structural variants (SVs), which are genomic rearrangements of more than 50 base pairs, are an important source of genetic diversity and have been linked to many diseases. However, it remains unclear how they modulate human brain function and disease risk. Here we report 170,996 SVs discovered using 1,760 short-read whole genomes from aged adults and individuals with Alzheimer’s disease. By applying quantitative trait locus (SV-xQTL) analyses, we quantified the impact of cis-acting SVs on histone modifications, gene expression, splicing and protein abundance in postmortem brain tissues. More than 3,200 SVs were associated with at least one molecular phenotype. We found reproducibility of 65–99% SV-eQTLs across cohorts and brain regions. SV associations with mRNA and proteins shared the same direction of effect in more than 87% of SV–gene pairs. Mediation analysis showed ~8% of SV-eQTLs mediated by histone acetylation and ~11% by splicing. Additionally, associations of SVs with progressive supranuclear palsy identified previously known and novel SVs. This study reports structural variants (SVs) discovered using 1,760 short-read whole genomes and provides a catalog linking SVs to gene regulation by mapping cis-acting SV-xQTLs with mRNA expression, splicing, histone acetylation and protein in postmortem brain tissues.",2022,JournalArticle,10.1038/s41593-022-01031-7,b7787099643158206562ed81fbba52dfc20f6a7b,both|formal_mediation|medium|aging_boundary|causal_anchor
doi:10.1007/s11427-025-3206-7,springernature,Host-microbial co-regulation mediates rumen volatile fatty acid production and utilization in dairy cows,"Volatile fatty acids (VFAs) provide more than 70% of the energy source for the ruminants. Understanding the host-microbiota regulation of VFAs production and utilization is highly important for optimizing the feed energy utilization efficiency of ruminants. Here, we conducted whole-genome resequencing, rumen transcriptome sequencing, 16S rRNA gene amplicon sequencing, and VFA concentration determination in 530 Holstein bulls. We treated VFA concentrations as complex traits to perform multi-omics association analyses. The host genetics, rumen microbiota, and rumen expressed genes, on average, explained 23%, 58%, and 61% of the variations in VFAs with the same diet, respectively. We found that the rumen microbial composition and community structure differed significantly between the high and low VFA individuals. We further identified 11 microbes with potential causal relationships with rumen VFAs via the Mendelian randomization method, among which Bacteroidales_RF16_group, Prevotella, Clostridia_UCG-014 , and [Eubacterium]_ventriosum_group were positively correlated with acetic acid, propionic acid, and butyric acid. Conversely, rumen epithelial genes involved in fatty acid β-oxidation (e.g., HSD17B4, ACADVL, ACADL, CPT1A , and ANGPTL4 ) were negatively correlated with the main VFAs and VFA-producing bacteria. These candidate microbes and genes suggest that the host-microbe coregulating mechanism facilitates the efficient production and utilization of rumen VFAs in ruminants. Our study provides a comprehensive perspective on the complex dynamic regulatory patterns of rumen VFAs, highlighting the crucial role of host-microbe interactions in optimizing the feed utilization of ruminants.",2026,OriginalPaper; Research Paper,10.1007/s11427-025-3206-7,doi:10.1007/s11427-025-3206-7,both|genetic_instrument|long|aging_boundary|causal_anchor
doi:10.1101/2025.11.25.690439,pubmed,mfSuSiE enables multi-cell-type fine-mapping and multi-omic integration of chromatin accessibility QTLs in aging brain.,"Molecular quantitative trait locus (QTL) studies increasingly profile chromatin accessibility, histone modifications, DNA methylation, RNA modifications such as N6-methyladenosine (m6A), and transcription across multiple cell types using high-throughput sequencing, generating dense base-pair-resolved measurements. The conventional approach of testing each variant against each molecular feature independently suffers from severe multiple testing burden and ignores linkage disequilibrium and spatial correlation. Existing fine-mapping methods only partially address these challenges and are sub-optimal for analyzing such datasets: multivariate approaches such as mvSuSiE jointly analyze multiple molecular contexts but are designed for a single trait value per context and cannot accommodate thousands of base-resolution measurements per context, while functional approaches such as fSuSiE model spatial structure across thousands of measurements but analyze each context separately. Here, we introduce mfSuSiE , which integrates multivariate analysis with wavelet-based functional regression to jointly fine-map thousands of base-resolution traits across multiple cell types. In simulations, mfSuSiE identified causal variants and affected molecular features more accurately than fSuSiE , while mvSuSiE cannot be applied to this type of data. Applied to single-nucleus chromatin accessibility data from six brain cell types from postmortem aging human brains, mfSuSiE substantially increased discovery and resolution, with substantial power gains for cell types with limited samples. Multi-cell-type analysis revealed extensive sharing of regulatory effects on chromatin accessibility (caQTL). Importantly, mfSuSiE produces Bayesian inference compatible with the SuSiE framework, enabling systematic multi-omic integration. Applied to Alzheimer's disease loci, we integrated caQTL with expression QTLs, epigenomic QTLs, and GWAS, observing regulatory patterns suggesting complex mechanisms at loci including EARS2 , CHRNE , SCIMP , and RABEP1 .",2025,Journal Article; Preprint,10.1101/2025.11.25.690439,41394596,both|other_causal_or_boundary|long|aging_anchor|causal_anchor
doi:10.1007/s12015-026-11119-3,springernature,Advances in Oral Cavity Stem Cell Research Revealed through Multi-omics Analysis,"Oral stem cell research encompasses the study of dental pulp stem cells, periodontal ligament stem cells, regeneration of dental pulp and periodontal ligament, and therapeutic approaches for dental caries. Dental pulp stem cells, located in the oral cavity, have been applied to tooth, alveolar bone, and periodontal tissue regeneration and are anticipated to exert systemic therapeutic effects. Global efforts to identify biomarkers of oral disease have employed expression proteome analysis. However, because most proteins function only after undergoing post-translational modifications, methods based solely on expression proteomics remain limited. Consequently, increasing attention has focused on characterizing protein modifications. Advances now enable comprehensive measurement of modifications across the omics hierarchy, including the epitranscriptome, phosphoproteome, and metabolome, to clarify the layered interactions among the genome, epigenome, transcriptome, and metabolome. ""Multi-omics"" denotes the integration of multiple omics layers for analysis. Moreover, several omics layers can now be assessed at single-cell resolution, enabling a more detailed projection of biological phenomena and a more holistic understanding. Recently, multi-omics strategies have also been applied to oral stem cell research. This review summarizes emerging insights into oral cavity stem cell biology obtained through multi-omics approaches. We recognize the limitation that our search strategy relied exclusively on the MEDLINE database in PubMed and did not incorporate additional sources such as gray literature, conference proceedings, or clinical practice guidelines. Multi-omics analysis enables the elucidation of multilayered causal relationships in biological phenomena that were previously inaccessible using conventional single-omics approaches, by integrating multiple layers such as the genome (DNA), transcriptome (RNA), proteome (proteins), and metabolome (metabolites). Looking forward, the integration of AI and machine learning is expected to facilitate early diagnosis of oral diseases, precise patient stratification, and the advancement of personalized medicine.",2026,ReviewPaper; Review,10.1007/s12015-026-11119-3,doi:10.1007/s12015-026-11119-3,both|other_causal_or_boundary|long|aging_boundary|causal_anchor
doi:10.1101/2025.10.10.25337775,europepmc,Long-read genome sequencing and multi-omics in aging and neurodegeneration,"Structural variants (SVs) are a major source of genetic variation yet remain underexplored in healthy aging and neurodegenerative diseases. We performed nanopore long-read genome sequencing (lrGS) on 551 deeply-phenotyped individuals from Stanfords Aging and Memory Study and Alzheimers Disease Research Center, generating a comprehensive SV map integrated with matched methylation, transcriptomic, and proteomic data. Over 60% of SVs identified by lrGS were not detected with short-read WGS, including many poorly tagged by single-nucleotide variants (SNVs). We discovered >60,000 SV-QTLs across molecular traits and showed that SVs were more likely than SNVs to be fine-mapped as causal. Colocalization with Alzheimers and Parkinsons disease GWAS implicated SVs at multiple loci, including TMEM106B, BIN3, and NBEAL1. Multi-omic outlier enrichment and Bayesian modeling prioritized rare functional SVs near known risk genes. Combined, these data reveal widespread regulatory SVs in healthy aging and neurodegeneration, underscoring the importance of lrGS in deciphering complex genetic architecture.",2025,Preprint,10.1101/2025.10.10.25337775,PPR:PPR1100320,both|other_causal_or_boundary|medium|aging_anchor|causal_anchor
doi:10.1007/s11033-026-12250-7,springernature,Integrating single-cell RNA sequencing with multi-omics to decode disease microenvironments,"Cellular heterogeneity underpins the complexity of human development and disease, as cells with the same genome exhibit distinct transcriptomic profiles that define their identity, state, and function. Traditional bulk RNA sequencing obscures this heterogeneity by averaging gene expression across mixed cell populations, limiting its ability to resolve rare or disease-associated cell types. Single-cell RNA sequencing (scRNA-seq) has emerged as a powerful technology enabling high-resolution transcriptomic profiling of thousands of individual cells in a single run. Widely adopted platforms, such as the 10x Genomics Chromium system, have accelerated large-scale single-cell studies through their scalability and robust barcoding strategies. Recent advances integrating scRNA-seq with multi-omics approaches, including epigenomics, spatial transcriptomics, and temporal profiling, have further enhanced our understanding of cellular interactions and disease mechanisms. In parallel, artificial intelligence-driven methods, including deep learning and graph-based models, have improved data denoising, clustering, and cell-type annotation. Despite these advances, technical noise, dropout events, and computational challenges remain. This review highlights the integration of single-cell RNA sequencing with multi-omics to decode disease microenvironments. Graphical abstract",2026,ReviewPaper; Review,10.1007/s11033-026-12250-7,doi:10.1007/s11033-026-12250-7,both|other_causal_or_boundary|medium|aging_boundary|causal_boundary
doi:10.1080/19490976.2023.2282790,semantic_scholar,Multi-omics data reveals aberrant gut microbiota-host glycerophospholipid metabolism in association with neuroinflammation in APP/PS1 mice,"ABSTRACT Numerous studies have described the notable impact of gut microbiota on the brain in Alzheimer’s disease (AD) via the gut – brain axis. However, the molecular mechanisms underlying the involvement of gut microbiota in the development of AD are limited. This study aimed to explore the potential mechanisms of gut microbiota in AD by integrating multi-omics data. In this study, APP/PS1 and WT mice at nine months of age were used as study mouse model. Cognitive function was assessed using the Morris water maze test. The levels of Aβ plaque and neuroinflammation in the brain were detected using immunofluorescence and PET/CT. In addition, we not only used 16S rRNA gene sequencing and metabolomics to explore the variation characteristics of gut microbiota and serum metabolism abundance, but also combined spatial metabolomics and transcriptomics to explore the change in the brain and identify their potential correlation. APP/PS1 mice showed significant cognitive impairment and amyloid-β deposits in the brain. The abundance of gut microbiota was significantly changed in APP/PS1 mice, including decreased Desulfoviobrio, Enterococcus, Turicibacter, and Ruminococcus and increased Pseudomonas. The integration of serum untargeted metabolomics and brain spatial metabolomics showed that glycerophospholipid metabolism was a common alteration pathway in APP/PS1 mice. Significant proliferation and activation of astrocyte and microglia were observed in APP/PS1 mice, accompanied by alterations in immune pathways. Integration analysis and fecal microbiota transplantation (FMT) intervention revealed potential association of gut microbiota, host glycerophospholipid metabolism, and neuroinflammation levels in APP/PS1 mice.",2023,JournalArticle,10.1080/19490976.2023.2282790,8f72ec587ab239eee3eae714637198d0a032847e,both|other_intervention|long|aging_boundary|causal_anchor
doi:10.1016/j.bbr.2026.116404,europepmc,From gut microbiota to synaptic plasticity: Mechanisms shaping cognitive function and brain disorders.,"The gut microbiota has emerged as a key regulator of central nervous system development and function. Accumulating experimental and clinical evidence demonstrates that microbial signals influence brain activity through integrated neural, immune, neuroendocrine, and metabolic pathways. These pathways converge on core mechanisms of synaptic plasticity, including neurotrophic signaling, glutamatergic transmission, dendritic remodeling, and adult neurogenesis, thereby shaping learning, memory, executive function, and emotional regulation. Disruption of microbiota-brain communication is implicated in a range of neurodevelopmental and neurodegenerative disorders, including autism spectrum disorder (ASD), major depressive disorder (MDD), Alzheimer's disease (AD), and Parkinson's disease (PD), suggesting shared systems-level vulnerabilities across conditions and highlighting the translational potential of microbiota-targeted interventions such as probiotics, dietary modulation, postbiotics, and precision microbiome-based strategies. Overall, the gut microbiota functions as a dynamic regulator of brain plasticity and cognitive resilience across the lifespan. Future progress will require identification of causal mechanisms at the level of specific microbial metabolites, neural circuits, and developmental windows using integrated multi-omics and spatially resolved approaches, alongside translation into targeted therapeutic strategies.",2026,Review; Journal Article,10.1016/j.bbr.2026.116404,MED:42508695,both|other_intervention|medium|aging_anchor|causal_anchor
doi:10.1007/s11033-026-12107-z,springernature,Multi-omics insights into immunometabolic dysregulation in neonatal sepsis for precision medicine,"Neonatal sepsis remains a major global health challenge, contributing substantially to morbidity and mortality despite many advances. Conventional diagnostics often fail to capture the disease complexity and immune dysregulation, leading to delayed diagnosis and sub-optimal treatment. Recent advances in multiomics, including genomics, transcriptomics, proteomics, metabolomics and metagenomics are transforming molecular understanding by enabling a precise view of host-pathogen interactions. These approaches also provide critical insights into metainflammation, a state of chronic, low-grade immune and metabolic dysregulation, playing a pivotal role in neonatal immune vulnerability. Integrating multi-omics with meta-inflammatory profiling may support future risk stratification, biomarker discovery, and precision-oriented neonatal sepsis care. However, clinical translation requires further validation, platform standardization, and feasibility assessment in NICU settings. Such insights may establish the foundation of P4 medicine by emphasizing prediction, prevention, personalisation, and participation in neonatal care. Multi-omics integration may support endotype identification, and data-driven clinical communication after adequate validation. Overall, this review highlights how multiomics and metainflammation driven frameworks may improve mechanistic understanding of neonatal sepsis and guide future development of clinically feasible precision-medicine approaches. Graphical abstract",2026,ReviewPaper; Review,10.1007/s11033-026-12107-z,doi:10.1007/s11033-026-12107-z,both|other_intervention|medium|aging_boundary|causal_boundary
doi:10.1111/acel.70103,semantic_scholar,Multi‐Omics Analysis Reveals Biomarkers That Contribute to Biological Age Rejuvenation in Response to Single‐Blinded Randomized Placebo‐Controlled Therapeutic Plasma Exchange,"We conducted a randomized, placebo‐controlled trial to assess the safety and biological age (BA) effects of various therapeutic plasma exchange (TPE) regimens in healthy adults over 50. Participants received bi‐weekly TPE with or without intravenous immunoglobulin (IVIG), monthly TPE, or placebo. Randomization was based on entry date, and treatments were blinded to maintain objectivity. Primary objectives were to assess long‐term TPE safety and changes in biological clocks. Secondary goals included identifying optimal regimens. Exploratory analyses profiled baseline clinical features and longitudinal changes across the epigenome, proteome, metabolome, glycome, immune cytokines, iAge, and immune cell composition. We demonstrate in 42 individuals randomized to various treatment arms or placebo that long‐term TPE was found to be safe, with only two adverse events requiring discontinuation and one related to IVIG. TPE significantly improved biological age markers, with 15 epigenetic clocks showing rejuvenation compared to placebo (FDR < 0.05). Biweekly TPE combined with intravenous immunoglobulin (TPE‐IVIG) proved most effective, inducing coordinated cellular and molecular responses, reversing age‐related immune decline, and modulating proteins linked to chronic inflammation. Integrative analysis identified baseline biomarkers predictive of positive outcomes, suggesting TPE‐IVIG is particularly beneficial for individuals with poorer initial health status. This is the first multi‐omics study to examine various TPE modalities to slow epigenetic biologic clocks, which demonstrate biological age rejuvenation and the molecular features associated with this rejuvenation.",2025,JournalArticle,10.1111/acel.70103,8ff80e6f49d1639a6b6b1a07f70d59bb55d60a85,both|randomized_or_quasi_intervention|long|aging_anchor|causal_boundary
doi:10.1039/d5fo05425g,europepmc,Genetic risk modifies the effect of exogenous nucleotides on insulin resistance in older adults: insights from multi-omics analyses.,"Nucleotides-fundamental cellular building blocks-are an underappreciated dietary component, especially in aging when metabolic resilience wanes. Whether genetic background determines who benefits from NTs has been unknown. Insulin resistance (IR) underlies age-related metabolic disorders, yet responses to nutritional interventions are heterogeneous. In this secondary analysis of the TALENTs randomized controlled trial (121 adults aged 60-70 years; 19-week intervention; NCT05243108), we tested whether genetic background-quantified by a fasting-glucose polygenic risk score (FBG-PRS)-modifies the effect of exogenous nucleotides (NTs) on IR. A significant PRS × intervention interaction was observed with changes in HOMA-IR ( p = 0.0115). Participants with high FBG-PRS exhibited improvements with NTs, including reduced HOMA-IR and visceral adiposity and increased limb muscle mass, whereas low FBG-PRS participants showed minimal benefit. Multi-omics supported a coherent mechanism: transcriptomics identified 39 differentially expressed genes with PPP4R2 most strongly downregulated (log 2FC = -2.00; p adj = 2.81 × 10 -13 ), and metabolomics revealed decreased cyclic AMP with enrichment of energy-metabolism pathways. These findings indicate that NTs improve insulin sensitivity primarily in genetically susceptible older adults and suggest NTs as a candidate precision-nutrition strategy for improving insulin sensitivity in aging.",2026,Randomized Controlled Trial; Journal Article,10.1039/d5fo05425g,MED:41954460,both|randomized_or_quasi_intervention|medium|aging_anchor|causal_anchor
doi:10.52340/gs.2025.07.01.26,semantic_scholar,Stem Cell Systems and Regeneration,"Stem cell systems are pivotal in biological development, tissue maintenance, and regenerative medicine due to their dual capacity for self-renewal and differentiation. This review explores the heterogeneity and regulatory mechanisms governing stem cells across potency states—pluripotent, multipotent, and unipotent—emphasizing dynamic transcriptional circuits involving core factors (OCT4, SOX2, NANOG) and signaling pathways (Wnt/β-catenin, Notch, Hedgehog). Stem cell homeostasis, critical for tissue integrity, is maintained through intrinsic (epigenetic, metabolic) and extrinsic (niche-derived) cues, with disruptions linked to aging, degenerative diseases, and cancer. Advances in induced pluripotent stem cells (iPSCs) and genome editing (CRISPR-Cas9) offer transformative potential for personalized therapies, yet challenges such as tumorigenicity, immune rejection, and ethical concerns persist. The role of stem cell niches in modulating quiescence, proliferation, and differentiation is highlighted, alongside applications in tissue engineering, organoid development, and disease modeling. Aging-associated decline in stem cell function, driven by oxidative stress, DNA damage, and epigenetic alterations, underscores the need for rejuvenation strategies. Furthermore, dysregulated transcriptional networks in cancer stem cells (CSCs) present therapeutic targets for precision oncology. Future directions emphasize single-cell multiomics, synthetic biology, and bioengineered niches to refine differentiation protocols and enhance clinical translation. By integrating molecular insights with technological innovations, stem cell research promises to bridge gaps in regenerative medicine, offering novel solutions for degenerative disorders, injury repair, and personalized healthcare.",2025,JournalArticle; Review,10.52340/gs.2025.07.01.26,2024386439a37a9a8d9d1a3949289e6f103afe30,explicit_only|direct_perturbation|long|aging_anchor|causal_boundary
doi:10.1007/s13205-026-04966-x,springernature,MicroRNA-based diagnosis and therapy in prostate cancer,"This review summarizes current evidence on the biological, diagnostic, prognostic, and therapeutic significance of microRNAs (miRNAs/miRs) in prostate cancer (PCa). Dysregulated miRNA networks contribute to PCa initiation, progression, metastasis, and therapy resistance by regulating androgen receptor signaling, proliferation, apoptosis, epithelial-mesenchymal transition, angiogenesis, hypoxia signaling, bone tropism, and castration-resistant evolution. Oncogenic miRNAs, including miR-21, miR-93, miR-9, miR-181a, and miR-182, promote malignant phenotypes through survival, TGF-β, PI3K/AKT, MAPK, HIF-1α, and EMT-associated pathways, whereas tumor-suppressor miRNAs, including the miR-34 family, miR-145, miR-122, and miR-382, restrict proliferation, stem-like traits, invasion, metastasis, and treatment resistance. Circulating, urinary, and exosomal miRNAs have potential as minimally invasive biomarkers for PCa detection, risk stratification, recurrence monitoring, metastatic risk prediction, and assessment of castration-resistant disease. Multi-miRNA panels, such as miR-375-3p/miR-182-5p, miR-34b-3p/miR-361-5p/miR-200c-3p, and miR-200c/miR-605/miR-135a/miR-433/miR-106a, may outperform individual markers by capturing multiple biological pathways and reducing single-marker variability; however, most remain at the discovery or validation stage rather than routine clinical implementation. Translation requires standardized sample handling, hemolysis control, reproducible RNA extraction, validated normalization strategies, assay harmonization, locked thresholds, and multicentre prospective validation against PSA, imaging, histopathology, and established risk models. High-throughput platforms, including qRT-PCR, microarray, next-generation sequencing, and nCounter digital counting, support miRNA discovery and validation but differ in sensitivity, specificity, cost, throughput, bioinformatic complexity, and clinical deployability. Therapeutically, anti-miRs, miRNA mimics, sponges, masks, CRISPR-based approaches, and nanocarrier-assisted delivery systems provide experimental strategies for inhibiting oncogenic miRNAs or restoring tumor-suppressor miRNAs. Preclinical evidence supports miR-21 inhibition and replacement of miR-34a, miR-145, miR-15a/miR-16-1, miR-124, and miR-205. Still, clinical translation is limited by off-target effects, immune activation, delivery efficiency, endosomal escape, tumor heterogeneity, pharmacokinetics, toxicity, scalability, and manufacturing reproducibility. Overall, miRNAs provide mechanistic insight into PCa heterogeneity and offer promising opportunities for precision diagnosis, prognosis, and therapy, with the most realistic near-term application being integration of validated miRNA panels with PSA, multiparametric MRI, pathology, and multi-omic or AI-assisted risk models.",2026,ReviewPaper; Review Article,10.1007/s13205-026-04966-x,doi:10.1007/s13205-026-04966-x,explicit_only|direct_perturbation|long|aging_boundary|causal_boundary
doi:10.3390/ijms262411941,pubmed,Nanomedicine for Cancer and Autoimmune Immunotherapy.,"Nanomedicine has now become a transformative platform that enhances the precision and efficacy of immunotherapy approaches and allows customizations like never before when it comes to cancer, as well as autoimmune conditions. Using platforms based on nanoscale, researchers have been able to manipulate immune responses operating across spatial and temporal scales to address key limitations of conventional immunotherapy associated with working with immune response such as immune evasion, systemic toxicity, and poor pharmacokinetics. Sophisticated nanoparticles (such as stimuli-sensitive ones, exosome-mimetic vesicle nanoparticles, and nanoparticles with CRISPR) allow directed immunomodulators, antigens, and gene-editing systems to reach one or more particular immune compartments. The innovations allow reprogramming of immune cells, immune tolerance rejuvenation, and expansion of antitumor immunity without significant off-target effects. Finding applications in integrating the artificial intelligence as well as multi-omics techniques, the process leads to personalization of the nano-immunotherapies based on patient-specific immuno-signatures. The chapter discusses the mechanistic rationale, therapeutic advancement, and the translational opportunities of nanotechnology-based immunotherapies that define them as part of a foundation of future generations of clinical approaches to precision immune modulation in oncology and autoimmune diseases.",2025,Journal Article; Review,10.3390/ijms262411941,41465368,explicit_only|direct_perturbation|medium|aging_anchor|causal_boundary
doi:10.1186/s44365-026-00039-5,springernature,"Advances in marine invertebrate cell culture: historical progress, persistent challenges, and emerging biotechnological prospects","Marine invertebrates represent one of the most diverse and underexploited reservoirs of novel bioactive compounds and models for regenerative biology, yet their full potential remains limited by the absence of established cell lines. Despite over six decades of research, no continuous, immortalized cell lines were available from any marine invertebrate species until recent breakthroughs in embryonic cultures. This comprehensive review synthesizes historical and contemporary advancements in primary cell culture across major phyla, including Porifera, Cnidaria, Mollusca, Crustacea, Echinodermata, and others, with a focused examination of methodological innovations since 2015. Key discussions encompass refined isolation techniques, tailored media compositions, the incorporation of omics-driven insights, ongoing hurdles such as rapid cellular quiescence and contamination issues, and promising applications in pharmaceutical discovery, aquaculture disease management, and ecotoxicology. By identifying four pivotal knowledge gaps—ranging from media optimization to stemness maintenance—we propose multifaceted strategies that integrate multi-omics analyses, CRISPR-based genetic manipulations, and global collaborative frameworks to facilitate the development of stable, long-term marine invertebrate cell lines, thereby unlocking sustainable biotechnological opportunities.",2026,ReviewPaper; Review,10.1186/s44365-026-00039-5,doi:10.1186/s44365-026-00039-5,explicit_only|direct_perturbation|medium|aging_boundary|causal_boundary
doi:10.1038/s41574-026-01265-6,springernature,Adipose tissue as a humoral–neuronal hub in metabolic regulation,"Adipose tissue has emerged as a dynamic endocrine organ that coordinates systemic energy balance and cardiometabolic health. This Review highlights the dual humoral and neuronal pathways through which adipose tissue regulates systemic metabolism. Humoral signals include peptide hormones, lipid mediators, metabolites, chemokines and exosomal microRNAs secreted by adipose depots. Neuronal circuits control adipose function rapidly and precisely: sympathetic efferents trigger lipolysis in white adipose tissue and thermogenesis in brown adipose tissue, whereas sensory afferents detect chemical, thermal and mechanical signals to adjust sympathetic activity. Nutritional and environmental stimuli (for example, diet, cold exposure and exercise), along with pathological states (for example, obesity, type 2 diabetes mellitus, lipodystrophy and ageing-associated disorders), dynamically modulate these endocrine and neural outputs. Methodological innovations, such as omics based on mass spectrometry or liquid chromatography–mass spectrometry, secretome labelling, adipose tissue organoid models and click chemistry, enable high-resolution characterization of adipose-derived signals and their targets. Finally, we discuss translational opportunities, including synthetic analogues of lipophilic hormones, and future therapeutic strategies that harness adipose communication networks. Beyond its roles in energy storage and thermogenesis, adipose tissue is now recognized as a dynamic regulatory organ that orchestrates whole-body physiology via integrated humoral and neuronal pathways. Humoral communication involves adipokines, lipid mediators, metabolites, cytokines and extracellular vesicles, which exert context-dependent effects on insulin sensitivity, substrate utilization, inflammation and cardiovascular health. Neuronal communication through sympathetic and sensory innervation provides rapid, spatially precise regulation of adipose lipolysis, thermogenesis and browning, with sensory feedback circuits fine-tuning sympathetic drive and integrating depot-specific metabolic responses. Cold-induced adipokines and lipid mediators act as key endocrine signals that link thermogenic activation of adipose tissue to systemic improvements in glucose and lipid metabolism. Cardiometabolic disease, lipodystrophy and ageing impair adipose humoral and neuronal communication, leading to dysregulated adipokine secretion and adipose neuropathy, which drive metabolic dysfunction and increased cardiometabolic risk. Emerging technologies, including single-cell and multi-omics approaches, proximity labelling, optogenetics and organoid models, now enable detailed dissection of adipose humoral and neuronal circuits, advancing both mechanistic insights and translational opportunities for precision medicine. This Review highlights adipose humoral and neuronal pathways that operate through inter-organ communication to regulate systemic metabolism, examines how physiological and pathological contexts shape these signals, and explores emerging technologies and translational opportunities for targeting adipose networks in metabolic disease.",2026,ReviewPaper; Review Article,10.1038/s41574-026-01265-6,doi:10.1038/s41574-026-01265-6,explicit_only|formal_mediation|long|aging_anchor|causal_boundary
doi:10.1007/s00592-026-02754-w,springernature,Molecular biomarkers in diabetes-related neurological complications: current evidence and translational challenges,"Diabetes mellitus is increasingly recognized as a systemic disorder associated with a broad spectrum of neurological complications, including diabetic peripheral neuropathy, autonomic neuropathy, cerebrovascular disease, cognitive impairment, and neurodegenerative disorders. Because neurological injury may develop before the onset of overt clinical manifestations, the identification of reliable biomarkers for early risk assessment remains an important challenge in diabetes care. This narrative review summarizes current evidence regarding molecular biomarkers implicated in diabetes-related neurological complications. A literature search was conducted using major biomedical databases, with emphasis on human studies, systematic reviews, prospective cohorts, and clinically relevant translational research. Biomarker categories reviewed include inflammatory mediators, oxidative stress markers, advanced glycation end-products, neuronal injury proteins, metabolomic signatures, circulating microRNAs, extracellular vesicles, and multi-omics approaches. Current evidence suggests that several biomarkers are associated with neurological injury and adverse neurological outcomes in patients with diabetes. However, the strength of evidence varies substantially across biomarker classes. While some biomarkers demonstrate biological plausibility and consistent associations with disease burden, most remain at an exploratory stage and lack sufficient prospective validation for routine clinical implementation. Major barriers include study heterogeneity, assay variability, limited reproducibility, uncertainty regarding incremental predictive value, and insufficient evaluation in diabetes-specific populations. Future research should focus on rigorous validation of candidate biomarkers, standardization of analytical methods, and assessment of their added value beyond established clinical risk factors. The integration of molecular biomarkers with clinical variables, neuroimaging findings, and advanced analytical approaches may contribute to future risk stratification strategies; however, substantial validation is required before clinical implementation can be considered.",2026,ReviewPaper; Review Article,10.1007/s00592-026-02754-w,doi:10.1007/s00592-026-02754-w,explicit_only|formal_mediation|long|aging_boundary|causal_boundary
doi:10.1016/j.ccell.2024.09.002,semantic_scholar,Midkine as a driver of age-related changes and increase in mammary tumorigenesis,"SUMMARY Aging is a pivotal risk factor for cancer, yet the underlying mechanisms remain poorly defined. Here, we explore age-related changes in the rat mammary gland by single cell multiomics. Our findings include increased epithelial proliferation, loss of luminal identity, and decreased naïve B and T cells with age. We discover a luminal progenitor population unique to old rats with profiles reflecting precancerous changes and identify midkine (Mdk) as a gene upregulated with age and a regulator of age-related luminal progenitors. Midkine treatment of young rats mimics age-related changes via activating PI3K-AKT-SREBF1 pathway and promotes Nitroso-N-methylurea-induced mammary tumorigenesis. Midkine levels increase with age in human blood and mammary epithelium, and higher MDK in normal breast tissue is associated with higher breast cancer risk in younger women. Our findings reveal a link between aging and susceptibility to tumor initiation and identify midkine as a mediator of age-dependent increase in breast tumorigenesis.",2024,JournalArticle,10.1016/j.ccell.2024.09.002,880fd8f2e611c2476fab49ff1fc1d046e39bd51d,explicit_only|formal_mediation|medium|aging_anchor|causal_boundary
doi:10.1093/qjmed/hcaf108,europepmc,Identification of novel biomarkers and drug targets for frailty-related skeletal muscle aging: a multi-omics study.,"Background Skeletal muscle aging is the major cause and hallmark of frailty, which poses a significant challenge to the healthcare system. Aim This study aimed to identify the potential biomarkers for the early detection and therapeutic intervention of this age-related condition. Methods A transcriptomics-based methodology using machine learning algorithms was performed to select the biomarker genes. A predictive machine learning model for (pre-)frailty based on the transcriptomic profile of the biomarker genes was constructed and validated. The cell-type specific changes of the biomarkers during muscle aging were investigated in a single-cell RNA sequencing dataset of human skeletal muscle. Summary data-based Mendelian randomization (SMR) and Bayesian colocalization analyses were performed to identify biomarker genes with therapeutic effects on frailty-related skeletal muscle aging, and drug candidates were explored in the DSigDB database. Results We identified 24 biomarker genes, most of which were discovered for the first time. The optimal predictive model showed excellent performance in the external test set. Differential expression of the biomarkers in the single-cell dataset indicated a critical role of endothelial cells modulated by the marker genes MGP and ID1 in muscle degeneration. The SMR and colocalization analyses showed causal relationships between 2 marker genes (MGP and WAC) and frailty-related muscle aging. Potential therapeutics for MGP modulation were identified in the DSigDB database. Conclusions This multi-omics study identified biomarkers associated with frailty-related muscle aging and provided new insights into the etiology and therapeutic targets for this age-related condition.",2025,research-article; Journal Article,10.1093/qjmed/hcaf108,MED:40343466,explicit_only|genetic_instrument|long|aging_anchor|causal_anchor
doi:10.1007/s12033-025-01416-6,europepmc,Comprehensive Multi-omics and Mendelian Randomization Reveal the Key Role of Monocytes in Aging and Osteoarthritis.,"There is a close connection between aging and osteoarthritis (OA), but the specific mechanisms are still unclear. This study aims to explore the potential connections and molecular mechanisms between OA and aging through multi-omics and genetics methods. Integrating single-cell RNA sequencing (scRNA-seq), bulk RNA-seq data, Mendelian randomization (MR), colocalization analysis, and cell function analysis, this study explores the correlation between OA and aging. Furthermore, it investigates the potential causal relationship between key marker genes and OA. Integrating and analyzing scRNA-seq data from OA, aging, and control groups revealed a significant increase in the proportion of the classical monocyte core subgroup. Differential expression analysis yielded 77 marker genes, and further MR analysis identified four key marker genes (DUSP6, CSTA, CD300E, and GPX1) as causally related to OA, which was confirmed in an independent validation cohort. Reverse MR and Steiger filtering indicated no evidence of reverse causality. DUSP6- and CSTA-classical monocytes may interact with other cell subgroups through the MIF-(CD74 + CD44) signaling pathway. This study revealed the heterogeneity of monocyte subgroups in OA and aging patients, identifying key marker genes with a causal relationship to OA through an integrated multi-omics approach, providing potential molecular targets for the diagnosis and treatment of OA from an aging perspective.",2026,Journal Article,10.1007/s12033-025-01416-6,MED:40172742,explicit_only|genetic_instrument|medium|aging_anchor|causal_anchor
doi:10.1007/s00251-026-01409-y,springernature,Genetic association of immunosenescence to immune decline,"Immunosenescence is a complex biological process characterized by progressive remodeling of immune function during aging, leading to increased susceptibility to infections, chronic inflammatory diseases, cancer, and reduced vaccine efficacy. While cumulative antigen exposure, infections, lifestyle factors, environmental exposures, and epigenetic influences contribute to immune decline, a growing body of evidence suggests that genetic predisposition also plays an important modulatory role in shaping the molecular trajectory of immune aging. This review discusses how inherited variation in cytokine-regulatory pathways may influence IL-6, TNF-α, interferon, and TGF-β signaling, thereby contributing to inflammatory set points that favor chronic immune activation and inflammaging. Inherited differences in innate and adaptive immune signaling, including KIR-HLA interactions, DNA-sensing pathways, and downstream JAK-STAT and NF-κB cascades, may alter activation thresholds and immune-cell differentiation. Variants affecting mitochondrial redox balance and autophagy may enhance reactive oxygen species accumulation and metabolic exhaustion, thereby potentially contributing to immune-cell senescence. Genetic factors affecting folate metabolism, epigenetics, telomeres, and DNA repair drive epigenetic drift, cellular aging, and clonal instability in immune cells. These mechanisms appear as measurable molecular and cellular biomarkers, including inflammatory signals, immune cell activation, oxidative stress, telomere shortening, and multi-omic indicators. Understanding this molecular architecture provides a foundation for identifying predictive biomarkers and developing precision strategies to preserve immune competence and promote healthy aging. Graphical Abstract",2026,ReviewPaper; Review,10.1007/s00251-026-01409-y,doi:10.1007/s00251-026-01409-y,explicit_only|other_causal_or_boundary|long|aging_anchor|causal_boundary
doi:10.1007/s00335-026-10256-x,springernature,Semi-supervised ensemble learning with interval type-2 fuzzy-rough sets for Parkinson’s disease prediction from multi-omics,"Parkinson’s disease (PD) is a disorder involving progressive degeneration of the nervous system. Its clinical signs typically become noticeable only after substantial impairment has occurred in the substantia nigra, a brain region involved in motor control. Therefore, early and accurate prediction of PD based on molecular alterations is essential for proper diagnosis and improved patient outcomes. In this context, feature-level multi-omics integration has become a useful strategy because it combines molecular information from multiple biological levels and may support a broader understanding of disease progression. This study proposes a novel technique called Semi-supervised Ensemble Learning with Interval Type-2 Fuzzy-Rough Sets (SSEnIT2FRS) for PD prediction from multi-omics data, which leverages interval type-2 fuzzy-rough sets to achieve early and accurate prediction. The type-2 fuzzy-rough set enhances the handling of uncertainty and vagueness present in real-world biological datasets, while the ensemble approach improves predictive robustness by combining the decisions of multiple base classifiers. Furthermore, the inclusion of semi-supervised learning addresses the scarcity of labeled samples. The experimental findings indicate that the proposed method outperforms nine existing methods across all evaluation metrics, achieving the highest accuracy of 98.49%, with precision 0.9820, recall 0.9865, macro $$F_{1}$$ -score 0.9836, micro $$F_{1}$$ -score 0.9842, kappa 0.9672, specificity 0.9953, and AUC of 0.9969 on the multi-omics dataset. Boxplots, paired t -test results, confidence interval analysis, and SHAP-based explanations further justify the superior performance, robustness, statistical significance, and interpretability of the proposed method. Therefore, the proposed method could be an effective computational technique for identifying PD at an early stage from multi-omics data.",2026,OriginalPaper,10.1007/s00335-026-10256-x,doi:10.1007/s00335-026-10256-x,explicit_only|other_causal_or_boundary|long|aging_boundary|causal_boundary
doi:10.1038/s41467-026-75605-5,springernature,Immunological maladaptation preceding spontaneous preterm birth in human pregnancies,"Spontaneous preterm birth often occurs without any clinical warning sign and in the absence of identifiable risk factors. Here, the authors perform a multi-omics analysis of longitudinally collected peripheral blood samples from low-risk pregnancies and identify distinct immune parameters, such as increased adrenergic responsiveness and Th17-skewed CD4^+ T cells, that precede idiopathic preterm birth. The majority of spontaneous preterm births (sPTB) occurs without identifiable clinical indications or apparent risk factors. A dysregulated maternal immune adaptation at delivery has been associated with sPTB. Yet, a precise understanding of maternal immune dynamics preceding sPTB remains lacking. Here we show, in a nested case-control study within a low-risk, population-based pregnancy cohort, that an abnormal immune adaptation in mothers’ blood precedes sPTB by weeks to months and discriminates sPTB cases from term controls (AUROC: 0.7). Prominent features include enhanced immune cell responses to an adrenergic stimulus during the first and second trimesters, followed by increased production of pro-inflammatory cytokines in the third trimester in sPTB vs. term pregnancies. Transcriptome analysis of second trimester single-cell CD4^+ T cells reveals a Th17-skewed, neuroactive-protein responsive phenotype in sPTB pregnancies. Our study provides a multi-omics resource and a conceptual framework for early identification of individuals at increased risk for sPTB with broad translational implications for advancing targeted preventive measures.",2026,OriginalPaper; Article,10.1038/s41467-026-75605-5,doi:10.1038/s41467-026-75605-5,explicit_only|other_causal_or_boundary|medium|aging_boundary|causal_boundary
doi:10.3390/clinpract15120233,pubmed,Operationalizing Chronic Inflammation: An Endotype-to-Care Framework for Precision and Equity.,"Background/Objectives: Chronic inflammation arises from self-reinforcing immune-metabolic circuits encompassing pattern-recognition signaling, inflammasome activation, cytokine networks, immunometabolic reprogramming, barrier-microbiome disruption, cellular senescence, and neuro-immune-endocrine crosstalk. This review synthesizes these mechanistic axes across diseases and introduces an operational endotype-to-care framework designed to translate mechanistic insights into precision-based, scalable, and equitable interventions. Methods: A narrative, mechanism-focused review was performed, integrating recent literature on immune-metabolic circuits, including pattern-recognition receptors, inflammasome pathways, cytokine modules, metabolic reprogramming, barrier-microbiome dynamics, senescence, and neuro-immune-endocrine signaling. Validated, low-cost screening biomarkers (hs-CRP, NLR, fibrinogen) were mapped to phenotype-guided endotyping panels and corresponding therapeutic modules, with explicit monitoring targets. Results: We present a stepwise, pragmatic pathway progressing from broad inflammatory screening to phenotype-specific endotyping (e.g., IL-6/TNF for metaflammation; ISG/IFN for autoimmunity; IL-23/17 for neutrophilic disease; IL-1β/NLRP3 or urate for crystal-driven inflammation; permeability markers for barrier-dysbiosis). Each module is paired with targeted interventions and prespecified treat-to-target outcomes: for example, achieving a reduction in hs-CRP (e.g., ~40%) within 8-12 weeks is used here as a pragmatic operational benchmark rather than a validated clinical threshold. Where feasible, cytokine and multi-omic panels further refine classification and prognostication. A tiered implementation model (essential, expanded, comprehensive) ensures adaptability and equity across clinical resource levels. Conclusions: Distinct from prior narrative reviews, this framework defines numeric triage thresholds, minimal endotype panels, and objective monitoring criteria that make chronic inflammation management operationalizable in real-world settings. It embeds principles of precision, equity, and stewardship, supporting iterative, evidence-driven implementation across diverse healthcare environments.",2025,Journal Article; Review,10.3390/clinpract15120233,41440484,explicit_only|other_intervention|long|aging_anchor|causal_anchor
doi:10.1186/s12967-026-08334-4,springernature,Single-cell T-cell landscape in atherosclerosis: implications for targeted therapy and beyond,"Background Atherosclerosis (AS) progression is profoundly influenced by dynamic T-cell heterogeneity and functional plasticity. Main body This review consolidates the latest insights derived from single-cell transcriptomic technologies, which are transforming our understanding of the role of the immune system in plaque pathogenesis. Recent evidence revealed previously unrecognized T-cell subsets within murine and human atherosclerotic lesions, distinguished by unique transcriptional profiles and adaptability driven by their microenvironment. Spatial mapping techniques have revealed compartment-specific distributions of T cells across vascular layers, whereas temporal analyses have highlighted age-related changes in the balance between effector and regulatory functions. Notably, single-cell resolution delineated transitional states between cytotoxic and regulatory lineages, suggesting that local inflammatory signals play a crucial role in determining T-cell fate. Despite these advancements, challenges remain in fully understanding T-cell lineage commitment, plasticity, and interactions with vascular niches. The integration of emerging multiomics approaches and spatial transcriptomics holds promise for addressing these challenges, providing a roadmap for novel therapeutic strategies. This includes not only the development of targeted immunotherapies but also the identification of key molecular targets for drug intervention and precision diagnostics, ultimately broadening the horizon for clinical applications in atherosclerosis. Conclusions This review synthesizes single-cell RNA sequencing-driven discoveries in AS immunology, highlighting the heterogeneity and plasticity of plaque T-cell subsets. These insights lay the groundwork for developing targeted immunotherapies and identifying novel molecular targets and diagnostic biomarkers, ultimately advancing precision medicine for AS patients. Graphical Abstract T-cell subsets in atherosclerosis in the context of single-cell RNA sequencing (scRNA-seq). Based on scRNA-seq technology and integrating mouse aortic and human plaque and peripheral blood immunoprofiles, the heterogeneity and functional characteristics of T-cell subsets in atherosclerosis have been revealed by using strategies such as differential gene expression, trajectory analysis, and cellular interactions, and have partially explained the issues of T-cell origins, gender differences, and mechanisms of clinical associations. The screening of key genes or cell populations provides precise intervention targets for targeted immunotherapy.",2026,ReviewPaper; Review,10.1186/s12967-026-08334-4,doi:10.1186/s12967-026-08334-4,explicit_only|other_intervention|long|aging_boundary|causal_anchor
doi:10.1101/2023.07.04.547622,europepmc,Effects of Copy Number Variations on Longevity in Late-Onset Alzheimer’s Disease Patients: Insights from a Causality Network Analysis,"Alzheimer’s disease (AD), particularly late-onset Alzheimer’s disease (LOAD), is a prevalent form of dementia that significantly affects patients’ cognitive and behavioral capacities and longevity. Although approximately 70 genetic risk factors linked with AD have been identified, their influence on patient longevity remains unclear. Further, recent studies have associated copy number variations (CNVs) with the longevity of healthy individuals and immune-related pathways in AD patients. This study aims to investigate the role of CNVs on the longevity of AD patients by integrating multi-omics data from the Religious Orders Study/Memory and Aging Project (ROSMAP) cohort through causality network inference. Our comprehensive analysis led to the construction of a CNV-gene-age of death (AOD) causality network. We successfully identified three key CNVs (DEL5006, mCNV14192, and DUP42180) and seven AD-longevity causal genes ( PLGRKT, TLR1, PLAU, CALB2, SYTL2, OTOF, and NT5DC1 ) impacting AD patient longevity, independent of disease severity. This outcome emphasizes the potential role of plasminogen activation and chemotaxis in longevity. We propose several hypotheses regarding the role of identified CNVs and the plasminogen system on patient longevity. However, experimental validation is required to further corroborate these findings and uncover precise mechanisms. Despite these limitations, our study offers promising insights into the genetic influence on AD patient longevity and contributes to paving the way for potential therapeutic interventions.",2023,Preprint,10.1101/2023.07.04.547622,PPR:PPR686151,explicit_only|other_intervention|medium|aging_anchor|causal_anchor
doi:10.1186/s40001-026-04887-8,springernature,Hydrocephalus beyond cerebrospinal fluid obstruction: systems biology mechanisms and AI-enabled multimodal imaging for precision diagnosis and management,"Research paradigms in hydrocephalus are undergoing a profound shift—from a singular emphasis on CSF flow disturbance to a multi-mechanistic, network-interaction model. This review systematically integrates cutting-edge advances from fundamental biology to clinical diagnosis and therapy. Mechanistically, we delineate an interconnected pathological network encompassing neuroinflammation (e.g., the TLR4/NF-κB axis), glymphatic system dysfunction, cilia–ependymal dysregulation, and genetic susceptibility. This broad perspective underscores hydrocephalus as a systemic disorder rather than a purely hydrodynamic abnormality. Technologically, we highlight innovations driven by artificial intelligence (AI) and multimodal neuroimaging—including 4D flow MRI, DTI, and radiomics. These tools enable automated ventricular segmentation, quantitative fluid-dynamic profiling, and robust predictions of surgical outcomes. Consequently, they establish the technical foundation for a ""data-driven"" paradigm in diagnostics and therapeutics. Therapeutically, we discuss the expanding repertoire of interventions, extending beyond conventional shunt surgery to refined microsurgical techniques, targeted pharmacotherapies, and stem cell–based strategies. Finally, we argue that future progress will depend on integrating multicentre datasets with multi-omics technologies. Establishing this coordinated “mechanism–technology–clinic” framework will accelerate hydrocephalus management toward truly personalized precision medicine. Graphical Abstract",2026,ReviewPaper; Review,10.1186/s40001-026-04887-8,doi:10.1186/s40001-026-04887-8,explicit_only|other_intervention|medium|aging_boundary|causal_anchor
doi:10.3390/diseases14030085,pubmed,Tracking the Metabolites of Health and Disease Using Artificial Intelligence.,"Using AI to analyze metabolite profiles provides critical insights into health, aging, and disease. Metabolomic signatures reveal how lifestyle and therapy impact organ function and cancer progression. This review highlights emerging toolkits for high-throughput data analysis, emphasizing their integration with other omics. Advanced AI approaches facilitate metabolic pathway mapping and accelerate biomarker discovery. By combining AI with multi-omics, researchers can optimize interventions and enhance precision medicine. This article serves as a resource demonstrating AI's potential in diagnostics and drug discovery.",2026,Journal Article; Review,10.3390/diseases14030085,41891986,explicit_only|other_intervention|thin|aging_anchor|causal_anchor
doi:10.1053/j.gastro.2024.12.031,semantic_scholar,Mechanistic implications of the Mediterranean diet in patients with newly diagnosed Crohn's disease- multi-omic results from a prospective cohort.,"BACKGROUND To decipher the mechanisms underlying the protective role of the Mediterranean diet (MED) in Crohn's disease (CD), we explored the implications of adherence to MED on CD course, inflammatory markers, microbial and metabolite composition. METHODS Patients with newly diagnosed CD were recruited and followed prospectively. MED adherence was assessed by repeated food frequency questionnaires (FFQ), using a predefined IBDMED score, alongside validated MED adherence screeners. Crohn's disease activity index (CDAI), C-reactive protein (CRP), fecal calprotectin and microbial composition (16S-rRNA-sequencing) were assessed each visit. Baseline serum and fecal samples were analyzed for targeted quantitative metabolomics. RESULTS Consecutive patients: 271 (52% males, average age- 31±12 years, B1 phenotype- 75%). FFQ collected: 636 (range 1-5 FFQ per patient). Adherence to MED was associated with a non-complicated CD course, and inversely correlated with CDAI, fecal calprotectin, CRP and microbial dysbiosis index (all P < .05). Increasing adherence to MED over time correlated with reduced CDAI and inflammatory markers (P < .05). Adherence to MED correlated with a microbial cluster of commensals and short-chain fatty acid producers including Faecalibacterium, and with plant metabolites, vitamin derivatives and amino acids. Conversely, adherence to MED inversely correlated with a cluster of oral genera, Escherichia coli and Ruminococcus gnavus, known CD-associated species, and with tryptophan metabolites, ceramides and primary bile acids (FDR < .2). CONCLUSION Adherence to MED is associated with beneficial clinical outcomes and decreased inflammatory markers. These may be driven by lower levels of primary bile-acids and microbial dysbiosis and a beneficial microbial and metabolite composition. Randomized controlled trials are needed to evaluate the role of MED in CD management.",2025,JournalArticle,10.1053/j.gastro.2024.12.031,ea50419719aae3ea571a62691c556dd65785d301,explicit_only|randomized_or_quasi_intervention|long|aging_boundary|causal_anchor
doi:10.1186/s13073-026-01608-y,pubmed,Succinate supplementation ameliorates musculoskeletal defects caused by PLOD3 mutations in a BCARD syndrome model.,"BACKGROUND: BCARD syndrome is a rare complex connective tissue disorder associated with variants in the PLOD3 gene, presenting with musculoskeletal, vascular, and sensory deficits. The role of PLOD3 in post-translational modifications of collagens has been established. However, limited treatment options exist to correct connective tissue deficits linked to PLOD3, largely due to sparse knowledge of cellular and molecular mechanisms driving phenotypic changes. METHODS: To explain the mechanisms of PLOD3 genotype-phenotype associations, we have used clinical data, molecular assays in patient-derived fibroblasts, perturbation experiments in zebrafish models, cellular and molecular experiments, and unbiased genome- and transcriptome-wide approaches. RESULTS: We show that wild-type human PLOD3 mRNA partially rescued musculoskeletal, vascular, and brain phenotypes in zebrafish plod3 mutants, while clinically identified variants had only a limited effect, validating the pathogenicity of the variants and the high conservation of PLOD3 function across vertebrates. We found that, at the molecular level, organ systems selectively upregulated the PERK pathway of the Unfolded Protein Response and subsequently activated autophagy as an adaptive response to an extracellular matrix (ECM) protein backlog; however, autophagy inhibitors did not rescue the plod3 mutant phenotypes. Bulk RNA-seq analysis of plod3 mutants revealed downregulation of genes in metabolic pathways, including the electron transport chain and the tricarboxylic acid (TCA) cycle, consistent with structural defects in electron micrographs of mitochondria. Search of Drug Repurposing Data Portals identified a dietary supplement, succinate, to be associated with PLOD3 and 25 additional genes, involved in the TCA cycle and collagen synthetic pathways. We showed that treatment with succinate ameliorated BCARD features, i.e., musculoskeletal defects, and restored reduced expression of TCA cycle genes in the zebrafish model. CONCLUSIONS: Our data indicate that the interaction between ECM synthesis and mitochondrial energy metabolism offers an entry point for novel therapies to prevent complex connective tissue decline in BCARD and, potentially, in other rare and common musculoskeletal disorders and conditions such as aging, cancer, or injury. Moreover, the genetic models developed here, and succinate, should be valuable tools in future studies of the underlying mechanisms of the BCARD extensive medical phenome.",2026,"Journal Article; Research Support, N.I.H., Extramural; Research Support, Non-U.S. Gov't",10.1186/s13073-026-01608-y,41827019,layer_pair_only|direct_perturbation|long|aging_anchor|causal_anchor
doi:10.1038/s41568-026-00935-x,springernature,Beyond sex determination: the Y chromosome in male cancers,"This Review by Abdel-Hafiz et al. describes the current and emerging evidence that loss of the Y chromosome is linked to susceptibility, progression and poor outcomes in multiple cancer types, as well as its potential use as a biomarker for prognosis and precision therapy. Loss of the Y chromosome (LOY) is the most prevalent somatic genomic alteration in males and can be detected in both blood and other tissues. Age, environmental exposures, mitotic errors and genetic predisposition converge to drive LOY, often via clonal expansion. Emerging evidence has linked LOY to susceptibility, progression and poor outcomes in multiple cancer types. Here we summarize Y-chromosome evolution, structure and gene content, which is essential for male development, transcriptional regulation, chromatin remodelling, and immune and androgen signalling. We highlight the associations of Y-encoded genes with cancer, spanning increased risk in haematological malignancies to context-dependent prognostic impact of LOY in solid tumours. We discuss functional studies, from CRISPR-induced LOY in cell lines and mouse models to bioinformatic analyses of human cohorts, demonstrating the direct effects of LOY on immune surveillance, DNA repair, metabolism and tumour immune microenvironment remodelling. Collectively, these findings indicate that LOY has context-dependent roles in cancer, but whether LOY is a causal, cooperative or passenger event remains unresolved. Advances in bulk and single-cell sequencing, together with LOY scoring algorithms and non-invasive sampling of blood, urine and buccal cells, now enable precise quantification and longitudinal monitoring, offering new opportunities to relate LOY dynamics to disease risk and progression. Finally, we discuss the implications of LOY as a biomarker for cancer risk and precision therapy, including immunotherapy response and treatment stratification.",2026,ReviewPaper; Review Article,10.1038/s41568-026-00935-x,doi:10.1038/s41568-026-00935-x,layer_pair_only|direct_perturbation|long|aging_boundary|causal_anchor
doi:10.1101/2025.09.18.677241,europepmc,Revive-Flow: A Foundation Model for Blood DNAm Aging,"Epigenetic clocks can predict biological age but cannot prescribe the interventions needed to reverse it. Here, we introduce REjuVenatIon Via Epigenetic Flow (Revive-Flow), a flow-matching model trained on a broad compendium of epigenetic blood studies to transport methylomes forward and backward in time. First, we learn the continuous vector field of aging as an Ordinary Differential Equation (ODE) within a stable, low-dimensional linear space. Then, the learned ODE’s dynamics are integrated backward in time to define a natural, biologically-plausible rejuvenation trajectory. This path serves as a guide for a convex optimization problem that identifies the minimal, targeted CpG-level perturbation required to rejuvenate a sample. On a completely unseen test set comprising over 800 individuals from the European Prospective Investigation into Cancer and Nutrition (EPIC-Italy) cohort, Revive achieves 0.4 years rejuvenated per commanded year ( R 2 ≈ 0.99), with a smooth sparsity-effect trade-off. Extensive validation confirms the effect preserves inferred cell-type composition and targets biologically plausible loci enriched in genomic regions and pathways central to aging biology.",2025,Preprint,10.1101/2025.09.18.677241,PPR:PPR1090539,layer_pair_only|direct_perturbation|medium|aging_anchor|causal_anchor
doi:10.1172/jci196094,pubmed,SHMT2 deficiency disrupts transcriptional regulation through homocysteine-mediated suppression of histone lactylation in Huntington's disease models.,"Huntington's disease (HD) is a fatal neurodegenerative disorder characterized by progressive motor dysfunction, cognitive decline, and striatal neuron degeneration, primarily affecting medium spiny neurons (MSNs). Despite extensive research, the underlying metabolic vulnerabilities contributing to HD pathogenesis remain poorly understood. In this study, we employed RNA-seq and metabolomics analyses to identify marked dysregulation of 1-carbon metabolism in HD. We validated that SHMT2, a key mitochondrial enzyme in the mitochondrial 1-carbon pathway, was substantially downregulated in HD patient-derived iPSC-differentiated human striatal organoids (hSOs) and YAC128 mice. Functionally, pharmacologic inhibition or genetic deletion of SHMT2 exacerbated mutant huntingtin aggregation, induced MSN degeneration in hSOs, and impaired motor function in WT mice. Conversely, SHMT2 overexpression attenuated MSN degeneration in HD-hSOs and improved motor performance in YAC128 mice. Mechanistically, SHMT2 deficiency led to accumulation of homocysteine, which interacted with AARS1 and suppressed histone lactylation, thereby perturbing transcriptional regulation and associating with neurodegenerative phenotypes. Finally, we demonstrated that the HD clinical drug haloperidol modulated SHMT2 expression and restored histone lactylation, providing a pharmacologic tool to probe SHMT2-dependent metabolic and epigenetic regulation in HD models. These findings highlight a metabolic-epigenetic axis as a promising therapeutic target for HD.",2026,Journal Article,10.1172/jci196094,41805887,layer_pair_only|direct_perturbation|medium|aging_boundary|causal_anchor
doi:10.1111/acel.70351,europepmc,"The Right Person, the Right Treatment, at the Right Time in Alzheimer's Disease: Insights From the 2025 Brain Aging Symposium.","On October 22nd, 2025, Brain Aging Symposium took place at Harvard Medical School bringing together leading researchers from academia and partner organizations to discuss recent advances in measuring and monitoring human brain aging trajectories, with a particular focus on Alzheimer's disease (AD). A central theme emerged: achieving ""the right treatment for the right person and the right time"" through precision medicine approaches. Key advances included the unprecedented validation of plasma-based biomarkers, particularly brain-derived p-Tau217 that can identify seeding AD pathology with remarkable specificity, making large-scale screening newly feasible. Integrating multi-level ""omic"" modalities, spanning genetic information, molecular biomarkers of nutrition, lipid and protein signatures, neuroimaging measures, cognitive assessments, and lifestyle factors, enhances disease risk modeling and trajectory prediction beyond the capacity of any single marker. Early findings highlight critical roles for nutritional and lipid metabolism, and myelin integrity in brain aging, with cell and sex-specific vulnerabilities identified in response to nutrition, social isolation, and metabolic stress. Computational approaches that combine single-cell genomics, epigenomics, and artificial intelligence have been shown to accelerate causal discovery and therapeutic development. However, significant challenges remain: current biomarkers explain only half the variance in cognitive decline, racial and ethnic differences in biomarker levels lack mechanistic understanding, and scalable tools for comprehensive brain aging assessment are needed. The symposium underscored that preventing AD will require intervening during the preclinical asymptomatic phase. These multimodal screening platforms, coupled with mechanistically driven therapeutics, reduction in modifiable risk factors, including nutrition, vascular health, and social determinants of health, could profoundly impact the field.",2026,Editorial,10.1111/acel.70351,MED:41466363,layer_pair_only|formal_directed_model|long|aging_anchor|causal_anchor
doi:10.1016/j.ijbiomac.2025.149976,pubmed,Rbbp7-mediated deacetylation of Acsl4 promotes ovarian aging by enhancing ferroptosis.,"The ovarian aging can lead to infertility, increase risk of diabetes, heart disease, and other serious problems. Ferroptosis is involved in the aging of various tissues. However, the mechanism underlying the role of ferroptosis in natural ovarian aging remains unclear. Here, we revealed the role of ferroptosis in ovarian aging and explore the intervention strategies for ovarian aging. Transcriptome data suggested that ferroptosis may be involved in ovarian aging. Through iron ion detection, Prussian blue staining, immunohistochemistry (IHC) staining and western blot (WB), we further confirmed that ferroptosis occurs in aging ovaries. Meanwhile, Acyl-CoA synthetase long-chain family member 4 (Acsl4) is highly expressed in senescent ovaries. We also found that the ferroptosis inhibitor Deferoxamine (DFO), Ferrostatin-1 (Fer-1) or the Acsl4 inhibitor Rosiglitazone (Rosi) inhibited ovarian aging and granulosa cell damage in vivo and in vitro. Further mechanistic studies have shown that Myeloid ectopic viral integration site 2 (Meis2) could cooperate with specificity protein 1 (SP1) to promote transcription of Acsl4 gene. Acetyl-proteomic analysis demonstrated that the acetylation level of K401 residue in Acsl4 (Acsl4-K401) was significantly reduced, and retinoblastoma binding protein 7 (Rbbp7) was identified via immunoprecipitation-mass spectrometry (IP-MS) as a direct mediator of Acsl4 deacetylation. Deacetylation of Acsl4-K401 can increase enzyme activity by promoting ATP binding. In conclusion, the increased expression level and the decreased acetylation level of Acsl4 protein promote ferroptosis, which in turn induces ovarian aging. Inhibiting ferroptosis or Acsl4 can alleviate ovarian aging. Our research has revealed a new mechanism of ovarian aging and provided potential new targets for alleviating it.",2025,Journal Article,10.1016/j.ijbiomac.2025.149976,41478474,layer_pair_only|formal_mediation|long|aging_anchor|causal_anchor
doi:10.1080/2162402x.2018.1490854,semantic_scholar,Tumor mutational burden is a determinant of immune-mediated survival in breast cancer,"ABSTRACT Mounting evidence supports a role for the immune system in breast cancer outcomes. The ability to distinguish highly immunogenic tumors susceptible to anti-tumor immunity from weakly immunogenic or inherently immune-resistant tumors would guide development of therapeutic strategies in breast cancer. Genomic, transcriptomic and clinical data from The Cancer Genome Atlas (TCGA) and Molecular Taxonomy of Breast Cancer International Consortium (METABRIC) breast cancer cohorts were used to examine statistical associations between tumor mutational burden (TMB) and the survival of patients whose tumors were assigned to previously-described prognostic immune subclasses reflecting favorable, weak or poor immune-infiltrate dispositions (FID, WID or PID, respectively). Tumor immune subclasses were associated with survival in patients with high TMB (TMB-Hi, P < 0.001) but not in those with low TMB (TMB-Lo, P = 0.44). This statistical relationship was confirmed in the METABRIC cohort (TMB-Hi, P = 0.047; TMB-Lo, P = 0.39), and also found to hold true in the more-indolent Luminal A tumor subtype (TMB-Hi, P = 0.011; TMB-Lo, P = 0.91). In TMB-Hi tumors, the FID subclass was associated with prolonged survival independent of tumor stage, molecular subtype, age and treatment. Copy number analysis revealed the reproducible, preferential amplification of chromosome 1q immune-regulatory genes in the PID immune subclass. These findings demonstrate a previously unappreciated role for TMB as a determinant of immune-mediated survival of breast cancer patients and identify candidate immune-regulatory mechanisms associated with immunologically cold tumors. Immune subtyping of breast cancers may offer opportunities for therapeutic stratification.",2018,JournalArticle,10.1080/2162402x.2018.1490854,c8a124014f05171613380dc81d5e8c8190134b24,layer_pair_only|formal_mediation|long|aging_boundary|causal_anchor
doi:10.1093/nar/gks1155,openalex,Human Ageing Genomic Resources: Integrated databases and tools for the biology and genetics of ageing,"The Human Ageing Genomic Resources (HAGR, http://genomics.senescence.info) is a freely available online collection of research databases and tools for the biology and genetics of ageing. HAGR features now several databases with high-quality manually curated data: (i) GenAge, a database of genes associated with ageing in humans and model organisms; (ii) AnAge, an extensive collection of longevity records and complementary traits for >4000 vertebrate species; and (iii) GenDR, a newly incorporated database, containing both gene mutations that interfere with dietary restriction-mediated lifespan extension and consistent gene expression changes induced by dietary restriction. Since its creation about 10 years ago, major efforts have been undertaken to maintain the quality of data in HAGR, while further continuing to develop, improve and extend it. This article briefly describes the content of HAGR and details the major updates since its previous publications, in terms of both structure and content. The completely redesigned interface, more intuitive and more integrative of HAGR resources, is also presented. Altogether, we hope that through its improvements, the current version of HAGR will continue to provide users with the most comprehensive and accessible resources available today in the field of biogerontology.",2012,article,10.1093/nar/gks1155,https://openalex.org/W2123703699,layer_pair_only|formal_mediation|medium|aging_anchor|causal_anchor
doi:10.1186/s43162-026-00676-1,springernature,Future prospective novel biomarkers for diagnosis of pre-diabetes and insulin resistance: review article,"Background Prediabetes represents an intermediate metabolic state with high risk of progression to Type 2 Diabetes Mellitus. Conventional diagnostic tools such as fasting glucose and HbA1c lack sensitivity for early insulin resistance detection. Objective This review aims to evaluate emerging biomarkers for early detection of insulin resistance and prediabetes in Type 2 Diabetes Mellitus. Methods A narrative review was conducted using published literature on metabolic, genetic, epigenetic, proteomic, and microRNA biomarkers. Studies were identified through major scientific databases and evaluated for diagnostic performance and clinical relevance. Results Emerging biomarkers demonstrate improved sensitivity for early metabolic dysfunction compared to conventional markers. Metabolic indices (e.g., TyG, 1, 5-AG), proteomic markers (e.g., LAMA2), genetic and epigenetic signatures (TCF7L2, DNA methylation), and microRNAs (miR-126-3p) show promising diagnostic potential for early disease detection. Conclusion Integrating novel biomarkers with conventional diagnostic tools may improve early identification of prediabetes and insulin resistance, enabling timely intervention and personalized management strategies.",2026,ReviewPaper; Review,10.1186/s43162-026-00676-1,doi:10.1186/s43162-026-00676-1,layer_pair_only|formal_mediation|medium|aging_boundary|causal_anchor
doi:10.1016/j.coi.2019.02.005,semantic_scholar,Understanding the immunology of the Zostavax shingles vaccine.,"Zostavax is a live-attenuated varicella zoster virus (VZV) vaccine recommended for use in adults >50 years of age to prevent shingles. The main risk factor for the development of shingles is age, which correlates with decreasing cell-mediated immunity. These data suggest a predominant role of T cell immunity in controlling VZV latency. However, other components of the immune system may also contribute. In this review, we will discuss how the immune system responds to Zostavax, focusing on recent studies examining innate immunity, transcriptomics, metabolomics, cellular, and humoral immunity.",2019,Review; JournalArticle,10.1016/j.coi.2019.02.005,b4abd2fb450edd26b376765acbbf6b5b4119492a,layer_pair_only|formal_mediation|thin|aging_boundary|causal_anchor
doi:10.1101/2025.11.26.25341007,europepmc,Dissecting Genetic and Environmental Determinants of Plasma Molecular Signatures and Their Link to Type 2 Diabetes Risk,"Background Type 2 diabetes (T2D) is a heterogeneous disease shaped by both genetic, environmental, cultural, and socioeconomic factors, with well-documented disparities in incidence across populations. The molecular pathways underlying these disparities, however, remain poorly understood. Plasma metabolites and proteins integrate both genetic and environmental influences on type 2 diabetes (T2D) risk, providing insight into disease mechanisms. We aimed to quantify the variance in these molecular profiles explained by environmental and genetic ancestry domains and to apply causal inference approaches to identify environmentally and genetic ancestry influenced pathways contributing to T2D risk. Methods We analyzed plasma proteomic and metabolomic profiles from 3,360 MESA participants (51.6% female), and in 1,333 participants from the Women’s Health Initiative. To characterize the sources of variance in plasma proteomic and metabolomic profiles, we performed variance decomposition partitioning into four domains: biological (age, sex, BMI), genetic ancestry (principal components), lifestyle (smoking, alcohol intake, diet), and social determinants (self-reported race and ethnicity, income, education). To assess causal pathways towards T2D risk, we applied two-sample Mendelian Randomization to disentangle environmental and genetic contributors to T2D risk. Results The largest share of variance in proteomic and metabolomic profiles was explained by biological and lifestyle factors, while race and ethnicity and genetic ancestry accounted for smaller but non-redundant contributions. Genetic ancestry was primarily associated with lipid and apolipoprotein variation, whereas race and ethnicity and socioeconomic factors were associated with immune and inflammatory signatures. Environmentally influenced metabolites (e.g., diacylglycerols, phosphatidylethanolamines, lysophosphatidylcholines) and vascular–inflammatory proteins were consistently linked to higher T2D risk, while genetic ancestry influenced triglycerides and IGFBP3 reflected inherited risk pathways. Mediation analyses showed that selected lipids and proteins (e.g., IGFBP2, HGF, SSC4D) explained 10–25% of racial/ethnic disparities in T2D. Mendelian randomization identified causal roles for seven lipid species and IGFBP3 in T2D risk. Conclusions Our results reveal both genetic and non-genetic sources of variation in proteomic and metabolomic profiles, uncovering environmental and genetic pathways contributing to T2D risk. These findings advance precision medicine by identifying modifiable molecular mediators of disparities and potential causal targets for prevention.",2025,Preprint,10.1101/2025.11.26.25341007,PPR:PPR1127261,layer_pair_only|genetic_instrument|long|aging_boundary|causal_anchor
doi:10.1038/s41467-022-31085-x,semantic_scholar,A proteogenomic signature of age-related macular degeneration in blood,"Age-related macular degeneration (AMD) is one of the most common causes of visual impairment in the elderly, with a complex and still poorly understood etiology. Whole-genome association studies have discovered 34 genomic regions associated with AMD. However, the genes and cognate proteins that mediate the risk, are largely unknown. In the current study, we integrate levels of 4782 human serum proteins with all genetic risk loci for AMD in a large population-based study of the elderly, revealing many proteins and pathways linked to the disease. Serum proteins are also found to reflect AMD severity independent of genetics and predict progression from early to advanced AMD after five years in this population. A two-sample Mendelian randomization study identifies several proteins that are causally related to the disease and are directionally consistent with the observational estimates. In this work, we present a robust and unique framework for elucidating the pathobiology of AMD. Age related macular degeneration is a common cause of visual impairment in the elderly, but the etiology is not fully understood. Here, the authors use genetic data, serum proteomics, and AMD phenotypic data from a large Icelandic cohort to discover proteins altered in, causally related to AMD or signifying progression of advanced AMD.",2021,JournalArticle,10.1038/s41467-022-31085-x,bf4526cbcc127ec16e2b75f6ea78328eeaf65929,layer_pair_only|genetic_instrument|medium|aging_boundary|causal_anchor
doi:10.1017/s1041610210001067,semantic_scholar,The Sydney Memory and Ageing Study (MAS): methodology and baseline medical and neuropsychiatric characteristics of an elderly epidemiological non-demented cohort of Australians aged 70–90 years,"ABSTRACT Background: The Sydney Memory and Ageing Study (Sydney MAS) was initiated in 2005 to examine the clinical characteristics and prevalence of mild cognitive impairment (MCI) and related syndromes, and to determine the rate of change in cognitive function over time. Methods: Non-demented community-dwelling individuals (N = 1037) aged 70–90 were recruited from two areas of Sydney, following a random approach to 8914 individuals on the electoral roll. They underwent detailed neuropsychiatric and medical assessments and donated a blood sample for clinical chemistry, proteomics and genomics. A knowledgeable informant was also interviewed. Structural MRI scans were performed on 554 individuals, and subgroups participated in studies of falls and balance, metabolic and inflammatory markers, functional MRI and prospective memory. The cohort is to be followed up with brief telephone reviews annually, and detailed assessments biannually. Results: This is a generally well-functioning cohort mostly living in private homes and rating their health as being better than average, although vascular risk factors are common. Most (95.5%) participants or their informants identified a cognitive difficulty, and 43.5% had impairment on at least one neuropsychological test. MCI criteria were met by 34.8%; with19.3% qualifying for amnestic MCI, whereas 15.5% had non-amnestic MCI; 1.6% had impairment on neuropsychological test performance but no subjective complaints; and 5.8% could not be classified. The rate of MCI was 30.9% in the youngest (70–75) and 39.1% in the oldest (85–90) age bands. Rates of depression and anxiety were 7.1% and 6.9% respectively. Conclusions: Cognitive complaints are common in the elderly, and nearly one in three meet criteria for MCI. Longitudinal follow-up of this cohort will delineate the progression of complaints and objective cognitive impairment, and the determinants of such change.",2010,JournalArticle; Review,10.1017/s1041610210001067,6910fb9a0f55737b01579ed32f453f412d93d948,layer_pair_only|other_causal_or_boundary|long|aging_anchor|causal_boundary
doi:10.1210/jc.2014-2222,openalex,Associations of the Fecal Microbiome With Urinary Estrogens and Estrogen Metabolites in Postmenopausal Women,"CONTEXT: The gut microbiota may influence the risk of breast cancer through effects on endogenous estrogens. OBJECTIVE: The objective of the study was to investigate whether urinary estrogens and estrogen metabolites are associated with the diversity and composition of the fecal microbiome. DESIGN AND SETTING: This was a cross-sectional study among women enrolled in Kaiser Permanente of Colorado. PARTICIPANTS: A total of 60 women drawn from a random sample of healthy postmenopausal women (aged 55-69 y), without current or recent use of antibiotics or hormone therapy and no history of cancer or gastrointestinal disease participated in the study. OUTCOME MEASURES AND METHODS: Creatinine-standardized urinary estrogens (estrone and estradiol) and 13 hydroxylated estrogen metabolites were measured in spot urines by liquid chromatography-tandem mass spectrometry. The fecal microbiome was assessed using pyrosequencing of 16S rRNA amplicons. General linear models were used to test for associations of diversity and composition of the fecal microbiome with parent estrogen (estrone + estradiol), total estrogens, and estrogen metabolites and the ratio of estrogen metabolites to parent estrogen, which has been predictive of postmenopausal breast cancer risk in previous studies. RESULTS: The ratio of metabolites to parents was directly associated with whole-tree phylogenetic diversity (R = 0.35, P = .01). Relative abundances of the order Clostridiales (R = 0.32, P = .02) and the genus Bacteroides (R = -0.30, P = .03) were also correlated with the ratio of metabolites to parents. Associations were independent of age, body mass index, and study design factors. CONCLUSIONS: Our data suggest that women with a more diverse gut microbiome exhibit an elevated urinary ratio of hydroxylated estrogen metabolites to parent estrogen. Further research is warranted to confirm and relate these findings to clinical disease.",2014,article,10.1210/jc.2014-2222,https://openalex.org/W2155634297,layer_pair_only|other_causal_or_boundary|long|aging_boundary|causal_boundary
doi:10.1007/s11033-026-12182-2,springernature,"Telomere biology and telomerase regulation across species: evolutionary insights into aging, longevity, and genome stability","Telomeres are protective DNA–protein structures at chromosome ends that play a crucial role in maintaining genome stability and regulating cellular aging. Their progressive shortening during cell division is counteracted by telomerase, a ribonucleoprotein enzyme composed of a catalytic subunit namely, telomerase reverse transcriptase catalytic subunit (TERT) and an RNA template i.e., telomerase RNA component (TERC), which restores telomeric repeats. Telomerase activity varies across species and is closely associated with differences in longevity. This review synthesizes current knowledge on telomere biology across diverse taxa, focusing on evolutionary selection patterns, age-related gene expression, and key regulatory mechanisms. By integrating insights from comparative genomics, functional studies, and computational approaches, it highlights both conserved and species-specific factors influencing lifespan and age-related processes. The review also discusses emerging computational frameworks for predicting telomere dynamics and outlines their potential applications in telomere-based therapies, livestock improvement, and conservation biology.",2026,ReviewPaper; Review,10.1007/s11033-026-12182-2,doi:10.1007/s11033-026-12182-2,layer_pair_only|other_causal_or_boundary|medium|aging_anchor|causal_boundary
doi:10.1038/s41588-026-02639-2,springernature,Genomic landscape of the human vaginal microbiome is linked to host genetics and population of origin,"The vaginal microbiome is essential for women’s health, yet its genomic diversity and interaction with the host remain incompletely characterized. Here we present the Global Vaginal Metagenome-assembled Genomes catalog, an extensive repository of vaginal microbial genomes generated by integrating 10,665 in-house Chinese metagenomes, with 2,967 publicly available metagenomes and 1,433 bacterial isolates. The catalog comprises 65,055 genomes from 890 prokaryotes, 11 eukaryotes and 6,590 viral taxonomic units, many not represented in public reference databases. We investigate virus–bacteria interactions, revealing conserved phages–host associations. We then identify substantial intraspecies genomic and functional variations displaying population-specific patterns. A metagenome-genome-wide association study identifies seven host genetic loci associated with vaginal species at study-wide significance and replicated in at least one independent cohort, notably connecting the gene OPRK1 with the potential pathogen Ureaplasma urealyticum . In summary, our research provides a comprehensive reference for future studies on genotype–phenotype interplay within the human vaginal microbiome. Metagenomics, coupled with genome-wide association analyses, highlights population-specific patterns of variation within the vaginal microbiome and identifies host genetic loci associated with vaginal microbiome composition.",2026,OriginalPaper; Article,10.1038/s41588-026-02639-2,doi:10.1038/s41588-026-02639-2,layer_pair_only|other_causal_or_boundary|medium|aging_boundary|causal_boundary
doi:10.3390/nu18030434,pubmed,The Influence of Acute Beta-Hydroxy Beta-Methylbutyrate (HMB) Ingestion on the Human Skeletal Muscle Transcriptome.,"Background : Nutritional interventions to mitigate age/disease-related skeletal muscle attrition are much needed given the growing older population. Beta-hydroxy beta-methylbutyrate (HMB), an endogenous metabolite of the essential amino acid leucine, has anabolic properties in skeletal muscle: acutely stimulating muscle protein synthesis and attenuating muscle protein breakdown. While the role of supplemental HMB on muscle protein turnover is established, mechanistic effects on the muscle transcriptome have not been examined. Methods : Total RNA was extracted from m. vastus lateralis muscle biopsies of young males ( n = 14) before and ~2.5 h after oral consumption of ~3 g HMB. Global changes in the muscle transcriptome were assessed via RNA sequencing, and differential expression in genes between fasted and 'fed' (HMB) conditions was determined. To identify the functional biology of differentially expressed genes, gene set enrichment and active subnetwork-orientated enrichment analyses was performed. Results : Of 15,982 genes detected, 468 were significantly upregulated and 326 were significantly downregulated in response to HMB. These genes were found to be associated with molecular pathways regulating muscle protein turnover, most notably, JAK-STAT signalling (e.g., STAM ), circadian rhythm (e.g., NR1D1 , NR1D2 , PER2 , PER3 ), TNFα signalling (e.g., TNFRSF1A , CCL2 , CXCL2 ), and protein synthesis (e.g., POLR1A , POLR2A , POLR3A , PIK3RR , SGK1 ). HMB also regulated the expression of AA transporters, evoking a robust increase in SLC36A1 ( PAT1 ) and SLC7A5 ( LAT1 ). Conclusions : HMB evokes transcriptional events important in the homeostasis of muscle, supporting a role in proteostasis and one akin to protein intake, i.e., upregulation of AA transporters. Future work should further define HMB's transcriptomic/proteomic effects in ageing/disease and synergy with exercise.",2026,Journal Article,10.3390/nu18030434,41683256,layer_pair_only|other_intervention|long|aging_anchor|causal_anchor
doi:10.1161/hypertensionaha.123.19943,semantic_scholar,"Cerebral Small Vessel Disease, Hypertension, and Vascular Contributions to Cognitive Impairment and Dementia","Hypertension-associated cerebral small vessel disease is a common finding in older people. Strongly associated with age and hypertension, small vessel disease is found at autopsy in over 50% of people aged ≥65 years, with a spectrum of clinical manifestations. It is the main cause of lacunar stroke and a major source of vascular contributions to cognitive impairment and dementia. The brain areas affected are subcortical and periventricular white matter and deep gray nuclei. Neuropathological sequelae are diffuse white matter lesions (seen as white matter hyperintensities on T2-weighted magnetic resonance imaging), small ischemic foci (lacunes or microinfarcts), and less commonly, subcortical microhemorrhages. The most common form of cerebral small vessel disease is concentric, fibrotic thickening of small penetrating arteries (up to 300 microns outer diameter) termed arteriolosclerosis. Less common forms are small artery atheroma and lipohyalinosis (the lesions described by C. Miller Fisher adjacent to lacunes). Other microvascular lesions that are not reviewed here include cerebral amyloid angiopathy and venous collagenosis. Here, we review the epidemiology, neuropathology, clinical management, genetics, preclinical models, and pathogenesis of hypertensive small vessel disease. Knowledge gaps include initiating factors, molecular pathogenesis, relationships between arterial pathology and tissue damage, possible reversibility, pharmacological targets, and molecular biomarkers. Progress is anticipated from multicell transcriptomic and proteomic profiling, novel experimental models and further target-finding and interventional clinical studies.",2023,Review; JournalArticle,10.1161/hypertensionaha.123.19943,3a9bc189dde1126e9877e4df4d13f351ffc3b855,layer_pair_only|other_intervention|long|aging_boundary|causal_anchor
doi:10.3390/biology15060504,pubmed,Molecular Basis of Sperm Methylome Response to Aging and Stress.,"Aging and stress-related factors affect sperm DNA methylation in regions associated with genes responsible for embryonic development. The stochastic epigenetic variation hypothesis holds potential to explain these patterns, proposing that, in response to stressors, naturally variable methylation regions (VMRs) associated with morphogenetic genes exhibit increased methylation variation to diversify phenotypes and improve the chances of survival of the genetic lineage. Here, we test predictions from this hypothesis using mouse and rat sperm DNA methylation data from publicly available sources. Specifically, we identify VMRs and analyze their overlap with regions differentially methylated (DMRs) in response to aging, stressors, and with various genomic elements. We demonstrate that the nature of the DNA regions, rather than the nature of the stressor, determines the response of the sperm methylome to aging and stress, and propose a model that explains shifts in methylation within VMRs through stochastic changes, whereby initially hypermethylated regions lose methylation and initially hypomethylated regions gain methylation. VMRs are depleted of open chromatin regions and histones in male germ cells and are enriched for a binding motif for ZFP42, an epigenetic remodeler. This knowledge may open opportunities for the development of interventions to control epigenetic information transfer via germ cells.",2026,Journal Article,10.3390/biology15060504,41892264,layer_pair_only|other_intervention|medium|aging_anchor|causal_anchor
doi:10.1038/s41598-017-15755-1,semantic_scholar,Proteomic study revealed cellular assembly and lipid metabolism dysregulation in sepsis secondary to community-acquired pneumonia,"Sepsis is a life-threatening disorder characterized by organ dysfunction and a major cause of mortality worldwide. The major challenge in studying sepsis is its diversity in such factors as age, source of infection and etiology. Recently, genomic and proteomic approaches have improved our understanding of its complex pathogenesis. In the present study, we use quantitative proteomics to evaluate the host proteome response in septic patients secondary to community-acquired pneumonia (CAP). Samples obtained at admission and after 7 days of follow-up were analyzed according to the outcomes of septic patients. The patients’ proteome profiles were compared with age- and gender-matched healthy volunteers. Bioinformatic analyses of differentially expressed proteins showed alteration in the cytoskeleton, cellular assembly, movement, lipid metabolism and immune responses in septic patients. Actin and gelsolin changes were assessed in mononuclear cells using immunofluorescence, and a higher expression of gelsolin and depletion of actin were observed in survivor patients. Regarding lipid metabolism, changes in cholesterol, HDL and apolipoproteins were confirmed using enzymatic colorimetric methods in plasma. Transcriptomic studies revealed a massive change in gene expression in sepsis. Our proteomic results stressed important changes in cellular structure and metabolism, which are possible targets for future interventions of sepsis.",2017,JournalArticle,10.1038/s41598-017-15755-1,1d93ae525247a9e1a5babe037490f6a666771e20,layer_pair_only|other_intervention|medium|aging_boundary|causal_anchor
doi:10.1056/nejmoa2106516,openalex,"SER-109, an Oral Microbiome Therapy for Recurrent Clostridioides difficile Infection","BACKGROUND: infection. METHODS: infection recurrence up to 8 weeks after treatment. Diagnosis by toxin testing was performed at trial entry, and randomization was stratified according to age and antibiotic agent received. Analyses of safety, microbiome engraftment, and metabolites were also performed. RESULTS: spore germination. CONCLUSIONS: infection after treatment with standard-of-care antibiotics, oral administration of SER-109 was superior to placebo in reducing the risk of recurrent infection. The observed safety profile of SER-109 was similar to that of placebo. (Funded by Seres Therapeutics; ECOSPOR III ClinicalTrials.gov number, NCT03183128.).",2022,article,10.1056/nejmoa2106516,https://openalex.org/W4205375560,layer_pair_only|other_intervention|thin|aging_boundary|causal_boundary
doi:10.1002/cncr.29194,openalex,Mindfulness meditation for younger breast cancer survivors: A randomized controlled trial,"BACKGROUND: Premenopausal women diagnosed with breast cancer are at risk for psychological and behavioral disturbances after cancer treatment. Targeted interventions are needed to address the needs of this vulnerable group. METHODS: This randomized trial provided the first evaluation of a brief, mindfulness-based intervention for younger breast cancer survivors designed to reduce stress, depression, and inflammatory activity. Women diagnosed with early stage breast cancer at or before age 50 who had completed cancer treatment were randomly assigned to a 6-week Mindful Awareness Practices (MAPS) intervention group (n = 39) or to a wait-list control group (n = 32). Participants completed questionnaires before and after the intervention to assess stress and depressive symptoms (primary outcomes) as well as physical symptoms, cancer-related distress, and positive outcomes. Blood samples were collected to examine genomic and circulating markers of inflammation. Participants also completed questionnaires at a 3-month follow-up assessment. RESULTS: In linear mixed models, the MAPS intervention led to significant reductions in perceived stress (P = .004) and marginal reductions in depressive symptoms (P = .094), as well as significant reductions in proinflammatory gene expression (P = .009) and inflammatory signaling (P = .001) at postintervention. Improvements in secondary outcomes included reduced fatigue, sleep disturbance, and vasomotor symptoms and increased peace and meaning and positive affect (P < .05 for all). Intervention effects on psychological and behavioral measures were not maintained at the 3-month follow-up assessment, although reductions in cancer-related distress were observed at that assessment. CONCLUSIONS: A brief, mindfulness-based intervention demonstrated preliminary short-term efficacy in reducing stress, behavioral symptoms, and proinflammatory signaling in younger breast cancer survivors.",2014,article,10.1002/cncr.29194,https://openalex.org/W1870147430,layer_pair_only|randomized_or_quasi_intervention|long|aging_boundary|causal_anchor
doi:10.1080/29933935.2025.2605879,pubmed,Obesity-associated gut microbiome influences diet-induced metabolic and cognitive outcomes in older adults.,"Obesity in older adults is a known risk factor for Alzheimer's disease and related dementias, potentially driven by metabolic dysfunction, inflammation and gut dysbiosis. The gut-brain axis, influenced by diet and the gut microbiome, is increasingly recognized as a contributor to neurodegeneration. In this sub-analysis of a 10-week randomized dietary education intervention (NCT06121986), we examined how obesity modulates gut microbiome, metabolome, and cognitive responses in 31 adults aged 55-85, with or without mild cognitive impairment. Participants received education on either a Mediterranean Diet or a Modified Mediterranean-Ketogenic Diet. Analyses were stratified by baseline obesity (BMI ≥30 kg/m²). Individuals with obesity exhibited lower microbial alpha-diversity, higher Bacteroides , and lower Akkermansia and Christensenellaceae_R-7_group , along with poorer memory and executive function. Only in the obese group did fat loss correlate with improvements in episodic memory and cognitive flexibility. In contrast, increased fat mass was associated with improved memory in non-obese participants. Gains in skeletal muscle mass predicted cognitive improvement in adults aged ≥73. Changes in gut (acetate, propionate, lactate) and plasma (acetate, pyruvate, citric acid) metabolites were linked to cognitive and body composition outcomes. These exploratory findings highlight the gut-muscle-brain axis as a modifiable target to enhance cognitive health in aging populations.",2025,Journal Article,10.1080/29933935.2025.2605879,41907517,layer_pair_only|randomized_or_quasi_intervention|medium|aging_anchor|causal_anchor
doi:10.1093/hmg/ddu739,openalex,Prenatal exposure to maternal smoking and offspring DNA methylation across the lifecourse: findings from the Avon Longitudinal Study of Parents and Children (ALSPAC),"Maternal smoking during pregnancy has been found to influence newborn DNA methylation in genes involved in fundamental developmental processes. It is pertinent to understand the degree to which the offspring methylome is sensitive to the intensity and duration of prenatal smoking. An investigation of the persistence of offspring methylation associated with maternal smoking and the relative roles of the intrauterine and postnatal environment is also warranted. In the Avon Longitudinal Study of Parents and Children, we investigated associations between prenatal exposure to maternal smoking and offspring DNA methylation at multiple time points in approximately 800 mother-offspring pairs. In cord blood, methylation at 15 CpG sites in seven gene regions (AHRR, MYO1G, GFI1, CYP1A1, CNTNAP2, KLF13 and ATP9A) was associated with maternal smoking, and a dose-dependent response was observed in relation to smoking duration and intensity. Longitudinal analysis of blood DNA methylation in serial samples at birth, age 7 and 17 years demonstrated that some CpG sites showed reversibility of methylation (GFI1, KLF13 and ATP9A), whereas others showed persistently perturbed patterns (AHRR, MYO1G, CYP1A1 and CNTNAP2). Of those showing persistence, we explored the effect of postnatal smoke exposure and found that the major contribution to altered methylation was attributed to a critical window of in utero exposure. A comparison of paternal and maternal smoking and offspring methylation showed consistently stronger maternal associations, providing further evidence for causal intrauterine mechanisms. These findings emphasize the sensitivity of the methylome to maternal smoking during early development and the long-term impact of such exposure.",2014,article,10.1093/hmg/ddu739,https://openalex.org/W2102177999,neither|direct_perturbation|long|aging_boundary|causal_anchor
doi:10.3233/jad-170020,openalex,Altered Gut Microbiota in a Mouse Model of Alzheimer’s Disease,"The topic of gut microbiota is currently attracting considerable interest as a potential factor in Alzheimer's disease (AD). However, the extent and time course of alterations in the gut microbiota, and their effects on AD pathology remain uncertain. Herein, we compared the fecal microbiomes and fecal short chain fatty acid composition (SCFAs) between wild-type and AD model mice at different ages under strictly controlled specific pathogen free conditions, and also conducted microscopic investigations of intestinal structures. Our results showed that the microbiota composition and diversity were perturbed and the level of SCFAs was reduced in AD mice, predicting alterations in more than 30 metabolic pathways, which may be associated with amyloid deposition and ultrastructural abnormalities in AD mouse intestine. These findings indicate that AD pathology might not only affect brain function directly, but also exacerbate cognitive deficits through reducing the level of SCFAs via alterations of gut microbiota induced by intestinal amyloid deposition. Our data may support a role of gut microbiota, and suggest a novel route for therapeutic intervention in AD.",2017,article,10.3233/jad-170020,https://openalex.org/W2762048636,neither|direct_perturbation|medium|aging_boundary|causal_anchor
doi:10.3389/fncel.2014.00084,openalex,A major role for Tau in neuronal DNA and RNA protection in vivo under physiological and hyperthermic conditions,"Nucleic acid protection is a substantial challenge for neurons, which are continuously exposed to oxidative stress in the brain. Neurons require powerful mechanisms to protect DNA and RNA integrity and ensure their functionality and longevity. Beside its well known role in microtubule dynamics, we recently discovered that Tau is also a key nuclear player in the protection of neuronal genomic DNA integrity under reactive oxygen species (ROS)-inducing heat stress (HS) conditions in primary neuronal cultures. In this report, we analyzed the capacity of Tau to protect neuronal DNA integrity in vivo in adult mice under physiological and HS conditions. We designed an in vivo mouse model of hyperthermia/HS to induce a transient increase in ROS production in the brain. Comet and Terminal deoxyribonucleotidyltransferase-mediated deoxyuridine triphosphate nick end labeling (TUNEL) assays demonstrated that Tau protected genomic DNA in adult cortical and hippocampal neurons in vivo under physiological conditions in wild-type (WT) and Tau-deficient (KO-Tau) mice. HS increased DNA breaks in KO-Tau neurons. Notably, KO-Tau hippocampal neurons in the CA1 subfield restored DNA integrity after HS more weakly than the dentate gyrus (DG) neurons. The formation of phosphorylated histone H2AX foci, a double-strand break marker, was observed in KO-Tau neurons only after HS, indicating that Tau deletion did not trigger similar DNA damage under physiological or HS conditions. Moreover, genomic DNA and cytoplasmic and nuclear RNA integrity were altered under HS in hippocampal neurons exhibiting Tau deficiency, which suggests that Tau also modulates RNA metabolism. Our results suggest that Tau alterations lead to a loss of its nucleic acid safeguarding functions and participate in the accumulation of DNA and RNA oxidative damage observed in the Alzheimer's disease (AD) brain.",2014,article,10.3389/fncel.2014.00084,https://openalex.org/W2137903075,neither|formal_mediation|long|aging_anchor|causal_anchor
